Date,Time,Locale,Species,Age,Sex,Morph,Copulation.status,Parasites,Catching.time.minutes.,Year,Ischunra.elegans.morph,Ischunra.elegans.phase
6/3/19,8:24:00,Borgeby,Coenagrion_puella,Mature,1,,0,4,30,2019,NA,NA
6/3/19,8:24:00,Borgeby,Enallagma_cyathigerum,Mature,1,,0,0,30,2019,NA,NA
6/11/19,15:00:00,Borgeby,Libellula_quadrimaculata,Mature,,,0,NA,30,2019,NA,NA
6/11/19,15:00:00,Borgeby,Anax_imperator,Mature,1,,0,NA,30,2019,NA,NA
6/11/19,15:00:00,Borgeby,Orthetrum_cancellatum,Immature,1,,0,NA,30,2019,NA,NA
6/11/19,15:00:00,Borgeby,Orthetrum_cancellatum,Teneral,1,,0,NA,30,2019,NA,NA
6/11/19,15:00:00,Borgeby,Orthetrum_cancellatum,Mature,1,,0,NA,30,2019,NA,NA
6/11/19,15:00:00,Borgeby,Orthetrum_cancellatum,Mature,1,,0,NA,30,2019,NA,NA
6/11/19,15:00:00,Borgeby,Orthetrum_cancellatum,Mature,1,,0,NA,30,2019,NA,NA
6/11/19,15:00:00,Borgeby,Orthetrum_cancellatum,Mature,1,,0,NA,30,2019,NA,NA
6/11/19,15:00:00,Borgeby,Orthetrum_cancellatum,Mature,1,,0,NA,30,2019,NA,NA
6/11/19,15:00:00,Borgeby,Orthetrum_cancellatum,Mature,1,,0,NA,30,2019,NA,NA
6/11/19,15:00:00,Borgeby,Orthetrum_cancellatum,Mature,1,,0,NA,30,2019,NA,NA
6/11/19,15:00:00,Borgeby,Orthetrum_cancellatum,Mature,1,,0,NA,30,2019,NA,NA
6/11/19,15:00:00,Borgeby,Orthetrum_cancellatum,Mature,1,,0,NA,30,2019,NA,NA
6/11/19,15:00:00,Borgeby,Orthetrum_cancellatum,Mature,1,,0,NA,30,2019,NA,NA
6/11/19,15:05:00,Borgeby,Ischnura_elegans,Mature,0,Androchrome,0,0,30,2019,Androchrome,NA
6/11/19,15:05:00,Borgeby,Ischnura_elegans,Mature,0,Androchrome,0,0,30,2019,Androchrome,NA
6/11/19,15:05:00,Borgeby,Coenagrion_pulchellum,Mature,0,,0,15,30,2019,NA,NA
6/11/19,15:07:00,Borgeby,Ischnura_elegans,Mature,0,Gynochrome,1,1,30,2019,Infuscans,NA
6/11/19,15:07:00,Borgeby,Ischnura_elegans,Mature,1,,1,0,30,2019,NA,NA
6/11/19,15:07:00,Borgeby,Ischnura_elegans,Mature,0,Androchrome,1,1,30,2019,Androchrome,NA
6/11/19,15:07:00,Borgeby,Ischnura_elegans,Mature,1,,1,0,30,2019,NA,NA
6/11/19,15:07:00,Borgeby,Ischnura_elegans,Mature,1,,1,1,30,2019,NA,NA
6/11/19,15:07:00,Borgeby,Ischnura_elegans,Mature,0,Gynochrome,1,2,30,2019,Infuscans,NA
6/11/19,15:07:00,Borgeby,Enallagma_cyathigerum,Mature,1,,1,1,30,2019,NA,NA
6/11/19,15:07:00,Borgeby,Enallagma_cyathigerum,Mature,0,,1,38,30,2019,NA,NA
6/11/19,15:07:00,Borgeby,Coenagrion_pulchellum,Teneral,1,,0,16,30,2019,NA,NA
6/11/19,15:07:00,Borgeby,Enallagma_cyathigerum,Mature,1,,0,1,30,2019,NA,NA
6/11/19,15:07:00,Borgeby,Enallagma_cyathigerum,Mature,1,,0,2,30,2019,NA,NA
6/11/19,15:07:00,Borgeby,Coenagrion_pulchellum,Mature,1,,0,4,30,2019,NA,NA
6/11/19,15:07:00,Borgeby,Ischnura_elegans,Teneral,1,,0,0,30,2019,NA,NA
6/11/19,15:14:00,Borgeby,Coenagrion_puella,Mature,1,,0,26,30,2019,NA,NA
6/11/19,15:14:00,Borgeby,Coenagrion_puella,Mature,1,,0,2,30,2019,NA,NA
6/11/19,15:14:00,Borgeby,Coenagrion_pulchellum,Mature,1,,0,0,30,2019,NA,NA
6/11/19,15:14:00,Borgeby,Ischnura_elegans,Immature,1,,0,0,30,2019,NA,NA
6/11/19,15:14:00,Borgeby,Ischnura_elegans,Teneral,0,,0,0,30,2019,NA,NA
6/11/19,15:14:00,Borgeby,Ischnura_elegans,Immature,1,,0,0,30,2019,NA,NA
6/11/19,15:14:00,Borgeby,Ischnura_elegans,Teneral,0,,0,0,30,2019,NA,NA
6/11/19,15:14:00,Borgeby,Ischnura_elegans,Teneral,0,,0,0,30,2019,NA,NA
6/11/19,15:14:00,Borgeby,Ischnura_elegans,Teneral,0,,0,0,30,2019,NA,NA
6/11/19,15:14:00,Borgeby,Ischnura_elegans,Mature,1,,0,5,30,2019,NA,NA
6/20/19,10:49:00,Borgeby,Enallagma_cyathigerum,Mature,1,,0,13,30,2019,NA,NA
6/20/19,10:49:00,Borgeby,Ischnura_elegans,Mature,0,Gynochrome,0,0,30,2019,Androchrome,Violacea_(Androchrome)
6/20/19,10:50:00,Borgeby,Ischnura_elegans,Immature,1,,0,0,30,2019,NA,NA
6/20/19,10:50:00,Borgeby,Enallagma_cyathigerum,Mature,1,,0,4,30,2019,NA,NA
6/20/19,10:50:00,Borgeby,Enallagma_cyathigerum,Mature,1,,0,1,30,2019,NA,NA
6/20/19,10:50:00,Borgeby,Coenagrion_puella,Mature,1,,0,0,30,2019,NA,NA
6/20/19,10:51:00,Borgeby,Enallagma_cyathigerum,Mature,1,,0,0,30,2019,NA,NA
6/20/19,10:51:00,Borgeby,Enallagma_cyathigerum,Teneral,0,,0,0,30,2019,NA,NA
6/20/19,10:51:00,Borgeby,Ischnura_elegans,Teneral,1,,0,0,30,2019,NA,NA
6/20/19,10:51:00,Borgeby,Ischnura_elegans,Mature,1,,0,0,30,2019,NA,NA
6/20/19,10:51:00,Borgeby,Enallagma_cyathigerum,Mature,1,,0,0,30,2019,NA,NA
6/20/19,10:51:00,Borgeby,Ischnura_elegans,Teneral,0,,0,0,30,2019,NA,NA
6/20/19,10:52:00,Borgeby,Coenagrion_puella,Mature,1,,0,0,30,2019,NA,NA
6/20/19,10:52:00,Borgeby,Enallagma_cyathigerum,Immature,0,,0,45,30,2019,NA,NA
6/20/19,10:52:00,Borgeby,Ischnura_elegans,Immature,1,,0,0,30,2019,NA,NA
6/20/19,10:52:00,Borgeby,Ischnura_elegans,Mature,0,Gynochrome,0,0,30,2019,Infuscans,NA
6/20/19,10:53:00,Borgeby,Ischnura_elegans,Teneral,0,,0,0,30,2019,NA,NA
6/20/19,10:53:00,Borgeby,Ischnura_elegans,Teneral,1,,0,0,30,2019,NA,NA
6/20/19,10:53:00,Borgeby,Coenagrion_puella,Mature,1,,0,0,30,2019,NA,NA
6/20/19,10:53:00,Borgeby,Ischnura_elegans,Teneral,1,,0,0,30,2019,NA,NA
6/20/19,10:53:00,Borgeby,Anax_imperator,Mature,1,,0,0,30,2019,NA,NA
6/20/19,10:53:00,Borgeby,Anax_imperator,Mature,1,,0,0,30,2019,NA,NA
6/20/19,10:53:00,Borgeby,Anax_imperator,Mature,1,,0,0,30,2019,NA,NA
6/20/19,10:54:00,Borgeby,Orthetrum_cancellatum,Mature,1,,0,0,30,2019,NA,NA
6/20/19,10:54:00,Borgeby,Orthetrum_cancellatum,Mature,1,,0,0,30,2019,NA,NA
6/20/19,10:54:00,Borgeby,Orthetrum_cancellatum,Mature,1,,0,0,30,2019,NA,NA
6/20/19,10:54:00,Borgeby,Orthetrum_cancellatum,Mature,1,,0,0,30,2019,NA,NA
6/20/19,10:55:00,Borgeby,Sympetrum_striolatum,Teneral,0,,0,0,30,2019,NA,NA
6/20/19,10:55:00,Borgeby,Sympetrum_striolatum,Teneral,1,,0,0,30,2019,NA,NA
7/15/19,10:28:00,Borgeby,Lestes_sponsa,Mature,1,,0,0,30,2019,NA,NA
7/15/19,10:29:00,Borgeby,Ischnura_elegans,Mature,1,,0,0,30,2019,NA,NA
7/15/19,10:29:00,Borgeby,Ischnura_elegans,Mature,0,Androchrome,0,0,30,2019,Androchrome,NA
7/15/19,10:29:00,Borgeby,Ischnura_elegans,Mature,1,,0,0,30,2019,NA,NA
7/15/19,10:29:00,Borgeby,Ischnura_elegans,Mature,1,,0,0,30,2019,NA,NA
7/15/19,10:29:00,Borgeby,Ischnura_elegans,Mature,1,,0,0,30,2019,NA,NA
7/15/19,10:29:00,Borgeby,Ischnura_elegans,Mature,1,,0,0,30,2019,NA,NA
7/15/19,10:29:00,Borgeby,Ischnura_elegans,Mature,1,,0,0,30,2019,NA,NA
7/15/19,10:29:00,Borgeby,Ischnura_elegans,Mature,1,,0,0,30,2019,NA,NA
7/15/19,10:29:00,Borgeby,Ischnura_elegans,Mature,0,Androchrome,0,0,30,2019,Androchrome,NA
7/15/19,10:29:00,Borgeby,Ischnura_elegans,Mature,0,Androchrome,0,0,30,2019,Androchrome,NA
7/15/19,10:30:00,Borgeby,Ischnura_elegans,Mature,1,,0,0,30,2019,NA,NA
7/15/19,10:30:00,Borgeby,Ischnura_elegans,Mature,1,,0,0,30,2019,NA,NA
7/15/19,10:30:00,Borgeby,Ischnura_elegans,Mature,1,,0,0,30,2019,NA,NA
6/9/19,8:24:00,Bunkeflostrand,Ischnura_elegans,Mature,1,,1,2,30,2019,NA,NA
6/9/19,8:24:00,Bunkeflostrand,Ischnura_elegans,Mature,0,Androchrome,1,0,30,2019,Androchrome,NA
6/9/19,8:24:00,Bunkeflostrand,Ischnura_elegans,Mature,1,,0,0,30,2019,NA,NA
6/9/19,8:24:00,Bunkeflostrand,Ischnura_elegans,Mature,1,,0,0,30,2019,NA,NA
6/9/19,8:24:00,Bunkeflostrand,Ischnura_elegans,Mature,1,,0,0,30,2019,NA,NA
6/9/19,8:24:00,Bunkeflostrand,Ischnura_elegans,Immature,0,,0,38,30,2019,NA,NA
6/9/19,8:24:00,Bunkeflostrand,Ischnura_elegans,Mature,1,,0,0,30,2019,NA,NA
6/9/19,8:24:00,Bunkeflostrand,Ischnura_elegans,Mature,1,,0,0,30,2019,NA,NA
6/9/19,8:24:00,Bunkeflostrand,Ischnura_elegans,Mature,1,,0,0,30,2019,NA,NA
6/9/19,8:24:00,Bunkeflostrand,Ischnura_elegans,Immature,0,,0,13,30,2019,NA,NA
6/9/19,8:24:00,Bunkeflostrand,Ischnura_elegans,Immature,0,,0,0,30,2019,NA,NA
6/9/19,8:24:00,Bunkeflostrand,Ischnura_elegans,Mature,1,,0,12,30,2019,NA,NA
6/9/19,8:24:00,Bunkeflostrand,Ischnura_elegans,Mature,1,,0,0,30,2019,NA,NA
6/9/19,8:24:00,Bunkeflostrand,Ischnura_elegans,Mature,1,,0,0,30,2019,NA,NA
6/9/19,8:24:00,Bunkeflostrand,Ischnura_elegans,Mature,0,Androchrome,0,22,30,2019,Androchrome,NA
6/9/19,8:24:00,Bunkeflostrand,Ischnura_elegans,Mature,0,Androchrome,0,3,30,2019,Androchrome,NA
6/9/19,8:24:00,Bunkeflostrand,Ischnura_elegans,Mature,1,,0,25,30,2019,NA,NA
6/9/19,8:24:00,Bunkeflostrand,Ischnura_elegans,Mature,0,Androchrome,0,0,30,2019,Androchrome,NA
6/9/19,8:24:00,Bunkeflostrand,Ischnura_elegans,Mature,0,Gynochrome,0,15,30,2019,Infuscans_obsoleta,NA
6/9/19,8:24:00,Bunkeflostrand,Ischnura_elegans,Mature,0,Androchrome,0,0,30,2019,Androchrome,NA
6/9/19,8:24:00,Bunkeflostrand,Ischnura_elegans,Mature,0,Androchrome,0,0,30,2019,Androchrome,NA
6/9/19,8:24:00,Bunkeflostrand,Ischnura_elegans,Mature,1,,0,5,30,2019,NA,NA
6/9/19,8:24:00,Bunkeflostrand,Ischnura_elegans,Mature,0,Androchrome,0,12,30,2019,Androchrome,NA
6/9/19,8:24:00,Bunkeflostrand,Ischnura_elegans,Mature,0,Androchrome,0,0,30,2019,Androchrome,NA
6/9/19,8:24:00,Bunkeflostrand,Ischnura_elegans,Immature,0,,0,8,30,2019,NA,NA
6/9/19,8:24:00,Bunkeflostrand,Ischnura_pumilio,Immature,0,,0,0,30,2019,NA,NA
6/9/19,8:24:00,Bunkeflostrand,Ischnura_elegans,Mature,1,,0,0,30,2019,NA,NA
6/9/19,8:24:00,Bunkeflostrand,Ischnura_elegans,Mature,1,,0,0,30,2019,NA,NA
6/9/19,8:24:00,Bunkeflostrand,Ischnura_elegans,Mature,0,Androchrome,0,26,30,2019,Androchrome,NA
6/9/19,8:24:00,Bunkeflostrand,Ischnura_elegans,Mature,0,Androchrome,0,4,30,2019,Androchrome,NA
6/9/19,8:24:00,Bunkeflostrand,Ischnura_elegans,Mature,0,Androchrome,0,62,30,2019,Androchrome,NA
6/9/19,8:24:00,Bunkeflostrand,Ischnura_elegans,Mature,0,Androchrome,0,0,30,2019,Androchrome,NA
6/9/19,8:24:00,Bunkeflostrand,Ischnura_elegans,Mature,1,,0,0,30,2019,NA,NA
6/9/19,8:24:00,Bunkeflostrand,Ischnura_elegans,Mature,1,,0,0,30,2019,NA,NA
6/9/19,8:24:00,Bunkeflostrand,Ischnura_elegans,Mature,1,,0,0,30,2019,NA,NA
6/9/19,8:24:00,Bunkeflostrand,Ischnura_elegans,Immature,0,,0,0,30,2019,NA,NA
6/9/19,8:24:00,Bunkeflostrand,Ischnura_elegans,Immature,0,,0,0,30,2019,NA,NA
6/9/19,8:24:00,Bunkeflostrand,Ischnura_elegans,Immature,1,,0,0,30,2019,NA,NA
6/9/19,8:24:00,Bunkeflostrand,Ischnura_elegans,Mature,1,,0,7,30,2019,NA,NA
6/9/19,8:24:00,Bunkeflostrand,Ischnura_elegans,Mature,1,,0,5,30,2019,NA,NA
6/9/19,8:24:00,Bunkeflostrand,Ischnura_elegans,Immature,0,,0,0,30,2019,NA,NA
6/9/19,8:24:00,Bunkeflostrand,Ischnura_elegans,Immature,1,,0,0,30,2019,NA,NA
6/9/19,8:24:00,Bunkeflostrand,Ischnura_elegans,Mature,1,,0,0,30,2019,NA,NA
6/9/19,8:24:00,Bunkeflostrand,Ischnura_elegans,Mature,1,,0,12,30,2019,NA,NA
6/9/19,8:24:00,Bunkeflostrand,Ischnura_elegans,Immature,1,,0,0,30,2019,NA,NA
6/10/19,8:24:00,Bunkeflostrand,Ischnura_elegans,Mature,1,,0,0,30,2019,NA,NA
6/10/19,11:23:00,Bunkeflostrand,Coenagrion_pulchellum,Immature,0,,0,0,30,2019,NA,NA
6/10/19,11:26:00,Bunkeflostrand,Ischnura_elegans,Mature,1,,0,0,30,2019,NA,NA
6/10/19,11:27:00,Bunkeflostrand,Ischnura_elegans,Mature,0,Gynochrome,1,0,30,2019,Infuscans,NA
6/10/19,11:27:00,Bunkeflostrand,Ischnura_elegans,Mature,1,,1,0,30,2019,NA,NA
6/10/19,11:28:00,Bunkeflostrand,Ischnura_elegans,Mature,1,,1,0,30,2019,NA,NA
6/10/19,11:28:00,Bunkeflostrand,Ischnura_elegans,Mature,0,,1,0,30,2019,NA,NA
6/10/19,11:29:00,Bunkeflostrand,Ischnura_elegans,Immature,1,,0,0,30,2019,NA,NA
6/10/19,11:30:00,Bunkeflostrand,Ischnura_elegans,Immature,1,,0,10,30,2019,NA,NA
6/10/19,11:30:00,Bunkeflostrand,Ischnura_elegans,Mature,1,,0,0,30,2019,NA,NA
6/10/19,11:30:00,Bunkeflostrand,Ischnura_elegans,Mature,1,,0,30,30,2019,NA,NA
6/10/19,11:30:00,Bunkeflostrand,Ischnura_elegans,Immature,1,,0,3,30,2019,NA,NA
6/10/19,11:30:00,Bunkeflostrand,Ischnura_elegans,Mature,1,,0,0,30,2019,NA,NA
6/10/19,11:30:00,Bunkeflostrand,Ischnura_elegans,Mature,1,,0,0,30,2019,NA,NA
6/10/19,11:35:00,Bunkeflostrand,Ischnura_elegans,Immature,1,,0,0,30,2019,NA,NA
6/10/19,11:35:00,Bunkeflostrand,Ischnura_elegans,Immature,0,Gynochrome,0,0,30,2019,Infuscans,NA
6/10/19,11:36:00,Bunkeflostrand,Ischnura_elegans,Mature,1,,0,26,30,2019,NA,NA
6/10/19,11:36:00,Bunkeflostrand,Ischnura_elegans,Mature,1,,0,30,30,2019,NA,NA
6/10/19,11:36:00,Bunkeflostrand,Ischnura_elegans,Immature,1,,0,12,30,2019,NA,NA
6/10/19,11:36:00,Bunkeflostrand,Ischnura_elegans,Immature,1,,0,16,30,2019,NA,NA
6/10/19,11:36:00,Bunkeflostrand,Ischnura_elegans,Mature,1,,0,16,30,2019,NA,NA
6/10/19,11:39:00,Bunkeflostrand,Ischnura_elegans,Immature,1,,0,43,30,2019,NA,NA
6/10/19,11:40:00,Bunkeflostrand,Ischnura_elegans,Immature,1,,0,35,30,2019,NA,NA
6/10/19,11:40:00,Bunkeflostrand,Ischnura_elegans,Immature,1,,0,18,30,2019,NA,NA
6/10/19,11:41:00,Bunkeflostrand,Ischnura_elegans,Mature,1,,0,20,30,2019,NA,NA
6/10/19,11:41:00,Bunkeflostrand,Ischnura_elegans,Immature,1,,0,0,30,2019,NA,NA
6/10/19,11:42:00,Bunkeflostrand,Ischnura_elegans,Immature,1,,0,50,30,2019,NA,NA
6/10/19,11:47:00,Bunkeflostrand,Ischnura_elegans,Mature,0,Androchrome,0,0,30,2019,Androchrome,NA
6/10/19,11:47:00,Bunkeflostrand,Ischnura_elegans,Mature,1,,0,0,30,2019,NA,NA
6/10/19,11:47:00,Bunkeflostrand,Ischnura_elegans,Mature,1,,0,0,30,2019,NA,NA
6/10/19,11:47:00,Bunkeflostrand,Ischnura_elegans,Mature,0,Androchrome,0,20,30,2019,Androchrome,NA
6/10/19,11:48:00,Bunkeflostrand,Ischnura_elegans,Mature,1,,0,7,30,2019,NA,NA
6/10/19,11:48:00,Bunkeflostrand,Ischnura_elegans,Mature,1,,0,20,30,2019,NA,NA
6/10/19,11:48:00,Bunkeflostrand,Ischnura_elegans,Mature,1,,0,60,30,2019,NA,NA
6/10/19,11:49:00,Bunkeflostrand,Ischnura_elegans,Mature,0,Gynochrome,0,11,30,2019,Infuscans_obsoleta,NA
6/10/19,11:50:00,Bunkeflostrand,Ischnura_elegans,Mature,0,Androchrome,0,23,30,2019,Androchrome,NA
6/10/19,11:50:00,Bunkeflostrand,Ischnura_elegans,Mature,1,,0,3,30,2019,NA,NA
6/10/19,11:50:00,Bunkeflostrand,Ischnura_elegans,Mature,1,,0,0,30,2019,NA,NA
6/10/19,11:50:00,Bunkeflostrand,Ischnura_elegans,Mature,1,,0,13,30,2019,NA,NA
6/10/19,11:51:00,Bunkeflostrand,Ischnura_elegans,Mature,1,,0,3,30,2019,NA,NA
6/10/19,11:51:00,Bunkeflostrand,Ischnura_elegans,Mature,1,,0,10,30,2019,NA,NA
6/10/19,11:51:00,Bunkeflostrand,Ischnura_elegans,Mature,1,,0,25,30,2019,NA,NA
6/10/19,11:52:00,Bunkeflostrand,Ischnura_elegans,Mature,1,,0,0,30,2019,NA,NA
6/10/19,11:52:00,Bunkeflostrand,Ischnura_elegans,Immature,1,,0,33,30,2019,NA,NA
6/10/19,11:53:00,Bunkeflostrand,Ischnura_elegans,Mature,0,Gynochrome,0,0,30,2019,Infuscans,NA
6/10/19,11:53:00,Bunkeflostrand,Ischnura_elegans,Mature,0,Androchrome,0,0,30,2019,Androchrome,NA
6/10/19,11:54:00,Bunkeflostrand,Ischnura_elegans,Mature,1,,0,0,30,2019,NA,NA
6/10/19,11:54:00,Bunkeflostrand,Ischnura_elegans,Mature,1,,0,7,30,2019,NA,NA
6/10/19,11:54:00,Bunkeflostrand,Ischnura_elegans,Mature,1,,0,25,30,2019,NA,NA
6/10/19,11:55:00,Bunkeflostrand,Ischnura_elegans,Immature,0,Androchrome,0,19,30,2019,Androchrome,NA
6/10/19,11:55:00,Bunkeflostrand,Ischnura_elegans,Mature,0,Androchrome,0,0,30,2019,Androchrome,NA
6/10/19,11:56:00,Bunkeflostrand,Ischnura_elegans,Mature,0,Androchrome,0,0,30,2019,Androchrome,NA
6/10/19,11:56:00,Bunkeflostrand,Ischnura_elegans,Mature,1,,0,0,30,2019,NA,NA
6/10/19,11:56:00,Bunkeflostrand,Ischnura_elegans,Mature,0,Androchrome,0,2,30,2019,Androchrome,NA
6/10/19,11:56:00,Bunkeflostrand,Ischnura_elegans,Mature,0,Androchrome,0,3,30,2019,Androchrome,NA
6/10/19,11:57:00,Bunkeflostrand,Ischnura_elegans,Mature,1,,0,40,30,2019,NA,NA
6/10/19,11:57:00,Bunkeflostrand,Ischnura_elegans,Mature,0,Androchrome,0,15,30,2019,Androchrome,NA
6/10/19,11:58:00,Bunkeflostrand,Ischnura_elegans,Mature,0,Gynochrome,0,35,30,2019,Infuscans,NA
6/10/19,11:58:00,Bunkeflostrand,Ischnura_elegans,Mature,1,,0,55,30,2019,NA,NA
6/10/19,11:59:00,Bunkeflostrand,Ischnura_elegans,Mature,0,,0,10,30,2019,NA,NA
6/10/19,11:59:00,Bunkeflostrand,Ischnura_elegans,Immature,1,,0,0,30,2019,NA,NA
6/10/19,11:59:00,Bunkeflostrand,Ischnura_elegans,Mature,0,Gynochrome,0,3,30,2019,Infuscans,NA
6/10/19,12:00:00,Bunkeflostrand,Ischnura_elegans,Mature,0,Androchrome,0,0,30,2019,Androchrome,NA
6/10/19,12:00:00,Bunkeflostrand,Ischnura_elegans,Mature,0,Gynochrome,0,0,30,2019,Infuscans,NA
6/10/19,12:01:00,Bunkeflostrand,Ischnura_elegans,Immature,0,Androchrome,0,35,30,2019,Androchrome,NA
6/10/19,12:01:00,Bunkeflostrand,Ischnura_elegans,Immature,0,Gynochrome,0,30,30,2019,Infuscans,NA
6/10/19,12:02:00,Bunkeflostrand,Ischnura_elegans,Mature,0,Gynochrome,0,40,30,2019,Infuscans,NA
6/10/19,12:03:00,Bunkeflostrand,Ischnura_elegans,Mature,0,Gynochrome,0,0,30,2019,Infuscans,NA
6/10/19,12:03:00,Bunkeflostrand,Ischnura_elegans,Immature,0,Gynochrome,0,18,30,2019,Infuscans_obsoleta,NA
6/10/19,12:03:00,Bunkeflostrand,Ischnura_elegans,Immature,0,Androchrome,0,20,30,2019,Androchrome,NA
6/10/19,12:04:00,Bunkeflostrand,Ischnura_elegans,Mature,0,Androchrome,0,20,30,2019,Androchrome,NA
6/10/19,12:04:00,Bunkeflostrand,Ischnura_elegans,Immature,0,Gynochrome,0,23,30,2019,Infuscans,NA
6/10/19,12:05:00,Bunkeflostrand,Ischnura_elegans,Mature,0,Androchrome,0,18,30,2019,Androchrome,NA
6/10/19,12:05:00,Bunkeflostrand,Ischnura_elegans,Mature,0,Androchrome,0,30,30,2019,Androchrome,NA
6/10/19,12:06:00,Bunkeflostrand,Ischnura_elegans,Mature,0,Gynochrome,0,0,30,2019,Infuscans,NA
6/10/19,12:06:00,Bunkeflostrand,Ischnura_elegans,Immature,0,Androchrome,0,90,30,2019,Androchrome,NA
6/10/19,12:07:00,Bunkeflostrand,Ischnura_elegans,Mature,1,,0,1,30,2019,NA,NA
6/16/19,11:18:00,Bunkeflostrand,Orthetrum_cancellatum,Mature,1,,0,NA,30,2019,NA,NA
6/16/19,11:18:00,Bunkeflostrand,Orthetrum_cancellatum,Mature,1,,0,NA,30,2019,NA,NA
6/16/19,11:18:00,Bunkeflostrand,Orthetrum_cancellatum,Mature,1,,0,NA,30,2019,NA,NA
6/16/19,11:18:00,Bunkeflostrand,Orthetrum_cancellatum,Mature,1,,0,NA,30,2019,NA,NA
6/16/19,11:18:00,Bunkeflostrand,Orthetrum_cancellatum,Mature,1,,0,NA,30,2019,NA,NA
6/16/19,11:18:00,Bunkeflostrand,Orthetrum_cancellatum,Mature,0,,0,NA,30,2019,NA,NA
6/16/19,11:18:00,Bunkeflostrand,Orthetrum_cancellatum,Mature,0,,0,NA,30,2019,NA,NA
6/16/19,11:18:00,Bunkeflostrand,Anax_imperator,Mature,0,,0,NA,30,2019,NA,NA
6/16/19,11:18:00,Bunkeflostrand,Ischnura_elegans,Mature,0,Androchrome,1,3,30,2019,Androchrome,NA
6/16/19,11:18:00,Bunkeflostrand,Ischnura_elegans,Mature,1,,1,3,30,2019,NA,NA
6/16/19,11:18:00,Bunkeflostrand,Ischnura_elegans,Immature,1,,0,7,30,2019,NA,NA
6/16/19,11:18:00,Bunkeflostrand,Ischnura_elegans,Mature,1,,0,8,30,2019,NA,NA
6/16/19,11:18:00,Bunkeflostrand,Ischnura_elegans,Mature,0,Gynochrome,0,3,30,2019,Infuscans,NA
6/16/19,11:18:00,Bunkeflostrand,Ischnura_elegans,Immature,0,Androchrome,0,0,30,2019,Androchrome,NA
6/16/19,11:18:00,Bunkeflostrand,Ischnura_elegans,Immature,0,Androchrome,0,3,30,2019,Androchrome,NA
6/16/19,11:18:00,Bunkeflostrand,Ischnura_elegans,Immature,1,,0,1,30,2019,NA,NA
6/16/19,11:18:00,Bunkeflostrand,Ischnura_elegans,Immature,0,Androchrome,0,1,30,2019,Androchrome,NA
6/16/19,11:18:00,Bunkeflostrand,Ischnura_elegans,Mature,0,Androchrome,0,0,30,2019,Androchrome,NA
6/16/19,11:18:00,Bunkeflostrand,Ischnura_elegans,Immature,1,,0,5,30,2019,NA,NA
6/16/19,11:18:00,Bunkeflostrand,Ischnura_elegans,Immature,1,,0,30,30,2019,NA,NA
6/16/19,11:18:00,Bunkeflostrand,Ischnura_elegans,Immature,1,,0,30,30,2019,NA,NA
6/16/19,11:18:00,Bunkeflostrand,Ischnura_elegans,Mature,0,Gynochrome,0,NA,30,2019,Infuscans_obsoleta,NA
6/16/19,11:18:00,Bunkeflostrand,Ischnura_elegans,Mature,1,,0,4,30,2019,NA,NA
6/16/19,11:18:00,Bunkeflostrand,Ischnura_elegans,Mature,0,Gynochrome,0,15,30,2019,Infuscans_obsoleta,NA
6/16/19,11:18:00,Bunkeflostrand,Ischnura_elegans,Mature,0,Androchrome,0,25,30,2019,Androchrome,NA
6/16/19,11:18:00,Bunkeflostrand,Ischnura_elegans,Mature,0,Androchrome,0,6,30,2019,Androchrome,NA
6/16/19,11:18:00,Bunkeflostrand,Ischnura_elegans,Mature,1,,0,35,30,2019,NA,NA
6/16/19,11:18:00,Bunkeflostrand,Ischnura_elegans,Mature,1,,0,0,30,2019,NA,NA
6/16/19,11:18:00,Bunkeflostrand,Ischnura_elegans,Mature,0,Androchrome,0,2,30,2019,Androchrome,NA
6/16/19,11:18:00,Bunkeflostrand,Coenagrion_puella,Mature,0,,0,0,30,2019,NA,NA
6/16/19,11:18:00,Bunkeflostrand,Ischnura_elegans,Teneral,1,,0,21,30,2019,NA,NA
6/16/19,11:18:00,Bunkeflostrand,Ischnura_elegans,Immature,0,Gynochrome,0,4,30,2019,Infuscans,NA
6/16/19,11:18:00,Bunkeflostrand,Ischnura_elegans,Immature,1,,0,0,30,2019,NA,NA
6/16/19,11:18:00,Bunkeflostrand,Ischnura_elegans,Teneral,1,,0,4,30,2019,NA,NA
6/16/19,11:18:00,Bunkeflostrand,Ischnura_elegans,Mature,1,,0,3,30,2019,NA,NA
6/16/19,11:18:00,Bunkeflostrand,Ischnura_elegans,Mature,1,,0,0,30,2019,NA,NA
6/16/19,11:18:00,Bunkeflostrand,Ischnura_elegans,Teneral,0,,0,8,30,2019,NA,NA
6/16/19,11:18:00,Bunkeflostrand,Ischnura_elegans,Mature,1,,0,0,30,2019,NA,NA
6/16/19,11:18:00,Bunkeflostrand,Ischnura_elegans,Immature,1,,0,45,30,2019,NA,NA
6/16/19,11:18:00,Bunkeflostrand,Ischnura_elegans,Mature,1,,0,25,30,2019,NA,NA
6/16/19,11:18:00,Bunkeflostrand,Ischnura_elegans,Mature,0,Androchrome,0,45,30,2019,Androchrome,NA
6/16/19,11:18:00,Bunkeflostrand,Ischnura_elegans,Immature,1,,0,35,30,2019,NA,NA
6/16/19,11:18:00,Bunkeflostrand,Ischnura_elegans,Immature,1,,0,3,30,2019,NA,NA
6/16/19,11:18:00,Bunkeflostrand,Coenagrion_pulchellum,Mature,1,,0,0,30,2019,NA,NA
6/16/19,11:18:00,Bunkeflostrand,Ischnura_elegans,Immature,1,,0,25,30,2019,NA,NA
6/16/19,11:18:00,Bunkeflostrand,Ischnura_elegans,Immature,0,Gynochrome,0,8,30,2019,Infuscans_obsoleta,NA
6/16/19,11:18:00,Bunkeflostrand,Ischnura_elegans,Immature,0,Gynochrome,0,3,30,2019,Infuscans,NA
6/16/19,11:18:00,Bunkeflostrand,Ischnura_elegans,Immature,0,Gynochrome,0,30,30,2019,Infuscans,NA
6/16/19,11:18:00,Bunkeflostrand,Ischnura_elegans,Immature,1,,0,20,30,2019,NA,NA
6/16/19,11:18:00,Bunkeflostrand,Ischnura_elegans,Immature,0,Gynochrome,0,6,30,2019,Infuscans,NA
6/16/19,11:18:00,Bunkeflostrand,Ischnura_elegans,Mature,1,,0,10,30,2019,NA,NA
6/16/19,11:18:00,Bunkeflostrand,Ischnura_elegans,Mature,0,Androchrome,0,0,30,2019,Androchrome,NA
6/16/19,11:18:00,Bunkeflostrand,Ischnura_elegans,Mature,1,,0,50,30,2019,NA,NA
6/16/19,11:18:00,Bunkeflostrand,Ischnura_elegans,Mature,1,,0,0,30,2019,NA,NA
6/16/19,11:18:00,Bunkeflostrand,Ischnura_elegans,Immature,0,Androchrome,0,0,30,2019,Androchrome,NA
6/16/19,11:18:00,Bunkeflostrand,Ischnura_elegans,Immature,0,Gynochrome,0,10,30,2019,Infuscans,NA
6/16/19,11:18:00,Bunkeflostrand,Ischnura_elegans,Immature,0,Androchrome,0,45,30,2019,Androchrome,NA
6/16/19,11:18:00,Bunkeflostrand,Ischnura_elegans,Immature,0,Androchrome,0,45,30,2019,Androchrome,NA
6/16/19,11:18:00,Bunkeflostrand,Ischnura_elegans,Immature,0,Gynochrome,0,24,30,2019,Infuscans,NA
6/16/19,11:18:00,Bunkeflostrand,Ischnura_elegans,Immature,0,Gynochrome,0,30,30,2019,Infuscans,NA
6/16/19,11:18:00,Bunkeflostrand,Ischnura_elegans,Teneral,1,,0,30,30,2019,NA,NA
6/16/19,11:18:00,Bunkeflostrand,Ischnura_elegans,Immature,0,Androchrome,0,35,30,2019,Androchrome,NA
6/16/19,11:18:00,Bunkeflostrand,Ischnura_elegans,Immature,1,,0,12,30,2019,NA,NA
6/16/19,11:18:00,Bunkeflostrand,Ischnura_elegans,Immature,0,Androchrome,0,35,30,2019,Androchrome,NA
6/16/19,11:18:00,Bunkeflostrand,Ischnura_elegans,Immature,0,Gynochrome,0,50,30,2019,Infuscans,NA
7/14/19,10:45:00,Bunkeflostrand,Sympetrum_spp,Mature,1,,0,0,30,2019,NA,NA
7/14/19,10:45:00,Bunkeflostrand,Sympetrum_spp,Mature,1,,0,0,30,2019,NA,NA
7/14/19,10:45:00,Bunkeflostrand,Sympetrum_spp,Mature,1,,0,0,30,2019,NA,NA
7/14/19,10:45:00,Bunkeflostrand,Sympetrum_spp,Mature,1,,0,0,30,2019,NA,NA
7/14/19,10:45:00,Bunkeflostrand,Sympetrum_spp,Mature,1,,0,0,30,2019,NA,NA
7/14/19,10:45:00,Bunkeflostrand,Sympetrum_spp,Mature,1,,0,0,30,2019,NA,NA
7/14/19,10:45:00,Bunkeflostrand,Sympetrum_spp,Mature,1,,0,0,30,2019,NA,NA
7/14/19,10:45:00,Bunkeflostrand,Sympetrum_spp,Mature,1,,0,0,30,2019,NA,NA
7/14/19,10:45:00,Bunkeflostrand,Sympetrum_spp,Mature,1,,0,0,30,2019,NA,NA
7/14/19,10:45:00,Bunkeflostrand,Sympetrum_spp,Mature,1,,0,0,30,2019,NA,NA
7/14/19,10:45:00,Bunkeflostrand,Sympetrum_spp,Mature,1,,0,0,30,2019,NA,NA
7/14/19,10:45:00,Bunkeflostrand,Sympetrum_spp,Mature,1,,0,0,30,2019,NA,NA
7/14/19,10:45:00,Bunkeflostrand,Sympetrum_spp,Mature,1,,0,0,30,2019,NA,NA
7/14/19,10:45:00,Bunkeflostrand,Sympetrum_spp,Mature,1,,0,0,30,2019,NA,NA
7/14/19,10:45:00,Bunkeflostrand,Sympetrum_spp,Mature,1,,0,0,30,2019,NA,NA
7/14/19,10:45:00,Bunkeflostrand,Sympetrum_spp,Mature,1,,0,0,30,2019,NA,NA
7/14/19,10:45:00,Bunkeflostrand,Sympetrum_spp,Mature,1,,0,0,30,2019,NA,NA
7/14/19,10:45:00,Bunkeflostrand,Sympetrum_spp,Mature,1,,0,0,30,2019,NA,NA
7/14/19,10:45:00,Bunkeflostrand,Sympetrum_spp,Mature,1,,0,0,30,2019,NA,NA
7/14/19,10:45:00,Bunkeflostrand,Sympetrum_spp,Mature,1,,0,0,30,2019,NA,NA
7/14/19,10:45:00,Bunkeflostrand,Sympetrum_spp,Mature,1,,0,0,30,2019,NA,NA
7/14/19,10:45:00,Bunkeflostrand,Sympetrum_spp,Mature,1,,0,0,30,2019,NA,NA
7/14/19,10:45:00,Bunkeflostrand,Sympetrum_spp,Mature,1,,0,0,30,2019,NA,NA
7/14/19,10:45:00,Bunkeflostrand,Sympetrum_spp,Mature,1,,0,0,30,2019,NA,NA
7/14/19,10:45:00,Bunkeflostrand,Sympetrum_spp,Mature,1,,0,0,30,2019,NA,NA
7/14/19,10:45:00,Bunkeflostrand,Sympetrum_spp,Mature,1,,0,0,30,2019,NA,NA
7/14/19,10:45:00,Bunkeflostrand,Sympetrum_spp,Mature,1,,0,0,30,2019,NA,NA
7/14/19,10:45:00,Bunkeflostrand,Sympetrum_spp,Mature,1,,0,0,30,2019,NA,NA
7/14/19,10:45:00,Bunkeflostrand,Sympetrum_spp,Mature,1,,0,0,30,2019,NA,NA
7/14/19,10:45:00,Bunkeflostrand,Sympetrum_spp,Mature,1,,0,0,30,2019,NA,NA
7/14/19,10:46:00,Bunkeflostrand,Orthetrum_cancellatum,Mature,1,,0,0,30,2019,NA,NA
7/14/19,10:46:00,Bunkeflostrand,Enallagma_cyathigerum,Mature,1,,0,0,30,2019,NA,NA
7/14/19,10:46:00,Bunkeflostrand,Ischnura_elegans,Mature,0,Androchrome,1,0,30,2019,Androchrome,NA
7/14/19,10:47:00,Bunkeflostrand,Ischnura_elegans,Mature,1,,1,0,30,2019,NA,NA
7/14/19,10:47:00,Bunkeflostrand,Ischnura_elegans,Mature,1,,0,11,30,2019,NA,NA
7/14/19,10:48:00,Bunkeflostrand,Ischnura_elegans,Mature,1,,1,0,30,2019,NA,NA
7/14/19,10:48:00,Bunkeflostrand,Ischnura_elegans,Mature,0,Androchrome,1,0,30,2019,Androchrome,NA
7/14/19,10:48:00,Bunkeflostrand,Ischnura_elegans,Mature,1,,0,0,30,2019,NA,NA
7/14/19,10:48:00,Bunkeflostrand,Ischnura_elegans,Mature,0,Androchrome,0,3,30,2019,Androchrome,NA
7/14/19,10:48:00,Bunkeflostrand,Ischnura_elegans,Mature,1,,0,0,30,2019,NA,NA
7/14/19,10:49:00,Bunkeflostrand,Ischnura_elegans,Mature,1,,0,0,30,2019,NA,NA
7/14/19,10:49:00,Bunkeflostrand,Ischnura_elegans,Mature,1,,0,6,30,2019,NA,NA
7/14/19,10:49:00,Bunkeflostrand,Ischnura_elegans,Immature,1,,0,0,30,2019,NA,NA
7/14/19,10:50:00,Bunkeflostrand,Ischnura_elegans,Immature,1,,0,0,30,2019,NA,NA
7/14/19,10:50:00,Bunkeflostrand,Ischnura_elegans,Mature,1,,0,1,30,2019,NA,NA
7/14/19,10:50:00,Bunkeflostrand,Ischnura_elegans,Immature,0,Gynochrome,0,0,30,2019,Androchrome,Violacea_(Androchrome)
7/27/19,10:54:00,Bunkeflostrand,Anax_imperator,Mature,1,,0,0,30,2019,NA,NA
7/27/19,10:54:00,Bunkeflostrand,Orthetrum_cancellatum,Mature,1,,0,0,30,2019,NA,NA
7/27/19,10:54:00,Bunkeflostrand,Orthetrum_cancellatum,Mature,1,,0,0,30,2019,NA,NA
7/27/19,10:54:00,Bunkeflostrand,Sympetrum_spp,Mature,1,,0,0,30,2019,NA,NA
7/27/19,10:54:00,Bunkeflostrand,Sympetrum_spp,Mature,1,,0,0,30,2019,NA,NA
7/27/19,10:54:00,Bunkeflostrand,Sympetrum_spp,Mature,1,,0,0,30,2019,NA,NA
7/27/19,10:54:00,Bunkeflostrand,Sympetrum_spp,Mature,1,,0,0,30,2019,NA,NA
7/27/19,10:54:00,Bunkeflostrand,Sympetrum_spp,Mature,1,,0,0,30,2019,NA,NA
7/27/19,10:54:00,Bunkeflostrand,Sympetrum_spp,Mature,1,,0,0,30,2019,NA,NA
7/27/19,10:54:00,Bunkeflostrand,Sympetrum_spp,Mature,1,,0,0,30,2019,NA,NA
7/27/19,10:54:00,Bunkeflostrand,Sympetrum_spp,Mature,1,,0,0,30,2019,NA,NA
7/27/19,10:54:00,Bunkeflostrand,Sympetrum_spp,Mature,1,,0,0,30,2019,NA,NA
7/27/19,10:54:00,Bunkeflostrand,Sympetrum_spp,Mature,1,,0,0,30,2019,NA,NA
7/27/19,10:54:00,Bunkeflostrand,Sympetrum_spp,Mature,1,,0,0,30,2019,NA,NA
7/27/19,10:54:00,Bunkeflostrand,Sympetrum_spp,Mature,1,,0,0,30,2019,NA,NA
7/27/19,10:54:00,Bunkeflostrand,Sympetrum_spp,Mature,1,,0,0,30,2019,NA,NA
7/27/19,10:54:00,Bunkeflostrand,Sympetrum_spp,Mature,1,,0,0,30,2019,NA,NA
7/27/19,10:54:00,Bunkeflostrand,Sympetrum_spp,Mature,1,,0,0,30,2019,NA,NA
7/27/19,10:54:00,Bunkeflostrand,Sympetrum_spp,Mature,1,,0,0,30,2019,NA,NA
7/27/19,10:54:00,Bunkeflostrand,Sympetrum_spp,Mature,1,,0,0,30,2019,NA,NA
7/27/19,10:54:00,Bunkeflostrand,Sympetrum_spp,Mature,1,,0,0,30,2019,NA,NA
7/27/19,10:54:00,Bunkeflostrand,Sympetrum_spp,Mature,1,,0,0,30,2019,NA,NA
7/27/19,10:54:00,Bunkeflostrand,Sympetrum_spp,Mature,1,,0,0,30,2019,NA,NA
7/27/19,10:55:00,Bunkeflostrand,Enallagma_cyathigerum,Mature,1,,0,0,30,2019,NA,NA
7/27/19,10:55:00,Bunkeflostrand,Enallagma_cyathigerum,Mature,1,,0,0,30,2019,NA,NA
7/27/19,10:55:00,Bunkeflostrand,Enallagma_cyathigerum,Mature,1,,0,0,30,2019,NA,NA
7/27/19,10:55:00,Bunkeflostrand,Enallagma_cyathigerum,Mature,1,,0,0,30,2019,NA,NA
7/27/19,10:55:00,Bunkeflostrand,Ischnura_elegans,Immature,1,,0,0,30,2019,NA,NA
7/27/19,10:56:00,Bunkeflostrand,Erythromma_viridulum,Mature,0,,0,0,30,2019,NA,NA
7/27/19,10:56:00,Bunkeflostrand,Ischnura_elegans,Immature,0,Gynochrome,0,0,30,2019,Androchrome,Violacea_(Androchrome)
7/27/19,10:56:00,Bunkeflostrand,Erythromma_viridulum,Mature,0,,0,0,30,2019,NA,NA
7/27/19,10:57:00,Bunkeflostrand,Ischnura_elegans,Mature,1,,0,0,30,2019,NA,NA
7/27/19,10:57:00,Bunkeflostrand,Ischnura_elegans,Mature,0,Androchrome,0,0,30,2019,Androchrome,NA
7/27/19,10:57:00,Bunkeflostrand,Ischnura_elegans,Mature,1,,0,0,30,2019,NA,NA
7/27/19,10:57:00,Bunkeflostrand,Ischnura_elegans,Immature,1,,0,0,30,2019,NA,NA
7/27/19,10:57:00,Bunkeflostrand,Ischnura_elegans,Immature,1,,0,0,30,2019,NA,NA
7/27/19,10:58:00,Bunkeflostrand,Ischnura_elegans,Mature,1,,0,0,30,2019,NA,NA
7/27/19,10:58:00,Bunkeflostrand,Ischnura_elegans,Mature,1,,0,0,30,2019,NA,NA
7/27/19,10:58:00,Bunkeflostrand,Ischnura_elegans,Mature,1,,1,0,30,2019,NA,NA
7/27/19,10:58:00,Bunkeflostrand,Ischnura_elegans,Mature,0,Gynochrome,1,0,30,2019,Infuscans,NA
7/27/19,10:59:00,Bunkeflostrand,Ischnura_elegans,Mature,1,,1,0,30,2019,NA,NA
7/27/19,10:59:00,Bunkeflostrand,Ischnura_elegans,Mature,0,Androchrome,1,0,30,2019,Androchrome,NA
6/5/19,8:24:00,Flackarp,Calopteryx_splendens,Mature,1,,0,0,30,2019,NA,NA
6/5/19,8:24:00,Flackarp,Coenagrion_pulchellum,Mature,1,,0,0,30,2019,NA,NA
6/5/19,8:24:00,Flackarp,Calopteryx_splendens,Immature,1,,0,0,30,2019,NA,NA
6/5/19,8:24:00,Flackarp,Calopteryx_splendens,Immature,1,,0,0,30,2019,NA,NA
6/5/19,8:24:00,Flackarp,Coenagrion_puella,Mature,1,,0,23,30,2019,NA,NA
6/5/19,8:24:00,Flackarp,Calopteryx_splendens,Immature,1,,0,0,30,2019,NA,NA
6/5/19,8:24:00,Flackarp,Coenagrion_puella,Mature,0,,1,11,30,2019,NA,NA
6/5/19,8:24:00,Flackarp,Coenagrion_puella,Mature,1,,1,1,30,2019,NA,NA
6/5/19,8:24:00,Flackarp,Coenagrion_puella,Mature,1,,0,27,30,2019,NA,NA
6/5/19,8:24:00,Flackarp,Calopteryx_splendens,Immature,0,,0,0,30,2019,NA,NA
6/5/19,8:24:00,Flackarp,Coenagrion_puella,Mature,0,,1,1,30,2019,NA,NA
6/5/19,8:24:00,Flackarp,Coenagrion_puella,Mature,1,,1,1,30,2019,NA,NA
6/5/19,8:24:00,Flackarp,Coenagrion_puella,Mature,1,,0,54,30,2019,NA,NA
6/5/19,8:24:00,Flackarp,Coenagrion_pulchellum,Immature,0,,0,44,30,2019,NA,NA
6/5/19,8:24:00,Flackarp,Coenagrion_pulchellum,Mature,1,,0,1,30,2019,NA,NA
6/5/19,8:24:00,Flackarp,Coenagrion_puella,Mature,0,,1,3,30,2019,NA,NA
6/5/19,8:24:00,Flackarp,Coenagrion_puella,Mature,1,,1,0,30,2019,NA,NA
6/5/19,8:24:00,Flackarp,Coenagrion_pulchellum,Immature,0,,0,27,30,2019,NA,NA
6/5/19,8:24:00,Flackarp,Coenagrion_pulchellum,Immature,0,,0,12,30,2019,NA,NA
6/5/19,8:24:00,Flackarp,Coenagrion_puella,Mature,1,,0,0,30,2019,NA,NA
6/5/19,8:24:00,Flackarp,Coenagrion_puella,Mature,1,,0,0,30,2019,NA,NA
6/5/19,8:24:00,Flackarp,Coenagrion_puella,Mature,1,,0,0,30,2019,NA,NA
6/5/19,8:24:00,Flackarp,Coenagrion_puella,Mature,1,,0,2,30,2019,NA,NA
6/5/19,8:24:00,Flackarp,Ischnura_elegans,Mature,1,,0,0,30,2019,NA,NA
6/5/19,8:24:00,Flackarp,Coenagrion_puella,Mature,1,,0,0,30,2019,NA,NA
6/5/19,8:24:00,Flackarp,Coenagrion_pulchellum,Mature,1,,0,1,30,2019,NA,NA
6/5/19,8:24:00,Flackarp,Coenagrion_puella,Immature,1,,0,0,30,2019,NA,NA
6/5/19,8:24:00,Flackarp,Coenagrion_puella,Mature,1,,0,0,30,2019,NA,NA
6/5/19,8:24:00,Flackarp,Coenagrion_puella,Mature,1,,0,0,30,2019,NA,NA
6/5/19,8:24:00,Flackarp,Coenagrion_puella,Immature,1,,0,3,30,2019,NA,NA
6/5/19,8:24:00,Flackarp,Coenagrion_puella,Mature,1,,0,0,30,2019,NA,NA
6/5/19,8:24:00,Flackarp,Coenagrion_puella,Mature,1,,0,4,30,2019,NA,NA
6/5/19,8:24:00,Flackarp,Coenagrion_puella,Mature,1,,0,31,30,2019,NA,NA
6/5/19,8:24:00,Flackarp,Coenagrion_puella,Immature,1,,0,0,30,2019,NA,NA
6/5/19,8:24:00,Flackarp,Coenagrion_puella,Mature,1,,0,0,30,2019,NA,NA
6/5/19,8:24:00,Flackarp,Coenagrion_puella,Mature,1,,0,0,30,2019,NA,NA
6/5/19,8:24:00,Flackarp,Coenagrion_pulchellum,Mature,1,,0,10,30,2019,NA,NA
6/5/19,8:24:00,Flackarp,Coenagrion_puella,Mature,1,,0,0,30,2019,NA,NA
6/5/19,8:24:00,Flackarp,Coenagrion_puella,Mature,1,,0,0,30,2019,NA,NA
6/5/19,8:24:00,Flackarp,Ischnura_elegans,Immature,1,,0,0,30,2019,NA,NA
6/5/19,8:24:00,Flackarp,Erythromma_viridulum,Immature,0,,0,0,30,2019,NA,NA
6/5/19,8:24:00,Flackarp,Coenagrion_puella,Immature,1,,0,0,30,2019,NA,NA
6/5/19,8:24:00,Flackarp,Enallagma_cyathigerum,Immature,0,,0,0,30,2019,NA,NA
6/5/19,8:24:00,Flackarp,Coenagrion_puella,Immature,1,,0,42,30,2019,NA,NA
6/5/19,8:24:00,Flackarp,Libellula_depressa,NA,,,0,0,30,2019,NA,NA
6/5/19,8:24:00,Flackarp,Libellula_depressa,NA,,,0,0,30,2019,NA,NA
6/5/19,8:24:00,Flackarp,Gomphus_vulgatissimus,NA,,,0,0,30,2019,NA,NA
6/20/19,10:04:00,Flackarp,Erythromma_najas,Mature,1,,0,0,30,2019,NA,NA
6/20/19,10:04:00,Flackarp,Calopteryx_splendens,Immature,1,,0,0,30,2019,NA,NA
6/20/19,10:04:00,Flackarp,Ischnura_elegans,Mature,1,,0,0,30,2019,NA,NA
6/20/19,10:04:00,Flackarp,Coenagrion_puella,Mature,1,,0,0,30,2019,NA,NA
6/20/19,10:05:00,Flackarp,Calopteryx_splendens,Mature,1,,0,0,30,2019,NA,NA
6/20/19,10:05:00,Flackarp,Ischnura_elegans,Mature,1,,0,0,30,2019,NA,NA
6/20/19,10:05:00,Flackarp,Enallagma_cyathigerum,Mature,1,,0,10,30,2019,NA,NA
6/20/19,10:06:00,Flackarp,Calopteryx_splendens,Mature,0,,0,0,30,2019,NA,NA
6/20/19,10:06:00,Flackarp,Calopteryx_splendens,Mature,0,,0,0,30,2019,NA,NA
6/20/19,10:06:00,Flackarp,Ischnura_elegans,Mature,1,,0,0,30,2019,NA,NA
6/20/19,10:06:00,Flackarp,Ischnura_elegans,Mature,1,,0,0,30,2019,NA,NA
6/20/19,10:07:00,Flackarp,Coenagrion_pulchellum,Immature,0,,0,0,30,2019,NA,NA
6/20/19,10:07:00,Flackarp,Ischnura_elegans,Mature,0,Gynochrome,0,0,30,2019,Infuscans,NA
6/20/19,10:07:00,Flackarp,Ischnura_elegans,Mature,0,Gynochrome,0,0,30,2019,Infuscans,Violacea_(Infuscans)
6/20/19,10:08:00,Flackarp,Ischnura_elegans,Mature,1,,0,0,30,2019,NA,NA
6/20/19,10:08:00,Flackarp,Ischnura_elegans,Mature,1,,0,0,30,2019,NA,NA
6/20/19,10:08:00,Flackarp,Ischnura_elegans,Mature,1,,0,0,30,2019,NA,NA
6/20/19,10:08:00,Flackarp,Coenagrion_puella,Mature,1,,0,0,30,2019,NA,NA
6/20/19,10:09:00,Flackarp,Ischnura_elegans,Mature,0,Androchrome,0,0,30,2019,Androchrome,NA
6/20/19,10:09:00,Flackarp,Ischnura_elegans,Mature,0,Androchrome,0,0,30,2019,Androchrome,NA
6/20/19,10:09:00,Flackarp,Calopteryx_splendens,Mature,0,,0,0,30,2019,NA,NA
6/20/19,10:09:00,Flackarp,Ischnura_elegans,Mature,1,,0,0,30,2019,NA,NA
6/20/19,10:10:00,Flackarp,Coenagrion_puella,Mature,1,,0,0,30,2019,NA,NA
6/20/19,10:10:00,Flackarp,Ischnura_elegans,Mature,1,,0,0,30,2019,NA,NA
6/20/19,10:11:00,Flackarp,Ischnura_elegans,Mature,1,,0,0,30,2019,NA,NA
6/20/19,10:11:00,Flackarp,Coenagrion_puella,Mature,1,,0,0,30,2019,NA,NA
6/20/19,10:11:00,Flackarp,Coenagrion_pulchellum,Mature,1,,0,0,30,2019,NA,NA
6/20/19,10:11:00,Flackarp,Ischnura_elegans,Mature,1,,0,0,30,2019,NA,NA
6/20/19,10:12:00,Flackarp,Ischnura_elegans,Immature,0,Gynochrome,0,0,30,2019,Infuscans,Violacea_(Infuscans)
6/20/19,10:12:00,Flackarp,Calopteryx_splendens,Mature,1,,0,0,30,2019,NA,NA
6/20/19,10:12:00,Flackarp,Coenagrion_puella,Mature,1,,0,0,30,2019,NA,NA
6/20/19,10:13:00,Flackarp,Ischnura_elegans,Mature,1,,0,0,30,2019,NA,NA
7/1/19,9:46:00,Flackarp,Calopteryx_splendens,Mature,1,,0,0,30,2019,NA,NA
7/1/19,9:46:00,Flackarp,Ischnura_elegans,Mature,0,Androchrome,0,0,30,2019,Androchrome,NA
7/1/19,9:46:00,Flackarp,Calopteryx_splendens,Mature,1,,0,0,30,2019,NA,NA
7/1/19,9:46:00,Flackarp,Calopteryx_splendens,Mature,0,,0,0,30,2019,NA,NA
7/1/19,9:46:00,Flackarp,Coenagrion_puella,Mature,1,,0,3,30,2019,NA,NA
7/1/19,9:46:00,Flackarp,Ischnura_elegans,Mature,0,Androchrome,0,0,30,2019,Androchrome,NA
7/1/19,9:46:00,Flackarp,Ischnura_elegans,Mature,1,,0,0,30,2019,NA,NA
7/1/19,9:46:00,Flackarp,Coenagrion_puella,Mature,1,,0,0,30,2019,NA,NA
7/1/19,9:46:00,Flackarp,Coenagrion_puella,Mature,0,,0,4,30,2019,NA,NA
7/1/19,14:30:00,Flackarp,Ischnura_elegans,Mature,1,,0,0,30,2019,NA,NA
7/1/19,9:46:00,Flackarp,Calopteryx_splendens,Immature,1,,0,0,30,2019,NA,NA
7/1/19,14:30:00,Flackarp,Ischnura_elegans,Mature,1,,0,0,30,2019,NA,NA
7/1/19,9:46:00,Flackarp,Calopteryx_splendens,Mature,1,,0,0,30,2019,NA,NA
7/1/19,9:46:00,Flackarp,Coenagrion_puella,Mature,1,,0,1,30,2019,NA,NA
7/1/19,9:46:00,Flackarp,Calopteryx_splendens,Mature,0,,0,0,30,2019,NA,NA
7/1/19,14:30:00,Flackarp,Ischnura_elegans,Mature,1,,0,0,30,2019,NA,NA
7/1/19,9:46:00,Flackarp,Calopteryx_splendens,Immature,1,,0,0,30,2019,NA,NA
7/1/19,9:46:00,Flackarp,Calopteryx_splendens,Mature,0,,0,0,30,2019,NA,NA
7/1/19,9:46:00,Flackarp,Calopteryx_splendens,Mature,0,,0,0,30,2019,NA,NA
7/1/19,14:30:00,Flackarp,Ischnura_elegans,Mature,1,,0,0,30,2019,NA,NA
7/1/19,14:30:00,Flackarp,Ischnura_elegans,Mature,1,,0,0,30,2019,NA,NA
7/1/19,14:30:00,Flackarp,Ischnura_elegans,Mature,1,,0,0,30,2019,NA,NA
7/1/19,14:30:00,Flackarp,Ischnura_elegans,Mature,1,,0,0,30,2019,NA,NA
7/1/19,14:30:00,Flackarp,Ischnura_elegans,Mature,1,,0,0,30,2019,NA,NA
7/1/19,9:46:00,Flackarp,Coenagrion_puella,Mature,1,,0,0,30,2019,NA,NA
7/1/19,14:30:00,Flackarp,Ischnura_elegans,Mature,1,,0,0,30,2019,NA,NA
7/1/19,14:30:00,Flackarp,Ischnura_elegans,Mature,1,,0,0,30,2019,NA,NA
7/1/19,9:46:00,Flackarp,Coenagrion_pulchellum,Mature,1,,0,0,30,2019,NA,NA
7/1/19,14:30:00,Flackarp,Ischnura_elegans,Mature,1,,0,0,30,2019,NA,NA
7/1/19,14:30:00,Flackarp,Ischnura_elegans,Mature,0,Androchrome,0,0,30,2019,Androchrome,NA
7/1/19,14:30:00,Flackarp,Ischnura_elegans,Mature,1,,0,0,30,2019,NA,NA
7/1/19,14:30:00,Flackarp,Ischnura_elegans,Immature,0,Gynochrome,0,0,30,2019,Infuscans,Violacea_(Infuscans)
7/1/19,14:30:00,Flackarp,Ischnura_elegans,Immature,1,,0,0,30,2019,NA,NA
7/9/19,11:10:00,Flackarp,Calopteryx_splendens,Mature,0,,0,0,30,2019,NA,NA
7/9/19,11:11:00,Flackarp,Calopteryx_splendens,Mature,0,,0,0,30,2019,NA,NA
7/9/19,11:14:00,Flackarp,Calopteryx_splendens,Mature,0,,0,0,30,2019,NA,NA
7/9/19,11:14:00,Flackarp,Ischnura_elegans,Mature,0,Androchrome,0,0,30,2019,Androchrome,NA
7/9/19,11:15:00,Flackarp,Ischnura_elegans,Mature,0,Androchrome,0,0,30,2019,Androchrome,NA
7/9/19,11:15:00,Flackarp,Ischnura_elegans,Mature,0,Androchrome,0,0,30,2019,Androchrome,NA
7/9/19,11:15:00,Flackarp,Ischnura_elegans,Mature,0,Gynochrome,0,0,30,2019,Infuscans,Violacea_(Infuscans)
7/9/19,11:16:00,Flackarp,Ischnura_elegans,Mature,1,,0,0,30,2019,NA,NA
7/9/19,11:16:00,Flackarp,Ischnura_elegans,Mature,1,,0,0,30,2019,NA,NA
7/9/19,11:17:00,Flackarp,Ischnura_elegans,Mature,1,,0,0,30,2019,NA,NA
7/9/19,11:17:00,Flackarp,Ischnura_elegans,Mature,1,,0,0,30,2019,NA,NA
7/9/19,11:17:00,Flackarp,Ischnura_elegans,Mature,1,,0,0,30,2019,NA,NA
7/9/19,11:17:00,Flackarp,Ischnura_elegans,Mature,1,,0,0,30,2019,NA,NA
7/9/19,11:17:00,Flackarp,Ischnura_elegans,Mature,1,,0,0,30,2019,NA,NA
7/9/19,11:18:00,Flackarp,Ischnura_elegans,Mature,1,,0,0,30,2019,NA,NA
7/9/19,11:18:00,Flackarp,Ischnura_elegans,Mature,1,,0,0,30,2019,NA,NA
7/9/19,11:19:00,Flackarp,Sympetrum_vulgatum,Mature,1,,0,0,30,2019,NA,NA
7/29/19,11:38:00,Flackarp,Calopteryx_splendens,Mature,0,,0,0,30,2019,NA,NA
7/29/19,11:39:00,Flackarp,Sympetrum_spp,Mature,1,,0,0,30,2019,NA,NA
7/29/19,11:39:00,Flackarp,Sympetrum_spp,Mature,1,,0,0,30,2019,NA,NA
7/29/19,11:39:00,Flackarp,Sympetrum_spp,Mature,1,,0,0,30,2019,NA,NA
7/29/19,11:39:00,Flackarp,Sympetrum_spp,Mature,1,,0,0,30,2019,NA,NA
7/29/19,11:39:00,Flackarp,Anax_imperator,Mature,1,,0,0,30,2019,NA,NA
7/29/19,11:39:00,Flackarp,Coenagrion_pulchellum,Mature,1,,0,0,30,2019,NA,NA
7/29/19,11:40:00,Flackarp,Erythromma_viridulum,Mature,1,,0,0,30,2019,NA,NA
7/29/19,11:40:00,Flackarp,Ischnura_elegans,Mature,1,,0,0,30,2019,NA,NA
7/29/19,11:40:00,Flackarp,Ischnura_elegans,Mature,0,Androchrome,0,0,30,2019,Androchrome,NA
7/29/19,11:40:00,Flackarp,Ischnura_elegans,Mature,1,,0,0,30,2019,NA,NA
7/29/19,11:41:00,Flackarp,Ischnura_elegans,Mature,1,,0,0,30,2019,NA,NA
7/29/19,11:41:00,Flackarp,Ischnura_elegans,Mature,1,,0,0,30,2019,NA,NA
7/29/19,11:41:00,Flackarp,Ischnura_elegans,Immature,0,Gynochrome,0,0,30,2019,Androchrome,Violacea_(Androchrome)
7/29/19,11:42:00,Flackarp,Calopteryx_splendens,Mature,1,,0,0,30,2019,NA,NA
7/29/19,11:42:00,Flackarp,Calopteryx_splendens,Mature,1,,0,0,30,2019,NA,NA
7/29/19,11:42:00,Flackarp,Calopteryx_splendens,Mature,1,,0,0,30,2019,NA,NA
7/29/19,11:42:00,Flackarp,Calopteryx_splendens,Mature,1,,0,0,30,2019,NA,NA
7/29/19,11:42:00,Flackarp,Calopteryx_splendens,Mature,1,,0,0,30,2019,NA,NA
6/9/19,8:24:00,Flyinge_30_A1,Calopteryx_splendens,Mature,1,,0,0,30,2019,NA,NA
6/9/19,8:24:00,Flyinge_30_A1,Calopteryx_splendens,Mature,1,,0,0,30,2019,NA,NA
6/9/19,8:24:00,Flyinge_30_A1,Calopteryx_splendens,Mature,0,,0,0,30,2019,NA,NA
6/9/19,8:24:00,Flyinge_30_A1,Calopteryx_splendens,Immature,1,,0,0,30,2019,NA,NA
6/9/19,8:24:00,Flyinge_30_A1,Calopteryx_splendens,Immature,1,,0,0,30,2019,NA,NA
6/9/19,8:24:00,Flyinge_30_A1,Calopteryx_splendens,Mature,1,,0,0,30,2019,NA,NA
6/9/19,8:24:00,Flyinge_30_A1,Calopteryx_splendens,Mature,1,,0,0,30,2019,NA,NA
6/9/19,8:24:00,Flyinge_30_A1,Calopteryx_splendens,Immature,0,,0,0,30,2019,NA,NA
6/9/19,8:24:00,Flyinge_30_A1,Calopteryx_splendens,Mature,1,,0,0,30,2019,NA,NA
6/9/19,8:24:00,Flyinge_30_A1,Calopteryx_splendens,Immature,1,,0,0,30,2019,NA,NA
6/9/19,8:24:00,Flyinge_30_A1,Calopteryx_splendens,Mature,0,,0,0,30,2019,NA,NA
6/9/19,8:24:00,Flyinge_30_A1,Coenagrion_pulchellum,Immature,0,,0,7,30,2019,NA,NA
6/9/19,8:24:00,Flyinge_30_A1,Ischnura_elegans,Immature,0,Androchrome,0,0,30,2019,Androchrome,NA
6/9/19,8:24:00,Flyinge_30_A1,Ischnura_elegans,Immature,0,Gynochrome,0,0,30,2019,Infuscans,NA
6/9/19,8:24:00,Flyinge_30_A1,Coenagrion_pulchellum,Mature,1,,1,0,30,2019,NA,NA
6/9/19,8:24:00,Flyinge_30_A1,Coenagrion_pulchellum,Mature,0,,1,2,30,2019,NA,NA
6/9/19,8:24:00,Flyinge_30_A1,Coenagrion_pulchellum,Immature,1,,0,0,30,2019,NA,NA
6/9/19,8:24:00,Flyinge_30_A1,Ischnura_elegans,Mature,1,,0,0,30,2019,NA,NA
6/9/19,8:24:00,Flyinge_30_A1,Coenagrion_pulchellum,Mature,1,,0,0,30,2019,NA,NA
6/9/19,8:24:00,Flyinge_30_A1,Coenagrion_pulchellum,Mature,1,,0,14,30,2019,NA,NA
6/9/19,8:24:00,Flyinge_30_A1,Coenagrion_puella,Mature,1,,0,10,30,2019,NA,NA
6/9/19,8:24:00,Flyinge_30_A1,Coenagrion_pulchellum,Mature,1,,0,2,30,2019,NA,NA
6/9/19,8:24:00,Flyinge_30_A1,Coenagrion_pulchellum,Mature,1,,0,43,30,2019,NA,NA
6/9/19,8:24:00,Flyinge_30_A1,Coenagrion_pulchellum,Mature,1,,0,0,30,2019,NA,NA
6/9/19,8:24:00,Flyinge_30_A1,Ischnura_elegans,Mature,1,,0,0,30,2019,NA,NA
6/9/19,8:24:00,Flyinge_30_A1,Coenagrion_pulchellum,Mature,1,,0,0,30,2019,NA,NA
6/9/19,8:24:00,Flyinge_30_A1,Ischnura_elegans,Mature,1,,0,0,30,2019,NA,NA
6/9/19,8:24:00,Flyinge_30_A1,Coenagrion_pulchellum,Mature,1,,0,7,30,2019,NA,NA
6/9/19,8:24:00,Flyinge_30_A1,Ischnura_elegans,Mature,1,,0,0,30,2019,NA,NA
6/9/19,8:24:00,Flyinge_30_A1,Coenagrion_pulchellum,Mature,1,,0,1,30,2019,NA,NA
6/9/19,8:24:00,Flyinge_30_A1,Ischnura_elegans,Mature,0,Gynochrome,0,6,30,2019,Infuscans_obsoleta,NA
6/9/19,8:24:00,Flyinge_30_A1,Coenagrion_pulchellum,Mature,1,,0,0,30,2019,NA,NA
6/9/19,8:24:00,Flyinge_30_A1,Coenagrion_pulchellum,Mature,1,,0,0,30,2019,NA,NA
6/9/19,8:24:00,Flyinge_30_A1,Erythromma_najas,Mature,0,,0,0,30,2019,NA,NA
6/9/19,8:24:00,Flyinge_30_A1,Ischnura_elegans,Immature,0,Androchrome,0,0,30,2019,Androchrome,NA
6/9/19,8:24:00,Flyinge_30_A1,Erythromma_najas,Immature,1,,0,0,30,2019,NA,NA
6/9/19,8:24:00,Flyinge_30_A1,Coenagrion_pulchellum,Mature,1,,0,0,30,2019,NA,NA
6/9/19,8:24:00,Flyinge_30_A1,Coenagrion_pulchellum,Immature,1,,0,11,30,2019,NA,NA
6/9/19,8:24:00,Flyinge_30_A1,Coenagrion_pulchellum,Mature,1,,0,15,30,2019,NA,NA
6/9/19,8:24:00,Flyinge_30_A1,Coenagrion_pulchellum,Immature,1,,0,1,30,2019,NA,NA
6/9/19,8:24:00,Flyinge_30_A1,Coenagrion_pulchellum,Immature,0,,0,23,30,2019,NA,NA
6/9/19,8:24:00,Flyinge_30_A1,Ischnura_elegans,Immature,0,Androchrome,0,0,30,2019,Androchrome,NA
6/9/19,8:24:00,Flyinge_30_A1,Coenagrion_pulchellum,Mature,1,,0,0,30,2019,NA,NA
6/9/19,8:24:00,Flyinge_30_A1,Ischnura_elegans,Immature,0,Androchrome,0,0,30,2019,Androchrome,NA
6/9/19,8:24:00,Flyinge_30_A1,Ischnura_elegans,Mature,0,Androchrome,0,0,30,2019,Androchrome,NA
6/9/19,8:24:00,Flyinge_30_A1,Coenagrion_pulchellum,Immature,1,,0,0,30,2019,NA,NA
6/9/19,8:24:00,Flyinge_30_A1,Brachytron_pratense,Mature,,,0,NA,30,2019,NA,NA
6/19/19,13:44:00,Flyinge_30_A1,Aeshna_isoceles,Mature,1,,0,0,30,2019,NA,NA
6/19/19,13:44:00,Flyinge_30_A1,Calopteryx_splendens,Mature,1,,0,0,30,2019,NA,NA
6/19/19,13:44:00,Flyinge_30_A1,Calopteryx_splendens,Immature,1,,0,0,30,2019,NA,NA
6/19/19,13:45:00,Flyinge_30_A1,Ischnura_elegans,Mature,1,,1,0,30,2019,NA,NA
6/19/19,13:45:00,Flyinge_30_A1,Coenagrion_pulchellum,Mature,1,,0,19,30,2019,NA,NA
6/19/19,13:49:00,Flyinge_30_A1,Enallagma_cyathigerum,Teneral,0,,0,0,30,2019,NA,NA
6/19/19,13:50:00,Flyinge_30_A1,Coenagrion_pulchellum,Mature,1,,0,0,30,2019,NA,NA
6/19/19,13:50:00,Flyinge_30_A1,Coenagrion_pulchellum,Mature,1,,1,3,30,2019,NA,NA
6/19/19,13:50:00,Flyinge_30_A1,Coenagrion_pulchellum,Mature,0,Androchrome,1,13,30,2019,NA,NA
6/19/19,13:50:00,Flyinge_30_A1,Erythromma_najas,Mature,1,,0,5,30,2019,NA,NA
6/19/19,13:50:00,Flyinge_30_A1,Coenagrion_pulchellum,Teneral,0,,0,0,30,2019,NA,NA
6/19/19,13:51:00,Flyinge_30_A1,Calopteryx_splendens,Mature,1,,0,0,30,2019,NA,NA
6/19/19,13:51:00,Flyinge_30_A1,Calopteryx_splendens,Mature,1,,0,0,30,2019,NA,NA
6/19/19,13:51:00,Flyinge_30_A1,Coenagrion_pulchellum,Mature,1,,0,2,30,2019,NA,NA
6/19/19,13:51:00,Flyinge_30_A1,Coenagrion_pulchellum,Mature,1,,0,15,30,2019,NA,NA
6/19/19,13:52:00,Flyinge_30_A1,Platycnemis_pennipes,Mature,0,,0,0,30,2019,NA,NA
6/19/19,13:52:00,Flyinge_30_A1,Coenagrion_pulchellum,Teneral,0,,0,4,30,2019,NA,NA
6/19/19,13:53:00,Flyinge_30_A1,Platycnemis_pennipes,Mature,1,,0,0,30,2019,NA,NA
6/19/19,13:53:00,Flyinge_30_A1,Coenagrion_pulchellum,Mature,1,,0,0,30,2019,NA,NA
6/19/19,13:53:00,Flyinge_30_A1,Ischnura_elegans,Teneral,1,,0,0,30,2019,NA,NA
6/19/19,13:54:00,Flyinge_30_A1,Platycnemis_pennipes,Mature,1,,0,0,30,2019,NA,NA
6/19/19,13:54:00,Flyinge_30_A1,Coenagrion_pulchellum,Mature,1,,0,0,30,2019,NA,NA
6/19/19,13:54:00,Flyinge_30_A1,Coenagrion_pulchellum,Mature,1,,0,11,30,2019,NA,NA
6/19/19,13:55:00,Flyinge_30_A1,Coenagrion_pulchellum,Mature,1,,0,1,30,2019,NA,NA
6/19/19,13:55:00,Flyinge_30_A1,Coenagrion_pulchellum,Mature,1,,0,21,30,2019,NA,NA
6/19/19,13:55:00,Flyinge_30_A1,Ischnura_elegans,Mature,0,Androchrome,0,3,30,2019,Androchrome,NA
6/19/19,13:55:00,Flyinge_30_A1,Coenagrion_pulchellum,Mature,1,,0,1,30,2019,NA,NA
6/19/19,13:56:00,Flyinge_30_A1,Coenagrion_pulchellum,Mature,1,,0,4,30,2019,NA,NA
6/19/19,13:56:00,Flyinge_30_A1,Platycnemis_pennipes,Mature,1,,0,0,30,2019,NA,NA
6/19/19,13:56:00,Flyinge_30_A1,Coenagrion_pulchellum,Mature,1,,0,25,30,2019,NA,NA
6/19/19,13:57:00,Flyinge_30_A1,Coenagrion_pulchellum,Mature,1,,0,9,30,2019,NA,NA
6/19/19,13:57:00,Flyinge_30_A1,Coenagrion_pulchellum,Mature,0,,0,2,30,2019,NA,NA
6/19/19,13:57:00,Flyinge_30_A1,Ischnura_elegans,Mature,0,Gynochrome,0,0,30,2019,Infuscans,NA
6/19/19,13:58:00,Flyinge_30_A1,Ischnura_elegans,Immature,0,Gynochrome,0,3,30,2019,Infuscans,Violacea_(Infuscans)
6/19/19,13:59:00,Flyinge_30_A1,Ischnura_elegans,Mature,1,,0,0,30,2019,NA,NA
6/19/19,13:59:00,Flyinge_30_A1,Platycnemis_pennipes,Mature,1,,0,0,30,2019,NA,NA
6/19/19,13:59:00,Flyinge_30_A1,Coenagrion_pulchellum,Mature,1,,0,11,30,2019,NA,NA
6/19/19,14:00:00,Flyinge_30_A1,Platycnemis_pennipes,Mature,1,,0,0,30,2019,NA,NA
6/19/19,14:00:00,Flyinge_30_A1,Ischnura_elegans,Mature,1,,0,0,30,2019,NA,NA
6/19/19,14:01:00,Flyinge_30_A1,Coenagrion_pulchellum,Mature,1,,0,6,30,2019,NA,NA
6/19/19,14:01:00,Flyinge_30_A1,Coenagrion_pulchellum,Mature,1,,0,3,30,2019,NA,NA
6/19/19,14:01:00,Flyinge_30_A1,Coenagrion_pulchellum,Mature,1,,0,12,30,2019,NA,NA
6/19/19,14:02:00,Flyinge_30_A1,Coenagrion_pulchellum,Mature,0,,0,15,30,2019,NA,NA
6/26/19,13:29:00,Flyinge_30_A1,Aeshna_isoceles,Mature,,,0,NA,30,2019,NA,NA
6/26/19,13:29:00,Flyinge_30_A1,Aeshna_isoceles,Mature,,,0,NA,30,2019,NA,NA
6/26/19,13:29:00,Flyinge_30_A1,Aeshna_isoceles,Mature,,,0,NA,30,2019,NA,NA
6/26/19,13:29:00,Flyinge_30_A1,Aeshna_isoceles,Mature,,,0,NA,30,2019,NA,NA
6/26/19,13:29:00,Flyinge_30_A1,Aeshna_isoceles,Mature,,,0,NA,30,2019,NA,NA
6/26/19,13:29:00,Flyinge_30_A1,Anax_imperator,Mature,1,,0,NA,30,2019,NA,NA
6/26/19,13:29:00,Flyinge_30_A1,Anax_imperator,Mature,1,,0,NA,30,2019,NA,NA
6/26/19,13:29:00,Flyinge_30_A1,Coenagrion_pulchellum,Mature,1,,1,5,30,2019,NA,NA
6/26/19,13:29:00,Flyinge_30_A1,Coenagrion_pulchellum,Mature,0,,1,0,30,2019,NA,NA
6/26/19,13:29:00,Flyinge_30_A1,Coenagrion_pulchellum,Mature,1,,1,0,30,2019,NA,NA
6/26/19,13:29:00,Flyinge_30_A1,Coenagrion_pulchellum,Mature,0,,1,0,30,2019,NA,NA
6/26/19,13:29:00,Flyinge_30_A1,Platycnemis_pennipes,Mature,1,,1,0,30,2019,NA,NA
6/26/19,13:29:00,Flyinge_30_A1,Platycnemis_pennipes,Mature,0,,1,0,30,2019,NA,NA
6/26/19,13:29:00,Flyinge_30_A1,Calopteryx_splendens,Mature,1,,0,0,30,2019,NA,NA
6/26/19,13:29:00,Flyinge_30_A1,Calopteryx_splendens,Mature,1,,0,0,30,2019,NA,NA
6/26/19,13:29:00,Flyinge_30_A1,Calopteryx_splendens,Immature,1,,0,0,30,2019,NA,NA
6/26/19,13:29:00,Flyinge_30_A1,Platycnemis_pennipes,Mature,1,,0,0,30,2019,NA,NA
6/26/19,13:29:00,Flyinge_30_A1,Platycnemis_pennipes,Mature,1,,0,0,30,2019,NA,NA
6/26/19,13:29:00,Flyinge_30_A1,Platycnemis_pennipes,Mature,1,,0,0,30,2019,NA,NA
6/26/19,13:29:00,Flyinge_30_A1,Platycnemis_pennipes,Mature,1,,0,0,30,2019,NA,NA
6/26/19,13:29:00,Flyinge_30_A1,Platycnemis_pennipes,Mature,1,,0,0,30,2019,NA,NA
6/26/19,13:29:00,Flyinge_30_A1,Platycnemis_pennipes,Mature,1,,0,0,30,2019,NA,NA
6/26/19,13:29:00,Flyinge_30_A1,Platycnemis_pennipes,Mature,1,,0,0,30,2019,NA,NA
6/26/19,13:29:00,Flyinge_30_A1,Platycnemis_pennipes,Mature,1,,0,0,30,2019,NA,NA
6/26/19,13:29:00,Flyinge_30_A1,Platycnemis_pennipes,Mature,1,,0,0,30,2019,NA,NA
6/26/19,13:29:00,Flyinge_30_A1,Platycnemis_pennipes,Mature,1,,0,0,30,2019,NA,NA
6/26/19,13:29:00,Flyinge_30_A1,Platycnemis_pennipes,Mature,1,,0,0,30,2019,NA,NA
6/26/19,13:29:00,Flyinge_30_A1,Platycnemis_pennipes,Mature,1,,0,0,30,2019,NA,NA
6/26/19,13:29:00,Flyinge_30_A1,Platycnemis_pennipes,Mature,1,,0,0,30,2019,NA,NA
6/26/19,13:29:00,Flyinge_30_A1,Platycnemis_pennipes,Mature,1,,0,0,30,2019,NA,NA
6/26/19,13:29:00,Flyinge_30_A1,Platycnemis_pennipes,Mature,1,,0,0,30,2019,NA,NA
6/26/19,13:29:00,Flyinge_30_A1,Coenagrion_pulchellum,Mature,1,,0,0,30,2019,NA,NA
6/26/19,13:29:00,Flyinge_30_A1,Platycnemis_pennipes,Immature,0,,0,0,30,2019,NA,NA
6/26/19,13:29:00,Flyinge_30_A1,Enallagma_cyathigerum,Immature,0,,0,0,30,2019,NA,NA
6/26/19,13:29:00,Flyinge_30_A1,Coenagrion_pulchellum,Mature,1,,0,0,30,2019,NA,NA
6/26/19,13:29:00,Flyinge_30_A1,Coenagrion_pulchellum,Mature,1,,0,0,30,2019,NA,NA
6/26/19,13:29:00,Flyinge_30_A1,Coenagrion_pulchellum,Immature,1,,0,0,30,2019,NA,NA
6/26/19,13:29:00,Flyinge_30_A1,Coenagrion_pulchellum,Mature,1,,0,0,30,2019,NA,NA
6/26/19,13:29:00,Flyinge_30_A1,Erythromma_najas,Immature,0,,0,0,30,2019,NA,NA
7/13/19,13:43:00,Flyinge_30_A1,Platycnemis_pennipes,Mature,1,,0,0,30,2019,NA,NA
7/13/19,13:43:00,Flyinge_30_A1,Enallagma_cyathigerum,Mature,0,,0,0,30,2019,NA,NA
7/13/19,13:44:00,Flyinge_30_A1,Calopteryx_splendens,Mature,1,,0,0,30,2019,NA,NA
7/13/19,13:44:00,Flyinge_30_A1,Calopteryx_splendens,Mature,1,,0,0,30,2019,NA,NA
7/13/19,13:44:00,Flyinge_30_A1,Calopteryx_splendens,Mature,1,,0,0,30,2019,NA,NA
7/13/19,13:44:00,Flyinge_30_A1,Calopteryx_splendens,Mature,1,,0,0,30,2019,NA,NA
7/13/19,13:44:00,Flyinge_30_A1,Calopteryx_splendens,Mature,1,,0,0,30,2019,NA,NA
7/13/19,13:44:00,Flyinge_30_A1,Platycnemis_pennipes,Mature,1,,0,0,30,2019,NA,NA
7/13/19,13:44:00,Flyinge_30_A1,Platycnemis_pennipes,Mature,1,,0,0,30,2019,NA,NA
7/13/19,13:44:00,Flyinge_30_A1,Platycnemis_pennipes,Teneral,1,,0,0,30,2019,NA,NA
7/13/19,13:44:00,Flyinge_30_A1,Ischnura_elegans,Mature,1,,0,0,30,2019,NA,NA
7/13/19,13:44:00,Flyinge_30_A1,Ischnura_elegans,Mature,1,,0,0,30,2019,NA,NA
7/13/19,13:45:00,Flyinge_30_A1,Enallagma_cyathigerum,Teneral,0,,0,0,30,2019,NA,NA
7/13/19,13:45:00,Flyinge_30_A1,Ischnura_elegans,Mature,1,,0,0,30,2019,NA,NA
7/13/19,13:45:00,Flyinge_30_A1,Ischnura_elegans,Teneral,1,,0,0,30,2019,NA,NA
7/13/19,13:45:00,Flyinge_30_A1,Ischnura_elegans,Teneral,0,,0,0,30,2019,NA,NA
7/13/19,13:45:00,Flyinge_30_A1,Ischnura_elegans,Teneral,1,,0,0,30,2019,NA,NA
7/13/19,13:46:00,Flyinge_30_A1,Aeshna_isoceles,Mature,1,,0,0,30,2019,NA,NA
7/13/19,13:46:00,Flyinge_30_A1,Calopteryx_virgo,Mature,0,,0,0,30,2019,NA,NA
7/13/19,13:47:00,Flyinge_30_A1,Calopteryx_splendens,Mature,1,,0,0,30,2019,NA,NA
7/13/19,13:47:00,Flyinge_30_A1,Calopteryx_splendens,Mature,1,,0,0,30,2019,NA,NA
7/13/19,13:47:00,Flyinge_30_A1,Calopteryx_splendens,Mature,1,,0,0,30,2019,NA,NA
7/13/19,13:47:00,Flyinge_30_A1,Calopteryx_splendens,Mature,1,,0,0,30,2019,NA,NA
7/13/19,13:47:00,Flyinge_30_A1,Calopteryx_splendens,Mature,1,,0,0,30,2019,NA,NA
7/13/19,13:47:00,Flyinge_30_A1,Calopteryx_splendens,Mature,1,,0,0,30,2019,NA,NA
7/13/19,13:47:00,Flyinge_30_A1,Calopteryx_splendens,Mature,1,,0,0,30,2019,NA,NA
7/13/19,13:47:00,Flyinge_30_A1,Calopteryx_splendens,Mature,1,,0,0,30,2019,NA,NA
7/13/19,13:47:00,Flyinge_30_A1,Calopteryx_splendens,Mature,1,,0,0,30,2019,NA,NA
7/13/19,13:47:00,Flyinge_30_A1,Calopteryx_splendens,Mature,1,,0,0,30,2019,NA,NA
6/9/19,8:24:00,Flyinge_30_A3,Aeshna_isoceles,Mature,,,0,NA,30,2019,NA,NA
6/9/19,8:24:00,Flyinge_30_A3,Aeshna_isoceles,Mature,,,0,NA,30,2019,NA,NA
6/9/19,8:24:00,Flyinge_30_A3,Ischnura_elegans,Mature,1,,1,0,30,2019,NA,NA
6/9/19,8:24:00,Flyinge_30_A3,Coenagrion_pulchellum,Mature,1,,0,4,30,2019,NA,NA
6/9/19,8:24:00,Flyinge_30_A3,Coenagrion_pulchellum,Mature,0,,0,20,30,2019,NA,NA
6/9/19,8:24:00,Flyinge_30_A3,Calopteryx_splendens,Mature,1,,0,0,30,2019,NA,NA
6/9/19,8:24:00,Flyinge_30_A3,Calopteryx_splendens,Mature,1,,0,0,30,2019,NA,NA
6/9/19,8:24:00,Flyinge_30_A3,Calopteryx_splendens,Mature,1,,0,1,30,2019,NA,NA
6/9/19,8:24:00,Flyinge_30_A3,Calopteryx_splendens,Mature,1,,0,1,30,2019,NA,NA
6/9/19,8:24:00,Flyinge_30_A3,Calopteryx_splendens,Mature,0,,0,1,30,2019,NA,NA
6/9/19,8:24:00,Flyinge_30_A3,Calopteryx_splendens,Mature,0,,0,1,30,2019,NA,NA
6/9/19,8:24:00,Flyinge_30_A3,Calopteryx_splendens,Mature,1,,0,1,30,2019,NA,NA
6/9/19,8:24:00,Flyinge_30_A3,Calopteryx_splendens,Mature,1,,0,1,30,2019,NA,NA
6/9/19,8:24:00,Flyinge_30_A3,Coenagrion_pulchellum,Mature,1,,0,2,30,2019,NA,NA
6/9/19,8:24:00,Flyinge_30_A3,Erythromma_najas,Mature,1,,0,0,30,2019,NA,NA
6/9/19,8:24:00,Flyinge_30_A3,Erythromma_najas,Mature,1,,0,0,30,2019,NA,NA
6/9/19,8:24:00,Flyinge_30_A3,Coenagrion_pulchellum,Mature,1,,0,0,30,2019,NA,NA
6/9/19,8:24:00,Flyinge_30_A3,Ischnura_elegans,Mature,1,,0,0,30,2019,NA,NA
6/9/19,8:24:00,Flyinge_30_A3,Erythromma_najas,Mature,1,,0,25,30,2019,NA,NA
6/9/19,8:24:00,Flyinge_30_A3,Coenagrion_pulchellum,Mature,1,,0,0,30,2019,NA,NA
6/9/19,8:24:00,Flyinge_30_A3,Ischnura_elegans,Mature,1,,0,0,30,2019,NA,NA
6/9/19,8:24:00,Flyinge_30_A3,Coenagrion_pulchellum,Mature,1,,0,40,30,2019,NA,NA
6/9/19,8:24:00,Flyinge_30_A3,Ischnura_elegans,Mature,1,,0,0,30,2019,NA,NA
6/9/19,8:24:00,Flyinge_30_A3,Ischnura_elegans,Mature,0,Androchrome,0,0,30,2019,Androchrome,NA
6/9/19,8:24:00,Flyinge_30_A3,Erythromma_najas,Mature,1,,0,0,30,2019,NA,NA
6/9/19,8:24:00,Flyinge_30_A3,Coenagrion_pulchellum,Mature,1,,0,0,30,2019,NA,NA
6/9/19,8:24:00,Flyinge_30_A3,Coenagrion_pulchellum,Mature,1,,0,0,30,2019,NA,NA
6/9/19,8:24:00,Flyinge_30_A3,Coenagrion_puella,Mature,1,,0,0,30,2019,NA,NA
6/9/19,8:24:00,Flyinge_30_A3,Coenagrion_pulchellum,Mature,0,,0,0,30,2019,NA,NA
6/9/19,8:24:00,Flyinge_30_A3,Coenagrion_pulchellum,Mature,1,,0,0,30,2019,NA,NA
6/9/19,8:24:00,Flyinge_30_A3,Coenagrion_pulchellum,Mature,0,,0,0,30,2019,NA,NA
6/9/19,8:24:00,Flyinge_30_A3,Coenagrion_pulchellum,Mature,1,,0,0,30,2019,NA,NA
6/9/19,8:24:00,Flyinge_30_A3,Ischnura_elegans,Mature,0,,0,0,30,2019,NA,NA
6/9/19,8:24:00,Flyinge_30_A3,Coenagrion_pulchellum,Mature,1,,0,0,30,2019,NA,NA
6/9/19,8:24:00,Flyinge_30_A3,Coenagrion_pulchellum,Mature,1,,0,0,30,2019,NA,NA
6/9/19,8:24:00,Flyinge_30_A3,Coenagrion_pulchellum,Mature,1,,0,0,30,2019,NA,NA
6/9/19,8:24:00,Flyinge_30_A3,Ischnura_elegans,Mature,1,,0,0,30,2019,NA,NA
6/9/19,8:24:00,Flyinge_30_A3,Coenagrion_pulchellum,Mature,1,,0,0,30,2019,NA,NA
6/9/19,8:24:00,Flyinge_30_A3,Ischnura_elegans,Mature,0,Androchrome,0,0,30,2019,Androchrome,NA
6/9/19,8:24:00,Flyinge_30_A3,Coenagrion_pulchellum,Mature,1,,0,2,30,2019,NA,NA
6/9/19,8:24:00,Flyinge_30_A3,Coenagrion_pulchellum,Mature,1,,0,0,30,2019,NA,NA
6/9/19,8:24:00,Flyinge_30_A3,Coenagrion_pulchellum,Mature,1,,0,0,30,2019,NA,NA
6/9/19,8:24:00,Flyinge_30_A3,Coenagrion_pulchellum,Mature,1,,0,0,30,2019,NA,NA
6/9/19,8:24:00,Flyinge_30_A3,Ischnura_elegans,Immature,1,,0,0,30,2019,NA,NA
6/9/19,8:24:00,Flyinge_30_A3,Coenagrion_pulchellum,Immature,0,,0,0,30,2019,NA,NA
6/9/19,8:24:00,Flyinge_30_A3,Ischnura_elegans,Immature,0,,0,0,30,2019,NA,NA
6/9/19,8:24:00,Flyinge_30_A3,Ischnura_elegans,Mature,1,,0,2,30,2019,NA,NA
6/19/19,14:37:00,Flyinge_30_A3,Ischnura_elegans,Mature,1,,1,0,30,2019,NA,NA
6/19/19,14:37:00,Flyinge_30_A3,Ischnura_elegans,Mature,0,Androchrome,1,0,30,2019,Androchrome,NA
6/19/19,14:38:00,Flyinge_30_A3,Coenagrion_pulchellum,Mature,1,,1,0,30,2019,NA,NA
6/19/19,14:38:00,Flyinge_30_A3,Coenagrion_pulchellum,Mature,0,,1,0,30,2019,NA,NA
6/19/19,14:39:00,Flyinge_30_A3,Platycnemis_pennipes,Mature,1,,1,0,30,2019,NA,NA
6/19/19,14:39:00,Flyinge_30_A3,Platycnemis_pennipes,Mature,0,,1,0,30,2019,NA,NA
6/19/19,14:40:00,Flyinge_30_A3,Ischnura_elegans,Immature,0,Gynochrome,0,0,30,2019,Infuscans,Violacea_(Infuscans)
6/19/19,14:40:00,Flyinge_30_A3,Ischnura_elegans,Mature,0,Androchrome,0,0,30,2019,Androchrome,NA
6/19/19,14:41:00,Flyinge_30_A3,Platycnemis_pennipes,Mature,1,,0,0,30,2019,NA,NA
6/19/19,14:41:00,Flyinge_30_A3,Ischnura_elegans,Mature,1,,0,0,30,2019,NA,NA
6/19/19,14:41:00,Flyinge_30_A3,Ischnura_elegans,Mature,1,,0,0,30,2019,NA,NA
6/19/19,14:41:00,Flyinge_30_A3,Coenagrion_pulchellum,Mature,1,,0,0,30,2019,NA,NA
6/19/19,14:42:00,Flyinge_30_A3,Ischnura_elegans,Mature,0,Gynochrome,0,0,30,2019,Androchrome,Violacea_(Androchrome)
6/19/19,14:42:00,Flyinge_30_A3,Ischnura_elegans,Immature,1,,0,0,30,2019,NA,NA
6/19/19,14:42:00,Flyinge_30_A3,Ischnura_elegans,Immature,1,,0,0,30,2019,NA,NA
6/19/19,14:43:00,Flyinge_30_A3,Coenagrion_pulchellum,Mature,1,,0,0,30,2019,NA,NA
6/19/19,14:43:00,Flyinge_30_A3,Platycnemis_pennipes,Teneral,1,,0,0,30,2019,NA,NA
6/19/19,14:43:00,Flyinge_30_A3,Ischnura_elegans,Mature,1,,0,0,30,2019,NA,NA
6/19/19,14:44:00,Flyinge_30_A3,Coenagrion_pulchellum,Mature,0,,0,3,30,2019,NA,NA
6/19/19,14:44:00,Flyinge_30_A3,Coenagrion_pulchellum,Mature,1,,0,0,30,2019,NA,NA
6/19/19,14:45:00,Flyinge_30_A3,Coenagrion_puella,Mature,1,,0,0,30,2019,NA,NA
6/19/19,14:45:00,Flyinge_30_A3,Coenagrion_pulchellum,Mature,1,,0,0,30,2019,NA,NA
6/19/19,14:45:00,Flyinge_30_A3,Coenagrion_pulchellum,Teneral,0,,0,0,30,2019,NA,NA
6/19/19,14:46:00,Flyinge_30_A3,Coenagrion_puella,Mature,1,,0,0,30,2019,NA,NA
6/19/19,14:46:00,Flyinge_30_A3,Ischnura_elegans,Immature,0,Gynochrome,0,0,30,2019,Androchrome,Violacea_(Androchrome)
6/19/19,14:47:00,Flyinge_30_A3,Coenagrion_pulchellum,Mature,1,,0,0,30,2019,NA,NA
6/19/19,14:47:00,Flyinge_30_A3,Ischnura_elegans,Mature,1,,0,0,30,2019,NA,NA
6/19/19,14:47:00,Flyinge_30_A3,Coenagrion_pulchellum,Mature,1,,0,0,30,2019,NA,NA
6/19/19,14:48:00,Flyinge_30_A3,Coenagrion_pulchellum,Mature,1,,0,0,30,2019,NA,NA
6/19/19,14:48:00,Flyinge_30_A3,Ischnura_elegans,Immature,0,Gynochrome,0,0,30,2019,Infuscans,Violacea_(Infuscans)
6/19/19,14:48:00,Flyinge_30_A3,Coenagrion_pulchellum,Mature,1,,0,22,30,2019,NA,NA
6/19/19,14:49:00,Flyinge_30_A3,Coenagrion_pulchellum,Mature,1,,0,0,30,2019,NA,NA
6/19/19,14:49:00,Flyinge_30_A3,Ischnura_elegans,Mature,1,,0,0,30,2019,NA,NA
6/19/19,14:50:00,Flyinge_30_A3,Ischnura_elegans,Mature,0,Androchrome,0,0,30,2019,Androchrome,NA
6/19/19,14:50:00,Flyinge_30_A3,Coenagrion_pulchellum,Teneral,0,,0,0,30,2019,NA,NA
6/19/19,14:50:00,Flyinge_30_A3,Coenagrion_pulchellum,Mature,1,,0,0,30,2019,NA,NA
6/19/19,14:51:00,Flyinge_30_A3,Enallagma_cyathigerum,Teneral,0,,0,0,30,2019,NA,NA
6/19/19,14:51:00,Flyinge_30_A3,Coenagrion_pulchellum,Mature,1,,0,0,30,2019,NA,NA
6/19/19,14:51:00,Flyinge_30_A3,Enallagma_cyathigerum,Teneral,0,,0,0,30,2019,NA,NA
6/19/19,14:51:00,Flyinge_30_A3,Platycnemis_pennipes,Teneral,1,,0,0,30,2019,NA,NA
6/19/19,14:52:00,Flyinge_30_A3,Coenagrion_pulchellum,Mature,1,,0,0,30,2019,NA,NA
6/19/19,14:52:00,Flyinge_30_A3,Coenagrion_pulchellum,Immature,1,,0,0,30,2019,NA,NA
6/19/19,14:52:00,Flyinge_30_A3,Platycnemis_pennipes,Teneral,0,,0,0,30,2019,NA,NA
6/19/19,14:53:00,Flyinge_30_A3,Ischnura_elegans,Immature,1,,0,0,30,2019,NA,NA
6/19/19,14:53:00,Flyinge_30_A3,Ischnura_elegans,Immature,0,Gynochrome,0,0,30,2019,Androchrome,Violacea_(Androchrome)
6/19/19,14:54:00,Flyinge_30_A3,Aeshna_isoceles,Mature,,,0,0,30,2019,NA,NA
6/19/19,14:54:00,Flyinge_30_A3,Aeshna_isoceles,Mature,,,0,0,30,2019,NA,NA
6/19/19,14:54:00,Flyinge_30_A3,Aeshna_isoceles,Mature,,,0,0,30,2019,NA,NA
6/19/19,14:54:00,Flyinge_30_A3,Anax_imperator,Mature,1,,0,0,30,2019,NA,NA
6/19/19,14:54:00,Flyinge_30_A3,Brachytron_pratense,Mature,1,,0,0,30,2019,NA,NA
6/25/19,15:31:00,Flyinge_30_A3,Aeshna_isoceles,Mature,,,0,NA,30,2019,NA,NA
6/25/19,15:31:00,Flyinge_30_A3,Aeshna_isoceles,Mature,,,0,NA,30,2019,NA,NA
6/25/19,15:31:00,Flyinge_30_A3,Aeshna_isoceles,Mature,,,0,NA,30,2019,NA,NA
6/25/19,15:31:00,Flyinge_30_A3,Aeshna_isoceles,Mature,,,0,NA,30,2019,NA,NA
6/25/19,15:31:00,Flyinge_30_A3,Aeshna_isoceles,Mature,,,0,NA,30,2019,NA,NA
6/25/19,15:31:00,Flyinge_30_A3,Aeshna_isoceles,Mature,1,,1,NA,30,2019,NA,NA
6/25/19,15:31:00,Flyinge_30_A3,Aeshna_isoceles,Mature,0,,1,NA,30,2019,NA,NA
6/25/19,15:31:00,Flyinge_30_A3,Anax_imperator,Mature,1,,0,NA,30,2019,NA,NA
6/25/19,15:31:00,Flyinge_30_A3,Anax_imperator,Mature,1,,0,NA,30,2019,NA,NA
6/25/19,15:31:00,Flyinge_30_A3,Orthetrum_cancellatum,Mature,1,,1,NA,30,2019,NA,NA
6/25/19,15:31:00,Flyinge_30_A3,Orthetrum_cancellatum,Mature,0,,1,NA,30,2019,NA,NA
6/25/19,15:31:00,Flyinge_30_A3,Coenagrion_pulchellum,Mature,1,,1,2,30,2019,NA,NA
6/25/19,15:31:00,Flyinge_30_A3,Coenagrion_pulchellum,Mature,0,Androchrome,1,5,30,2019,NA,NA
6/25/19,15:31:00,Flyinge_30_A3,Coenagrion_pulchellum,Mature,1,,0,4,30,2019,NA,NA
6/25/19,15:31:00,Flyinge_30_A3,Platycnemis_pennipes,Mature,0,,0,0,30,2019,NA,NA
6/25/19,15:31:00,Flyinge_30_A3,Coenagrion_pulchellum,Mature,0,,0,19,30,2019,NA,NA
6/25/19,15:31:00,Flyinge_30_A3,Platycnemis_pennipes,Teneral,0,,0,0,30,2019,NA,NA
6/25/19,15:31:00,Flyinge_30_A3,Ischnura_elegans,Mature,0,Gynochrome,0,0,30,2019,Infuscans,NA
6/25/19,15:31:00,Flyinge_30_A3,Ischnura_elegans,Mature,1,,0,0,30,2019,NA,NA
6/25/19,15:31:00,Flyinge_30_A3,Coenagrion_pulchellum,Mature,1,,0,0,30,2019,NA,NA
6/25/19,15:31:00,Flyinge_30_A3,Ischnura_elegans,Mature,1,,0,0,30,2019,NA,NA
6/25/19,15:31:00,Flyinge_30_A3,Platycnemis_pennipes,Mature,1,,0,0,30,2019,NA,NA
6/25/19,15:31:00,Flyinge_30_A3,Ischnura_elegans,Mature,1,,0,0,30,2019,NA,NA
6/25/19,15:31:00,Flyinge_30_A3,Platycnemis_pennipes,Teneral,1,,0,0,30,2019,NA,NA
6/25/19,15:31:00,Flyinge_30_A3,Ischnura_elegans,Mature,1,,0,1,30,2019,NA,NA
6/25/19,15:31:00,Flyinge_30_A3,Coenagrion_pulchellum,Mature,0,,0,5,30,2019,NA,NA
6/25/19,15:31:00,Flyinge_30_A3,Ischnura_elegans,Mature,1,,0,0,30,2019,NA,NA
6/25/19,15:31:00,Flyinge_30_A3,Coenagrion_pulchellum,Mature,0,,0,23,30,2019,NA,NA
6/25/19,15:31:00,Flyinge_30_A3,Platycnemis_pennipes,Teneral,1,,0,0,30,2019,NA,NA
6/25/19,15:31:00,Flyinge_30_A3,Ischnura_elegans,Mature,0,Gynochrome,1,0,30,2019,Infuscans,NA
6/25/19,15:31:00,Flyinge_30_A3,Ischnura_elegans,Mature,1,,1,0,30,2019,NA,NA
6/25/19,15:31:00,Flyinge_30_A3,Ischnura_elegans,Mature,1,,0,0,30,2019,NA,NA
6/25/19,15:31:00,Flyinge_30_A3,Ischnura_elegans,Immature,0,,0,0,30,2019,NA,NA
6/25/19,15:31:00,Flyinge_30_A3,Ischnura_elegans,Mature,1,,0,0,30,2019,NA,NA
6/25/19,15:31:00,Flyinge_30_A3,Erythromma_najas,Mature,0,,0,3,30,2019,NA,NA
6/25/19,15:31:00,Flyinge_30_A3,Ischnura_elegans,Mature,1,,0,0,30,2019,NA,NA
6/25/19,15:31:00,Flyinge_30_A3,Platycnemis_pennipes,Mature,1,,0,0,30,2019,NA,NA
6/25/19,15:31:00,Flyinge_30_A3,Ischnura_elegans,Mature,1,,0,0,30,2019,NA,NA
6/25/19,15:31:00,Flyinge_30_A3,Platycnemis_pennipes,Teneral,1,,0,0,30,2019,NA,NA
6/25/19,15:31:00,Flyinge_30_A3,Platycnemis_pennipes,Mature,0,,0,2,30,2019,NA,NA
6/25/19,15:31:00,Flyinge_30_A3,Ischnura_elegans,Mature,1,,0,0,30,2019,NA,NA
6/25/19,15:31:00,Flyinge_30_A3,Coenagrion_pulchellum,Mature,1,,0,0,30,2019,NA,NA
6/25/19,15:31:00,Flyinge_30_A3,Platycnemis_pennipes,Teneral,1,,0,0,30,2019,NA,NA
6/25/19,15:31:00,Flyinge_30_A3,Coenagrion_pulchellum,Mature,1,,0,0,30,2019,NA,NA
6/25/19,15:31:00,Flyinge_30_A3,Coenagrion_pulchellum,Mature,1,,0,0,30,2019,NA,NA
6/25/19,15:31:00,Flyinge_30_A3,Ischnura_elegans,Mature,1,,0,0,30,2019,NA,NA
6/25/19,15:31:00,Flyinge_30_A3,Platycnemis_pennipes,Teneral,1,,0,0,30,2019,NA,NA
6/25/19,15:31:00,Flyinge_30_A3,Coenagrion_pulchellum,Mature,1,,0,0,30,2019,NA,NA
6/25/19,15:31:00,Flyinge_30_A3,Coenagrion_pulchellum,Mature,1,,0,0,30,2019,NA,NA
6/25/19,15:31:00,Flyinge_30_A3,Coenagrion_pulchellum,Immature,1,,0,2,30,2019,NA,NA
6/25/19,15:31:00,Flyinge_30_A3,Coenagrion_pulchellum,Mature,1,,0,0,30,2019,NA,NA
6/25/19,15:31:00,Flyinge_30_A3,Ischnura_elegans,Mature,0,Androchrome,1,0,30,2019,Androchrome,NA
6/25/19,15:31:00,Flyinge_30_A3,Ischnura_elegans,Mature,1,,1,NA,30,2019,NA,NA
7/13/19,14:06:00,Flyinge_30_A3,Aeshna_isoceles,Mature,1,,0,0,30,2019,NA,NA
7/13/19,14:08:00,Flyinge_30_A3,Platycnemis_pennipes,Mature,0,,0,0,30,2019,NA,NA
7/13/19,14:08:00,Flyinge_30_A3,Ischnura_elegans,Mature,1,,0,0,30,2019,NA,NA
7/13/19,14:08:00,Flyinge_30_A3,Ischnura_elegans,Mature,1,,0,0,30,2019,NA,NA
7/13/19,14:08:00,Flyinge_30_A3,Platycnemis_pennipes,Mature,0,,0,0,30,2019,NA,NA
7/13/19,14:08:00,Flyinge_30_A3,Ischnura_elegans,Mature,1,,0,0,30,2019,NA,NA
7/13/19,14:09:00,Flyinge_30_A3,Ischnura_elegans,Teneral,0,,0,0,30,2019,NA,NA
7/13/19,14:10:00,Flyinge_30_A3,Ischnura_elegans,Mature,1,,0,0,30,2019,NA,NA
7/13/19,14:10:00,Flyinge_30_A3,Ischnura_elegans,Teneral,1,,0,0,30,2019,NA,NA
7/13/19,14:10:00,Flyinge_30_A3,Ischnura_elegans,Mature,0,Androchrome,0,0,30,2019,Androchrome,NA
7/13/19,14:11:00,Flyinge_30_A3,Calopteryx_splendens,Mature,1,,0,0,30,2019,NA,NA
7/13/19,14:11:00,Flyinge_30_A3,Calopteryx_splendens,Mature,1,,0,0,30,2019,NA,NA
7/13/19,14:11:00,Flyinge_30_A3,Calopteryx_splendens,Mature,1,,0,0,30,2019,NA,NA
7/13/19,14:11:00,Flyinge_30_A3,Calopteryx_splendens,Mature,1,,0,0,30,2019,NA,NA
7/13/19,14:11:00,Flyinge_30_A3,Calopteryx_splendens,Mature,0,,0,0,30,2019,NA,NA
6/4/19,8:24:00,Genarp,Erythromma_viridulum,Mature,1,,0,0,30,2019,NA,NA
6/4/19,8:24:00,Genarp,Erythromma_najas,Mature,1,,0,0,30,2019,NA,NA
6/4/19,8:24:00,Genarp,Coenagrion_pulchellum,Mature,1,,1,30,30,2019,NA,NA
6/4/19,8:24:00,Genarp,Coenagrion_pulchellum,Mature,0,,1,43,30,2019,NA,NA
6/4/19,8:24:00,Genarp,Coenagrion_pulchellum,Mature,0,,1,0,30,2019,NA,NA
6/4/19,8:24:00,Genarp,Coenagrion_pulchellum,Mature,0,,1,0,30,2019,NA,NA
6/4/19,8:24:00,Genarp,Coenagrion_pulchellum,Mature,1,,0,15,30,2019,NA,NA
6/4/19,8:24:00,Genarp,Ischnura_elegans,Mature,0,Androchrome,1,0,30,2019,Androchrome,NA
6/4/19,8:24:00,Genarp,Ischnura_elegans,Mature,1,,1,0,30,2019,NA,NA
6/4/19,8:24:00,Genarp,Coenagrion_pulchellum,Mature,0,,1,0,30,2019,NA,NA
6/4/19,8:24:00,Genarp,Coenagrion_pulchellum,Mature,1,,1,18,30,2019,NA,NA
6/4/19,8:24:00,Genarp,Coenagrion_hastulatum,Mature,1,,0,2,30,2019,NA,NA
6/4/19,8:24:00,Genarp,Enallagma_cyathigerum,Mature,1,,0,0,30,2019,NA,NA
6/4/19,8:24:00,Genarp,Coenagrion_pulchellum,Mature,1,,0,0,30,2019,NA,NA
6/4/19,8:24:00,Genarp,Coenagrion_pulchellum,Mature,1,,1,8,30,2019,NA,NA
6/4/19,8:24:00,Genarp,Coenagrion_pulchellum,Mature,0,,1,0,30,2019,NA,NA
6/4/19,8:24:00,Genarp,Ischnura_elegans,Immature,0,,0,0,30,2019,NA,NA
6/4/19,8:24:00,Genarp,Coenagrion_pulchellum,Immature,1,,0,75,30,2019,NA,NA
6/4/19,8:24:00,Genarp,Enallagma_cyathigerum,NA,1,,0,0,30,2019,NA,NA
6/4/19,8:24:00,Genarp,Ischnura_elegans,Mature,1,,1,0,30,2019,NA,NA
6/4/19,8:24:00,Genarp,Ischnura_elegans,Mature,0,Gynochrome,1,0,30,2019,Infuscans,NA
6/4/19,8:24:00,Genarp,Ischnura_elegans,Immature,0,Androchrome,0,0,30,2019,Androchrome,NA
6/4/19,8:24:00,Genarp,Coenagrion_pulchellum,Mature,1,,0,30,30,2019,NA,NA
6/4/19,8:24:00,Genarp,Ischnura_elegans,Mature,1,,0,0,30,2019,NA,NA
6/4/19,8:24:00,Genarp,Ischnura_elegans,Mature,1,,0,0,30,2019,NA,NA
6/4/19,8:24:00,Genarp,Coenagrion_pulchellum,Mature,1,,0,42,30,2019,NA,NA
6/4/19,8:24:00,Genarp,Ischnura_elegans,Mature,1,,0,0,30,2019,NA,NA
6/4/19,8:24:00,Genarp,Coenagrion_pulchellum,Mature,1,,0,35,30,2019,NA,NA
6/4/19,8:24:00,Genarp,Coenagrion_pulchellum,Mature,1,,0,1,30,2019,NA,NA
6/4/19,8:24:00,Genarp,Ischnura_elegans,Mature,1,,0,0,30,2019,NA,NA
6/4/19,8:24:00,Genarp,Ischnura_elegans,Immature,1,,0,0,30,2019,NA,NA
6/4/19,8:24:00,Genarp,Coenagrion_pulchellum,Mature,1,,0,25,30,2019,NA,NA
6/4/19,8:24:00,Genarp,Ischnura_elegans,Mature,1,,0,0,30,2019,NA,NA
6/4/19,8:24:00,Genarp,Ischnura_elegans,Immature,0,,0,0,30,2019,NA,NA
6/4/19,8:24:00,Genarp,Coenagrion_pulchellum,Mature,1,,0,0,30,2019,NA,NA
6/4/19,8:24:00,Genarp,Ischnura_elegans,Immature,0,Androchrome,0,0,30,2019,Androchrome,NA
6/4/19,8:24:00,Genarp,Coenagrion_pulchellum,Mature,0,,0,50,30,2019,NA,NA
6/4/19,8:24:00,Genarp,Ischnura_elegans,Mature,1,,0,0,30,2019,NA,NA
6/4/19,8:24:00,Genarp,Coenagrion_pulchellum,Mature,0,,0,0,30,2019,NA,NA
6/4/19,8:24:00,Genarp,Coenagrion_puella,Mature,1,,0,10,30,2019,NA,NA
6/4/19,8:24:00,Genarp,Coenagrion_pulchellum,Mature,1,,0,46,30,2019,NA,NA
6/4/19,8:24:00,Genarp,Coenagrion_pulchellum,Immature,1,,0,45,30,2019,NA,NA
6/4/19,8:24:00,Genarp,Coenagrion_puella,Mature,1,,0,11,30,2019,NA,NA
6/4/19,8:24:00,Genarp,Coenagrion_pulchellum,Immature,1,,0,25,30,2019,NA,NA
6/4/19,8:24:00,Genarp,Coenagrion_pulchellum,Mature,1,,0,13,30,2019,NA,NA
6/4/19,8:24:00,Genarp,Ischnura_elegans,Mature,0,Gynochrome,1,0,30,2019,Infuscans,NA
6/4/19,8:24:00,Genarp,Ischnura_elegans,Mature,1,,1,9,30,2019,NA,NA
6/4/19,8:24:00,Genarp,Cordulia_aenea,NA,,,0,0,30,2019,NA,NA
6/19/19,10:41:00,Genarp,Coenagrion_pulchellum,Mature,1,,1,0,30,2019,NA,NA
6/19/19,10:42:00,Genarp,Coenagrion_pulchellum,Mature,0,Androchrome,1,7,30,2019,NA,NA
6/19/19,10:43:00,Genarp,Ischnura_elegans,Mature,1,,1,0,30,2019,NA,NA
6/19/19,10:44:00,Genarp,Ischnura_elegans,Mature,0,Androchrome,1,0,30,2019,Androchrome,NA
6/19/19,10:44:00,Genarp,Coenagrion_pulchellum,Mature,1,,1,1,30,2019,NA,NA
6/19/19,10:44:00,Genarp,Coenagrion_pulchellum,Mature,0,,1,20,30,2019,NA,NA
6/19/19,10:45:00,Genarp,Ischnura_elegans,Mature,1,,1,0,30,2019,NA,NA
6/19/19,10:45:00,Genarp,Ischnura_elegans,Mature,0,Gynochrome,1,0,30,2019,Infuscans,NA
6/19/19,10:45:00,Genarp,Ischnura_elegans,Mature,1,,1,0,30,2019,NA,NA
6/19/19,10:45:00,Genarp,Ischnura_elegans,Mature,0,Androchrome,1,0,30,2019,Androchrome,NA
6/19/19,10:45:00,Genarp,Enallagma_cyathigerum,Mature,1,,0,0,30,2019,NA,NA
6/19/19,10:46:00,Genarp,Enallagma_cyathigerum,Mature,1,,0,0,30,2019,NA,NA
6/19/19,10:46:00,Genarp,Enallagma_cyathigerum,Mature,1,,0,0,30,2019,NA,NA
6/19/19,10:46:00,Genarp,Enallagma_cyathigerum,Mature,1,,0,0,30,2019,NA,NA
6/19/19,10:46:00,Genarp,Enallagma_cyathigerum,Mature,1,,0,0,30,2019,NA,NA
6/19/19,10:46:00,Genarp,Enallagma_cyathigerum,Mature,1,,0,0,30,2019,NA,NA
6/19/19,10:46:00,Genarp,Enallagma_cyathigerum,Mature,1,,0,0,30,2019,NA,NA
6/19/19,10:47:00,Genarp,Ischnura_elegans,Mature,1,,0,0,30,2019,NA,NA
6/19/19,10:47:00,Genarp,Coenagrion_pulchellum,Mature,,,0,0,30,2019,NA,NA
6/19/19,10:47:00,Genarp,Enallagma_cyathigerum,Mature,1,,0,0,30,2019,NA,NA
6/19/19,10:47:00,Genarp,Coenagrion_pulchellum,Mature,1,,0,0,30,2019,NA,NA
6/19/19,10:47:00,Genarp,Coenagrion_pulchellum,Mature,1,,0,0,30,2019,NA,NA
6/19/19,10:47:00,Genarp,Coenagrion_pulchellum,Mature,1,,0,0,30,2019,NA,NA
6/19/19,10:47:00,Genarp,Coenagrion_pulchellum,Mature,1,,0,45,30,2019,NA,NA
6/19/19,10:48:00,Genarp,Coenagrion_pulchellum,Mature,1,,0,0,30,2019,NA,NA
6/19/19,10:48:00,Genarp,Coenagrion_pulchellum,Mature,1,,0,22,30,2019,NA,NA
6/19/19,10:48:00,Genarp,Enallagma_cyathigerum,Mature,1,,0,0,30,2019,NA,NA
6/19/19,10:48:00,Genarp,Ischnura_elegans,Mature,1,,0,0,30,2019,NA,NA
6/19/19,10:49:00,Genarp,Coenagrion_pulchellum,Mature,0,,0,2,30,2019,NA,NA
6/19/19,10:49:00,Genarp,Coenagrion_pulchellum,Mature,0,,0,45,30,2019,NA,NA
6/19/19,10:49:00,Genarp,Coenagrion_pulchellum,Mature,0,,0,0,30,2019,NA,NA
6/19/19,10:50:00,Genarp,Enallagma_cyathigerum,Mature,1,,0,0,30,2019,NA,NA
6/19/19,10:50:00,Genarp,Ischnura_elegans,Mature,1,,0,0,30,2019,NA,NA
6/19/19,10:50:00,Genarp,Coenagrion_pulchellum,Mature,1,,0,30,30,2019,NA,NA
6/19/19,10:50:00,Genarp,Ischnura_elegans,Mature,1,,0,1,30,2019,NA,NA
6/19/19,10:51:00,Genarp,Ischnura_elegans,Mature,1,,0,0,30,2019,NA,NA
6/19/19,10:51:00,Genarp,Ischnura_elegans,Immature,0,Gynochrome,0,0,30,2019,Androchrome,Violacea_(Androchrome)
6/19/19,10:51:00,Genarp,Ischnura_elegans,Mature,0,Gynochrome,0,1,30,2019,Androchrome,Violacea_(Androchrome)
6/19/19,10:52:00,Genarp,Coenagrion_pulchellum,Mature,1,,0,0,30,2019,NA,NA
6/19/19,10:52:00,Genarp,Ischnura_elegans,Immature,1,,0,0,30,2019,NA,NA
6/19/19,10:52:00,Genarp,Ischnura_elegans,Mature,1,,0,0,30,2019,NA,NA
6/19/19,10:52:00,Genarp,Ischnura_elegans,Mature,1,,0,0,30,2019,NA,NA
6/19/19,10:53:00,Genarp,Coenagrion_pulchellum,Mature,1,,0,18,30,2019,NA,NA
6/19/19,10:53:00,Genarp,Coenagrion_pulchellum,Mature,1,,0,1,30,2019,NA,NA
6/19/19,10:53:00,Genarp,Coenagrion_pulchellum,Mature,1,,0,8,30,2019,NA,NA
6/19/19,10:53:00,Genarp,Coenagrion_pulchellum,Mature,1,,0,0,30,2019,NA,NA
6/19/19,10:53:00,Genarp,Ischnura_elegans,Mature,1,,0,7,30,2019,NA,NA
6/19/19,10:54:00,Genarp,Coenagrion_pulchellum,Mature,1,,0,0,30,2019,NA,NA
6/19/19,10:54:00,Genarp,Ischnura_elegans,Mature,1,,0,0,30,2019,NA,NA
6/19/19,10:54:00,Genarp,Ischnura_elegans,Immature,0,Gynochrome,0,0,30,2019,Androchrome,Violacea_(Androchrome)
6/19/19,10:54:00,Genarp,Coenagrion_pulchellum,Immature,1,,0,0,30,2019,NA,NA
6/19/19,10:55:00,Genarp,Calopteryx_splendens,Mature,1,,0,0,30,2019,NA,NA
6/19/19,10:55:00,Genarp,Coenagrion_pulchellum,Mature,1,,0,0,30,2019,NA,NA
6/19/19,10:55:00,Genarp,Orthetrum_cancellatum,Mature,0,,0,0,30,2019,NA,NA
6/19/19,10:55:00,Genarp,Brachytron_pratense,Mature,1,,0,0,30,2019,NA,NA
6/19/19,10:55:00,Genarp,Ischnura_elegans,Mature,1,,0,0,30,2019,NA,NA
6/19/19,10:56:00,Genarp,Coenagrion_puella,Mature,1,,0,40,30,2019,NA,NA
6/19/19,10:56:00,Genarp,Coenagrion_pulchellum,Mature,1,,0,1,30,2019,NA,NA
6/19/19,10:56:00,Genarp,Ischnura_elegans,Mature,0,Androchrome,0,0,30,2019,Androchrome,NA
6/19/19,10:57:00,Genarp,Coenagrion_pulchellum,Mature,1,,0,21,30,2019,NA,NA
6/19/19,10:57:00,Genarp,Ischnura_elegans,Teneral,1,,0,0,30,2019,NA,NA
6/19/19,10:57:00,Genarp,Ischnura_elegans,Immature,0,Gynochrome,0,0,30,2019,Androchrome,Violacea_(Androchrome)
6/19/19,10:57:00,Genarp,Ischnura_elegans,Teneral,1,,0,0,30,2019,NA,NA
6/19/19,10:58:00,Genarp,Coenagrion_pulchellum,Mature,1,,0,40,30,2019,NA,NA
6/19/19,10:58:00,Genarp,Ischnura_elegans,Immature,0,Gynochrome,0,0,30,2019,Androchrome,Violacea_(Androchrome)
6/19/19,10:58:00,Genarp,Coenagrion_pulchellum,Mature,1,,0,0,30,2019,NA,NA
6/19/19,10:59:00,Genarp,Ischnura_elegans,Teneral,0,,0,0,30,2019,NA,NA
6/19/19,10:59:00,Genarp,Coenagrion_pulchellum,Mature,1,,0,0,30,2019,NA,NA
6/19/19,10:59:00,Genarp,Coenagrion_pulchellum,Mature,1,,0,1,30,2019,NA,NA
7/9/19,10:22:00,Genarp,Ischnura_elegans,Mature,0,Androchrome,0,0,30,2019,Androchrome,NA
7/9/19,10:22:00,Genarp,Ischnura_elegans,Mature,1,,0,0,30,2019,NA,NA
7/9/19,10:22:00,Genarp,Ischnura_elegans,Mature,0,Androchrome,0,0,30,2019,Androchrome,NA
7/9/19,10:22:00,Genarp,Ischnura_elegans,Mature,1,,0,0,30,2019,NA,NA
7/9/19,10:22:00,Genarp,Ischnura_elegans,Mature,0,Androchrome,0,0,30,2019,Androchrome,NA
7/9/19,10:23:00,Genarp,Ischnura_elegans,Mature,1,,0,0,30,2019,NA,NA
7/9/19,10:23:00,Genarp,Coenagrion_pulchellum,Mature,1,,0,1,30,2019,NA,NA
7/9/19,10:23:00,Genarp,Lestes_sponsa,Mature,1,,0,0,30,2019,NA,NA
7/9/19,10:23:00,Genarp,Sympetrum_spp,Mature,,,0,0,30,2019,NA,NA
7/9/19,10:23:00,Genarp,Sympetrum_spp,Mature,,,0,0,30,2019,NA,NA
7/9/19,10:24:00,Genarp,Ischnura_elegans,Mature,1,,0,0,30,2019,NA,NA
7/9/19,10:24:00,Genarp,Ischnura_elegans,Mature,1,,0,0,30,2019,NA,NA
7/9/19,10:24:00,Genarp,Ischnura_elegans,Mature,1,,0,0,30,2019,NA,NA
7/9/19,10:24:00,Genarp,Ischnura_elegans,Mature,1,,0,0,30,2019,NA,NA
7/9/19,10:24:00,Genarp,Ischnura_elegans,Immature,1,,0,0,30,2019,NA,NA
7/9/19,10:24:00,Genarp,Ischnura_elegans,Mature,1,,0,0,30,2019,NA,NA
7/9/19,10:24:00,Genarp,Ischnura_elegans,Mature,1,,0,0,30,2019,NA,NA
7/9/19,10:25:00,Genarp,Ischnura_elegans,Mature,1,,0,0,30,2019,NA,NA
7/9/19,10:25:00,Genarp,Ischnura_elegans,Immature,1,,0,0,30,2019,NA,NA
7/9/19,10:25:00,Genarp,Ischnura_elegans,Mature,1,,0,0,30,2019,NA,NA
7/9/19,10:25:00,Genarp,Ischnura_elegans,Immature,1,,0,0,30,2019,NA,NA
7/9/19,10:25:00,Genarp,Ischnura_elegans,Mature,1,,0,0,30,2019,NA,NA
7/9/19,10:25:00,Genarp,Coenagrion_pulchellum,Mature,1,,0,0,30,2019,NA,NA
7/9/19,10:26:00,Genarp,Ischnura_elegans,Mature,0,Androchrome,0,0,30,2019,Androchrome,NA
7/9/19,10:26:00,Genarp,Ischnura_elegans,Mature,0,,0,0,30,2019,NA,NA
7/9/19,10:26:00,Genarp,Ischnura_elegans,Mature,0,Androchrome,0,0,30,2019,Androchrome,NA
7/9/19,10:27:00,Genarp,Ischnura_elegans,Mature,1,,0,0,30,2019,NA,NA
7/9/19,10:27:00,Genarp,Coenagrion_pulchellum,Mature,1,,0,35,30,2019,NA,NA
7/13/19,10:39:00,Genarp,Enallagma_cyathigerum,Mature,1,,0,0,30,2019,NA,NA
7/13/19,10:39:00,Genarp,Ischnura_elegans,Mature,0,Androchrome,0,0,30,2019,Androchrome,NA
7/13/19,10:40:00,Genarp,Ischnura_elegans,Mature,0,Androchrome,0,0,30,2019,Androchrome,NA
7/13/19,10:40:00,Genarp,Ischnura_elegans,Mature,1,,0,0,30,2019,NA,NA
7/13/19,10:40:00,Genarp,Ischnura_elegans,Mature,1,,0,0,30,2019,NA,NA
7/13/19,10:40:00,Genarp,Ischnura_elegans,Mature,1,,0,0,30,2019,NA,NA
7/13/19,10:40:00,Genarp,Ischnura_elegans,Mature,1,,0,0,30,2019,NA,NA
7/13/19,10:40:00,Genarp,Ischnura_elegans,Mature,0,Androchrome,0,0,30,2019,Androchrome,NA
7/13/19,10:40:00,Genarp,Ischnura_elegans,Mature,1,,0,0,30,2019,NA,NA
7/13/19,10:40:00,Genarp,Ischnura_elegans,Mature,1,,0,0,30,2019,NA,NA
7/13/19,10:40:00,Genarp,Lestes_sponsa,Mature,1,,0,0,30,2019,NA,NA
7/13/19,10:40:00,Genarp,Enallagma_cyathigerum,Mature,1,,0,0,30,2019,NA,NA
7/13/19,10:41:00,Genarp,Enallagma_cyathigerum,Mature,1,,0,0,30,2019,NA,NA
7/13/19,10:41:00,Genarp,Ischnura_elegans,Mature,1,,0,0,30,2019,NA,NA
7/13/19,10:41:00,Genarp,Ischnura_elegans,Mature,1,,0,0,30,2019,NA,NA
7/13/19,10:41:00,Genarp,Enallagma_cyathigerum,Mature,1,,0,0,30,2019,NA,NA
7/13/19,10:41:00,Genarp,Coenagrion_pulchellum,Mature,1,,0,0,30,2019,NA,NA
7/13/19,10:41:00,Genarp,Ischnura_elegans,Mature,1,,0,0,30,2019,NA,NA
7/13/19,10:41:00,Genarp,Ischnura_elegans,Mature,1,,0,0,30,2019,NA,NA
7/13/19,10:41:00,Genarp,Enallagma_cyathigerum,Mature,1,,0,0,30,2019,NA,NA
7/13/19,10:41:00,Genarp,Ischnura_elegans,Mature,1,,0,0,30,2019,NA,NA
7/13/19,10:41:00,Genarp,Ischnura_elegans,Mature,1,,0,0,30,2019,NA,NA
7/13/19,10:41:00,Genarp,Ischnura_elegans,Mature,0,Androchrome,0,0,30,2019,Androchrome,NA
7/13/19,10:42:00,Genarp,Ischnura_elegans,Mature,1,,0,0,30,2019,NA,NA
7/13/19,10:42:00,Genarp,Ischnura_elegans,Mature,1,,0,0,30,2019,NA,NA
7/13/19,10:42:00,Genarp,Enallagma_cyathigerum,Mature,1,,0,0,30,2019,NA,NA
7/13/19,10:42:00,Genarp,Ischnura_elegans,Mature,0,Androchrome,0,0,30,2019,Androchrome,NA
7/13/19,10:42:00,Genarp,Ischnura_elegans,Mature,1,,0,0,30,2019,NA,NA
7/13/19,10:42:00,Genarp,Ischnura_elegans,Mature,1,,0,0,30,2019,NA,NA
7/13/19,10:42:00,Genarp,Ischnura_elegans,Mature,1,,0,0,30,2019,NA,NA
7/13/19,10:42:00,Genarp,Enallagma_cyathigerum,Mature,1,,0,0,30,2019,NA,NA
7/13/19,10:43:00,Genarp,Coenagrion_pulchellum,Mature,1,,0,0,30,2019,NA,NA
7/13/19,10:43:00,Genarp,Enallagma_cyathigerum,Teneral,1,,0,0,30,2019,NA,NA
7/27/19,9:48:00,Genarp,Ischnura_elegans,Mature,1,,0,0,30,2019,NA,NA
7/27/19,9:48:00,Genarp,Ischnura_elegans,Mature,1,,0,0,30,2019,NA,NA
7/27/19,9:48:00,Genarp,Erythromma_viridulum,Mature,1,,0,0,30,2019,NA,NA
7/27/19,9:48:00,Genarp,Ischnura_elegans,Mature,1,,0,0,30,2019,NA,NA
7/27/19,9:49:00,Genarp,Ischnura_elegans,Mature,1,,0,0,30,2019,NA,NA
7/27/19,9:49:00,Genarp,Ischnura_elegans,Mature,1,,0,0,30,2019,NA,NA
7/27/19,9:49:00,Genarp,Erythromma_viridulum,Mature,1,,0,0,30,2019,NA,NA
7/27/19,9:49:00,Genarp,Ischnura_elegans,Immature,0,Androchrome,0,0,30,2019,Androchrome,NA
7/27/19,10:37:00,Genarp,Sympetrum_spp,Mature,1,,0,0,30,2019,NA,NA
7/27/19,10:37:00,Genarp,Sympetrum_spp,Mature,1,,0,0,30,2019,NA,NA
6/6/19,8:24:00,Gunnesbo,Ischnura_elegans,Mature,1,,1,0,30,2019,NA,NA
6/6/19,8:24:00,Gunnesbo,Ischnura_elegans,Mature,0,Gynochrome,1,0,30,2019,Infuscans,NA
6/6/19,8:24:00,Gunnesbo,Ischnura_elegans,Mature,0,Androchrome,1,0,30,2019,Androchrome,NA
6/6/19,8:24:00,Gunnesbo,Ischnura_elegans,Mature,1,,1,0,30,2019,NA,NA
6/6/19,8:24:00,Gunnesbo,Ischnura_elegans,Mature,1,,0,0,30,2019,NA,NA
6/6/19,8:24:00,Gunnesbo,Coenagrion_pulchellum,Mature,0,,0,0,30,2019,NA,NA
6/6/19,8:24:00,Gunnesbo,Coenagrion_puella,Immature,0,,0,3,30,2019,NA,NA
6/6/19,8:24:00,Gunnesbo,Coenagrion_pulchellum,Mature,1,,0,0,30,2019,NA,NA
6/6/19,8:24:00,Gunnesbo,Ischnura_elegans,Mature,1,,0,0,30,2019,NA,NA
6/6/19,8:24:00,Gunnesbo,Ischnura_elegans,Immature,0,,0,0,30,2019,NA,NA
6/6/19,8:24:00,Gunnesbo,Ischnura_elegans,Immature,1,,0,0,30,2019,NA,NA
6/6/19,8:24:00,Gunnesbo,Coenagrion_pulchellum,Mature,1,,0,0,30,2019,NA,NA
6/6/19,8:24:00,Gunnesbo,Ischnura_elegans,Immature,0,,0,0,30,2019,NA,NA
6/6/19,8:24:00,Gunnesbo,Ischnura_elegans,Mature,1,,0,0,30,2019,NA,NA
6/6/19,8:24:00,Gunnesbo,Coenagrion_pulchellum,Mature,1,,0,0,30,2019,NA,NA
6/6/19,8:24:00,Gunnesbo,Ischnura_elegans,Mature,1,,0,0,30,2019,NA,NA
6/6/19,8:24:00,Gunnesbo,Ischnura_elegans,Mature,1,,0,0,30,2019,NA,NA
6/6/19,8:24:00,Gunnesbo,Ischnura_elegans,Mature,1,,0,0,30,2019,NA,NA
6/6/19,8:24:00,Gunnesbo,Coenagrion_pulchellum,Mature,1,,0,0,30,2019,NA,NA
6/6/19,8:24:00,Gunnesbo,Ischnura_elegans,Mature,1,,0,0,30,2019,NA,NA
6/6/19,8:24:00,Gunnesbo,Coenagrion_pulchellum,Mature,1,,0,0,30,2019,NA,NA
6/6/19,8:24:00,Gunnesbo,Ischnura_elegans,Mature,1,,0,0,30,2019,NA,NA
6/6/19,8:24:00,Gunnesbo,Coenagrion_pulchellum,Mature,1,,0,6,30,2019,NA,NA
6/6/19,8:24:00,Gunnesbo,Ischnura_elegans,Mature,1,,0,0,30,2019,NA,NA
6/6/19,8:24:00,Gunnesbo,Coenagrion_pulchellum,Mature,1,,0,0,30,2019,NA,NA
6/6/19,8:24:00,Gunnesbo,Ischnura_elegans,Mature,0,Androchrome,0,0,30,2019,Androchrome,NA
6/18/19,13:19:00,Gunnesbo,Orthetrum_cancellatum,Mature,1,,0,0,30,2019,NA,NA
6/18/19,13:19:00,Gunnesbo,Orthetrum_cancellatum,Mature,1,,0,0,30,2019,NA,NA
6/18/19,13:19:00,Gunnesbo,Orthetrum_cancellatum,Mature,1,,0,0,30,2019,NA,NA
6/18/19,13:19:00,Gunnesbo,Orthetrum_cancellatum,Mature,1,,0,0,30,2019,NA,NA
6/18/19,13:19:00,Gunnesbo,Orthetrum_cancellatum,Mature,1,,0,0,30,2019,NA,NA
6/18/19,13:19:00,Gunnesbo,Orthetrum_cancellatum,Mature,1,,0,0,30,2019,NA,NA
6/18/19,13:19:00,Gunnesbo,Orthetrum_cancellatum,Mature,1,,0,0,30,2019,NA,NA
6/18/19,13:19:00,Gunnesbo,Orthetrum_cancellatum,Mature,1,,0,0,30,2019,NA,NA
6/18/19,13:19:00,Gunnesbo,Orthetrum_cancellatum,Mature,1,,0,0,30,2019,NA,NA
6/18/19,13:19:00,Gunnesbo,Orthetrum_cancellatum,Mature,1,,0,0,30,2019,NA,NA
6/18/19,13:19:00,Gunnesbo,Orthetrum_cancellatum,Mature,1,,1,0,30,2019,NA,NA
6/18/19,13:19:00,Gunnesbo,Orthetrum_cancellatum,Mature,0,,1,0,30,2019,NA,NA
6/18/19,13:19:00,Gunnesbo,Orthetrum_cancellatum,Mature,1,,1,0,30,2019,NA,NA
6/18/19,13:20:00,Gunnesbo,Orthetrum_cancellatum,Mature,0,,1,0,30,2019,NA,NA
6/18/19,13:20:00,Gunnesbo,Libellula_quadrimaculata,Mature,,,0,0,30,2019,NA,NA
6/18/19,13:20:00,Gunnesbo,Ischnura_elegans,Mature,1,,0,0,30,2019,NA,NA
6/18/19,13:20:00,Gunnesbo,Ischnura_elegans,Immature,1,,0,0,30,2019,NA,NA
6/18/19,13:21:00,Gunnesbo,Ischnura_elegans,Immature,1,,0,0,30,2019,NA,NA
6/18/19,13:21:00,Gunnesbo,Coenagrion_pulchellum,Mature,1,,0,35,30,2019,NA,NA
6/18/19,13:21:00,Gunnesbo,Enallagma_cyathigerum,Immature,0,,0,5,30,2019,NA,NA
6/18/19,13:22:00,Gunnesbo,Ischnura_elegans,Teneral,0,,0,0,30,2019,NA,NA
6/18/19,13:22:00,Gunnesbo,Coenagrion_puella,Mature,1,,0,8,30,2019,NA,NA
6/18/19,13:22:00,Gunnesbo,Enallagma_cyathigerum,Mature,1,,0,2,30,2019,NA,NA
6/18/19,13:23:00,Gunnesbo,Ischnura_elegans,Immature,0,Gynochrome,0,0,30,2019,Androchrome,Violacea_(Androchrome)
6/18/19,13:23:00,Gunnesbo,Coenagrion_pulchellum,Mature,1,,0,0,30,2019,NA,NA
6/18/19,13:23:00,Gunnesbo,Ischnura_elegans,Immature,0,Gynochrome,0,0,30,2019,Androchrome,Violacea_(Androchrome)
6/18/19,13:23:00,Gunnesbo,Calopteryx_splendens,Mature,1,,0,0,30,2019,NA,NA
6/18/19,13:24:00,Gunnesbo,Ischnura_elegans,Immature,0,Gynochrome,0,0,30,2019,Androchrome,Violacea_(Androchrome)
6/18/19,13:24:00,Gunnesbo,Ischnura_elegans,Immature,1,,0,0,30,2019,NA,NA
6/18/19,13:24:00,Gunnesbo,Coenagrion_pulchellum,Mature,1,,0,1,30,2019,NA,NA
6/18/19,13:24:00,Gunnesbo,Ischnura_elegans,Mature,1,,0,0,30,2019,NA,NA
6/18/19,13:25:00,Gunnesbo,Ischnura_elegans,Mature,1,,0,0,30,2019,NA,NA
6/18/19,13:25:00,Gunnesbo,Ischnura_elegans,Mature,1,,0,0,30,2019,NA,NA
6/18/19,13:25:00,Gunnesbo,Enallagma_cyathigerum,Mature,0,,0,2,30,2019,NA,NA
6/18/19,13:26:00,Gunnesbo,Ischnura_elegans,Immature,0,Gynochrome,0,0,30,2019,Infuscans_obsoleta,Infuscans_obsoleta_(Rufescens)
6/18/19,13:26:00,Gunnesbo,Ischnura_elegans,Mature,1,,0,0,30,2019,NA,NA
6/18/19,13:26:00,Gunnesbo,Ischnura_elegans,Teneral,1,,0,0,30,2019,NA,NA
6/18/19,13:27:00,Gunnesbo,Ischnura_elegans,Immature,1,,0,0,30,2019,NA,NA
6/18/19,13:27:00,Gunnesbo,Coenagrion_pulchellum,Mature,0,Androchrome,1,0,30,2019,NA,NA
6/18/19,13:28:00,Gunnesbo,Coenagrion_pulchellum,Mature,1,,1,0,30,2019,NA,NA
7/1/19,11:42:00,Gunnesbo,Orthetrum_cancellatum,Mature,1,,0,NA,30,2019,NA,NA
7/1/19,11:42:00,Gunnesbo,Orthetrum_cancellatum,Mature,1,,0,NA,30,2019,NA,NA
7/1/19,11:42:00,Gunnesbo,Orthetrum_cancellatum,Mature,1,,0,NA,30,2019,NA,NA
7/1/19,11:42:00,Gunnesbo,Orthetrum_cancellatum,Mature,1,,0,NA,30,2019,NA,NA
7/1/19,11:42:00,Gunnesbo,Orthetrum_cancellatum,Mature,1,,0,NA,30,2019,NA,NA
7/1/19,11:42:00,Gunnesbo,Orthetrum_cancellatum,Mature,1,,0,NA,30,2019,NA,NA
7/1/19,11:42:00,Gunnesbo,Orthetrum_cancellatum,Mature,1,,0,NA,30,2019,NA,NA
7/1/19,11:42:00,Gunnesbo,Orthetrum_cancellatum,Mature,1,,0,NA,30,2019,NA,NA
7/1/19,11:42:00,Gunnesbo,Orthetrum_cancellatum,Mature,1,,0,NA,30,2019,NA,NA
7/1/19,11:42:00,Gunnesbo,Orthetrum_cancellatum,Mature,1,,0,NA,30,2019,NA,NA
7/1/19,11:42:00,Gunnesbo,Orthetrum_cancellatum,Mature,1,,1,NA,30,2019,NA,NA
7/1/19,11:42:00,Gunnesbo,Orthetrum_cancellatum,Mature,0,,1,NA,30,2019,NA,NA
7/1/19,11:42:00,Gunnesbo,Orthetrum_cancellatum,Teneral,,,0,NA,30,2019,NA,NA
7/1/19,11:42:00,Gunnesbo,Ischnura_elegans,Mature,0,Androchrome,1,0,30,2019,Androchrome,NA
7/1/19,11:42:00,Gunnesbo,Ischnura_elegans,Mature,1,,1,0,30,2019,NA,NA
7/1/19,11:42:00,Gunnesbo,Ischnura_elegans,Mature,0,Androchrome,1,0,30,2019,Androchrome,NA
7/1/19,11:42:00,Gunnesbo,Ischnura_elegans,Mature,1,,1,0,30,2019,NA,NA
7/1/19,11:42:00,Gunnesbo,Ischnura_elegans,Mature,1,,1,0,30,2019,NA,NA
7/1/19,11:42:00,Gunnesbo,Ischnura_elegans,Mature,0,Androchrome,1,0,30,2019,Androchrome,NA
7/1/19,11:42:00,Gunnesbo,Enallagma_cyathigerum,Mature,0,,0,0,30,2019,NA,NA
7/1/19,11:42:00,Gunnesbo,Enallagma_cyathigerum,Mature,1,,0,0,30,2019,NA,NA
7/1/19,11:42:00,Gunnesbo,Enallagma_cyathigerum,Mature,1,,0,0,30,2019,NA,NA
7/1/19,11:42:00,Gunnesbo,Ischnura_elegans,Mature,1,,0,0,30,2019,NA,NA
7/1/19,11:42:00,Gunnesbo,Ischnura_elegans,Mature,1,,0,0,30,2019,NA,NA
7/1/19,11:42:00,Gunnesbo,Calopteryx_splendens,Mature,0,,0,0,30,2019,NA,NA
7/1/19,11:42:00,Gunnesbo,Ischnura_elegans,Mature,1,,0,0,30,2019,NA,NA
7/1/19,11:42:00,Gunnesbo,Ischnura_elegans,Mature,1,,0,0,30,2019,NA,NA
7/1/19,11:42:00,Gunnesbo,Ischnura_elegans,Mature,1,,0,0,30,2019,NA,NA
7/1/19,11:42:00,Gunnesbo,Ischnura_elegans,Mature,1,,0,0,30,2019,NA,NA
7/1/19,11:42:00,Gunnesbo,Ischnura_elegans,Mature,1,,0,0,30,2019,NA,NA
7/1/19,11:42:00,Gunnesbo,Coenagrion_pulchellum,Mature,1,,0,0,30,2019,NA,NA
7/1/19,11:42:00,Gunnesbo,Coenagrion_pulchellum,Mature,1,,0,0,30,2019,NA,NA
7/1/19,11:42:00,Gunnesbo,Ischnura_elegans,Mature,1,,0,0,30,2019,NA,NA
7/1/19,11:42:00,Gunnesbo,Ischnura_elegans,Mature,1,,0,0,30,2019,NA,NA
7/1/19,11:42:00,Gunnesbo,Coenagrion_pulchellum,Mature,1,,0,0,30,2019,NA,NA
7/1/19,11:42:00,Gunnesbo,Ischnura_elegans,Mature,0,Androchrome,1,0,30,2019,Androchrome,NA
7/1/19,11:42:00,Gunnesbo,Ischnura_elegans,Immature,1,,0,0,30,2019,NA,NA
7/10/19,10:33:00,Gunnesbo,Anax_imperator,Mature,1,,0,0,30,2019,NA,NA
7/10/19,10:33:00,Gunnesbo,Orthetrum_cancellatum,Mature,1,,0,0,30,2019,NA,NA
7/10/19,10:33:00,Gunnesbo,Orthetrum_cancellatum,Mature,1,,0,0,30,2019,NA,NA
7/10/19,10:33:00,Gunnesbo,Orthetrum_cancellatum,Mature,1,,0,0,30,2019,NA,NA
7/10/19,10:33:00,Gunnesbo,Orthetrum_cancellatum,Mature,1,,0,0,30,2019,NA,NA
7/10/19,10:33:00,Gunnesbo,Orthetrum_cancellatum,Mature,1,,0,0,30,2019,NA,NA
7/10/19,10:33:00,Gunnesbo,Orthetrum_cancellatum,Mature,1,,0,0,30,2019,NA,NA
7/10/19,10:33:00,Gunnesbo,Orthetrum_cancellatum,Mature,1,,0,0,30,2019,NA,NA
7/10/19,10:33:00,Gunnesbo,Orthetrum_cancellatum,Mature,1,,0,0,30,2019,NA,NA
7/10/19,10:33:00,Gunnesbo,Orthetrum_cancellatum,Mature,0,,0,0,30,2019,NA,NA
7/10/19,10:34:00,Gunnesbo,Enallagma_cyathigerum,Mature,1,,0,0,30,2019,NA,NA
7/10/19,10:34:00,Gunnesbo,Ischnura_elegans,Mature,1,,0,0,30,2019,NA,NA
7/10/19,10:35:00,Gunnesbo,Coenagrion_pulchellum,Mature,0,,0,12,30,2019,NA,NA
7/10/19,10:35:00,Gunnesbo,Enallagma_cyathigerum,Mature,1,,0,0,30,2019,NA,NA
7/10/19,10:36:00,Gunnesbo,Ischnura_elegans,Teneral,0,,0,0,30,2019,NA,NA
7/10/19,10:38:00,Gunnesbo,Platycnemis_pennipes,Mature,0,,0,0,30,2019,NA,NA
7/10/19,10:38:00,Gunnesbo,Enallagma_cyathigerum,Mature,1,,0,0,30,2019,NA,NA
7/10/19,10:39:00,Gunnesbo,Ischnura_elegans,Teneral,1,,0,0,30,2019,NA,NA
7/10/19,10:39:00,Gunnesbo,Coenagrion_pulchellum,Mature,1,,0,0,30,2019,NA,NA
7/26/19,9:48:00,Gunnesbo,Enallagma_cyathigerum,Mature,1,,0,0,30,2019,NA,NA
7/26/19,9:48:00,Gunnesbo,Enallagma_cyathigerum,Mature,1,,0,0,30,2019,NA,NA
7/26/19,9:49:00,Gunnesbo,Enallagma_cyathigerum,Mature,1,,0,0,30,2019,NA,NA
7/26/19,9:49:00,Gunnesbo,Ischnura_elegans,Mature,1,,0,0,30,2019,NA,NA
7/26/19,9:49:00,Gunnesbo,Erythromma_najas,Mature,1,,0,0,30,2019,NA,NA
7/26/19,9:49:00,Gunnesbo,Enallagma_cyathigerum,Mature,1,,0,0,30,2019,NA,NA
7/26/19,9:49:00,Gunnesbo,Erythromma_najas,Mature,1,,0,0,30,2019,NA,NA
7/26/19,9:50:00,Gunnesbo,Enallagma_cyathigerum,Mature,1,,0,0,30,2019,NA,NA
7/26/19,9:50:00,Gunnesbo,Ischnura_elegans,Mature,1,,0,0,30,2019,NA,NA
7/26/19,9:50:00,Gunnesbo,Coenagrion_puella,Mature,1,,0,0,30,2019,NA,NA
7/26/19,9:50:00,Gunnesbo,Enallagma_cyathigerum,Mature,1,,0,0,30,2019,NA,NA
7/26/19,9:51:00,Gunnesbo,Enallagma_cyathigerum,Mature,0,,0,0,30,2019,NA,NA
7/26/19,9:51:00,Gunnesbo,Coenagrion_puella,Mature,0,,0,0,30,2019,NA,NA
7/26/19,9:51:00,Gunnesbo,Erythromma_najas,Mature,1,,1,0,30,2019,NA,NA
7/26/19,9:52:00,Gunnesbo,Erythromma_najas,Mature,0,,1,0,30,2019,NA,NA
7/26/19,9:52:00,Gunnesbo,Anax_imperator,Mature,1,,0,0,30,2019,NA,NA
7/26/19,9:52:00,Gunnesbo,Orthetrum_cancellatum,Mature,1,,0,0,30,2019,NA,NA
7/26/19,9:52:00,Gunnesbo,Orthetrum_cancellatum,Mature,1,,0,0,30,2019,NA,NA
7/26/19,9:52:00,Gunnesbo,Orthetrum_cancellatum,Mature,1,,0,0,30,2019,NA,NA
7/26/19,9:52:00,Gunnesbo,Orthetrum_cancellatum,Mature,1,,0,0,30,2019,NA,NA
6/3/19,8:24:00,Habo_Gard,Ischnura_elegans,Immature,1,,0,0,30,2019,NA,NA
6/3/19,8:24:00,Habo_Gard,Calopteryx_splendens,Immature,1,,0,0,30,2019,NA,NA
6/3/19,8:24:00,Habo_Gard,Ischnura_elegans,Immature,1,,0,0,30,2019,NA,NA
6/3/19,8:24:00,Habo_Gard,Ischnura_elegans,Mature,0,Androchrome,0,0,30,2019,Androchrome,NA
6/3/19,8:24:00,Habo_Gard,Ischnura_elegans,Immature,0,Androchrome,0,0,30,2019,Androchrome,NA
6/3/19,8:24:00,Habo_Gard,Ischnura_elegans,Mature,1,,0,0,30,2019,NA,NA
6/3/19,8:24:00,Habo_Gard,Ischnura_elegans,Immature,1,,0,0,30,2019,NA,NA
6/3/19,8:24:00,Habo_Gard,Ischnura_elegans,Immature,1,,0,0,30,2019,NA,NA
6/3/19,8:24:00,Habo_Gard,Ischnura_elegans,Immature,1,,0,0,30,2019,NA,NA
6/3/19,8:24:00,Habo_Gard,Ischnura_elegans,Immature,1,,0,0,30,2019,NA,NA
6/13/19,14:47:00,Habo_Gard,Aeshna_isoceles,Mature,,,0,NA,30,2019,NA,NA
6/13/19,14:47:00,Habo_Gard,Anax_imperator,Mature,1,,0,NA,30,2019,NA,NA
6/13/19,14:47:00,Habo_Gard,Calopteryx_splendens,Mature,0,,0,NA,30,2019,NA,NA
6/13/19,14:47:00,Habo_Gard,Ischnura_elegans,Mature,0,Gynochrome,1,0,30,2019,Infuscans,NA
6/13/19,14:47:00,Habo_Gard,Ischnura_elegans,Mature,1,,1,0,30,2019,NA,NA
6/13/19,14:47:00,Habo_Gard,Calopteryx_splendens,Immature,1,,0,0,30,2019,NA,NA
6/13/19,14:47:00,Habo_Gard,Ischnura_elegans,Immature,0,Androchrome,0,0,30,2019,Androchrome,NA
6/13/19,14:47:00,Habo_Gard,Ischnura_elegans,Immature,0,Androchrome,0,0,30,2019,Androchrome,NA
6/13/19,14:47:00,Habo_Gard,Ischnura_elegans,Immature,0,Androchrome,0,0,30,2019,Androchrome,NA
6/13/19,14:47:00,Habo_Gard,Ischnura_elegans,Immature,1,,0,0,30,2019,NA,NA
6/13/19,14:47:00,Habo_Gard,Ischnura_elegans,Immature,1,,0,0,30,2019,NA,NA
6/13/19,14:47:00,Habo_Gard,Ischnura_elegans,Mature,1,,0,0,30,2019,NA,NA
6/13/19,14:47:00,Habo_Gard,Ischnura_elegans,Immature,1,,0,0,30,2019,NA,NA
6/13/19,14:47:00,Habo_Gard,Ischnura_elegans,Immature,1,,0,0,30,2019,NA,NA
6/13/19,14:47:00,Habo_Gard,Ischnura_elegans,Teneral,1,,0,0,30,2019,NA,NA
6/13/19,14:47:00,Habo_Gard,Ischnura_elegans,Teneral,1,,0,0,30,2019,NA,NA
6/13/19,14:47:00,Habo_Gard,Ischnura_elegans,Teneral,0,,0,0,30,2019,NA,NA
6/13/19,14:47:00,Habo_Gard,Ischnura_elegans,Immature,0,Androchrome,0,0,30,2019,Androchrome,NA
6/13/19,14:47:00,Habo_Gard,Ischnura_elegans,Mature,1,,0,0,30,2019,NA,NA
6/13/19,14:47:00,Habo_Gard,Ischnura_elegans,Mature,1,,0,0,30,2019,NA,NA
6/13/19,14:47:00,Habo_Gard,Ischnura_elegans,Mature,0,Androchrome,0,0,30,2019,Androchrome,NA
6/13/19,14:47:00,Habo_Gard,Ischnura_elegans,Mature,1,,0,0,30,2019,NA,NA
6/13/19,14:47:00,Habo_Gard,Coenagrion_pulchellum,Mature,1,,0,3,30,2019,NA,NA
6/13/19,14:47:00,Habo_Gard,Ischnura_elegans,Mature,1,,0,0,30,2019,NA,NA
6/13/19,14:47:00,Habo_Gard,Ischnura_elegans,Mature,1,,0,0,30,2019,NA,NA
6/13/19,14:47:00,Habo_Gard,Ischnura_elegans,Mature,1,,0,0,30,2019,NA,NA
6/13/19,14:47:00,Habo_Gard,Ischnura_elegans,Mature,1,,0,NA,30,2019,NA,NA
6/13/19,14:47:00,Habo_Gard,Ischnura_elegans,Teneral,0,,0,0,30,2019,NA,NA
6/13/19,14:47:00,Habo_Gard,Ischnura_elegans,Mature,1,,0,0,30,2019,NA,NA
6/13/19,14:47:00,Habo_Gard,Ischnura_elegans,Teneral,1,,0,0,30,2019,NA,NA
6/13/19,14:47:00,Habo_Gard,Ischnura_elegans,Immature,1,,0,0,30,2019,NA,NA
6/13/19,14:47:00,Habo_Gard,Ischnura_elegans,Mature,1,,0,0,30,2019,NA,NA
6/13/19,14:47:00,Habo_Gard,Ischnura_elegans,Teneral,0,Androchrome,0,0,30,2019,Androchrome,NA
6/13/19,14:47:00,Habo_Gard,Ischnura_elegans,Mature,0,Androchrome,0,0,30,2019,Androchrome,NA
7/1/19,13:59:00,Habo_Gard,Orthetrum_cancellatum,Mature,1,,0,NA,30,2019,NA,NA
7/1/19,13:59:00,Habo_Gard,Ischnura_elegans,Mature,0,Androchrome,0,0,30,2019,Androchrome,NA
7/1/19,13:59:00,Habo_Gard,Ischnura_elegans,Mature,0,Gynochrome,0,0,30,2019,Androchrome,Violacea_(Androchrome)
7/1/19,13:59:00,Habo_Gard,Ischnura_elegans,Mature,0,Gynochrome,0,0,30,2019,Androchrome,Violacea_(Androchrome)
7/1/19,13:59:00,Habo_Gard,Ischnura_elegans,Mature,0,Gynochrome,1,0,30,2019,Infuscans,Violacea_(Infuscans)
7/1/19,13:59:00,Habo_Gard,Ischnura_elegans,Mature,1,,1,0,30,2019,NA,NA
7/1/19,13:59:00,Habo_Gard,Ischnura_elegans,Mature,1,,1,0,30,2019,NA,NA
7/1/19,13:59:00,Habo_Gard,Ischnura_elegans,Mature,0,Androchrome,1,0,30,2019,Androchrome,NA
7/1/19,13:59:00,Habo_Gard,Ischnura_elegans,Mature,1,,0,0,30,2019,NA,NA
7/1/19,13:59:00,Habo_Gard,Ischnura_elegans,Mature,1,,0,0,30,2019,NA,NA
7/1/19,13:59:00,Habo_Gard,Ischnura_elegans,Mature,0,Gynochrome,0,0,30,2019,Androchrome,Violacea_(Androchrome)
7/1/19,13:59:00,Habo_Gard,Ischnura_elegans,Mature,0,Gynochrome,0,0,30,2019,Androchrome,Violacea_(Androchrome)
7/1/19,13:59:00,Habo_Gard,Ischnura_elegans,Mature,0,Gynochrome,0,0,30,2019,Androchrome,Violacea_(Androchrome)
7/1/19,13:59:00,Habo_Gard,Ischnura_elegans,Mature,1,,0,0,30,2019,NA,NA
7/1/19,13:59:00,Habo_Gard,Ischnura_elegans,Mature,1,,0,0,30,2019,NA,NA
7/1/19,13:59:00,Habo_Gard,Ischnura_elegans,Mature,0,Gynochrome,0,0,30,2019,Infuscans,Violacea_(Infuscans)
7/1/19,13:59:00,Habo_Gard,Ischnura_elegans,Mature,0,Androchrome,0,0,30,2019,Androchrome,NA
7/1/19,13:59:00,Habo_Gard,Ischnura_elegans,Mature,0,Gynochrome,0,0,30,2019,Infuscans,Violacea_(Infuscans)
7/1/19,13:59:00,Habo_Gard,Ischnura_elegans,Immature,0,Gynochrome,0,0,30,2019,Infuscans,Violacea_(Infuscans)
7/1/19,13:59:00,Habo_Gard,Ischnura_elegans,Mature,1,,0,0,30,2019,NA,NA
7/1/19,13:59:00,Habo_Gard,Ischnura_elegans,Mature,1,,0,0,30,2019,NA,NA
7/1/19,13:59:00,Habo_Gard,Ischnura_elegans,Immature,0,Gynochrome,0,0,30,2019,Androchrome,Violacea_(Androchrome)
7/1/19,13:59:00,Habo_Gard,Erythromma_viridulum,Teneral,0,,0,0,30,2019,NA,NA
7/1/19,13:59:00,Habo_Gard,Ischnura_elegans,Mature,0,Gynochrome,0,0,30,2019,Androchrome,Violacea_(Androchrome)
7/1/19,13:59:00,Habo_Gard,Ischnura_elegans,Mature,0,Gynochrome,0,0,30,2019,Androchrome,Violacea_(Androchrome)
7/1/19,13:59:00,Habo_Gard,Ischnura_elegans,Mature,1,,0,0,30,2019,NA,NA
7/1/19,13:59:00,Habo_Gard,Ischnura_elegans,Mature,0,Gynochrome,0,0,30,2019,Androchrome,Violacea_(Androchrome)
7/1/19,13:59:00,Habo_Gard,Ischnura_elegans,Mature,0,Androchrome,0,0,30,2019,Androchrome,NA
7/1/19,13:59:00,Habo_Gard,Ischnura_elegans,Mature,1,,0,0,30,2019,NA,NA
7/1/19,13:59:00,Habo_Gard,Ischnura_elegans,Mature,0,Gynochrome,0,0,30,2019,Androchrome,Violacea_(Androchrome)
7/1/19,13:59:00,Habo_Gard,Ischnura_elegans,Mature,1,,0,0,30,2019,NA,NA
7/1/19,13:59:00,Habo_Gard,Ischnura_elegans,Mature,0,Gynochrome,0,0,30,2019,Androchrome,Violacea_(Androchrome)
7/1/19,13:59:00,Habo_Gard,Ischnura_elegans,Teneral,1,,0,0,30,2019,NA,NA
7/15/19,10:54:00,Habo_Gard,Ischnura_elegans,Mature,1,,0,0,30,2019,NA,NA
7/15/19,10:54:00,Habo_Gard,Ischnura_elegans,Immature,1,,0,0,30,2019,NA,NA
7/15/19,10:55:00,Habo_Gard,Ischnura_elegans,Mature,0,Gynochrome,0,0,30,2019,Androchrome,Violacea_(Androchrome)
6/6/19,8:24:00,Hoje_A_14,Ischnura_elegans,Mature,0,Androchrome,1,0,30,2019,Androchrome,NA
6/6/19,8:24:00,Hoje_A_14,Ischnura_elegans,Mature,1,,1,0,30,2019,NA,NA
6/6/19,8:24:00,Hoje_A_14,Enallagma_cyathigerum,Mature,1,,0,0,30,2019,NA,NA
6/6/19,8:24:00,Hoje_A_14,Erythromma_viridulum,Mature,1,,0,0,30,2019,NA,NA
6/6/19,8:24:00,Hoje_A_14,Erythromma_viridulum,Mature,1,,0,0,30,2019,NA,NA
6/6/19,8:24:00,Hoje_A_14,Ischnura_elegans,Mature,1,,0,0,30,2019,NA,NA
6/6/19,8:24:00,Hoje_A_14,Coenagrion_pulchellum,Mature,0,Androchrome,1,0,30,2019,NA,NA
6/6/19,8:24:00,Hoje_A_14,Ischnura_elegans,Mature,1,,0,0,30,2019,NA,NA
6/6/19,8:24:00,Hoje_A_14,Enallagma_cyathigerum,Mature,1,,0,0,30,2019,NA,NA
6/6/19,8:24:00,Hoje_A_14,Erythromma_najas,Mature,0,,0,0,30,2019,NA,NA
6/6/19,8:24:00,Hoje_A_14,Coenagrion_pulchellum,Mature,1,,1,57,30,2019,NA,NA
6/6/19,8:24:00,Hoje_A_14,Coenagrion_pulchellum,Mature,1,,1,0,30,2019,NA,NA
6/6/19,8:24:00,Hoje_A_14,Coenagrion_pulchellum,Mature,0,,1,2,30,2019,NA,NA
6/6/19,8:24:00,Hoje_A_14,Coenagrion_pulchellum,Mature,1,,0,57,30,2019,NA,NA
6/6/19,8:24:00,Hoje_A_14,Enallagma_cyathigerum,Mature,1,,0,0,30,2019,NA,NA
6/6/19,8:24:00,Hoje_A_14,Erythromma_viridulum,Mature,1,,0,0,30,2019,NA,NA
6/6/19,8:24:00,Hoje_A_14,Erythromma_viridulum,Mature,1,,0,0,30,2019,NA,NA
6/6/19,8:24:00,Hoje_A_14,Coenagrion_pulchellum,Mature,1,,1,0,30,2019,NA,NA
6/6/19,8:24:00,Hoje_A_14,Coenagrion_pulchellum,Mature,0,,1,0,30,2019,NA,NA
6/6/19,8:24:00,Hoje_A_14,Ischnura_elegans,Immature,0,,0,0,30,2019,NA,NA
6/6/19,8:24:00,Hoje_A_14,Erythromma_najas,Mature,1,,0,0,30,2019,NA,NA
6/6/19,8:24:00,Hoje_A_14,Enallagma_cyathigerum,Mature,1,,0,7,30,2019,NA,NA
6/6/19,8:24:00,Hoje_A_14,Ischnura_elegans,Immature,0,,0,0,30,2019,NA,NA
6/6/19,8:24:00,Hoje_A_14,Enallagma_cyathigerum,Immature,1,,0,1,30,2019,NA,NA
6/6/19,8:24:00,Hoje_A_14,Coenagrion_pulchellum,Immature,1,,0,80,30,2019,NA,NA
6/6/19,8:24:00,Hoje_A_14,Enallagma_cyathigerum,Mature,1,,0,0,30,2019,NA,NA
6/6/19,8:24:00,Hoje_A_14,Enallagma_cyathigerum,Mature,1,,0,4,30,2019,NA,NA
6/6/19,8:24:00,Hoje_A_14,Coenagrion_pulchellum,Immature,0,,0,0,30,2019,NA,NA
6/6/19,8:24:00,Hoje_A_14,Coenagrion_pulchellum,Immature,1,,0,19,30,2019,NA,NA
6/6/19,8:24:00,Hoje_A_14,Coenagrion_pulchellum,Immature,1,,0,14,30,2019,NA,NA
6/6/19,8:24:00,Hoje_A_14,Coenagrion_pulchellum,Mature,1,,0,3,30,2019,NA,NA
6/6/19,8:24:00,Hoje_A_14,Coenagrion_pulchellum,Mature,0,,0,105,30,2019,NA,NA
6/6/19,8:24:00,Hoje_A_14,Ischnura_elegans,Mature,1,,0,0,30,2019,NA,NA
6/6/19,8:24:00,Hoje_A_14,Coenagrion_pulchellum,Immature,1,,0,33,30,2019,NA,NA
6/6/19,8:24:00,Hoje_A_14,Coenagrion_pulchellum,Mature,1,,0,16,30,2019,NA,NA
6/6/19,8:24:00,Hoje_A_14,Erythromma_viridulum,Mature,1,,0,3,30,2019,NA,NA
6/6/19,8:24:00,Hoje_A_14,Coenagrion_pulchellum,Mature,1,,0,70,30,2019,NA,NA
6/6/19,8:24:00,Hoje_A_14,Ischnura_elegans,Immature,1,,0,0,30,2019,NA,NA
6/6/19,8:24:00,Hoje_A_14,Coenagrion_pulchellum,Immature,1,,0,3,30,2019,NA,NA
6/6/19,8:24:00,Hoje_A_14,Coenagrion_pulchellum,Mature,1,,0,39,30,2019,NA,NA
6/6/19,8:24:00,Hoje_A_14,Coenagrion_pulchellum,Mature,1,,0,50,30,2019,NA,NA
6/6/19,8:24:00,Hoje_A_14,Enallagma_cyathigerum,Mature,1,,0,0,30,2019,NA,NA
6/6/19,8:24:00,Hoje_A_14,Coenagrion_pulchellum,Mature,1,,0,0,30,2019,NA,NA
6/6/19,8:24:00,Hoje_A_14,Ischnura_elegans,Immature,1,,0,0,30,2019,NA,NA
6/6/19,8:24:00,Hoje_A_14,Coenagrion_pulchellum,Mature,1,,0,5,30,2019,NA,NA
6/6/19,8:24:00,Hoje_A_14,Ischnura_elegans,Immature,1,,0,0,30,2019,NA,NA
6/6/19,8:24:00,Hoje_A_14,Coenagrion_pulchellum,Immature,0,,0,40,30,2019,NA,NA
6/14/19,13:59:00,Hoje_A_14,Anax_imperator,Mature,1,,0,NA,30,2019,NA,NA
6/14/19,13:59:00,Hoje_A_14,Orthetrum_cancellatum,Mature,1,,0,NA,30,2019,NA,NA
6/14/19,13:59:00,Hoje_A_14,Aeshna_isoceles,Mature,,,0,NA,30,2019,NA,NA
6/14/19,13:59:00,Hoje_A_14,Ischnura_elegans,Mature,1,,1,0,30,2019,NA,NA
6/14/19,13:59:00,Hoje_A_14,Ischnura_elegans,Mature,0,Androchrome,1,0,30,2019,Androchrome,NA
6/14/19,13:59:00,Hoje_A_14,Ischnura_elegans,Mature,1,,1,0,30,2019,NA,NA
6/14/19,13:59:00,Hoje_A_14,Ischnura_elegans,Mature,0,Androchrome,1,0,30,2019,Androchrome,NA
6/14/19,13:59:00,Hoje_A_14,Ischnura_elegans,Mature,0,Androchrome,1,0,30,2019,Androchrome,NA
6/14/19,13:59:00,Hoje_A_14,Ischnura_elegans,Mature,1,,1,0,30,2019,NA,NA
6/14/19,13:59:00,Hoje_A_14,Ischnura_elegans,Mature,0,Androchrome,1,0,30,2019,Androchrome,NA
6/14/19,13:59:00,Hoje_A_14,Ischnura_elegans,Mature,1,,1,0,30,2019,NA,NA
6/14/19,13:59:00,Hoje_A_14,Enallagma_cyathigerum,Mature,1,,1,0,30,2019,NA,NA
6/14/19,13:59:00,Hoje_A_14,Enallagma_cyathigerum,Mature,0,,1,0,30,2019,NA,NA
6/14/19,13:59:00,Hoje_A_14,Enallagma_cyathigerum,Mature,1,,1,NA,30,2019,NA,NA
6/14/19,13:59:00,Hoje_A_14,Enallagma_cyathigerum,Mature,0,,1,0,30,2019,NA,NA
6/14/19,13:59:00,Hoje_A_14,Ischnura_elegans,Mature,1,,1,0,30,2019,NA,NA
6/14/19,13:59:00,Hoje_A_14,Ischnura_elegans,Mature,0,Gynochrome,1,0,30,2019,Infuscans,NA
6/14/19,13:59:00,Hoje_A_14,Enallagma_cyathigerum,Mature,1,,1,0,30,2019,NA,NA
6/14/19,13:59:00,Hoje_A_14,Enallagma_cyathigerum,Mature,0,,1,8,30,2019,NA,NA
6/14/19,13:59:00,Hoje_A_14,Ischnura_elegans,Mature,1,,1,0,30,2019,NA,NA
6/14/19,13:59:00,Hoje_A_14,Ischnura_elegans,Mature,0,Gynochrome,1,0,30,2019,Infuscans,NA
6/14/19,13:59:00,Hoje_A_14,Ischnura_elegans,Mature,1,,0,0,30,2019,NA,NA
6/14/19,13:59:00,Hoje_A_14,Coenagrion_pulchellum,Mature,1,,0,6,30,2019,NA,NA
6/14/19,13:59:00,Hoje_A_14,Ischnura_elegans,Mature,0,Androchrome,0,0,30,2019,Androchrome,NA
6/14/19,13:59:00,Hoje_A_14,Ischnura_elegans,Mature,0,Androchrome,0,0,30,2019,Androchrome,NA
6/14/19,13:59:00,Hoje_A_14,Enallagma_cyathigerum,Mature,1,,0,0,30,2019,NA,NA
6/14/19,13:59:00,Hoje_A_14,Enallagma_cyathigerum,Mature,1,,0,2,30,2019,NA,NA
6/14/19,13:59:00,Hoje_A_14,Ischnura_elegans,Mature,0,Androchrome,0,0,30,2019,Androchrome,NA
6/14/19,13:59:00,Hoje_A_14,Enallagma_cyathigerum,Teneral,1,,0,129,30,2019,NA,NA
6/14/19,13:59:00,Hoje_A_14,Ischnura_elegans,Immature,0,Gynochrome,0,1,30,2019,Infuscans,NA
6/14/19,13:59:00,Hoje_A_14,Coenagrion_pulchellum,Mature,1,,0,0,30,2019,NA,NA
6/14/19,13:59:00,Hoje_A_14,Coenagrion_pulchellum,Immature,1,,0,9,30,2019,NA,NA
6/14/19,13:59:00,Hoje_A_14,Enallagma_cyathigerum,Mature,1,,0,0,30,2019,NA,NA
6/14/19,13:59:00,Hoje_A_14,Coenagrion_pulchellum,Mature,1,,0,4,30,2019,NA,NA
6/14/19,13:59:00,Hoje_A_14,Coenagrion_pulchellum,Mature,1,,0,57,30,2019,NA,NA
6/14/19,13:59:00,Hoje_A_14,Coenagrion_pulchellum,Immature,1,,0,40,30,2019,NA,NA
6/14/19,13:59:00,Hoje_A_14,Coenagrion_pulchellum,Immature,0,Androchrome,0,106,30,2019,NA,NA
6/14/19,13:59:00,Hoje_A_14,Coenagrion_pulchellum,Mature,1,,0,1,30,2019,NA,NA
6/14/19,13:59:00,Hoje_A_14,Ischnura_elegans,Teneral,1,,0,0,30,2019,NA,NA
6/14/19,13:59:00,Hoje_A_14,Ischnura_elegans,Teneral,1,,0,22,30,2019,NA,NA
6/14/19,13:59:00,Hoje_A_14,Coenagrion_pulchellum,Teneral,1,,0,11,30,2019,NA,NA
6/14/19,13:59:00,Hoje_A_14,Coenagrion_pulchellum,Mature,1,,0,0,30,2019,NA,NA
6/14/19,13:59:00,Hoje_A_14,Ischnura_elegans,Mature,1,,0,0,30,2019,NA,NA
6/14/19,13:59:00,Hoje_A_14,Coenagrion_pulchellum,Mature,1,,0,2,30,2019,NA,NA
6/14/19,13:59:00,Hoje_A_14,Enallagma_cyathigerum,Mature,1,,0,0,30,2019,NA,NA
6/14/19,13:59:00,Hoje_A_14,Ischnura_elegans,Immature,1,,0,0,30,2019,NA,NA
6/14/19,13:59:00,Hoje_A_14,Coenagrion_pulchellum,Mature,1,,0,21,30,2019,NA,NA
6/14/19,13:59:00,Hoje_A_14,Coenagrion_pulchellum,Mature,1,,0,0,30,2019,NA,NA
6/14/19,13:59:00,Hoje_A_14,Enallagma_cyathigerum,Mature,1,,0,9,30,2019,NA,NA
6/14/19,13:59:00,Hoje_A_14,Enallagma_cyathigerum,Mature,1,,0,0,30,2019,NA,NA
6/14/19,13:59:00,Hoje_A_14,Ischnura_elegans,Immature,0,Gynochrome,0,1,30,2019,Infuscans_obsoleta,NA
6/14/19,13:59:00,Hoje_A_14,Enallagma_cyathigerum,Teneral,1,,0,46,30,2019,NA,NA
6/14/19,13:59:00,Hoje_A_14,Coenagrion_pulchellum,Mature,1,,0,0,30,2019,NA,NA
6/14/19,13:59:00,Hoje_A_14,Erythromma_najas,Mature,1,,0,2,30,2019,NA,NA
6/14/19,13:59:00,Hoje_A_14,Coenagrion_pulchellum,Immature,1,,0,6,30,2019,NA,NA
6/14/19,13:59:00,Hoje_A_14,Coenagrion_pulchellum,Mature,1,,0,6,30,2019,NA,NA
6/14/19,13:59:00,Hoje_A_14,Coenagrion_pulchellum,Mature,1,,0,0,30,2019,NA,NA
6/14/19,13:59:00,Hoje_A_14,Ischnura_elegans,Mature,1,,0,1,30,2019,NA,NA
6/14/19,13:59:00,Hoje_A_14,Enallagma_cyathigerum,Mature,1,,0,0,30,2019,NA,NA
6/14/19,13:59:00,Hoje_A_14,Ischnura_elegans,Teneral,1,,0,0,30,2019,NA,NA
6/14/19,13:59:00,Hoje_A_14,Ischnura_elegans,Teneral,0,,0,0,30,2019,NA,NA
6/14/19,13:59:00,Hoje_A_14,Coenagrion_pulchellum,Mature,1,,0,30,30,2019,NA,NA
6/27/19,15:32:00,Hoje_A_14,Aeshna_isoceles,Mature,,,0,NA,30,2019,NA,NA
6/27/19,15:32:00,Hoje_A_14,Aeshna_isoceles,Mature,,,0,NA,30,2019,NA,NA
6/27/19,15:32:00,Hoje_A_14,Aeshna_isoceles,Mature,,,0,NA,30,2019,NA,NA
6/27/19,15:32:00,Hoje_A_14,Anax_imperator,Mature,1,,0,NA,30,2019,NA,NA
6/27/19,15:32:00,Hoje_A_14,Anax_imperator,Mature,1,,0,NA,30,2019,NA,NA
6/27/19,15:32:00,Hoje_A_14,Anax_imperator,Mature,1,,0,NA,30,2019,NA,NA
6/27/19,15:32:00,Hoje_A_14,Anax_imperator,Mature,0,,0,NA,30,2019,NA,NA
6/27/19,15:32:00,Hoje_A_14,Libellula_quadrimaculata,Mature,,,0,NA,30,2019,NA,NA
6/27/19,15:32:00,Hoje_A_14,Orthetrum_cancellatum,Mature,1,,1,NA,30,2019,NA,NA
6/27/19,15:32:00,Hoje_A_14,Orthetrum_cancellatum,Mature,0,,1,NA,30,2019,NA,NA
6/27/19,15:32:00,Hoje_A_14,Orthetrum_cancellatum,Mature,1,,0,NA,30,2019,NA,NA
6/27/19,15:32:00,Hoje_A_14,Orthetrum_cancellatum,Mature,1,,0,NA,30,2019,NA,NA
6/27/19,15:32:00,Hoje_A_14,Orthetrum_cancellatum,Mature,1,,0,NA,30,2019,NA,NA
6/27/19,15:32:00,Hoje_A_14,Orthetrum_cancellatum,Mature,1,,0,NA,30,2019,NA,NA
6/27/19,15:32:00,Hoje_A_14,Orthetrum_cancellatum,Mature,1,,0,NA,30,2019,NA,NA
6/27/19,15:32:00,Hoje_A_14,Orthetrum_cancellatum,Mature,1,,0,NA,30,2019,NA,NA
6/27/19,15:32:00,Hoje_A_14,Orthetrum_cancellatum,Mature,1,,0,NA,30,2019,NA,NA
6/27/19,15:32:00,Hoje_A_14,Orthetrum_cancellatum,Mature,1,,0,NA,30,2019,NA,NA
6/27/19,15:32:00,Hoje_A_14,Orthetrum_cancellatum,Mature,1,,0,NA,30,2019,NA,NA
6/27/19,15:32:00,Hoje_A_14,Orthetrum_cancellatum,Mature,1,,0,NA,30,2019,NA,NA
6/27/19,15:32:00,Hoje_A_14,Anax_imperator,Mature,0,,0,NA,30,2019,NA,NA
6/27/19,15:32:00,Hoje_A_14,Anax_imperator,Mature,0,,0,NA,30,2019,NA,NA
6/27/19,15:32:00,Hoje_A_14,Ischnura_elegans,Mature,0,Androchrome,1,0,30,2019,Androchrome,NA
6/27/19,15:32:00,Hoje_A_14,Ischnura_elegans,Mature,1,,1,0,30,2019,NA,NA
6/27/19,15:32:00,Hoje_A_14,Ischnura_elegans,Mature,1,,1,0,30,2019,NA,NA
6/27/19,15:32:00,Hoje_A_14,Ischnura_elegans,Mature,0,Androchrome,1,0,30,2019,Androchrome,NA
6/27/19,15:32:00,Hoje_A_14,Ischnura_elegans,Mature,0,Androchrome,1,0,30,2019,Androchrome,NA
6/27/19,15:32:00,Hoje_A_14,Ischnura_elegans,Mature,1,,1,0,30,2019,NA,NA
6/27/19,15:32:00,Hoje_A_14,Ischnura_elegans,Mature,1,,1,0,30,2019,NA,NA
6/27/19,15:32:00,Hoje_A_14,Ischnura_elegans,Mature,0,Gynochrome,1,0,30,2019,Infuscans,NA
6/27/19,15:32:00,Hoje_A_14,Enallagma_cyathigerum,Mature,0,,1,0,30,2019,NA,NA
6/27/19,15:32:00,Hoje_A_14,Enallagma_cyathigerum,Mature,1,,1,NA,30,2019,NA,NA
6/27/19,15:32:00,Hoje_A_14,Lestes_sponsa,Mature,0,,0,0,30,2019,NA,NA
6/27/19,15:32:00,Hoje_A_14,Ischnura_elegans,Mature,0,Androchrome,0,0,30,2019,Androchrome,NA
6/27/19,15:32:00,Hoje_A_14,Ischnura_elegans,Mature,1,,0,0,30,2019,NA,NA
6/27/19,15:32:00,Hoje_A_14,Enallagma_cyathigerum,Mature,1,,0,4,30,2019,NA,NA
6/27/19,15:32:00,Hoje_A_14,Lestes_sponsa,Immature,1,,0,0,30,2019,NA,NA
6/27/19,15:32:00,Hoje_A_14,Lestes_sponsa,Immature,0,,0,0,30,2019,NA,NA
6/27/19,15:32:00,Hoje_A_14,Lestes_sponsa,Immature,0,,0,0,30,2019,NA,NA
6/27/19,15:32:00,Hoje_A_14,Coenagrion_pulchellum,Immature,0,,0,0,30,2019,NA,NA
6/27/19,15:32:00,Hoje_A_14,Lestes_sponsa,Immature,0,,0,0,30,2019,NA,NA
6/27/19,15:32:00,Hoje_A_14,Lestes_sponsa,Immature,0,,0,0,30,2019,NA,NA
6/27/19,15:32:00,Hoje_A_14,Lestes_sponsa,Mature,1,,0,0,30,2019,NA,NA
6/27/19,15:32:00,Hoje_A_14,Lestes_sponsa,Immature,0,,0,0,30,2019,NA,NA
6/27/19,15:32:00,Hoje_A_14,Lestes_sponsa,Immature,1,,0,0,30,2019,NA,NA
6/27/19,15:32:00,Hoje_A_14,Enallagma_cyathigerum,Mature,1,,0,0,30,2019,NA,NA
6/27/19,15:32:00,Hoje_A_14,Ischnura_elegans,Mature,1,,0,0,30,2019,NA,NA
6/27/19,15:32:00,Hoje_A_14,Lestes_sponsa,Immature,1,,0,0,30,2019,NA,NA
6/27/19,15:32:00,Hoje_A_14,Ischnura_elegans,Mature,1,,0,0,30,2019,NA,NA
6/27/19,15:32:00,Hoje_A_14,Enallagma_cyathigerum,Mature,1,,0,0,30,2019,NA,NA
6/27/19,15:32:00,Hoje_A_14,Lestes_sponsa,Mature,0,,0,0,30,2019,NA,NA
6/27/19,15:32:00,Hoje_A_14,Lestes_sponsa,Mature,1,,0,0,30,2019,NA,NA
6/27/19,15:32:00,Hoje_A_14,Lestes_sponsa,Teneral,1,,0,0,30,2019,NA,NA
6/27/19,15:32:00,Hoje_A_14,Enallagma_cyathigerum,Mature,1,,0,0,30,2019,NA,NA
6/27/19,15:32:00,Hoje_A_14,Ischnura_elegans,Immature,0,Gynochrome,0,0,30,2019,Androchrome,Violacea_(Androchrome)
6/27/19,15:32:00,Hoje_A_14,Lestes_sponsa,Teneral,1,,0,0,30,2019,NA,NA
6/27/19,15:32:00,Hoje_A_14,Ischnura_elegans,Mature,1,,0,0,30,2019,NA,NA
6/27/19,15:32:00,Hoje_A_14,Lestes_sponsa,Mature,1,,0,0,30,2019,NA,NA
7/15/19,14:43:00,Hoje_A_14,Ischnura_elegans,Mature,1,,0,0,30,2019,NA,NA
7/15/19,14:43:00,Hoje_A_14,Enallagma_cyathigerum,Mature,1,,0,0,30,2019,NA,NA
7/15/19,14:43:00,Hoje_A_14,Ischnura_elegans,Immature,1,,0,0,30,2019,NA,NA
7/15/19,14:43:00,Hoje_A_14,Ischnura_elegans,Mature,0,Androchrome,0,0,30,2019,Androchrome,NA
7/15/19,14:44:00,Hoje_A_14,Enallagma_cyathigerum,Mature,1,,0,0,30,2019,NA,NA
7/15/19,14:44:00,Hoje_A_14,Ischnura_elegans,Mature,0,Androchrome,0,0,30,2019,Androchrome,NA
7/15/19,14:44:00,Hoje_A_14,Ischnura_elegans,Mature,1,,0,0,30,2019,NA,NA
7/15/19,14:44:00,Hoje_A_14,Ischnura_elegans,Mature,1,,0,0,30,2019,NA,NA
7/15/19,14:44:00,Hoje_A_14,Ischnura_elegans,Mature,1,,0,0,30,2019,NA,NA
7/15/19,14:44:00,Hoje_A_14,Lestes_virens,Immature,1,,0,0,30,2019,NA,NA
7/15/19,14:45:00,Hoje_A_14,Ischnura_elegans,Mature,0,Gynochrome,0,0,30,2019,Infuscans,NA
7/15/19,14:45:00,Hoje_A_14,Ischnura_elegans,Mature,1,,0,0,30,2019,NA,NA
7/15/19,14:45:00,Hoje_A_14,Ischnura_elegans,Mature,1,,0,0,30,2019,NA,NA
7/15/19,14:45:00,Hoje_A_14,Ischnura_elegans,Mature,0,Androchrome,0,0,30,2019,Androchrome,NA
7/15/19,14:46:00,Hoje_A_14,Ischnura_elegans,Mature,1,,0,0,30,2019,NA,NA
7/15/19,14:46:00,Hoje_A_14,Ischnura_elegans,Mature,1,,0,0,30,2019,NA,NA
7/15/19,14:46:00,Hoje_A_14,Coenagrion_pulchellum,Mature,1,,0,0,30,2019,NA,NA
7/15/19,14:46:00,Hoje_A_14,Enallagma_cyathigerum,Mature,1,,0,11,30,2019,NA,NA
7/15/19,14:46:00,Hoje_A_14,Ischnura_elegans,Mature,0,Androchrome,0,0,30,2019,Androchrome,NA
7/15/19,14:47:00,Hoje_A_14,Coenagrion_pulchellum,Mature,1,,0,0,30,2019,NA,NA
7/15/19,14:47:00,Hoje_A_14,Ischnura_elegans,Mature,1,,0,0,30,2019,NA,NA
7/15/19,14:47:00,Hoje_A_14,Ischnura_elegans,Mature,1,,0,0,30,2019,NA,NA
7/15/19,14:47:00,Hoje_A_14,Coenagrion_pulchellum,Mature,1,,0,0,30,2019,NA,NA
7/15/19,14:47:00,Hoje_A_14,Enallagma_cyathigerum,Mature,0,Androchrome,0,0,30,2019,NA,NA
6/5/19,8:24:00,Hoje_A_6,Brachytron_pratense,NA,,,0,0,30,2019,NA,NA
6/5/19,8:24:00,Hoje_A_6,Coenagrion_pulchellum,Mature,0,,1,9,30,2019,NA,NA
6/5/19,8:24:00,Hoje_A_6,Coenagrion_pulchellum,Mature,1,,1,0,30,2019,NA,NA
6/5/19,8:24:00,Hoje_A_6,Enallagma_cyathigerum,Mature,1,,1,4,30,2019,NA,NA
6/5/19,8:24:00,Hoje_A_6,Enallagma_cyathigerum,Mature,0,,1,13,30,2019,NA,NA
6/5/19,8:24:00,Hoje_A_6,Enallagma_cyathigerum,Mature,1,,0,1,30,2019,NA,NA
6/5/19,8:24:00,Hoje_A_6,Enallagma_cyathigerum,Mature,1,,0,2,30,2019,NA,NA
6/5/19,8:24:00,Hoje_A_6,Enallagma_cyathigerum,Mature,1,,0,7,30,2019,NA,NA
6/5/19,8:24:00,Hoje_A_6,Enallagma_cyathigerum,Mature,1,,0,0,30,2019,NA,NA
6/5/19,8:24:00,Hoje_A_6,Enallagma_cyathigerum,Mature,1,,0,4,30,2019,NA,NA
6/5/19,8:24:00,Hoje_A_6,Enallagma_cyathigerum,Mature,1,,0,0,30,2019,NA,NA
6/5/19,8:24:00,Hoje_A_6,Enallagma_cyathigerum,Mature,1,,0,7,30,2019,NA,NA
6/5/19,8:24:00,Hoje_A_6,Coenagrion_pulchellum,Mature,1,,0,13,30,2019,NA,NA
6/5/19,8:24:00,Hoje_A_6,Enallagma_cyathigerum,Mature,1,,0,0,30,2019,NA,NA
6/5/19,8:24:00,Hoje_A_6,Ischnura_elegans,Immature,0,,0,0,30,2019,NA,NA
6/5/19,8:24:00,Hoje_A_6,Enallagma_cyathigerum,Mature,1,,0,4,30,2019,NA,NA
6/5/19,8:24:00,Hoje_A_6,Enallagma_cyathigerum,Immature,0,,0,0,30,2019,NA,NA
6/5/19,8:24:00,Hoje_A_6,Enallagma_cyathigerum,Mature,1,,0,5,30,2019,NA,NA
6/5/19,8:24:00,Hoje_A_6,Enallagma_cyathigerum,Mature,1,,0,0,30,2019,NA,NA
6/5/19,8:24:00,Hoje_A_6,Enallagma_cyathigerum,Immature,1,,0,3,30,2019,NA,NA
6/5/19,8:24:00,Hoje_A_6,Enallagma_cyathigerum,Mature,1,,0,0,30,2019,NA,NA
6/5/19,8:24:00,Hoje_A_6,Enallagma_cyathigerum,Mature,1,,0,1,30,2019,NA,NA
6/5/19,8:24:00,Hoje_A_6,Enallagma_cyathigerum,Mature,1,,0,0,30,2019,NA,NA
6/5/19,8:24:00,Hoje_A_6,Enallagma_cyathigerum,Immature,0,,0,0,30,2019,NA,NA
6/5/19,8:24:00,Hoje_A_6,Enallagma_cyathigerum,Immature,1,,0,4,30,2019,NA,NA
6/5/19,8:24:00,Hoje_A_6,Enallagma_cyathigerum,Mature,1,,0,8,30,2019,NA,NA
6/5/19,8:24:00,Hoje_A_6,Enallagma_cyathigerum,Mature,1,,0,1,30,2019,NA,NA
6/5/19,8:24:00,Hoje_A_6,Ischnura_elegans,Immature,1,,0,0,30,2019,NA,NA
6/5/19,8:24:00,Hoje_A_6,Enallagma_cyathigerum,Mature,1,,0,3,30,2019,NA,NA
6/5/19,8:24:00,Hoje_A_6,Enallagma_cyathigerum,Immature,1,,0,3,30,2019,NA,NA
6/5/19,8:24:00,Hoje_A_6,Enallagma_cyathigerum,Mature,1,,0,4,30,2019,NA,NA
6/5/19,8:24:00,Hoje_A_6,Enallagma_cyathigerum,Mature,1,,0,2,30,2019,NA,NA
6/5/19,8:24:00,Hoje_A_6,Enallagma_cyathigerum,Mature,1,,0,0,30,2019,NA,NA
6/5/19,8:24:00,Hoje_A_6,Enallagma_cyathigerum,Mature,0,,0,0,30,2019,NA,NA
6/5/19,8:24:00,Hoje_A_6,Enallagma_cyathigerum,Mature,1,,0,6,30,2019,NA,NA
6/5/19,8:24:00,Hoje_A_6,Enallagma_cyathigerum,Mature,1,,0,0,30,2019,NA,NA
6/5/19,8:24:00,Hoje_A_6,Coenagrion_pulchellum,Mature,1,,0,0,30,2019,NA,NA
6/5/19,8:24:00,Hoje_A_6,Enallagma_cyathigerum,Immature,1,,0,6,30,2019,NA,NA
6/5/19,8:24:00,Hoje_A_6,Enallagma_cyathigerum,Mature,0,,0,35,30,2019,NA,NA
6/5/19,8:24:00,Hoje_A_6,Erythromma_viridulum,Immature,0,,0,0,30,2019,NA,NA
6/5/19,8:24:00,Hoje_A_6,Ischnura_elegans,Immature,1,,0,0,30,2019,NA,NA
6/5/19,8:24:00,Hoje_A_6,Enallagma_cyathigerum,Immature,1,,0,0,30,2019,NA,NA
6/5/19,8:24:00,Hoje_A_6,Enallagma_cyathigerum,Immature,0,,0,0,30,2019,NA,NA
6/18/19,10:06:00,Hoje_A_6,Ischnura_elegans,Mature,0,Androchrome,1,0,30,2019,Androchrome,NA
6/18/19,10:06:00,Hoje_A_6,Ischnura_elegans,Mature,1,,1,0,30,2019,NA,NA
6/18/19,10:06:00,Hoje_A_6,Ischnura_elegans,Mature,0,,1,3,30,2019,NA,NA
6/18/19,10:07:00,Hoje_A_6,Ischnura_elegans,Mature,1,,1,0,30,2019,NA,NA
6/18/19,10:08:00,Hoje_A_6,Enallagma_cyathigerum,Mature,1,,0,5,30,2019,NA,NA
6/18/19,10:08:00,Hoje_A_6,Ischnura_elegans,Mature,0,Androchrome,0,0,30,2019,Androchrome,NA
6/18/19,10:08:00,Hoje_A_6,Ischnura_elegans,Immature,0,Androchrome,0,0,30,2019,Androchrome,NA
6/18/19,10:09:00,Hoje_A_6,Enallagma_cyathigerum,Mature,1,,0,0,30,2019,NA,NA
6/18/19,10:09:00,Hoje_A_6,Enallagma_cyathigerum,Mature,1,,0,4,30,2019,NA,NA
6/18/19,10:10:00,Hoje_A_6,Enallagma_cyathigerum,Mature,1,,0,1,30,2019,NA,NA
6/18/19,10:10:00,Hoje_A_6,Enallagma_cyathigerum,Mature,1,,0,0,30,2019,NA,NA
6/18/19,10:10:00,Hoje_A_6,Enallagma_cyathigerum,Mature,1,,0,4,30,2019,NA,NA
6/18/19,10:11:00,Hoje_A_6,Enallagma_cyathigerum,Mature,1,,0,8,30,2019,NA,NA
6/18/19,10:11:00,Hoje_A_6,Enallagma_cyathigerum,Mature,1,,0,9,30,2019,NA,NA
6/18/19,10:11:00,Hoje_A_6,Coenagrion_puella,Mature,1,,0,0,30,2019,NA,NA
6/18/19,10:11:00,Hoje_A_6,Enallagma_cyathigerum,Mature,1,,0,3,30,2019,NA,NA
6/18/19,10:12:00,Hoje_A_6,Enallagma_cyathigerum,Mature,1,,0,8,30,2019,NA,NA
6/18/19,10:12:00,Hoje_A_6,Enallagma_cyathigerum,Mature,1,,0,7,30,2019,NA,NA
6/18/19,10:12:00,Hoje_A_6,Enallagma_cyathigerum,Mature,1,,0,4,30,2019,NA,NA
6/18/19,10:13:00,Hoje_A_6,Enallagma_cyathigerum,Mature,1,,0,0,30,2019,NA,NA
6/18/19,10:13:00,Hoje_A_6,Enallagma_cyathigerum,Mature,1,,0,0,30,2019,NA,NA
6/18/19,10:13:00,Hoje_A_6,Enallagma_cyathigerum,Mature,1,,0,6,30,2019,NA,NA
6/18/19,10:13:00,Hoje_A_6,Coenagrion_puella,Mature,1,,0,0,30,2019,NA,NA
6/18/19,10:14:00,Hoje_A_6,Enallagma_cyathigerum,Mature,1,,0,1,30,2019,NA,NA
6/18/19,10:14:00,Hoje_A_6,Enallagma_cyathigerum,Mature,1,,0,4,30,2019,NA,NA
6/18/19,10:14:00,Hoje_A_6,Enallagma_cyathigerum,Mature,1,,0,6,30,2019,NA,NA
6/18/19,10:15:00,Hoje_A_6,Erythromma_najas,Mature,1,,0,10,30,2019,NA,NA
6/18/19,10:15:00,Hoje_A_6,Erythromma_najas,Mature,1,,0,25,30,2019,NA,NA
6/18/19,10:15:00,Hoje_A_6,Erythromma_najas,Mature,1,,0,3,30,2019,NA,NA
6/18/19,10:16:00,Hoje_A_6,Enallagma_cyathigerum,Teneral,1,,0,0,30,2019,NA,NA
6/18/19,10:16:00,Hoje_A_6,Enallagma_cyathigerum,Mature,1,,0,1,30,2019,NA,NA
6/18/19,10:16:00,Hoje_A_6,Enallagma_cyathigerum,Mature,1,,0,0,30,2019,NA,NA
6/18/19,10:17:00,Hoje_A_6,Enallagma_cyathigerum,Mature,1,,0,4,30,2019,NA,NA
6/18/19,10:17:00,Hoje_A_6,Enallagma_cyathigerum,Mature,1,,0,3,30,2019,NA,NA
6/18/19,10:17:00,Hoje_A_6,Coenagrion_puella,Mature,1,,0,0,30,2019,NA,NA
6/18/19,10:17:00,Hoje_A_6,Ischnura_elegans,Mature,1,,0,1,30,2019,NA,NA
6/18/19,10:18:00,Hoje_A_6,Coenagrion_puella,Mature,1,,0,7,30,2019,NA,NA
6/18/19,10:18:00,Hoje_A_6,Enallagma_cyathigerum,Mature,1,,0,13,30,2019,NA,NA
6/18/19,10:19:00,Hoje_A_6,Coenagrion_puella,Mature,1,,0,1,30,2019,NA,NA
6/18/19,10:20:00,Hoje_A_6,Enallagma_cyathigerum,Mature,1,,0,13,30,2019,NA,NA
6/18/19,10:20:00,Hoje_A_6,Coenagrion_pulchellum,Mature,0,,0,18,30,2019,NA,NA
6/18/19,10:22:00,Hoje_A_6,Erythromma_najas,Mature,1,,0,7,30,2019,NA,NA
7/1/19,10:57:00,Hoje_A_6,Enallagma_cyathigerum,Mature,1,,1,0,30,2019,NA,NA
7/1/19,10:57:00,Hoje_A_6,Enallagma_cyathigerum,Mature,0,,1,0,30,2019,NA,NA
7/1/19,10:58:00,Hoje_A_6,Enallagma_cyathigerum,Mature,1,,0,0,30,2019,NA,NA
7/1/19,10:59:00,Hoje_A_6,Enallagma_cyathigerum,Mature,1,,0,46,30,2019,NA,NA
7/1/19,10:59:00,Hoje_A_6,Enallagma_cyathigerum,Mature,1,,0,10,30,2019,NA,NA
7/1/19,10:59:00,Hoje_A_6,Enallagma_cyathigerum,Mature,1,,0,2,30,2019,NA,NA
7/1/19,10:59:00,Hoje_A_6,Enallagma_cyathigerum,Mature,1,,0,0,30,2019,NA,NA
7/1/19,11:00:00,Hoje_A_6,Enallagma_cyathigerum,Mature,1,,0,12,30,2019,NA,NA
7/1/19,11:00:00,Hoje_A_6,Enallagma_cyathigerum,Mature,1,,0,7,30,2019,NA,NA
7/1/19,11:00:00,Hoje_A_6,Enallagma_cyathigerum,Mature,1,,0,0,30,2019,NA,NA
7/1/19,11:00:00,Hoje_A_6,Enallagma_cyathigerum,Mature,1,,0,3,30,2019,NA,NA
7/1/19,11:01:00,Hoje_A_6,Enallagma_cyathigerum,Mature,1,,0,3,30,2019,NA,NA
7/1/19,11:01:00,Hoje_A_6,Enallagma_cyathigerum,Mature,0,Androchrome,0,10,30,2019,NA,NA
7/1/19,11:01:00,Hoje_A_6,Calopteryx_splendens,Mature,1,,0,0,30,2019,NA,NA
7/1/19,11:01:00,Hoje_A_6,Ischnura_elegans,Mature,1,,0,2,30,2019,NA,NA
7/1/19,11:03:00,Hoje_A_6,Enallagma_cyathigerum,Immature,1,,0,72,30,2019,NA,NA
7/1/19,11:03:00,Hoje_A_6,Enallagma_cyathigerum,Mature,1,,0,2,30,2019,NA,NA
7/1/19,11:03:00,Hoje_A_6,Erythromma_najas,Mature,1,,0,3,30,2019,NA,NA
7/1/19,11:03:00,Hoje_A_6,Erythromma_najas,Mature,1,,0,5,30,2019,NA,NA
7/1/19,11:04:00,Hoje_A_6,Enallagma_cyathigerum,Mature,1,,0,4,30,2019,NA,NA
7/1/19,11:04:00,Hoje_A_6,Enallagma_cyathigerum,Mature,1,,0,24,30,2019,NA,NA
7/1/19,11:04:00,Hoje_A_6,Enallagma_cyathigerum,Mature,1,,0,12,30,2019,NA,NA
7/1/19,11:04:00,Hoje_A_6,Enallagma_cyathigerum,Mature,1,,0,2,30,2019,NA,NA
7/1/19,11:05:00,Hoje_A_6,Enallagma_cyathigerum,Immature,1,,0,11,30,2019,NA,NA
7/1/19,11:06:00,Hoje_A_6,Enallagma_cyathigerum,Mature,1,,0,67,30,2019,NA,NA
7/1/19,11:06:00,Hoje_A_6,Erythromma_najas,Mature,1,,0,47,30,2019,NA,NA
7/1/19,11:06:00,Hoje_A_6,Enallagma_cyathigerum,Mature,1,,0,0,30,2019,NA,NA
7/1/19,11:07:00,Hoje_A_6,Enallagma_cyathigerum,Mature,1,,0,15,30,2019,NA,NA
7/1/19,11:07:00,Hoje_A_6,Enallagma_cyathigerum,Mature,1,,0,2,30,2019,NA,NA
7/1/19,11:08:00,Hoje_A_6,Enallagma_cyathigerum,Immature,1,,0,80,30,2019,NA,NA
7/1/19,11:08:00,Hoje_A_6,Coenagrion_puella,Mature,1,,0,0,30,2019,NA,NA
7/1/19,11:09:00,Hoje_A_6,Enallagma_cyathigerum,Mature,1,,0,1,30,2019,NA,NA
7/1/19,11:09:00,Hoje_A_6,Enallagma_cyathigerum,Mature,1,,0,52,30,2019,NA,NA
7/1/19,11:09:00,Hoje_A_6,Enallagma_cyathigerum,Mature,1,,0,11,30,2019,NA,NA
7/1/19,11:10:00,Hoje_A_6,Enallagma_cyathigerum,Mature,1,,0,0,30,2019,NA,NA
7/1/19,11:10:00,Hoje_A_6,Enallagma_cyathigerum,Mature,1,,0,0,30,2019,NA,NA
7/1/19,11:10:00,Hoje_A_6,Enallagma_cyathigerum,Mature,1,,0,0,30,2019,NA,NA
7/1/19,11:10:00,Hoje_A_6,Enallagma_cyathigerum,Mature,1,,0,21,30,2019,NA,NA
7/1/19,11:10:00,Hoje_A_6,Ischnura_elegans,Immature,0,Gynochrome,0,0,30,2019,Androchrome,Violacea_(Androchrome)
7/1/19,11:11:00,Hoje_A_6,Ischnura_elegans,Mature,1,,0,14,30,2019,NA,NA
7/1/19,11:11:00,Hoje_A_6,Enallagma_cyathigerum,Mature,1,,0,0,30,2019,NA,NA
7/1/19,11:11:00,Hoje_A_6,Ischnura_elegans,Teneral,1,,0,0,30,2019,NA,NA
7/1/19,11:11:00,Hoje_A_6,Coenagrion_puella,Mature,1,,0,0,30,2019,NA,NA
7/1/19,11:12:00,Hoje_A_6,Enallagma_cyathigerum,Mature,1,,0,0,30,2019,NA,NA
7/1/19,11:12:00,Hoje_A_6,Ischnura_elegans,Immature,1,,0,0,30,2019,NA,NA
7/1/19,11:12:00,Hoje_A_6,Enallagma_cyathigerum,Immature,1,,0,56,30,2019,NA,NA
7/1/19,11:12:00,Hoje_A_6,Enallagma_cyathigerum,Immature,1,,0,11,30,2019,NA,NA
7/1/19,11:13:00,Hoje_A_6,Enallagma_cyathigerum,Mature,1,,0,0,30,2019,NA,NA
7/1/19,11:13:00,Hoje_A_6,Erythromma_najas,Mature,1,,0,2,30,2019,NA,NA
7/1/19,11:14:00,Hoje_A_6,Enallagma_cyathigerum,Mature,1,,0,1,30,2019,NA,NA
7/1/19,11:14:00,Hoje_A_6,Enallagma_cyathigerum,Mature,1,,0,1,30,2019,NA,NA
7/1/19,11:14:00,Hoje_A_6,Ischnura_elegans,Mature,1,,0,0,30,2019,NA,NA
7/1/19,11:14:00,Hoje_A_6,Coenagrion_puella,Mature,1,,0,0,30,2019,NA,NA
7/1/19,11:14:00,Hoje_A_6,Enallagma_cyathigerum,Mature,1,,0,0,30,2019,NA,NA
7/1/19,11:14:00,Hoje_A_6,Enallagma_cyathigerum,Mature,1,,0,0,30,2019,NA,NA
7/1/19,11:14:00,Hoje_A_6,Enallagma_cyathigerum,Mature,1,,0,0,30,2019,NA,NA
7/1/19,11:15:00,Hoje_A_6,Enallagma_cyathigerum,Immature,1,,0,7,30,2019,NA,NA
7/1/19,11:15:00,Hoje_A_6,Enallagma_cyathigerum,Mature,1,,0,4,30,2019,NA,NA
7/1/19,11:16:00,Hoje_A_6,Coenagrion_pulchellum,Mature,0,,0,27,30,2019,NA,NA
7/1/19,11:17:00,Hoje_A_6,Enallagma_cyathigerum,Mature,1,,0,9,30,2019,NA,NA
7/1/19,11:17:00,Hoje_A_6,Enallagma_cyathigerum,Mature,0,,0,7,30,2019,NA,NA
7/1/19,11:18:00,Hoje_A_6,Enallagma_cyathigerum,Mature,1,,0,0,30,2019,NA,NA
7/1/19,11:18:00,Hoje_A_6,Enallagma_cyathigerum,Mature,1,,1,1,30,2019,NA,NA
7/1/19,11:19:00,Hoje_A_6,Enallagma_cyathigerum,Mature,0,,1,0,30,2019,NA,NA
7/1/19,11:24:00,Hoje_A_6,Sympetrum_striolatum,Mature,0,,0,0,30,2019,NA,NA
7/1/19,11:28:00,Hoje_A_6,Sympetrum_striolatum,Mature,1,,0,0,30,2019,NA,NA
7/1/19,11:29:00,Hoje_A_6,Sympetrum_striolatum,Mature,1,,0,0,30,2019,NA,NA
7/1/19,11:38:00,Hoje_A_6,Somatochlora_flavomaculata,Mature,1,,0,0,30,2019,NA,NA
7/15/19,14:06:00,Hoje_A_6,Lestes_sponsa,Mature,1,,0,0,30,2019,NA,NA
7/15/19,14:06:00,Hoje_A_6,Lestes_sponsa,Mature,1,,0,0,30,2019,NA,NA
7/15/19,14:07:00,Hoje_A_6,Enallagma_cyathigerum,Mature,1,,0,1,30,2019,NA,NA
7/15/19,14:07:00,Hoje_A_6,Coenagrion_puella,Mature,1,,0,0,30,2019,NA,NA
7/15/19,14:07:00,Hoje_A_6,Ischnura_elegans,Mature,0,Androchrome,0,0,30,2019,Androchrome,NA
7/15/19,14:07:00,Hoje_A_6,Ischnura_elegans,Mature,1,,0,0,30,2019,NA,NA
7/15/19,14:08:00,Hoje_A_6,Ischnura_elegans,Immature,1,,0,0,30,2019,NA,NA
7/15/19,14:08:00,Hoje_A_6,Lestes_sponsa,Mature,1,,0,0,30,2019,NA,NA
7/15/19,14:08:00,Hoje_A_6,Lestes_sponsa,Immature,1,,0,0,30,2019,NA,NA
7/15/19,14:08:00,Hoje_A_6,Lestes_sponsa,Mature,1,,0,0,30,2019,NA,NA
7/15/19,14:09:00,Hoje_A_6,Lestes_sponsa,Immature,1,,0,0,30,2019,NA,NA
7/15/19,14:09:00,Hoje_A_6,Ischnura_elegans,Mature,1,,0,0,30,2019,NA,NA
7/15/19,14:09:00,Hoje_A_6,Coenagrion_pulchellum,Mature,1,,0,0,30,2019,NA,NA
7/15/19,14:09:00,Hoje_A_6,Enallagma_cyathigerum,Mature,1,,0,7,30,2019,NA,NA
7/15/19,14:09:00,Hoje_A_6,Enallagma_cyathigerum,Mature,1,,0,0,30,2019,NA,NA
7/15/19,14:10:00,Hoje_A_6,Ischnura_elegans,Teneral,1,,0,0,30,2019,NA,NA
7/15/19,14:10:00,Hoje_A_6,Sympetrum_spp,Mature,1,,0,0,30,2019,NA,NA
7/15/19,14:10:00,Hoje_A_6,Sympetrum_spp,Mature,1,,0,0,30,2019,NA,NA
7/15/19,14:10:00,Hoje_A_6,Enallagma_cyathigerum,Mature,1,,0,0,30,2019,NA,NA
7/15/19,14:11:00,Hoje_A_6,Ischnura_elegans,Mature,1,,0,0,30,2019,NA,NA
7/15/19,14:11:00,Hoje_A_6,Ischnura_elegans,Immature,1,,0,0,30,2019,NA,NA
7/15/19,14:11:00,Hoje_A_6,Lestes_sponsa,Mature,1,,0,0,30,2019,NA,NA
7/15/19,14:11:00,Hoje_A_6,Enallagma_cyathigerum,Mature,1,,0,0,30,2019,NA,NA
7/15/19,14:11:00,Hoje_A_6,Lestes_sponsa,Mature,1,,0,0,30,2019,NA,NA
7/15/19,14:12:00,Hoje_A_6,Lestes_sponsa,Immature,1,,0,0,30,2019,NA,NA
7/15/19,14:12:00,Hoje_A_6,Enallagma_cyathigerum,Mature,1,,0,11,30,2019,NA,NA
7/15/19,14:12:00,Hoje_A_6,Ischnura_elegans,Immature,1,,0,0,30,2019,NA,NA
7/15/19,14:13:00,Hoje_A_6,Coenagrion_puella,Mature,1,,0,0,30,2019,NA,NA
7/15/19,14:13:00,Hoje_A_6,Enallagma_cyathigerum,Mature,1,,0,5,30,2019,NA,NA
7/15/19,14:13:00,Hoje_A_6,Enallagma_cyathigerum,Mature,1,,0,0,30,2019,NA,NA
7/15/19,14:13:00,Hoje_A_6,Ischnura_elegans,Mature,0,Androchrome,0,0,30,2019,Androchrome,NA
7/15/19,14:13:00,Hoje_A_6,Ischnura_elegans,Mature,0,Androchrome,0,0,30,2019,Androchrome,NA
7/15/19,14:14:00,Hoje_A_6,Ischnura_elegans,Immature,0,Gynochrome,0,0,30,2019,Androchrome,Violacea_(Androchrome)
7/15/19,14:14:00,Hoje_A_6,Ischnura_elegans,Mature,0,Androchrome,0,0,30,2019,Androchrome,NA
7/29/19,10:45:00,Hoje_A_6,Enallagma_cyathigerum,Mature,1,,0,0,30,2019,NA,NA
7/29/19,10:46:00,Hoje_A_6,Enallagma_cyathigerum,Mature,1,,0,0,30,2019,NA,NA
7/29/19,10:46:00,Hoje_A_6,Enallagma_cyathigerum,Mature,1,,0,0,30,2019,NA,NA
7/29/19,10:46:00,Hoje_A_6,Enallagma_cyathigerum,Mature,1,,0,0,30,2019,NA,NA
7/29/19,10:46:00,Hoje_A_6,Enallagma_cyathigerum,Mature,1,,0,0,30,2019,NA,NA
7/29/19,10:46:00,Hoje_A_6,Enallagma_cyathigerum,Mature,1,,0,0,30,2019,NA,NA
7/29/19,10:46:00,Hoje_A_6,Enallagma_cyathigerum,Mature,1,,0,0,30,2019,NA,NA
7/29/19,10:46:00,Hoje_A_6,Enallagma_cyathigerum,Mature,1,,0,0,30,2019,NA,NA
7/29/19,10:46:00,Hoje_A_6,Enallagma_cyathigerum,Mature,1,,0,0,30,2019,NA,NA
7/29/19,10:47:00,Hoje_A_6,Enallagma_cyathigerum,Mature,1,,0,0,30,2019,NA,NA
7/29/19,10:47:00,Hoje_A_6,Enallagma_cyathigerum,Mature,1,,0,0,30,2019,NA,NA
7/29/19,10:47:00,Hoje_A_6,Enallagma_cyathigerum,Mature,1,,0,0,30,2019,NA,NA
7/29/19,10:47:00,Hoje_A_6,Enallagma_cyathigerum,Mature,1,,0,0,30,2019,NA,NA
7/29/19,10:47:00,Hoje_A_6,Enallagma_cyathigerum,Mature,1,,0,0,30,2019,NA,NA
7/29/19,10:47:00,Hoje_A_6,Enallagma_cyathigerum,Mature,1,,0,0,30,2019,NA,NA
7/29/19,10:47:00,Hoje_A_6,Enallagma_cyathigerum,Mature,1,,0,0,30,2019,NA,NA
7/29/19,10:47:00,Hoje_A_6,Enallagma_cyathigerum,Mature,1,,0,0,30,2019,NA,NA
7/29/19,10:48:00,Hoje_A_6,Enallagma_cyathigerum,Mature,1,,1,0,30,2019,NA,NA
7/29/19,10:48:00,Hoje_A_6,Enallagma_cyathigerum,Mature,0,,1,0,30,2019,NA,NA
7/29/19,10:48:00,Hoje_A_6,Sympetrum_sanguineum,Mature,1,,0,0,30,2019,NA,NA
7/29/19,10:48:00,Hoje_A_6,Sympetrum_sanguineum,Mature,1,,0,0,30,2019,NA,NA
6/6/19,8:24:00,Hoje_A_7,Ischnura_elegans,Mature,1,,0,0,30,2019,NA,NA
6/6/19,8:24:00,Hoje_A_7,Ischnura_elegans,Mature,1,,0,0,30,2019,NA,NA
6/6/19,8:24:00,Hoje_A_7,Ischnura_elegans,Immature,1,,0,0,30,2019,NA,NA
6/6/19,8:24:00,Hoje_A_7,Ischnura_elegans,Immature,1,,0,0,30,2019,NA,NA
6/6/19,8:24:00,Hoje_A_7,Coenagrion_pulchellum,Mature,0,,0,0,30,2019,NA,NA
6/6/19,8:24:00,Hoje_A_7,Coenagrion_pulchellum,Mature,1,,0,0,30,2019,NA,NA
6/6/19,8:24:00,Hoje_A_7,Ischnura_elegans,Mature,1,,1,0,30,2019,NA,NA
6/6/19,8:24:00,Hoje_A_7,Ischnura_elegans,Mature,0,Androchrome,1,0,30,2019,Androchrome,NA
6/6/19,8:24:00,Hoje_A_7,Coenagrion_puella,Mature,1,,0,0,30,2019,NA,NA
6/6/19,8:24:00,Hoje_A_7,Ischnura_elegans,Immature,1,,0,0,30,2019,NA,NA
6/6/19,8:24:00,Hoje_A_7,Ischnura_elegans,Mature,1,,0,0,30,2019,NA,NA
6/6/19,8:24:00,Hoje_A_7,Coenagrion_pulchellum,Mature,1,,0,0,30,2019,NA,NA
6/6/19,8:24:00,Hoje_A_7,Ischnura_elegans,Immature,1,,0,0,30,2019,NA,NA
6/6/19,8:24:00,Hoje_A_7,Ischnura_elegans,Mature,1,,0,0,30,2019,NA,NA
6/6/19,8:24:00,Hoje_A_7,Erythromma_najas,Immature,0,,0,0,30,2019,NA,NA
6/6/19,8:24:00,Hoje_A_7,Coenagrion_pulchellum,Mature,1,,0,0,30,2019,NA,NA
6/6/19,8:24:00,Hoje_A_7,Ischnura_elegans,Immature,0,Androchrome,0,0,30,2019,Androchrome,NA
6/6/19,8:24:00,Hoje_A_7,Ischnura_elegans,Mature,1,,0,0,30,2019,NA,NA
6/6/19,8:24:00,Hoje_A_7,Ischnura_elegans,Immature,0,,0,0,30,2019,NA,NA
6/6/19,8:24:00,Hoje_A_7,Ischnura_elegans,Mature,1,,0,0,30,2019,NA,NA
6/6/19,8:24:00,Hoje_A_7,Coenagrion_pulchellum,Mature,0,,0,0,30,2019,NA,NA
6/6/19,8:24:00,Hoje_A_7,Coenagrion_pulchellum,Mature,1,,0,10,30,2019,NA,NA
6/6/19,8:24:00,Hoje_A_7,Ischnura_elegans,Mature,1,,0,0,30,2019,NA,NA
6/6/19,8:24:00,Hoje_A_7,Ischnura_elegans,Immature,0,Androchrome,0,0,30,2019,Androchrome,NA
6/6/19,8:24:00,Hoje_A_7,Ischnura_elegans,Immature,0,,0,0,30,2019,NA,NA
6/6/19,8:24:00,Hoje_A_7,Ischnura_elegans,Immature,0,,0,0,30,2019,NA,NA
6/6/19,8:24:00,Hoje_A_7,Ischnura_elegans,Immature,1,,0,0,30,2019,NA,NA
6/6/19,8:24:00,Hoje_A_7,Ischnura_elegans,Immature,0,,0,0,30,2019,NA,NA
6/6/19,8:24:00,Hoje_A_7,Ischnura_elegans,Immature,0,,0,0,30,2019,NA,NA
6/6/19,8:24:00,Hoje_A_7,Ischnura_elegans,Immature,0,,0,0,30,2019,NA,NA
6/6/19,8:24:00,Hoje_A_7,Ischnura_elegans,Mature,1,,1,0,30,2019,NA,NA
6/6/19,8:24:00,Hoje_A_7,Ischnura_elegans,Mature,0,Gynochrome,1,0,30,2019,Infuscans,NA
6/6/19,8:24:00,Hoje_A_7,Ischnura_elegans,Mature,1,,1,0,30,2019,NA,NA
6/6/19,8:24:00,Hoje_A_7,Ischnura_elegans,Mature,0,Androchrome,1,0,30,2019,Androchrome,NA
6/6/19,8:24:00,Hoje_A_7,Ischnura_elegans,Mature,0,Gynochrome,1,0,30,2019,Infuscans,NA
6/6/19,8:24:00,Hoje_A_7,Ischnura_elegans,Mature,1,,1,0,30,2019,NA,NA
6/6/19,8:24:00,Hoje_A_7,Brachytron_pratense,NA,,,0,0,30,2019,NA,NA
6/6/19,8:24:00,Hoje_A_7,Coenagrion_puella,Mature,1,,0,25,30,2019,NA,NA
6/18/19,11:01:00,Hoje_A_7,Ischnura_elegans,Mature,1,,1,0,30,2019,NA,NA
6/18/19,11:01:00,Hoje_A_7,Ischnura_elegans,Mature,0,Androchrome,1,0,30,2019,Androchrome,NA
6/18/19,11:01:00,Hoje_A_7,Coenagrion_pulchellum,Mature,0,,0,0,30,2019,NA,NA
6/18/19,11:02:00,Hoje_A_7,Ischnura_elegans,Mature,0,,0,0,30,2019,NA,NA
6/18/19,11:02:00,Hoje_A_7,Ischnura_elegans,Mature,1,,1,0,30,2019,NA,NA
6/18/19,11:02:00,Hoje_A_7,Ischnura_elegans,Mature,0,Androchrome,1,0,30,2019,Androchrome,NA
6/18/19,11:02:00,Hoje_A_7,Coenagrion_pulchellum,Mature,1,,1,0,30,2019,NA,NA
6/18/19,11:03:00,Hoje_A_7,Coenagrion_pulchellum,Mature,0,,1,0,30,2019,NA,NA
6/18/19,11:03:00,Hoje_A_7,Coenagrion_pulchellum,Mature,1,,1,0,30,2019,NA,NA
6/18/19,11:03:00,Hoje_A_7,Coenagrion_pulchellum,Mature,0,,1,0,30,2019,NA,NA
6/18/19,11:03:00,Hoje_A_7,Ischnura_elegans,Mature,1,,1,0,30,2019,NA,NA
6/18/19,11:03:00,Hoje_A_7,Ischnura_elegans,Mature,0,Gynochrome,1,0,30,2019,Infuscans,NA
6/18/19,11:04:00,Hoje_A_7,Coenagrion_pulchellum,Mature,1,,0,0,30,2019,NA,NA
6/18/19,11:04:00,Hoje_A_7,Ischnura_elegans,Mature,1,,0,0,30,2019,NA,NA
6/18/19,11:04:00,Hoje_A_7,Ischnura_elegans,Mature,0,Androchrome,0,0,30,2019,Androchrome,NA
6/18/19,11:05:00,Hoje_A_7,Ischnura_elegans,Mature,1,,0,0,30,2019,NA,NA
6/18/19,11:05:00,Hoje_A_7,Ischnura_elegans,Mature,1,,0,0,30,2019,NA,NA
6/18/19,11:05:00,Hoje_A_7,Coenagrion_pulchellum,Mature,1,,0,0,30,2019,NA,NA
6/18/19,11:05:00,Hoje_A_7,Erythromma_najas,Mature,0,,0,0,30,2019,NA,NA
6/18/19,11:06:00,Hoje_A_7,Coenagrion_pulchellum,Mature,1,,0,0,30,2019,NA,NA
6/18/19,11:06:00,Hoje_A_7,Coenagrion_pulchellum,Mature,1,,0,0,30,2019,NA,NA
6/18/19,11:06:00,Hoje_A_7,Ischnura_elegans,Mature,1,,0,0,30,2019,NA,NA
6/18/19,11:06:00,Hoje_A_7,Ischnura_elegans,Mature,1,,0,0,30,2019,NA,NA
6/18/19,11:07:00,Hoje_A_7,Coenagrion_pulchellum,Mature,1,,0,0,30,2019,NA,NA
6/18/19,11:07:00,Hoje_A_7,Calopteryx_splendens,Mature,1,,0,0,30,2019,NA,NA
6/18/19,11:07:00,Hoje_A_7,Ischnura_elegans,Mature,0,Gynochrome,0,0,30,2019,Androchrome,Violacea_(Androchrome)
6/18/19,11:07:00,Hoje_A_7,Enallagma_cyathigerum,Teneral,1,,0,0,30,2019,NA,NA
6/18/19,11:08:00,Hoje_A_7,Ischnura_elegans,Mature,1,,0,0,30,2019,NA,NA
6/18/19,11:08:00,Hoje_A_7,Coenagrion_pulchellum,Mature,1,,0,0,30,2019,NA,NA
6/18/19,11:08:00,Hoje_A_7,Ischnura_elegans,Mature,1,,0,0,30,2019,NA,NA
6/18/19,11:08:00,Hoje_A_7,Ischnura_elegans,Mature,1,,0,0,30,2019,NA,NA
6/18/19,11:09:00,Hoje_A_7,Coenagrion_pulchellum,Mature,1,,0,0,30,2019,NA,NA
6/18/19,11:09:00,Hoje_A_7,Coenagrion_pulchellum,Mature,1,,0,0,30,2019,NA,NA
6/18/19,11:09:00,Hoje_A_7,Ischnura_elegans,Immature,1,,0,0,30,2019,NA,NA
6/18/19,11:09:00,Hoje_A_7,Ischnura_elegans,Mature,1,,0,0,30,2019,NA,NA
6/18/19,11:10:00,Hoje_A_7,Ischnura_elegans,Mature,1,,0,0,30,2019,NA,NA
6/18/19,11:10:00,Hoje_A_7,Coenagrion_pulchellum,Mature,1,,0,0,30,2019,NA,NA
6/18/19,11:10:00,Hoje_A_7,Ischnura_elegans,Mature,1,,0,0,30,2019,NA,NA
6/18/19,11:10:00,Hoje_A_7,Coenagrion_pulchellum,Mature,1,,0,0,30,2019,NA,NA
6/18/19,11:11:00,Hoje_A_7,Ischnura_elegans,Immature,1,,0,0,30,2019,NA,NA
6/18/19,11:44:00,Hoje_A_7,Brachytron_pratense,Mature,1,,0,0,30,2019,NA,NA
6/18/19,11:45:00,Hoje_A_7,Libellula_depressa,Mature,1,,0,0,30,2019,NA,NA
7/1/19,12:02:00,Hoje_A_7,Ischnura_elegans,Mature,1,,1,0,30,2019,NA,NA
7/1/19,12:02:00,Hoje_A_7,Ischnura_elegans,Mature,0,,1,0,30,2019,NA,NA
7/1/19,12:02:00,Hoje_A_7,Ischnura_elegans,Mature,1,,1,0,30,2019,NA,NA
7/1/19,12:02:00,Hoje_A_7,Ischnura_elegans,Mature,0,,1,0,30,2019,NA,NA
7/1/19,12:03:00,Hoje_A_7,Ischnura_elegans,Mature,1,,0,0,30,2019,NA,NA
7/1/19,12:03:00,Hoje_A_7,Calopteryx_splendens,Mature,1,,0,0,30,2019,NA,NA
7/1/19,12:03:00,Hoje_A_7,Enallagma_cyathigerum,Mature,1,,0,0,30,2019,NA,NA
7/1/19,12:03:00,Hoje_A_7,Enallagma_cyathigerum,Mature,1,,0,0,30,2019,NA,NA
7/1/19,12:04:00,Hoje_A_7,Ischnura_elegans,Mature,1,,0,0,30,2019,NA,NA
7/1/19,12:04:00,Hoje_A_7,Ischnura_elegans,Mature,0,Gynochrome,0,0,30,2019,Infuscans,NA
7/1/19,12:04:00,Hoje_A_7,Ischnura_elegans,Mature,0,Androchrome,0,0,30,2019,Androchrome,NA
7/1/19,12:04:00,Hoje_A_7,Ischnura_elegans,Mature,1,,0,0,30,2019,NA,NA
7/1/19,12:04:00,Hoje_A_7,Ischnura_elegans,Mature,1,,0,0,30,2019,NA,NA
7/1/19,12:05:00,Hoje_A_7,Enallagma_cyathigerum,Mature,1,,0,0,30,2019,NA,NA
7/1/19,12:05:00,Hoje_A_7,Enallagma_cyathigerum,Mature,1,,0,0,30,2019,NA,NA
7/1/19,12:05:00,Hoje_A_7,Ischnura_elegans,Mature,1,,0,0,30,2019,NA,NA
7/1/19,12:05:00,Hoje_A_7,Ischnura_elegans,Mature,1,,0,0,30,2019,NA,NA
7/1/19,12:05:00,Hoje_A_7,Ischnura_elegans,Mature,1,,0,0,30,2019,NA,NA
7/1/19,12:05:00,Hoje_A_7,Ischnura_elegans,Mature,1,,0,0,30,2019,NA,NA
7/1/19,12:05:00,Hoje_A_7,Ischnura_elegans,Mature,1,,0,0,30,2019,NA,NA
7/1/19,12:05:00,Hoje_A_7,Ischnura_elegans,Mature,1,,0,0,30,2019,NA,NA
7/1/19,12:06:00,Hoje_A_7,Ischnura_elegans,Mature,0,Androchrome,0,0,30,2019,Androchrome,NA
7/1/19,12:06:00,Hoje_A_7,Enallagma_cyathigerum,Mature,0,,0,0,30,2019,NA,NA
7/1/19,12:06:00,Hoje_A_7,Ischnura_elegans,Mature,1,,0,0,30,2019,NA,NA
7/1/19,12:06:00,Hoje_A_7,Ischnura_elegans,Mature,1,,0,0,30,2019,NA,NA
7/1/19,12:06:00,Hoje_A_7,Ischnura_elegans,Mature,1,,0,0,30,2019,NA,NA
7/1/19,12:06:00,Hoje_A_7,Ischnura_elegans,Mature,1,,0,0,30,2019,NA,NA
7/1/19,12:06:00,Hoje_A_7,Ischnura_elegans,Mature,1,,0,0,30,2019,NA,NA
7/1/19,12:06:00,Hoje_A_7,Ischnura_elegans,Mature,1,,0,0,30,2019,NA,NA
7/1/19,12:06:00,Hoje_A_7,Ischnura_elegans,Mature,1,,0,0,30,2019,NA,NA
7/1/19,12:07:00,Hoje_A_7,Ischnura_elegans,Mature,1,,0,0,30,2019,NA,NA
7/1/19,12:07:00,Hoje_A_7,Enallagma_cyathigerum,Mature,1,,0,0,30,2019,NA,NA
7/1/19,12:07:00,Hoje_A_7,Ischnura_elegans,Mature,1,,0,0,30,2019,NA,NA
7/1/19,12:07:00,Hoje_A_7,Ischnura_elegans,Mature,1,,0,0,30,2019,NA,NA
7/1/19,12:07:00,Hoje_A_7,Ischnura_elegans,Immature,1,,0,0,30,2019,NA,NA
7/1/19,12:07:00,Hoje_A_7,Ischnura_elegans,Mature,1,,1,0,30,2019,NA,NA
7/1/19,12:08:00,Hoje_A_7,Ischnura_elegans,Mature,0,Gynochrome,1,0,30,2019,Infuscans,NA
7/1/19,12:08:00,Hoje_A_7,Ischnura_elegans,Mature,1,,1,0,30,2019,NA,NA
7/1/19,12:08:00,Hoje_A_7,Ischnura_elegans,Mature,0,Gynochrome,1,0,30,2019,Infuscans,NA
7/1/19,12:09:00,Hoje_A_7,Ischnura_elegans,Mature,1,,1,0,30,2019,NA,NA
7/1/19,12:09:00,Hoje_A_7,Ischnura_elegans,Mature,0,Androchrome,1,0,30,2019,Androchrome,NA
7/15/19,13:27:00,Hoje_A_7,Ischnura_elegans,Mature,1,,0,0,30,2019,NA,NA
7/15/19,13:27:00,Hoje_A_7,Enallagma_cyathigerum,Mature,1,,0,0,30,2019,NA,NA
7/15/19,13:27:00,Hoje_A_7,Ischnura_elegans,Mature,1,,0,0,30,2019,NA,NA
7/15/19,13:27:00,Hoje_A_7,Ischnura_elegans,Mature,1,,0,0,30,2019,NA,NA
7/15/19,13:27:00,Hoje_A_7,Ischnura_elegans,Mature,0,Androchrome,0,0,30,2019,Androchrome,NA
7/15/19,13:27:00,Hoje_A_7,Ischnura_elegans,Mature,0,Gynochrome,0,0,30,2019,Androchrome,Violacea_(Androchrome)
7/15/19,13:28:00,Hoje_A_7,Ischnura_elegans,Mature,1,,0,0,30,2019,NA,NA
7/15/19,13:28:00,Hoje_A_7,Ischnura_elegans,Mature,1,,0,0,30,2019,NA,NA
7/15/19,13:28:00,Hoje_A_7,Ischnura_elegans,Mature,1,,0,0,30,2019,NA,NA
7/15/19,13:28:00,Hoje_A_7,Ischnura_elegans,Mature,1,,0,0,30,2019,NA,NA
7/15/19,13:28:00,Hoje_A_7,Ischnura_elegans,Mature,1,,0,1,30,2019,NA,NA
7/15/19,13:28:00,Hoje_A_7,Ischnura_elegans,Mature,0,Gynochrome,0,0,30,2019,Infuscans,NA
7/15/19,13:28:00,Hoje_A_7,Ischnura_elegans,Mature,1,,0,0,30,2019,NA,NA
7/15/19,13:29:00,Hoje_A_7,Ischnura_elegans,Mature,1,,0,0,30,2019,NA,NA
7/15/19,13:29:00,Hoje_A_7,Ischnura_elegans,Mature,0,Androchrome,0,0,30,2019,Androchrome,NA
7/15/19,13:29:00,Hoje_A_7,Ischnura_elegans,Mature,0,Androchrome,0,0,30,2019,Androchrome,NA
7/15/19,13:29:00,Hoje_A_7,Ischnura_elegans,Mature,1,,0,0,30,2019,NA,NA
7/15/19,13:29:00,Hoje_A_7,Ischnura_elegans,Mature,0,Androchrome,0,0,30,2019,Androchrome,NA
7/15/19,13:30:00,Hoje_A_7,Erythromma_viridulum,Mature,1,,0,0,30,2019,NA,NA
7/15/19,13:30:00,Hoje_A_7,Enallagma_cyathigerum,Mature,1,,0,0,30,2019,NA,NA
7/29/19,11:08:00,Hoje_A_7,Anax_imperator,Mature,1,,0,0,30,2019,NA,NA
7/29/19,11:08:00,Hoje_A_7,Aeshna_grandis,Mature,1,,0,0,30,2019,NA,NA
7/29/19,11:09:00,Hoje_A_7,Sympetrum_sanguineum,Mature,1,,0,0,30,2019,NA,NA
7/29/19,11:09:00,Hoje_A_7,Enallagma_cyathigerum,Mature,1,,0,0,30,2019,NA,NA
7/29/19,11:09:00,Hoje_A_7,Ischnura_elegans,Mature,1,,1,0,30,2019,NA,NA
7/29/19,11:09:00,Hoje_A_7,Ischnura_elegans,Mature,0,Gynochrome,1,0,30,2019,Infuscans,NA
7/29/19,11:10:00,Hoje_A_7,Enallagma_cyathigerum,Mature,1,,0,0,30,2019,NA,NA
7/29/19,11:10:00,Hoje_A_7,Enallagma_cyathigerum,Mature,1,,0,0,30,2019,NA,NA
6/4/19,8:24:00,Holmeja,Leucorrhinia_dubia,NA,,,0,0,30,2019,NA,NA
6/4/19,8:24:00,Holmeja,Leucorrhinia_dubia,NA,,,0,0,30,2019,NA,NA
6/4/19,8:24:00,Holmeja,Leucorrhinia_dubia,NA,,,0,0,30,2019,NA,NA
6/4/19,8:24:00,Holmeja,Leucorrhinia_dubia,NA,,,0,0,30,2019,NA,NA
6/4/19,8:24:00,Holmeja,Leucorrhinia_dubia,NA,,,0,0,30,2019,NA,NA
6/4/19,8:24:00,Holmeja,Leucorrhinia_dubia,NA,,,0,0,30,2019,NA,NA
6/4/19,8:24:00,Holmeja,Leucorrhinia_dubia,NA,,,0,0,30,2019,NA,NA
6/4/19,8:24:00,Holmeja,Leucorrhinia_dubia,NA,,,0,0,30,2019,NA,NA
6/4/19,8:24:00,Holmeja,Leucorrhinia_dubia,NA,,,0,0,30,2019,NA,NA
6/4/19,8:24:00,Holmeja,Leucorrhinia_dubia,NA,,,0,0,30,2019,NA,NA
6/4/19,8:24:00,Holmeja,Leucorrhinia_dubia,NA,,,0,0,30,2019,NA,NA
6/4/19,8:24:00,Holmeja,Leucorrhinia_dubia,NA,,,0,0,30,2019,NA,NA
6/4/19,8:24:00,Holmeja,Leucorrhinia_dubia,NA,,,0,0,30,2019,NA,NA
6/4/19,8:24:00,Holmeja,Leucorrhinia_dubia,NA,,,0,0,30,2019,NA,NA
6/4/19,8:24:00,Holmeja,Leucorrhinia_dubia,NA,,,0,0,30,2019,NA,NA
6/4/19,8:24:00,Holmeja,Leucorrhinia_dubia,NA,,,0,0,30,2019,NA,NA
6/4/19,8:24:00,Holmeja,Leucorrhinia_dubia,NA,,,0,0,30,2019,NA,NA
6/4/19,8:24:00,Holmeja,Leucorrhinia_dubia,NA,,,0,0,30,2019,NA,NA
6/4/19,8:24:00,Holmeja,Leucorrhinia_dubia,NA,,,0,0,30,2019,NA,NA
6/4/19,8:24:00,Holmeja,Leucorrhinia_dubia,NA,,,0,0,30,2019,NA,NA
6/4/19,8:24:00,Holmeja,Leucorrhinia_dubia,NA,,,0,0,30,2019,NA,NA
6/4/19,8:24:00,Holmeja,Leucorrhinia_dubia,NA,,,0,0,30,2019,NA,NA
6/4/19,8:24:00,Holmeja,Leucorrhinia_dubia,NA,,,0,0,30,2019,NA,NA
6/4/19,8:24:00,Holmeja,Leucorrhinia_dubia,NA,,,0,0,30,2019,NA,NA
6/4/19,8:24:00,Holmeja,Leucorrhinia_dubia,NA,,,0,0,30,2019,NA,NA
6/4/19,8:24:00,Holmeja,Leucorrhinia_dubia,NA,,,0,0,30,2019,NA,NA
6/4/19,8:24:00,Holmeja,Leucorrhinia_dubia,NA,,,0,0,30,2019,NA,NA
6/4/19,8:24:00,Holmeja,Leucorrhinia_dubia,NA,,,0,0,30,2019,NA,NA
6/4/19,8:24:00,Holmeja,Leucorrhinia_dubia,NA,,,0,0,30,2019,NA,NA
6/4/19,8:24:00,Holmeja,Leucorrhinia_dubia,NA,,,0,0,30,2019,NA,NA
6/4/19,8:24:00,Holmeja,Anax_imperator,NA,,,0,0,30,2019,NA,NA
6/4/19,8:24:00,Holmeja,Cordulia_aenea,NA,,,0,0,30,2019,NA,NA
6/4/19,8:24:00,Holmeja,Coenagrion_hastulatum,Mature,1,,0,9,30,2019,NA,NA
6/4/19,8:24:00,Holmeja,Coenagrion_hastulatum,Mature,1,,0,26,30,2019,NA,NA
6/4/19,8:24:00,Holmeja,Coenagrion_hastulatum,Mature,1,,0,2,30,2019,NA,NA
6/4/19,8:24:00,Holmeja,Coenagrion_hastulatum,Mature,1,,0,0,30,2019,NA,NA
6/4/19,8:24:00,Holmeja,Coenagrion_hastulatum,Mature,1,,0,5,30,2019,NA,NA
6/4/19,8:24:00,Holmeja,Coenagrion_puella,Immature,1,,0,0,30,2019,NA,NA
6/4/19,8:24:00,Holmeja,Coenagrion_puella,Immature,1,,0,0,30,2019,NA,NA
6/4/19,8:24:00,Holmeja,Coenagrion_puella,Immature,1,,0,7,30,2019,NA,NA
6/4/19,8:24:00,Holmeja,Coenagrion_hastulatum,Mature,1,,0,7,30,2019,NA,NA
6/4/19,8:24:00,Holmeja,Coenagrion_hastulatum,Mature,1,,0,0,30,2019,NA,NA
6/14/19,11:05:00,Holmeja,Anax_imperator,Mature,1,,0,NA,30,2019,NA,NA
6/14/19,11:05:00,Holmeja,Anax_imperator,Mature,1,,0,NA,30,2019,NA,NA
6/14/19,11:05:00,Holmeja,Libellula_quadrimaculata,Mature,1,,1,NA,30,2019,NA,NA
6/14/19,11:05:00,Holmeja,Libellula_quadrimaculata,Mature,0,,1,NA,30,2019,NA,NA
6/14/19,11:05:00,Holmeja,Libellula_quadrimaculata,Mature,,,0,NA,30,2019,NA,NA
6/14/19,11:05:00,Holmeja,Libellula_quadrimaculata,Mature,,,0,NA,30,2019,NA,NA
6/14/19,11:05:00,Holmeja,Libellula_quadrimaculata,Mature,,,0,NA,30,2019,NA,NA
6/14/19,11:05:00,Holmeja,Libellula_quadrimaculata,Mature,,,0,NA,30,2019,NA,NA
6/14/19,11:05:00,Holmeja,Libellula_quadrimaculata,Mature,,,0,NA,30,2019,NA,NA
6/14/19,11:05:00,Holmeja,Libellula_quadrimaculata,Mature,,,0,NA,30,2019,NA,NA
6/14/19,11:05:00,Holmeja,Libellula_quadrimaculata,Mature,,,0,NA,30,2019,NA,NA
6/14/19,11:05:00,Holmeja,Libellula_quadrimaculata,Mature,,,0,NA,30,2019,NA,NA
6/14/19,11:05:00,Holmeja,Libellula_quadrimaculata,Mature,,,0,NA,30,2019,NA,NA
6/14/19,11:05:00,Holmeja,Libellula_quadrimaculata,Mature,,,0,NA,30,2019,NA,NA
6/14/19,11:05:00,Holmeja,Libellula_quadrimaculata,Mature,,,0,NA,30,2019,NA,NA
6/14/19,11:05:00,Holmeja,Libellula_quadrimaculata,Mature,,,0,NA,30,2019,NA,NA
6/14/19,11:05:00,Holmeja,Libellula_quadrimaculata,Mature,,,0,NA,30,2019,NA,NA
6/14/19,11:05:00,Holmeja,Libellula_quadrimaculata,Mature,,,0,NA,30,2019,NA,NA
6/14/19,11:05:00,Holmeja,Libellula_quadrimaculata,Mature,,,0,NA,30,2019,NA,NA
6/14/19,11:05:00,Holmeja,Libellula_quadrimaculata,Mature,,,0,NA,30,2019,NA,NA
6/14/19,11:05:00,Holmeja,Libellula_quadrimaculata,Mature,,,0,NA,30,2019,NA,NA
6/14/19,11:05:00,Holmeja,Libellula_quadrimaculata,Mature,,,0,NA,30,2019,NA,NA
6/14/19,11:05:00,Holmeja,Libellula_quadrimaculata,Mature,,,0,NA,30,2019,NA,NA
6/14/19,11:05:00,Holmeja,Libellula_quadrimaculata,Mature,,,0,NA,30,2019,NA,NA
6/14/19,11:05:00,Holmeja,Libellula_quadrimaculata,Mature,,,0,NA,30,2019,NA,NA
6/14/19,11:05:00,Holmeja,Libellula_quadrimaculata,Mature,,,0,NA,30,2019,NA,NA
6/14/19,11:05:00,Holmeja,Libellula_quadrimaculata,Mature,,,0,NA,30,2019,NA,NA
6/14/19,11:05:00,Holmeja,Libellula_quadrimaculata,Mature,,,0,NA,30,2019,NA,NA
6/14/19,11:05:00,Holmeja,Libellula_quadrimaculata,Mature,,,0,NA,30,2019,NA,NA
6/14/19,11:05:00,Holmeja,Libellula_quadrimaculata,Mature,,,0,NA,30,2019,NA,NA
6/14/19,11:05:00,Holmeja,Libellula_quadrimaculata,Mature,,,0,NA,30,2019,NA,NA
6/14/19,11:05:00,Holmeja,Libellula_quadrimaculata,Mature,,,0,NA,30,2019,NA,NA
6/14/19,11:05:00,Holmeja,Libellula_quadrimaculata,Mature,,,0,NA,30,2019,NA,NA
6/14/19,11:05:00,Holmeja,Libellula_quadrimaculata,Mature,,,0,NA,30,2019,NA,NA
6/14/19,11:05:00,Holmeja,Leucorrhinia_pectoralis,Mature,1,,0,NA,30,2019,NA,NA
6/14/19,11:05:00,Holmeja,Leucorrhinia_pectoralis,Mature,1,,0,NA,30,2019,NA,NA
6/14/19,11:05:00,Holmeja,Leucorrhinia_pectoralis,Mature,1,,1,0,30,2019,NA,NA
6/14/19,11:05:00,Holmeja,Leucorrhinia_pectoralis,Mature,0,,1,0,30,2019,NA,NA
6/14/19,11:05:00,Holmeja,Leucorrhinia_dubia,Mature,1,,0,0,30,2019,NA,NA
6/14/19,11:05:00,Holmeja,Leucorrhinia_dubia,Mature,1,,0,0,30,2019,NA,NA
6/14/19,11:05:00,Holmeja,Leucorrhinia_dubia,Mature,1,,0,0,30,2019,NA,NA
6/14/19,11:05:00,Holmeja,Leucorrhinia_dubia,Mature,1,,0,0,30,2019,NA,NA
6/14/19,11:05:00,Holmeja,Leucorrhinia_dubia,Mature,1,,0,0,30,2019,NA,NA
6/14/19,11:05:00,Holmeja,Leucorrhinia_dubia,Mature,1,,0,0,30,2019,NA,NA
6/14/19,11:05:00,Holmeja,Leucorrhinia_dubia,Mature,1,,0,0,30,2019,NA,NA
6/14/19,11:05:00,Holmeja,Leucorrhinia_dubia,Mature,1,,0,0,30,2019,NA,NA
6/14/19,11:05:00,Holmeja,Leucorrhinia_dubia,Mature,1,,0,0,30,2019,NA,NA
6/14/19,11:05:00,Holmeja,Leucorrhinia_dubia,Mature,1,,0,0,30,2019,NA,NA
6/14/19,11:05:00,Holmeja,Leucorrhinia_dubia,Mature,1,,0,0,30,2019,NA,NA
6/14/19,11:05:00,Holmeja,Leucorrhinia_dubia,Mature,1,,0,0,30,2019,NA,NA
6/14/19,11:05:00,Holmeja,Leucorrhinia_dubia,Mature,1,,0,0,30,2019,NA,NA
6/14/19,11:05:00,Holmeja,Leucorrhinia_dubia,Mature,1,,0,0,30,2019,NA,NA
6/14/19,11:05:00,Holmeja,Leucorrhinia_dubia,Mature,1,,0,0,30,2019,NA,NA
6/14/19,11:05:00,Holmeja,Leucorrhinia_dubia,Mature,1,,0,0,30,2019,NA,NA
6/14/19,11:05:00,Holmeja,Leucorrhinia_dubia,Mature,1,,0,0,30,2019,NA,NA
6/14/19,11:05:00,Holmeja,Leucorrhinia_dubia,Mature,1,,0,0,30,2019,NA,NA
6/14/19,11:05:00,Holmeja,Leucorrhinia_dubia,Mature,1,,0,0,30,2019,NA,NA
6/14/19,11:05:00,Holmeja,Leucorrhinia_dubia,Mature,1,,0,0,30,2019,NA,NA
6/14/19,11:05:00,Holmeja,Coenagrion_puella,Mature,1,,1,5,30,2019,NA,NA
6/14/19,11:05:00,Holmeja,Coenagrion_puella,Mature,0,Androchrome,1,2,30,2019,NA,NA
6/14/19,11:05:00,Holmeja,Coenagrion_puella,Mature,1,,1,0,30,2019,NA,NA
6/14/19,11:05:00,Holmeja,Coenagrion_puella,Mature,0,,1,82,30,2019,NA,NA
6/14/19,11:05:00,Holmeja,Coenagrion_puella,Mature,1,,0,0,30,2019,NA,NA
6/14/19,11:05:00,Holmeja,Coenagrion_puella,Mature,1,,0,0,30,2019,NA,NA
6/14/19,11:05:00,Holmeja,Coenagrion_puella,Mature,1,,0,0,30,2019,NA,NA
6/14/19,11:05:00,Holmeja,Coenagrion_puella,Mature,1,,0,0,30,2019,NA,NA
6/14/19,11:05:00,Holmeja,Coenagrion_pulchellum,Mature,1,,0,0,30,2019,NA,NA
6/14/19,11:05:00,Holmeja,Coenagrion_puella,Mature,1,,0,0,30,2019,NA,NA
6/14/19,11:05:00,Holmeja,Coenagrion_hastulatum,Mature,1,,0,3,30,2019,NA,NA
6/14/19,11:05:00,Holmeja,Coenagrion_puella,Mature,1,,0,0,30,2019,NA,NA
6/14/19,11:05:00,Holmeja,Coenagrion_puella,Mature,1,,0,0,30,2019,NA,NA
6/14/19,11:05:00,Holmeja,Coenagrion_puella,Mature,1,,0,0,30,2019,NA,NA
6/14/19,11:05:00,Holmeja,Coenagrion_puella,Mature,1,,0,0,30,2019,NA,NA
6/14/19,11:05:00,Holmeja,Coenagrion_hastulatum,Mature,1,,0,6,30,2019,NA,NA
6/14/19,11:05:00,Holmeja,Coenagrion_pulchellum,Teneral,0,,0,0,30,2019,NA,NA
6/14/19,11:05:00,Holmeja,Coenagrion_puella,Mature,1,,0,2,30,2019,NA,NA
6/14/19,11:05:00,Holmeja,Coenagrion_puella,Mature,1,,0,0,30,2019,NA,NA
6/14/19,11:05:00,Holmeja,Coenagrion_puella,Mature,1,,0,25,30,2019,NA,NA
6/14/19,11:05:00,Holmeja,Coenagrion_puella,Mature,1,,0,1,30,2019,NA,NA
6/14/19,11:05:00,Holmeja,Coenagrion_hastulatum,Mature,1,,0,3,30,2019,NA,NA
6/14/19,11:05:00,Holmeja,Coenagrion_puella,Mature,1,,0,1,30,2019,NA,NA
6/14/19,11:05:00,Holmeja,Coenagrion_puella,Mature,1,,0,0,30,2019,NA,NA
6/14/19,11:05:00,Holmeja,Coenagrion_puella,Mature,1,,0,0,30,2019,NA,NA
6/14/19,11:05:00,Holmeja,Coenagrion_puella,Mature,1,,0,32,30,2019,NA,NA
6/14/19,11:05:00,Holmeja,Coenagrion_puella,Mature,1,,0,0,30,2019,NA,NA
6/14/19,11:05:00,Holmeja,Coenagrion_puella,Mature,1,,0,19,30,2019,NA,NA
6/14/19,11:05:00,Holmeja,Coenagrion_puella,Mature,1,,0,2,30,2019,NA,NA
6/14/19,11:05:00,Holmeja,Coenagrion_puella,Mature,1,,0,0,30,2019,NA,NA
6/14/19,11:05:00,Holmeja,Coenagrion_puella,Mature,1,,0,11,30,2019,NA,NA
6/14/19,11:05:00,Holmeja,Coenagrion_puella,Mature,1,,0,0,30,2019,NA,NA
6/14/19,11:05:00,Holmeja,Coenagrion_puella,Mature,1,,0,53,30,2019,NA,NA
6/14/19,11:05:00,Holmeja,Coenagrion_puella,Mature,1,,0,4,30,2019,NA,NA
6/14/19,11:05:00,Holmeja,Coenagrion_hastulatum,Mature,1,,0,2,30,2019,NA,NA
6/14/19,11:05:00,Holmeja,Coenagrion_puella,Mature,1,,0,0,30,2019,NA,NA
6/30/19,11:45:00,Holmeja,Somatochlora_flavomaculata,Mature,1,,0,NA,30,2019,NA,NA
6/30/19,11:45:00,Holmeja,Somatochlora_flavomaculata,Mature,1,,0,NA,30,2019,NA,NA
6/30/19,11:45:00,Holmeja,Aeshna_grandis,Mature,,,0,NA,30,2019,NA,NA
6/30/19,11:45:00,Holmeja,Aeshna_grandis,Mature,,,0,NA,30,2019,NA,NA
6/30/19,11:45:00,Holmeja,Aeshna_grandis,Mature,,,0,NA,30,2019,NA,NA
6/30/19,11:45:00,Holmeja,Aeshna_grandis,Mature,,,0,NA,30,2019,NA,NA
6/30/19,11:45:00,Holmeja,Anax_imperator,Mature,0,,0,NA,30,2019,NA,NA
6/30/19,11:45:00,Holmeja,Libellula_quadrimaculata,Mature,,,0,NA,30,2019,NA,NA
6/30/19,11:45:00,Holmeja,Libellula_quadrimaculata,Mature,,,0,NA,30,2019,NA,NA
6/30/19,11:45:00,Holmeja,Libellula_quadrimaculata,Mature,,,0,NA,30,2019,NA,NA
6/30/19,11:45:00,Holmeja,Libellula_quadrimaculata,Mature,,,0,NA,30,2019,NA,NA
6/30/19,11:45:00,Holmeja,Libellula_quadrimaculata,Mature,,,0,NA,30,2019,NA,NA
6/30/19,11:45:00,Holmeja,Libellula_quadrimaculata,Mature,,,0,NA,30,2019,NA,NA
6/30/19,11:45:00,Holmeja,Libellula_quadrimaculata,Mature,,,0,NA,30,2019,NA,NA
6/30/19,11:45:00,Holmeja,Libellula_quadrimaculata,Mature,,,0,NA,30,2019,NA,NA
6/30/19,11:45:00,Holmeja,Libellula_quadrimaculata,Mature,,,0,NA,30,2019,NA,NA
6/30/19,11:45:00,Holmeja,Libellula_quadrimaculata,Mature,,,0,NA,30,2019,NA,NA
6/30/19,11:45:00,Holmeja,Libellula_quadrimaculata,Mature,,,0,NA,30,2019,NA,NA
6/30/19,11:45:00,Holmeja,Libellula_quadrimaculata,Mature,,,0,NA,30,2019,NA,NA
6/30/19,11:45:00,Holmeja,Libellula_quadrimaculata,Mature,,,0,NA,30,2019,NA,NA
6/30/19,11:45:00,Holmeja,Libellula_quadrimaculata,Mature,,,0,NA,30,2019,NA,NA
6/30/19,11:45:00,Holmeja,Libellula_quadrimaculata,Mature,,,0,NA,30,2019,NA,NA
6/30/19,11:45:00,Holmeja,Libellula_quadrimaculata,Mature,,,0,NA,30,2019,NA,NA
6/30/19,11:45:00,Holmeja,Libellula_quadrimaculata,Mature,,,0,NA,30,2019,NA,NA
6/30/19,11:45:00,Holmeja,Libellula_quadrimaculata,Mature,,,0,NA,30,2019,NA,NA
6/30/19,11:45:00,Holmeja,Libellula_quadrimaculata,Mature,,,0,NA,30,2019,NA,NA
6/30/19,11:45:00,Holmeja,Libellula_quadrimaculata,Mature,,,0,NA,30,2019,NA,NA
6/30/19,11:45:00,Holmeja,Libellula_quadrimaculata,Mature,1,,1,NA,30,2019,NA,NA
6/30/19,11:45:00,Holmeja,Libellula_quadrimaculata,Mature,1,,1,NA,30,2019,NA,NA
6/30/19,11:45:00,Holmeja,Libellula_quadrimaculata,Mature,1,,1,NA,30,2019,NA,NA
6/30/19,11:45:00,Holmeja,Libellula_quadrimaculata,Mature,0,,1,NA,30,2019,NA,NA
6/30/19,11:45:00,Holmeja,Libellula_quadrimaculata,Mature,0,,1,NA,30,2019,NA,NA
6/30/19,11:45:00,Holmeja,Libellula_quadrimaculata,Mature,0,,1,NA,30,2019,NA,NA
6/30/19,11:45:00,Holmeja,Leucorrhinia_pectoralis,Mature,1,,0,NA,30,2019,NA,NA
6/30/19,11:45:00,Holmeja,NA,Mature,1,,0,NA,30,2019,NA,NA
6/30/19,11:45:00,Holmeja,NA,Mature,1,,0,NA,30,2019,NA,NA
6/30/19,11:45:00,Holmeja,NA,Mature,1,,0,NA,30,2019,NA,NA
6/30/19,11:45:00,Holmeja,NA,Mature,1,,0,NA,30,2019,NA,NA
6/30/19,11:45:00,Holmeja,NA,Mature,1,,0,NA,30,2019,NA,NA
6/30/19,11:45:00,Holmeja,NA,Mature,1,,0,NA,30,2019,NA,NA
6/30/19,11:45:00,Holmeja,NA,Mature,1,,0,NA,30,2019,NA,NA
6/30/19,11:45:00,Holmeja,NA,Mature,1,,0,NA,30,2019,NA,NA
6/30/19,11:45:00,Holmeja,NA,Mature,1,,0,NA,30,2019,NA,NA
6/30/19,11:45:00,Holmeja,NA,Mature,1,,0,NA,30,2019,NA,NA
6/30/19,11:45:00,Holmeja,NA,Mature,1,,0,NA,30,2019,NA,NA
6/30/19,11:45:00,Holmeja,NA,Mature,1,,0,NA,30,2019,NA,NA
6/30/19,11:45:00,Holmeja,NA,Mature,1,,0,NA,30,2019,NA,NA
6/30/19,11:45:00,Holmeja,NA,Mature,1,,0,NA,30,2019,NA,NA
6/30/19,11:45:00,Holmeja,NA,Mature,1,,0,NA,30,2019,NA,NA
6/30/19,11:45:00,Holmeja,Sympetrum_sanguineum,Immature,0,,0,NA,30,2019,NA,NA
6/30/19,11:45:00,Holmeja,Sympetrum_sanguineum,Immature,0,,0,NA,30,2019,NA,NA
6/30/19,11:45:00,Holmeja,Sympetrum_sanguineum,Immature,0,,0,NA,30,2019,NA,NA
6/30/19,11:45:00,Holmeja,Sympetrum_sanguineum,Immature,0,,0,NA,30,2019,NA,NA
6/30/19,11:45:00,Holmeja,Sympetrum_sanguineum,Immature,0,,0,NA,30,2019,NA,NA
6/30/19,11:45:00,Holmeja,Sympetrum_sanguineum,Immature,0,,0,NA,30,2019,NA,NA
6/30/19,11:45:00,Holmeja,Sympetrum_sanguineum,Immature,0,,0,NA,30,2019,NA,NA
6/30/19,11:45:00,Holmeja,Sympetrum_sanguineum,Immature,0,,0,NA,30,2019,NA,NA
6/30/19,11:45:00,Holmeja,Sympetrum_sanguineum,Immature,0,,0,NA,30,2019,NA,NA
6/30/19,11:45:00,Holmeja,Sympetrum_sanguineum,Immature,0,,0,NA,30,2019,NA,NA
6/30/19,11:45:00,Holmeja,Sympetrum_sanguineum,Immature,0,,0,NA,30,2019,NA,NA
6/30/19,11:45:00,Holmeja,Sympetrum_sanguineum,Immature,0,,0,NA,30,2019,NA,NA
6/30/19,11:45:00,Holmeja,Sympetrum_sanguineum,Immature,0,,0,NA,30,2019,NA,NA
6/30/19,11:45:00,Holmeja,Sympetrum_sanguineum,Immature,0,,0,NA,30,2019,NA,NA
6/30/19,11:45:00,Holmeja,Sympetrum_sanguineum,Immature,0,,0,NA,30,2019,NA,NA
6/30/19,11:45:00,Holmeja,Sympetrum_sanguineum,Immature,0,,0,NA,30,2019,NA,NA
6/30/19,11:45:00,Holmeja,Sympetrum_sanguineum,Immature,0,,0,NA,30,2019,NA,NA
6/30/19,11:45:00,Holmeja,Sympetrum_sanguineum,Immature,0,,0,NA,30,2019,NA,NA
6/30/19,11:45:00,Holmeja,Sympetrum_sanguineum,Immature,0,,0,NA,30,2019,NA,NA
6/30/19,11:45:00,Holmeja,Sympetrum_sanguineum,Immature,0,,0,NA,30,2019,NA,NA
6/30/19,11:45:00,Holmeja,Sympetrum_danae,Immature,,,0,NA,30,2019,NA,NA
6/30/19,11:45:00,Holmeja,Coenagrion_pulchellum,Mature,1,,1,0,30,2019,NA,NA
6/30/19,11:45:00,Holmeja,Coenagrion_pulchellum,Mature,0,,1,0,30,2019,NA,NA
6/30/19,11:45:00,Holmeja,Coenagrion_puella,Mature,0,Androchrome,1,17,30,2019,NA,NA
6/30/19,11:45:00,Holmeja,Coenagrion_puella,Mature,1,,1,0,30,2019,NA,NA
6/30/19,11:45:00,Holmeja,Coenagrion_puella,Mature,1,,1,0,30,2019,NA,NA
6/30/19,11:45:00,Holmeja,Coenagrion_puella,Mature,0,,1,7,30,2019,NA,NA
6/30/19,11:45:00,Holmeja,Lestes_virens,Teneral,0,,0,0,30,2019,NA,NA
6/30/19,11:45:00,Holmeja,Lestes_sponsa,Mature,1,,0,0,30,2019,NA,NA
6/30/19,11:45:00,Holmeja,Lestes_sponsa,Mature,1,,0,0,30,2019,NA,NA
6/30/19,11:45:00,Holmeja,Lestes_sponsa,Mature,1,,0,0,30,2019,NA,NA
6/30/19,11:45:00,Holmeja,Coenagrion_pulchellum,Mature,1,,0,0,30,2019,NA,NA
6/30/19,11:45:00,Holmeja,Lestes_sponsa,Mature,1,,0,0,30,2019,NA,NA
6/30/19,11:45:00,Holmeja,Lestes_sponsa,Mature,1,,0,0,30,2019,NA,NA
6/30/19,11:45:00,Holmeja,Lestes_sponsa,Mature,1,,0,0,30,2019,NA,NA
6/30/19,11:45:00,Holmeja,Lestes_sponsa,Mature,1,,0,0,30,2019,NA,NA
6/30/19,11:45:00,Holmeja,Coenagrion_pulchellum,Mature,1,,0,0,30,2019,NA,NA
6/30/19,11:45:00,Holmeja,Lestes_sponsa,Mature,0,,0,0,30,2019,NA,NA
6/30/19,11:45:00,Holmeja,Lestes_virens,Immature,0,,0,0,30,2019,NA,NA
6/30/19,11:45:00,Holmeja,Lestes_virens,Teneral,1,,0,0,30,2019,NA,NA
6/30/19,11:45:00,Holmeja,Lestes_sponsa,Teneral,0,,0,0,30,2019,NA,NA
6/30/19,11:45:00,Holmeja,Lestes_sponsa,Teneral,0,,0,0,30,2019,NA,NA
6/30/19,11:45:00,Holmeja,Lestes_virens,Teneral,0,,0,0,30,2019,NA,NA
6/30/19,11:45:00,Holmeja,Lestes_virens,Teneral,1,,0,0,30,2019,NA,NA
6/30/19,11:45:00,Holmeja,Lestes_virens,Teneral,1,,0,0,30,2019,NA,NA
6/30/19,11:45:00,Holmeja,Coenagrion_puella,Mature,1,,0,0,30,2019,NA,NA
6/30/19,11:45:00,Holmeja,Lestes_virens,Teneral,1,,0,0,30,2019,NA,NA
6/30/19,11:45:00,Holmeja,Lestes_virens,Teneral,0,,0,0,30,2019,NA,NA
6/30/19,11:45:00,Holmeja,Lestes_sponsa,Teneral,0,,0,0,30,2019,NA,NA
6/30/19,11:45:00,Holmeja,Lestes_virens,Teneral,0,,0,0,30,2019,NA,NA
6/30/19,11:45:00,Holmeja,Lestes_virens,Teneral,1,,0,0,30,2019,NA,NA
6/30/19,11:45:00,Holmeja,Lestes_virens,Teneral,1,,0,0,30,2019,NA,NA
6/30/19,11:45:00,Holmeja,Lestes_sponsa,Teneral,0,,0,0,30,2019,NA,NA
6/30/19,11:45:00,Holmeja,Lestes_virens,Teneral,1,,0,0,30,2019,NA,NA
6/30/19,11:45:00,Holmeja,Lestes_sponsa,Mature,1,,0,0,30,2019,NA,NA
6/30/19,11:45:00,Holmeja,Coenagrion_puella,Mature,1,,0,0,30,2019,NA,NA
6/30/19,11:45:00,Holmeja,Lestes_sponsa,Mature,1,,0,0,30,2019,NA,NA
6/30/19,11:45:00,Holmeja,Lestes_sponsa,Mature,1,,0,0,30,2019,NA,NA
6/30/19,11:45:00,Holmeja,Lestes_sponsa,Mature,1,,0,0,30,2019,NA,NA
6/30/19,11:45:00,Holmeja,Lestes_sponsa,Mature,1,,0,0,30,2019,NA,NA
6/30/19,11:45:00,Holmeja,Lestes_sponsa,Immature,1,,0,0,30,2019,NA,NA
6/30/19,11:45:00,Holmeja,Lestes_sponsa,Mature,1,,0,0,30,2019,NA,NA
6/30/19,11:45:00,Holmeja,Lestes_sponsa,Mature,1,,0,0,30,2019,NA,NA
6/30/19,11:45:00,Holmeja,Lestes_sponsa,Mature,1,,0,0,30,2019,NA,NA
6/30/19,11:45:00,Holmeja,Lestes_sponsa,Mature,1,,0,0,30,2019,NA,NA
6/30/19,11:45:00,Holmeja,Lestes_sponsa,Mature,1,,0,0,30,2019,NA,NA
6/30/19,11:45:00,Holmeja,Lestes_sponsa,Mature,1,,0,0,30,2019,NA,NA
6/30/19,11:45:00,Holmeja,Lestes_sponsa,Mature,1,,0,0,30,2019,NA,NA
6/30/19,11:45:00,Holmeja,Lestes_sponsa,Mature,1,,0,0,30,2019,NA,NA
6/30/19,11:45:00,Holmeja,Lestes_sponsa,Mature,1,,0,0,30,2019,NA,NA
6/30/19,11:45:00,Holmeja,Lestes_sponsa,Mature,1,,0,0,30,2019,NA,NA
6/30/19,11:45:00,Holmeja,Lestes_sponsa,Mature,1,,0,0,30,2019,NA,NA
6/30/19,11:45:00,Holmeja,Lestes_virens,Teneral,0,,0,0,30,2019,NA,NA
6/30/19,11:45:00,Holmeja,Lestes_sponsa,Mature,1,,0,0,30,2019,NA,NA
6/30/19,11:45:00,Holmeja,Lestes_sponsa,Teneral,1,,0,0,30,2019,NA,NA
6/30/19,11:45:00,Holmeja,Lestes_virens,Teneral,1,,0,0,30,2019,NA,NA
7/13/19,11:35:00,Holmeja,Lestes_sponsa,Mature,1,,0,0,30,2019,NA,NA
7/13/19,11:36:00,Holmeja,Sympetrum_danae,Immature,1,,0,0,30,2019,NA,NA
7/13/19,11:36:00,Holmeja,Sympetrum_danae,Immature,1,,0,0,30,2019,NA,NA
7/13/19,11:36:00,Holmeja,Lestes_sponsa,Mature,1,,0,0,30,2019,NA,NA
7/13/19,11:36:00,Holmeja,Lestes_sponsa,Mature,1,,0,0,30,2019,NA,NA
7/13/19,11:37:00,Holmeja,Lestes_sponsa,Mature,1,,0,0,30,2019,NA,NA
7/13/19,11:37:00,Holmeja,Lestes_sponsa,Mature,1,,0,0,30,2019,NA,NA
7/13/19,11:37:00,Holmeja,Lestes_sponsa,Mature,1,,0,0,30,2019,NA,NA
7/13/19,11:37:00,Holmeja,Lestes_sponsa,Mature,1,,0,0,30,2019,NA,NA
7/13/19,11:37:00,Holmeja,Lestes_sponsa,Mature,1,,0,0,30,2019,NA,NA
7/13/19,11:37:00,Holmeja,Lestes_sponsa,Mature,1,,0,0,30,2019,NA,NA
7/13/19,11:37:00,Holmeja,Lestes_sponsa,Mature,1,,0,0,30,2019,NA,NA
7/13/19,11:37:00,Holmeja,Lestes_sponsa,Mature,1,,0,0,30,2019,NA,NA
7/13/19,11:38:00,Holmeja,Lestes_sponsa,Immature,1,,0,0,30,2019,NA,NA
7/13/19,11:38:00,Holmeja,Lestes_sponsa,Mature,0,,0,0,30,2019,NA,NA
7/13/19,11:38:00,Holmeja,Lestes_sponsa,Mature,1,,0,0,30,2019,NA,NA
7/13/19,11:38:00,Holmeja,Sympetrum_danae,Mature,1,,0,0,30,2019,NA,NA
7/13/19,11:38:00,Holmeja,Sympetrum_danae,Mature,1,,0,0,30,2019,NA,NA
7/13/19,11:38:00,Holmeja,Sympetrum_danae,Mature,1,,0,0,30,2019,NA,NA
7/13/19,11:38:00,Holmeja,Sympetrum_danae,Mature,1,,0,0,30,2019,NA,NA
7/13/19,11:38:00,Holmeja,Sympetrum_danae,Mature,1,,0,0,30,2019,NA,NA
7/13/19,11:38:00,Holmeja,Sympetrum_danae,Mature,1,,0,0,30,2019,NA,NA
7/13/19,11:38:00,Holmeja,Sympetrum_danae,Mature,1,,0,0,30,2019,NA,NA
7/13/19,11:38:00,Holmeja,Sympetrum_danae,Mature,1,,0,0,30,2019,NA,NA
7/13/19,11:38:00,Holmeja,Sympetrum_danae,Mature,1,,0,0,30,2019,NA,NA
7/13/19,11:38:00,Holmeja,Sympetrum_danae,Mature,1,,0,0,30,2019,NA,NA
7/13/19,11:38:00,Holmeja,Sympetrum_danae,Mature,1,,0,0,30,2019,NA,NA
7/13/19,11:38:00,Holmeja,Sympetrum_danae,Mature,1,,0,0,30,2019,NA,NA
7/13/19,11:38:00,Holmeja,Sympetrum_danae,Mature,1,,0,0,30,2019,NA,NA
7/13/19,11:38:00,Holmeja,Sympetrum_danae,Mature,1,,0,0,30,2019,NA,NA
7/13/19,11:38:00,Holmeja,Sympetrum_danae,Mature,1,,0,0,30,2019,NA,NA
7/13/19,11:39:00,Holmeja,Lestes_sponsa,Mature,1,,0,0,30,2019,NA,NA
7/13/19,11:39:00,Holmeja,Lestes_sponsa,Mature,1,,0,0,30,2019,NA,NA
7/13/19,11:39:00,Holmeja,Lestes_sponsa,Mature,1,,0,0,30,2019,NA,NA
7/13/19,11:39:00,Holmeja,Lestes_sponsa,Mature,1,,0,0,30,2019,NA,NA
7/13/19,11:39:00,Holmeja,Lestes_sponsa,Mature,1,,0,0,30,2019,NA,NA
7/13/19,11:39:00,Holmeja,Lestes_sponsa,Mature,1,,0,0,30,2019,NA,NA
7/13/19,11:39:00,Holmeja,Lestes_sponsa,Mature,1,,0,0,30,2019,NA,NA
7/13/19,11:40:00,Holmeja,Lestes_sponsa,Mature,1,,0,0,30,2019,NA,NA
7/13/19,11:40:00,Holmeja,Lestes_sponsa,Mature,1,,0,0,30,2019,NA,NA
7/13/19,11:40:00,Holmeja,Lestes_virens,Mature,0,,0,0,30,2019,NA,NA
7/13/19,11:40:00,Holmeja,Lestes_sponsa,Immature,1,,0,0,30,2019,NA,NA
7/13/19,11:40:00,Holmeja,Lestes_sponsa,Mature,1,,0,0,30,2019,NA,NA
7/13/19,11:41:00,Holmeja,Lestes_sponsa,Mature,1,,0,0,30,2019,NA,NA
7/13/19,11:41:00,Holmeja,Lestes_sponsa,Mature,1,,0,0,30,2019,NA,NA
7/13/19,11:41:00,Holmeja,Lestes_sponsa,Mature,1,,0,0,30,2019,NA,NA
7/13/19,11:41:00,Holmeja,Lestes_virens,Teneral,0,,0,0,30,2019,NA,NA
7/13/19,11:41:00,Holmeja,Lestes_dryas,Mature,1,,0,0,30,2019,NA,NA
7/13/19,11:42:00,Holmeja,Lestes_sponsa,Mature,1,,0,0,30,2019,NA,NA
7/13/19,11:42:00,Holmeja,Lestes_sponsa,Mature,1,,0,0,30,2019,NA,NA
7/13/19,11:42:00,Holmeja,Lestes_virens,Immature,0,,0,0,30,2019,NA,NA
7/13/19,11:42:00,Holmeja,Lestes_sponsa,Mature,1,,0,0,30,2019,NA,NA
7/13/19,11:42:00,Holmeja,Lestes_sponsa,Mature,1,,0,0,30,2019,NA,NA
7/13/19,11:43:00,Holmeja,Lestes_sponsa,Teneral,1,,0,0,30,2019,NA,NA
7/13/19,11:43:00,Holmeja,Lestes_sponsa,Mature,1,,0,0,30,2019,NA,NA
7/13/19,11:43:00,Holmeja,Lestes_sponsa,Mature,1,,0,0,30,2019,NA,NA
7/13/19,11:43:00,Holmeja,Lestes_sponsa,Mature,1,,0,0,30,2019,NA,NA
7/13/19,11:43:00,Holmeja,Lestes_sponsa,Immature,1,,0,0,30,2019,NA,NA
7/13/19,11:43:00,Holmeja,Lestes_sponsa,Mature,1,,0,0,30,2019,NA,NA
7/13/19,11:43:00,Holmeja,Coenagrion_puella,Mature,1,,0,0,30,2019,NA,NA
7/13/19,11:43:00,Holmeja,Lestes_virens,Teneral,1,,0,0,30,2019,NA,NA
7/13/19,11:43:00,Holmeja,Lestes_sponsa,Mature,1,,0,0,30,2019,NA,NA
7/13/19,11:44:00,Holmeja,Lestes_virens,Mature,0,,0,0,30,2019,NA,NA
7/13/19,11:44:00,Holmeja,Lestes_sponsa,Mature,1,,0,0,30,2019,NA,NA
7/13/19,11:44:00,Holmeja,Lestes_sponsa,Mature,1,,0,0,30,2019,NA,NA
7/13/19,11:44:00,Holmeja,Lestes_sponsa,Mature,1,,0,0,30,2019,NA,NA
7/13/19,11:44:00,Holmeja,Lestes_virens,Mature,1,,0,0,30,2019,NA,NA
7/13/19,11:44:00,Holmeja,Lestes_sponsa,Mature,1,,0,0,30,2019,NA,NA
7/13/19,11:44:00,Holmeja,Lestes_sponsa,Mature,0,,0,0,30,2019,NA,NA
7/13/19,11:44:00,Holmeja,Lestes_sponsa,Mature,1,,0,0,30,2019,NA,NA
7/13/19,11:45:00,Holmeja,Lestes_sponsa,Mature,1,,0,0,30,2019,NA,NA
7/13/19,11:45:00,Holmeja,Lestes_sponsa,Mature,1,,0,0,30,2019,NA,NA
7/13/19,11:45:00,Holmeja,Lestes_sponsa,Immature,1,,0,0,30,2019,NA,NA
7/13/19,11:45:00,Holmeja,Lestes_sponsa,Immature,1,,0,0,30,2019,NA,NA
7/13/19,11:49:00,Holmeja,Leucorrhinia_dubia,Mature,1,,0,0,30,2019,NA,NA
7/13/19,11:50:00,Holmeja,Libellula_quadrimaculata,Mature,1,,0,0,30,2019,NA,NA
7/13/19,11:51:00,Holmeja,Sympetrum_spp,Mature,1,,0,0,30,2019,NA,NA
7/13/19,11:51:00,Holmeja,Sympetrum_spp,Mature,1,,0,0,30,2019,NA,NA
7/13/19,11:51:00,Holmeja,Sympetrum_spp,Mature,1,,0,0,30,2019,NA,NA
6/5/19,8:24:00,IKEA,Ischnura_pumilio,Mature,0,,0,0,30,2019,NA,NA
6/5/19,8:24:00,IKEA,Coenagrion_puella,Immature,1,,0,2,30,2019,NA,NA
6/5/19,8:24:00,IKEA,Coenagrion_puella,Mature,1,,0,0,30,2019,NA,NA
6/5/19,8:24:00,IKEA,Ischnura_pumilio,Immature,0,,0,0,30,2019,NA,NA
6/5/19,8:24:00,IKEA,Coenagrion_puella,Mature,1,,0,0,30,2019,NA,NA
6/16/19,11:18:00,IKEA,Brachytron_pratense,Mature,1,,0,NA,30,2019,NA,NA
6/16/19,11:18:00,IKEA,Libellula_depressa,Mature,0,,0,NA,30,2019,NA,NA
6/16/19,11:18:00,IKEA,Sympetrum_vulgatum,Teneral,0,,0,NA,30,2019,NA,NA
6/16/19,11:18:00,IKEA,Sympetrum_vulgatum,Teneral,0,,0,NA,30,2019,NA,NA
6/16/19,11:18:00,IKEA,Ischnura_pumilio,Mature,1,,1,0,30,2019,NA,NA
6/16/19,11:18:00,IKEA,Ischnura_pumilio,Mature,0,,1,NA,30,2019,NA,NA
6/16/19,11:18:00,IKEA,Ischnura_pumilio,Mature,0,,1,NA,30,2019,NA,NA
6/16/19,11:18:00,IKEA,Ischnura_pumilio,Mature,1,,1,0,30,2019,NA,NA
6/16/19,11:18:00,IKEA,Lestes_sponsa,Mature,1,,0,0,30,2019,NA,NA
6/16/19,11:18:00,IKEA,Lestes_dryas,Mature,0,,0,0,30,2019,NA,NA
6/16/19,14:39:00,IKEA,Ischnura_elegans,Mature,1,,0,0,30,2019,NA,NA
6/16/19,14:39:00,IKEA,Ischnura_pumilio,Mature,1,,0,NA,30,2019,NA,NA
6/16/19,14:39:00,IKEA,Ischnura_pumilio,Mature,0,,0,0,30,2019,NA,NA
6/16/19,14:39:00,IKEA,Coenagrion_puella,Mature,0,,0,0,30,2019,NA,NA
6/16/19,14:39:00,IKEA,Ischnura_pumilio,Mature,0,,0,0,30,2019,NA,NA
6/16/19,14:39:00,IKEA,Ischnura_elegans,Mature,1,,0,0,30,2019,NA,NA
6/16/19,14:39:00,IKEA,Coenagrion_puella,Mature,1,,0,0,30,2019,NA,NA
7/5/19,10:11:00,IKEA,Ischnura_elegans,Mature,1,,0,0,30,2019,NA,NA
7/5/19,10:11:00,IKEA,Lestes_sponsa,Mature,0,,0,0,30,2019,NA,NA
7/5/19,10:11:00,IKEA,Enallagma_cyathigerum,Mature,1,,0,5,30,2019,NA,NA
7/5/19,10:11:00,IKEA,Sympetrum_striolatum,Mature,1,,0,0,30,2019,NA,NA
7/14/19,11:10:00,IKEA,Sympetrum_sanguineum,Mature,1,,0,0,30,2019,NA,NA
7/14/19,11:10:00,IKEA,Sympetrum_spp,Mature,1,,0,30,30,2019,NA,NA
6/2/19,8:24:00,Ilstorp,Calopteryx_splendens,Mature,,,0,0,30,2019,NA,NA
6/2/19,8:24:00,Ilstorp,Coenagrion_puella,Mature,1,,0,0,30,2019,NA,NA
6/2/19,8:24:00,Ilstorp,Ischnura_elegans,Mature,1,,1,0,30,2019,NA,NA
6/2/19,8:24:00,Ilstorp,Ischnura_elegans,Mature,0,Gynochrome,1,0,30,2019,Infuscans,NA
6/2/19,8:24:00,Ilstorp,Coenagrion_puella,Mature,1,,1,13,30,2019,NA,NA
6/2/19,8:24:00,Ilstorp,Coenagrion_puella,Mature,0,,1,6,30,2019,NA,NA
6/2/19,8:24:00,Ilstorp,Coenagrion_puella,Immature,1,,0,0,30,2019,NA,NA
6/2/19,8:24:00,Ilstorp,Ischnura_elegans,Mature,0,,0,0,30,2019,NA,NA
6/2/19,8:24:00,Ilstorp,Coenagrion_puella,Mature,1,,0,24,30,2019,NA,NA
6/2/19,8:24:00,Ilstorp,Coenagrion_puella,Mature,1,,0,14,30,2019,NA,NA
6/2/19,8:24:00,Ilstorp,Coenagrion_puella,Immature,1,,0,9,30,2019,NA,NA
6/2/19,8:24:00,Ilstorp,Ischnura_elegans,Immature,1,,0,0,30,2019,NA,NA
6/2/19,8:24:00,Ilstorp,Coenagrion_puella,Mature,0,,1,0,30,2019,NA,NA
6/2/19,8:24:00,Ilstorp,Coenagrion_puella,Mature,1,,1,14,30,2019,NA,NA
6/2/19,8:24:00,Ilstorp,Coenagrion_puella,Mature,1,,0,16,30,2019,NA,NA
6/2/19,8:24:00,Ilstorp,Coenagrion_puella,Mature,1,,0,12,30,2019,NA,NA
6/2/19,8:24:00,Ilstorp,Coenagrion_puella,Immature,1,,0,0,30,2019,NA,NA
6/2/19,8:24:00,Ilstorp,Coenagrion_puella,Mature,1,,1,3,30,2019,NA,NA
6/2/19,8:24:00,Ilstorp,Coenagrion_puella,Mature,0,,1,9,30,2019,NA,NA
6/2/19,8:24:00,Ilstorp,Coenagrion_puella,Immature,1,,0,0,30,2019,NA,NA
6/2/19,8:24:00,Ilstorp,Ischnura_elegans,Mature,1,,0,0,30,2019,NA,NA
6/2/19,8:24:00,Ilstorp,Coenagrion_puella,Mature,1,,1,2,30,2019,NA,NA
6/2/19,8:24:00,Ilstorp,Coenagrion_puella,Mature,0,,1,18,30,2019,NA,NA
6/2/19,8:24:00,Ilstorp,Coenagrion_puella,Mature,1,,0,10,30,2019,NA,NA
6/2/19,8:24:00,Ilstorp,Coenagrion_puella,Immature,0,,0,0,30,2019,NA,NA
6/2/19,8:24:00,Ilstorp,Erythromma_viridulum,Immature,1,,0,0,30,2019,NA,NA
6/2/19,8:24:00,Ilstorp,Ischnura_elegans,Immature,1,,0,0,30,2019,NA,NA
6/2/19,8:24:00,Ilstorp,Ischnura_elegans,Immature,0,,0,0,30,2019,NA,NA
6/2/19,8:24:00,Ilstorp,Coenagrion_puella,Mature,1,,0,15,30,2019,NA,NA
6/2/19,8:24:00,Ilstorp,Coenagrion_puella,Mature,1,,0,18,30,2019,NA,NA
6/2/19,8:24:00,Ilstorp,Coenagrion_puella,Immature,0,,0,23,30,2019,NA,NA
6/2/19,8:24:00,Ilstorp,Coenagrion_puella,Mature,1,,0,7,30,2019,NA,NA
6/2/19,8:24:00,Ilstorp,Coenagrion_pulchellum,Mature,1,,0,14,30,2019,NA,NA
6/2/19,8:24:00,Ilstorp,Coenagrion_pulchellum,Mature,1,,0,20,30,2019,NA,NA
6/2/19,8:24:00,Ilstorp,Coenagrion_puella,Mature,1,,0,17,30,2019,NA,NA
6/2/19,8:24:00,Ilstorp,Coenagrion_pulchellum,Immature,1,,0,0,30,2019,NA,NA
6/2/19,8:24:00,Ilstorp,Coenagrion_puella,Mature,1,,0,11,30,2019,NA,NA
6/2/19,8:24:00,Ilstorp,Coenagrion_puella,Mature,1,,0,14,30,2019,NA,NA
6/2/19,8:24:00,Ilstorp,Coenagrion_puella,Mature,1,,0,25,30,2019,NA,NA
6/2/19,8:24:00,Ilstorp,Coenagrion_puella,Mature,1,,0,7,30,2019,NA,NA
6/2/19,8:24:00,Ilstorp,Coenagrion_puella,Mature,1,,0,16,30,2019,NA,NA
6/2/19,8:24:00,Ilstorp,Coenagrion_puella,Mature,1,,0,16,30,2019,NA,NA
6/2/19,8:24:00,Ilstorp,Ischnura_elegans,Mature,1,,0,0,30,2019,NA,NA
6/2/19,8:24:00,Ilstorp,Coenagrion_pulchellum,Mature,1,,0,14,30,2019,NA,NA
6/2/19,8:24:00,Ilstorp,Coenagrion_puella,Mature,1,,0,16,30,2019,NA,NA
6/2/19,8:24:00,Ilstorp,Ischnura_elegans,Immature,1,,0,0,30,2019,NA,NA
6/2/19,8:24:00,Ilstorp,Ischnura_elegans,Immature,1,,0,0,30,2019,NA,NA
6/2/19,8:24:00,Ilstorp,Coenagrion_pulchellum,Immature,1,,0,0,30,2019,NA,NA
6/2/19,8:24:00,Ilstorp,Coenagrion_puella,Mature,1,,0,10,30,2019,NA,NA
6/2/19,8:24:00,Ilstorp,Pyrrhosoma_nymphula,Mature,1,,0,0,30,2019,NA,NA
6/2/19,8:24:00,Ilstorp,Libellula_depressa,Mature,,,0,0,30,2019,NA,NA
6/15/19,11:15:00,Ilstorp,Anax_imperator,Mature,0,,0,NA,30,2019,NA,NA
6/15/19,11:15:00,Ilstorp,Libellula_quadrimaculata,Mature,,,0,NA,30,2019,NA,NA
6/15/19,11:15:00,Ilstorp,Libellula_quadrimaculata,Mature,,,0,NA,30,2019,NA,NA
6/15/19,11:15:00,Ilstorp,Libellula_quadrimaculata,Mature,,,0,NA,30,2019,NA,NA
6/15/19,11:15:00,Ilstorp,Libellula_quadrimaculata,Mature,,,0,NA,30,2019,NA,NA
6/15/19,11:15:00,Ilstorp,Libellula_quadrimaculata,Mature,,,0,NA,30,2019,NA,NA
6/15/19,11:15:00,Ilstorp,Orthetrum_cancellatum,Mature,1,,0,NA,30,2019,NA,NA
6/15/19,11:15:00,Ilstorp,Orthetrum_cancellatum,Mature,1,,0,NA,30,2019,NA,NA
6/15/19,11:15:00,Ilstorp,Orthetrum_cancellatum,Mature,1,,0,NA,30,2019,NA,NA
6/15/19,11:15:00,Ilstorp,Ischnura_elegans,Mature,1,,1,5,30,2019,NA,NA
6/15/19,11:15:00,Ilstorp,Ischnura_elegans,Mature,0,Androchrome,1,5,30,2019,Androchrome,NA
6/15/19,11:15:00,Ilstorp,Coenagrion_puella,Mature,0,Androchrome,1,4,30,2019,NA,NA
6/15/19,11:15:00,Ilstorp,Coenagrion_puella,Mature,1,,1,3,30,2019,NA,NA
6/15/19,11:15:00,Ilstorp,Ischnura_elegans,Mature,1,,0,1,30,2019,NA,NA
6/15/19,11:15:00,Ilstorp,Enallagma_cyathigerum,Mature,1,,0,5,30,2019,NA,NA
6/15/19,11:15:00,Ilstorp,Enallagma_cyathigerum,Mature,1,,0,0,30,2019,NA,NA
6/15/19,11:15:00,Ilstorp,Coenagrion_pulchellum,Teneral,1,,0,10,30,2019,NA,NA
6/15/19,11:15:00,Ilstorp,Coenagrion_puella,Teneral,1,,0,5,30,2019,NA,NA
6/15/19,11:15:00,Ilstorp,Ischnura_elegans,Immature,1,,0,0,30,2019,NA,NA
6/15/19,11:15:00,Ilstorp,Enallagma_cyathigerum,Teneral,1,,0,8,30,2019,NA,NA
6/15/19,11:15:00,Ilstorp,Ischnura_elegans,Immature,0,Androchrome,0,2,30,2019,Androchrome,NA
6/15/19,11:15:00,Ilstorp,Enallagma_cyathigerum,Mature,1,,0,4,30,2019,NA,NA
6/15/19,11:15:00,Ilstorp,Ischnura_elegans,Immature,1,,0,NA,30,2019,NA,NA
6/15/19,11:15:00,Ilstorp,Ischnura_elegans,Immature,0,Gynochrome,0,1,30,2019,Infuscans,NA
6/15/19,11:15:00,Ilstorp,Ischnura_elegans,Mature,1,,0,2,30,2019,NA,NA
6/15/19,11:15:00,Ilstorp,Ischnura_elegans,Immature,0,Androchrome,0,2,30,2019,Androchrome,NA
6/15/19,11:15:00,Ilstorp,Ischnura_elegans,Teneral,0,,0,2,30,2019,NA,NA
6/15/19,11:15:00,Ilstorp,Ischnura_elegans,Immature,1,,0,3,30,2019,NA,NA
6/15/19,11:15:00,Ilstorp,Ischnura_elegans,Immature,1,,0,25,30,2019,NA,NA
6/15/19,11:15:00,Ilstorp,Enallagma_cyathigerum,Teneral,0,,0,20,30,2019,NA,NA
6/15/19,11:15:00,Ilstorp,Enallagma_cyathigerum,Teneral,0,,0,4,30,2019,NA,NA
6/15/19,11:15:00,Ilstorp,Ischnura_elegans,Teneral,0,,0,2,30,2019,NA,NA
6/15/19,11:15:00,Ilstorp,Ischnura_elegans,Immature,1,,0,7,30,2019,NA,NA
6/15/19,11:15:00,Ilstorp,Ischnura_elegans,Teneral,1,,0,3,30,2019,NA,NA
6/15/19,11:15:00,Ilstorp,Ischnura_elegans,Teneral,1,,0,0,30,2019,NA,NA
6/15/19,11:15:00,Ilstorp,Ischnura_elegans,Teneral,1,,0,3,30,2019,NA,NA
6/15/19,11:15:00,Ilstorp,Ischnura_elegans,Immature,0,Androchrome,0,0,30,2019,Androchrome,NA
6/15/19,11:15:00,Ilstorp,Ischnura_elegans,Teneral,1,,0,1,30,2019,NA,NA
6/15/19,11:15:00,Ilstorp,Libellula_depressa,Mature,0,,0,NA,30,2019,NA,NA
6/24/19,13:31:00,Ilstorp,Anax_imperator,Mature,1,,0,NA,30,2019,NA,NA
6/24/19,13:31:00,Ilstorp,Anax_imperator,Mature,1,,0,NA,30,2019,NA,NA
6/24/19,13:31:00,Ilstorp,Orthetrum_cancellatum,Mature,1,,0,NA,30,2019,NA,NA
6/24/19,13:31:00,Ilstorp,Orthetrum_cancellatum,Mature,1,,0,NA,30,2019,NA,NA
6/24/19,13:31:00,Ilstorp,Orthetrum_cancellatum,Mature,1,,0,NA,30,2019,NA,NA
6/24/19,13:31:00,Ilstorp,Erythromma_najas,Mature,1,,0,NA,30,2019,NA,NA
6/24/19,13:31:00,Ilstorp,Erythromma_najas,Mature,1,,0,NA,30,2019,NA,NA
6/24/19,13:31:00,Ilstorp,Libellula_quadrimaculata,Mature,,,0,NA,30,2019,NA,NA
6/24/19,13:31:00,Ilstorp,Libellula_quadrimaculata,Mature,,,0,NA,30,2019,NA,NA
6/24/19,13:31:00,Ilstorp,Libellula_quadrimaculata,Mature,,,0,NA,30,2019,NA,NA
6/24/19,13:31:00,Ilstorp,Libellula_quadrimaculata,Mature,,,0,NA,30,2019,NA,NA
6/24/19,13:31:00,Ilstorp,Libellula_quadrimaculata,Mature,,,0,NA,30,2019,NA,NA
6/24/19,13:31:00,Ilstorp,Libellula_quadrimaculata,Mature,,,0,NA,30,2019,NA,NA
6/24/19,13:31:00,Ilstorp,Libellula_quadrimaculata,Mature,,,0,NA,30,2019,NA,NA
6/24/19,13:31:00,Ilstorp,Libellula_quadrimaculata,Mature,,,0,NA,30,2019,NA,NA
6/24/19,13:31:00,Ilstorp,Libellula_quadrimaculata,Mature,,,0,NA,30,2019,NA,NA
6/24/19,13:31:00,Ilstorp,Libellula_quadrimaculata,Mature,,,0,NA,30,2019,NA,NA
6/24/19,13:31:00,Ilstorp,Libellula_quadrimaculata,Mature,,,0,NA,30,2019,NA,NA
6/24/19,13:31:00,Ilstorp,Libellula_quadrimaculata,Mature,,,0,NA,30,2019,NA,NA
6/24/19,13:31:00,Ilstorp,Libellula_quadrimaculata,Mature,,,0,NA,30,2019,NA,NA
6/24/19,13:31:00,Ilstorp,Libellula_quadrimaculata,Mature,,,0,NA,30,2019,NA,NA
6/24/19,13:31:00,Ilstorp,Libellula_quadrimaculata,Mature,,,0,NA,30,2019,NA,NA
6/24/19,13:31:00,Ilstorp,Libellula_quadrimaculata,Mature,,,0,NA,30,2019,NA,NA
6/24/19,13:31:00,Ilstorp,Libellula_quadrimaculata,Mature,,,0,NA,30,2019,NA,NA
6/24/19,13:31:00,Ilstorp,Libellula_quadrimaculata,Mature,,,0,NA,30,2019,NA,NA
6/24/19,13:31:00,Ilstorp,Libellula_quadrimaculata,Mature,,,0,NA,30,2019,NA,NA
6/24/19,13:31:00,Ilstorp,Libellula_quadrimaculata,Mature,,,0,NA,30,2019,NA,NA
6/24/19,13:31:00,Ilstorp,Libellula_quadrimaculata,Mature,,,0,NA,30,2019,NA,NA
6/24/19,13:31:00,Ilstorp,Libellula_quadrimaculata,Mature,,,0,NA,30,2019,NA,NA
6/24/19,13:31:00,Ilstorp,Libellula_quadrimaculata,Mature,,,0,NA,30,2019,NA,NA
6/24/19,13:31:00,Ilstorp,Libellula_quadrimaculata,Mature,,,0,NA,30,2019,NA,NA
6/24/19,13:31:00,Ilstorp,Libellula_quadrimaculata,Mature,,,0,NA,30,2019,NA,NA
6/24/19,13:31:00,Ilstorp,Libellula_quadrimaculata,Mature,,,0,NA,30,2019,NA,NA
6/24/19,13:31:00,Ilstorp,Libellula_quadrimaculata,Mature,,,0,NA,30,2019,NA,NA
6/24/19,13:31:00,Ilstorp,Libellula_quadrimaculata,Mature,,,0,NA,30,2019,NA,NA
6/24/19,13:31:00,Ilstorp,Libellula_quadrimaculata,Mature,,,0,NA,30,2019,NA,NA
6/24/19,13:31:00,Ilstorp,Libellula_quadrimaculata,Mature,,,0,NA,30,2019,NA,NA
6/24/19,13:31:00,Ilstorp,Libellula_quadrimaculata,Mature,,,0,NA,30,2019,NA,NA
6/24/19,13:31:00,Ilstorp,Libellula_quadrimaculata,Mature,,,0,NA,30,2019,NA,NA
6/24/19,13:31:00,Ilstorp,Libellula_quadrimaculata,Mature,,,0,NA,30,2019,NA,NA
6/24/19,13:31:00,Ilstorp,Libellula_quadrimaculata,Mature,,,0,NA,30,2019,NA,NA
6/24/19,13:31:00,Ilstorp,Libellula_quadrimaculata,Mature,,,0,NA,30,2019,NA,NA
6/24/19,13:31:00,Ilstorp,Libellula_quadrimaculata,Mature,,,0,NA,30,2019,NA,NA
6/24/19,13:31:00,Ilstorp,Libellula_quadrimaculata,Mature,,,0,NA,30,2019,NA,NA
6/24/19,13:31:00,Ilstorp,Libellula_quadrimaculata,Mature,,,0,NA,30,2019,NA,NA
6/24/19,13:31:00,Ilstorp,Libellula_quadrimaculata,Mature,,,0,NA,30,2019,NA,NA
6/24/19,13:31:00,Ilstorp,Libellula_quadrimaculata,Mature,,,0,NA,30,2019,NA,NA
6/24/19,13:31:00,Ilstorp,Libellula_quadrimaculata,Mature,,,0,NA,30,2019,NA,NA
6/24/19,13:31:00,Ilstorp,Libellula_quadrimaculata,Mature,,,0,NA,30,2019,NA,NA
6/24/19,13:31:00,Ilstorp,Libellula_quadrimaculata,Mature,,,0,NA,30,2019,NA,NA
6/24/19,13:31:00,Ilstorp,Libellula_quadrimaculata,Mature,,,0,NA,30,2019,NA,NA
6/24/19,13:31:00,Ilstorp,Libellula_quadrimaculata,Mature,,,0,NA,30,2019,NA,NA
6/24/19,13:31:00,Ilstorp,Libellula_quadrimaculata,Mature,,,0,NA,30,2019,NA,NA
6/24/19,13:31:00,Ilstorp,Libellula_quadrimaculata,Mature,,,0,NA,30,2019,NA,NA
6/24/19,13:31:00,Ilstorp,Libellula_quadrimaculata,Mature,,,0,NA,30,2019,NA,NA
6/24/19,13:31:00,Ilstorp,Libellula_quadrimaculata,Mature,,,0,NA,30,2019,NA,NA
6/24/19,13:31:00,Ilstorp,Libellula_quadrimaculata,Mature,,,0,NA,30,2019,NA,NA
6/24/19,13:31:00,Ilstorp,Ischnura_elegans,Mature,1,,1,0,30,2019,NA,NA
6/24/19,13:31:00,Ilstorp,Ischnura_elegans,Mature,0,Gynochrome,1,0,30,2019,Infuscans,NA
6/24/19,13:31:00,Ilstorp,Sympetrum_sanguineum,Teneral,0,,0,0,30,2019,NA,NA
6/24/19,13:31:00,Ilstorp,Sympetrum_sanguineum,Teneral,0,,0,0,30,2019,NA,NA
6/24/19,13:31:00,Ilstorp,Coenagrion_puella,Mature,0,,1,20,30,2019,NA,NA
6/24/19,13:31:00,Ilstorp,Coenagrion_puella,Mature,1,,1,1,30,2019,NA,NA
6/24/19,13:31:00,Ilstorp,Ischnura_elegans,Mature,0,Androchrome,1,3,30,2019,Androchrome,NA
6/24/19,13:31:00,Ilstorp,Ischnura_elegans,Mature,1,,1,0,30,2019,NA,NA
6/24/19,13:31:00,Ilstorp,Sympetrum_sanguineum,Teneral,1,,0,0,30,2019,NA,NA
6/24/19,13:31:00,Ilstorp,Coenagrion_puella,Mature,1,,0,2,30,2019,NA,NA
6/24/19,13:31:00,Ilstorp,Coenagrion_puella,Mature,1,,0,0,30,2019,NA,NA
6/24/19,13:31:00,Ilstorp,Coenagrion_puella,Mature,1,,0,0,30,2019,NA,NA
6/24/19,13:31:00,Ilstorp,Ischnura_elegans,Immature,1,,0,0,30,2019,NA,NA
6/24/19,13:31:00,Ilstorp,Ischnura_elegans,Mature,0,Androchrome,0,15,30,2019,Androchrome,NA
6/24/19,13:31:00,Ilstorp,Ischnura_elegans,Mature,1,,0,0,30,2019,NA,NA
6/24/19,13:31:00,Ilstorp,Coenagrion_puella,Mature,1,,0,0,30,2019,NA,NA
6/24/19,13:31:00,Ilstorp,Coenagrion_puella,Mature,1,,0,1,30,2019,NA,NA
6/24/19,13:31:00,Ilstorp,Lestes_sponsa,Mature,0,,0,0,30,2019,NA,NA
6/24/19,13:31:00,Ilstorp,Ischnura_elegans,Mature,1,,0,1,30,2019,NA,NA
6/24/19,13:31:00,Ilstorp,Lestes_sponsa,Mature,1,,0,0,30,2019,NA,NA
6/24/19,13:31:00,Ilstorp,Coenagrion_puella,Mature,1,,0,2,30,2019,NA,NA
6/24/19,13:31:00,Ilstorp,Coenagrion_puella,Mature,1,,0,0,30,2019,NA,NA
6/24/19,13:31:00,Ilstorp,Coenagrion_puella,Mature,1,,0,5,30,2019,NA,NA
6/24/19,13:31:00,Ilstorp,Lestes_sponsa,Mature,0,,0,0,30,2019,NA,NA
6/24/19,13:31:00,Ilstorp,Erythromma_najas,Teneral,1,,0,0,30,2019,NA,NA
6/24/19,13:31:00,Ilstorp,Erythromma_najas,Teneral,0,,0,0,30,2019,NA,NA
6/24/19,13:31:00,Ilstorp,Calopteryx_splendens,Mature,1,,0,0,30,2019,NA,NA
6/24/19,13:31:00,Ilstorp,Coenagrion_puella,Mature,1,,0,25,30,2019,NA,NA
6/24/19,13:31:00,Ilstorp,Coenagrion_puella,Mature,1,,0,7,30,2019,NA,NA
6/24/19,13:31:00,Ilstorp,Ischnura_elegans,Mature,1,,0,0,30,2019,NA,NA
6/24/19,13:31:00,Ilstorp,Coenagrion_puella,Mature,1,,0,7,30,2019,NA,NA
6/24/19,13:31:00,Ilstorp,Coenagrion_puella,Mature,1,,0,2,30,2019,NA,NA
6/24/19,13:31:00,Ilstorp,Coenagrion_puella,Mature,1,,0,2,30,2019,NA,NA
6/24/19,13:31:00,Ilstorp,Ischnura_elegans,Mature,1,,0,0,30,2019,NA,NA
6/24/19,13:31:00,Ilstorp,Coenagrion_puella,Mature,1,,0,3,30,2019,NA,NA
6/24/19,13:31:00,Ilstorp,Enallagma_cyathigerum,Mature,1,,0,21,30,2019,NA,NA
6/24/19,13:31:00,Ilstorp,Coenagrion_puella,Mature,1,,0,0,30,2019,NA,NA
6/24/19,13:31:00,Ilstorp,Coenagrion_puella,Mature,1,,0,10,30,2019,NA,NA
6/24/19,13:31:00,Ilstorp,Coenagrion_puella,Mature,1,,0,7,30,2019,NA,NA
6/24/19,13:31:00,Ilstorp,Coenagrion_puella,Mature,1,,0,9,30,2019,NA,NA
6/24/19,13:31:00,Ilstorp,Enallagma_cyathigerum,Mature,1,,0,3,30,2019,NA,NA
6/24/19,13:31:00,Ilstorp,Ischnura_elegans,Mature,1,,0,3,30,2019,NA,NA
6/24/19,13:31:00,Ilstorp,Ischnura_elegans,Mature,1,,0,0,30,2019,NA,NA
6/24/19,13:31:00,Ilstorp,Ischnura_elegans,Mature,1,,0,0,30,2019,NA,NA
6/24/19,13:31:00,Ilstorp,Coenagrion_puella,Mature,1,,0,0,30,2019,NA,NA
6/24/19,13:31:00,Ilstorp,Coenagrion_puella,Mature,1,,0,3,30,2019,NA,NA
6/29/19,10:43:00,Ilstorp,Anax_imperator,Mature,1,,0,0,30,2019,NA,NA
6/29/19,10:43:00,Ilstorp,Anax_imperator,Mature,1,,0,0,30,2019,NA,NA
6/29/19,10:43:00,Ilstorp,Libellula_quadrimaculata,Mature,,,0,0,30,2019,NA,NA
6/29/19,10:44:00,Ilstorp,Libellula_quadrimaculata,Mature,,,0,0,30,2019,NA,NA
6/29/19,10:44:00,Ilstorp,Orthetrum_cancellatum,Mature,1,,0,0,30,2019,NA,NA
6/29/19,10:44:00,Ilstorp,Orthetrum_cancellatum,Mature,,,0,0,30,2019,NA,NA
6/29/19,10:44:00,Ilstorp,Orthetrum_cancellatum,Mature,,,0,0,30,2019,NA,NA
6/29/19,10:45:00,Ilstorp,Enallagma_cyathigerum,Teneral,0,,0,0,30,2019,NA,NA
6/29/19,10:46:00,Ilstorp,Ischnura_elegans,Mature,1,,1,0,30,2019,NA,NA
6/29/19,10:46:00,Ilstorp,Ischnura_elegans,Mature,0,Gynochrome,1,0,30,2019,Infuscans,NA
6/29/19,10:46:00,Ilstorp,Ischnura_elegans,Mature,1,,1,0,30,2019,NA,NA
6/29/19,10:47:00,Ilstorp,Ischnura_elegans,Mature,0,Androchrome,0,0,30,2019,Androchrome,NA
6/29/19,10:47:00,Ilstorp,Ischnura_elegans,Immature,0,Gynochrome,0,0,30,2019,Androchrome,Violacea_(Androchrome)
6/29/19,10:48:00,Ilstorp,Ischnura_elegans,Immature,0,Gynochrome,0,0,30,2019,Androchrome,Violacea_(Androchrome)
6/29/19,10:48:00,Ilstorp,Ischnura_elegans,Immature,0,Gynochrome,0,0,30,2019,Androchrome,Violacea_(Androchrome)
6/29/19,10:48:00,Ilstorp,Ischnura_elegans,Mature,0,Androchrome,0,0,30,2019,Androchrome,NA
6/29/19,10:48:00,Ilstorp,Ischnura_elegans,Mature,0,Androchrome,0,0,30,2019,Androchrome,NA
6/29/19,10:49:00,Ilstorp,Enallagma_cyathigerum,Mature,1,,0,0,30,2019,NA,NA
6/29/19,10:50:00,Ilstorp,Enallagma_cyathigerum,Mature,1,,0,0,30,2019,NA,NA
6/29/19,10:50:00,Ilstorp,Enallagma_cyathigerum,Mature,1,,0,0,30,2019,NA,NA
6/29/19,10:50:00,Ilstorp,Enallagma_cyathigerum,Mature,1,,0,0,30,2019,NA,NA
6/29/19,10:50:00,Ilstorp,Coenagrion_pulchellum,Mature,1,,0,0,30,2019,NA,NA
6/29/19,10:50:00,Ilstorp,Enallagma_cyathigerum,Teneral,1,,0,0,30,2019,NA,NA
6/29/19,10:51:00,Ilstorp,Ischnura_elegans,Mature,1,,0,0,30,2019,NA,NA
6/29/19,10:51:00,Ilstorp,Ischnura_elegans,Mature,1,,0,0,30,2019,NA,NA
6/29/19,10:51:00,Ilstorp,Ischnura_elegans,Mature,1,,0,0,30,2019,NA,NA
6/29/19,10:51:00,Ilstorp,Ischnura_elegans,Mature,1,,0,0,30,2019,NA,NA
6/29/19,10:51:00,Ilstorp,Ischnura_elegans,Mature,1,,0,0,30,2019,NA,NA
6/29/19,10:51:00,Ilstorp,Ischnura_elegans,Mature,1,,0,0,30,2019,NA,NA
6/29/19,10:51:00,Ilstorp,Enallagma_cyathigerum,Mature,1,,0,0,30,2019,NA,NA
6/29/19,10:52:00,Ilstorp,Enallagma_cyathigerum,Mature,1,,0,0,30,2019,NA,NA
6/29/19,10:52:00,Ilstorp,Enallagma_cyathigerum,Mature,1,,0,0,30,2019,NA,NA
6/29/19,10:52:00,Ilstorp,Enallagma_cyathigerum,Mature,1,,0,0,30,2019,NA,NA
6/29/19,10:52:00,Ilstorp,Enallagma_cyathigerum,Mature,1,,0,0,30,2019,NA,NA
6/29/19,10:52:00,Ilstorp,Enallagma_cyathigerum,Teneral,1,,0,0,30,2019,NA,NA
6/29/19,10:53:00,Ilstorp,Ischnura_elegans,Mature,1,,0,0,30,2019,NA,NA
6/29/19,10:53:00,Ilstorp,Ischnura_elegans,Mature,1,,0,0,30,2019,NA,NA
6/29/19,10:53:00,Ilstorp,Ischnura_elegans,Mature,1,,0,0,30,2019,NA,NA
6/29/19,10:53:00,Ilstorp,Ischnura_elegans,Mature,1,,0,0,30,2019,NA,NA
6/29/19,10:53:00,Ilstorp,Ischnura_elegans,Mature,1,,0,0,30,2019,NA,NA
6/29/19,10:56:00,Ilstorp,Calopteryx_splendens,Mature,1,,0,0,30,2019,NA,NA
6/29/19,10:56:00,Ilstorp,Calopteryx_splendens,Mature,0,,0,0,30,2019,NA,NA
7/25/19,12:08:00,Ilstorp,Sympetrum_sanguineum,Mature,1,,0,0,30,2019,NA,NA
7/25/19,12:08:00,Ilstorp,Sympetrum_sanguineum,Mature,1,,0,0,30,2019,NA,NA
7/25/19,12:08:00,Ilstorp,Sympetrum_sanguineum,Mature,1,,0,0,30,2019,NA,NA
7/25/19,12:08:00,Ilstorp,Sympetrum_sanguineum,Mature,1,,0,0,30,2019,NA,NA
7/25/19,12:08:00,Ilstorp,Sympetrum_sanguineum,Mature,1,,0,0,30,2019,NA,NA
7/25/19,12:08:00,Ilstorp,Sympetrum_spp,Mature,1,,0,0,30,2019,NA,NA
7/25/19,12:08:00,Ilstorp,Sympetrum_spp,Mature,1,,0,0,30,2019,NA,NA
7/25/19,12:08:00,Ilstorp,Sympetrum_spp,Mature,1,,0,0,30,2019,NA,NA
7/25/19,12:08:00,Ilstorp,Sympetrum_spp,Mature,1,,0,0,30,2019,NA,NA
7/25/19,12:08:00,Ilstorp,Sympetrum_spp,Mature,1,,0,0,30,2019,NA,NA
7/25/19,12:08:00,Ilstorp,Sympetrum_spp,Mature,1,,0,0,30,2019,NA,NA
7/25/19,12:08:00,Ilstorp,Sympetrum_spp,Mature,1,,0,0,30,2019,NA,NA
7/25/19,12:08:00,Ilstorp,Sympetrum_spp,Mature,1,,0,0,30,2019,NA,NA
7/25/19,12:08:00,Ilstorp,Sympetrum_spp,Mature,1,,0,0,30,2019,NA,NA
7/25/19,12:08:00,Ilstorp,Sympetrum_spp,Mature,1,,0,0,30,2019,NA,NA
7/25/19,12:08:00,Ilstorp,Sympetrum_spp,Mature,1,,0,0,30,2019,NA,NA
7/25/19,12:08:00,Ilstorp,Sympetrum_spp,Mature,1,,0,0,30,2019,NA,NA
7/25/19,12:08:00,Ilstorp,Sympetrum_spp,Mature,1,,0,0,30,2019,NA,NA
7/25/19,12:08:00,Ilstorp,Sympetrum_spp,Mature,1,,0,0,30,2019,NA,NA
7/25/19,12:08:00,Ilstorp,Sympetrum_spp,Mature,1,,0,0,30,2019,NA,NA
7/25/19,12:08:00,Ilstorp,Sympetrum_spp,Mature,1,,0,0,30,2019,NA,NA
7/25/19,12:08:00,Ilstorp,Sympetrum_spp,Mature,1,,0,0,30,2019,NA,NA
7/25/19,12:08:00,Ilstorp,Sympetrum_spp,Mature,1,,0,0,30,2019,NA,NA
7/25/19,12:08:00,Ilstorp,Sympetrum_spp,Mature,1,,0,0,30,2019,NA,NA
7/25/19,12:08:00,Ilstorp,Sympetrum_spp,Mature,1,,0,0,30,2019,NA,NA
7/25/19,12:08:00,Ilstorp,Ischnura_elegans,Mature,1,,0,0,30,2019,NA,NA
7/25/19,12:09:00,Ilstorp,Enallagma_cyathigerum,Mature,1,,0,0,30,2019,NA,NA
7/25/19,12:09:00,Ilstorp,Enallagma_cyathigerum,Mature,1,,0,0,30,2019,NA,NA
7/25/19,12:10:00,Ilstorp,Enallagma_cyathigerum,Mature,1,,0,0,30,2019,NA,NA
7/25/19,12:10:00,Ilstorp,Enallagma_cyathigerum,Mature,1,,0,0,30,2019,NA,NA
7/25/19,12:10:00,Ilstorp,Ischnura_elegans,Mature,1,,0,0,30,2019,NA,NA
7/25/19,12:10:00,Ilstorp,Ischnura_elegans,Mature,1,,0,0,30,2019,NA,NA
7/25/19,12:10:00,Ilstorp,Ischnura_elegans,Mature,1,,0,4,30,2019,NA,NA
7/25/19,12:11:00,Ilstorp,Ischnura_elegans,Mature,1,,0,0,30,2019,NA,NA
7/25/19,12:11:00,Ilstorp,Enallagma_cyathigerum,Mature,1,,0,0,30,2019,NA,NA
7/25/19,12:11:00,Ilstorp,Enallagma_cyathigerum,Mature,0,,0,0,30,2019,NA,NA
7/25/19,12:11:00,Ilstorp,Lestes_sponsa,Mature,1,,0,0,30,2019,NA,NA
7/25/19,12:12:00,Ilstorp,Ischnura_elegans,Mature,0,,0,0,30,2019,NA,NA
7/25/19,12:12:00,Ilstorp,Lestes_virens,Mature,1,,0,0,30,2019,NA,NA
7/25/19,12:13:00,Ilstorp,Ischnura_elegans,Mature,0,,0,4,30,2019,NA,NA
7/25/19,12:13:00,Ilstorp,Ischnura_elegans,Mature,1,,1,0,30,2019,NA,NA
7/25/19,12:13:00,Ilstorp,Ischnura_elegans,Mature,0,Androchrome,1,0,30,2019,Androchrome,NA
6/3/19,8:24:00,Lomma_Kyrkdamm,Enallagma_cyathigerum,Immature,1,,0,0,30,2019,NA,NA
6/3/19,8:24:00,Lomma_Kyrkdamm,Coenagrion_pulchellum,Mature,1,,1,3,30,2019,NA,NA
6/3/19,8:24:00,Lomma_Kyrkdamm,Coenagrion_pulchellum,Mature,0,Androchrome,1,31,30,2019,NA,NA
6/3/19,8:24:00,Lomma_Kyrkdamm,Enallagma_cyathigerum,Immature,0,,0,0,30,2019,NA,NA
6/3/19,8:24:00,Lomma_Kyrkdamm,Enallagma_cyathigerum,Mature,1,,0,8,30,2019,NA,NA
6/3/19,8:24:00,Lomma_Kyrkdamm,Enallagma_cyathigerum,Mature,1,,0,5,30,2019,NA,NA
6/3/19,8:24:00,Lomma_Kyrkdamm,Enallagma_cyathigerum,Mature,1,,0,0,30,2019,NA,NA
6/3/19,8:24:00,Lomma_Kyrkdamm,Enallagma_cyathigerum,Immature,1,,0,0,30,2019,NA,NA
6/3/19,8:24:00,Lomma_Kyrkdamm,Coenagrion_pulchellum,Mature,1,,0,0,30,2019,NA,NA
6/3/19,8:24:00,Lomma_Kyrkdamm,Coenagrion_pulchellum,Mature,1,,0,0,30,2019,NA,NA
6/3/19,8:24:00,Lomma_Kyrkdamm,Enallagma_cyathigerum,Mature,1,,0,3,30,2019,NA,NA
6/3/19,8:24:00,Lomma_Kyrkdamm,Enallagma_cyathigerum,Mature,1,,0,0,30,2019,NA,NA
6/3/19,8:24:00,Lomma_Kyrkdamm,Enallagma_cyathigerum,Immature,1,,0,0,30,2019,NA,NA
6/3/19,8:24:00,Lomma_Kyrkdamm,Enallagma_cyathigerum,Mature,1,,0,7,30,2019,NA,NA
6/3/19,8:24:00,Lomma_Kyrkdamm,Enallagma_cyathigerum,Mature,1,,0,1,30,2019,NA,NA
6/3/19,8:24:00,Lomma_Kyrkdamm,Coenagrion_pulchellum,Mature,1,,0,0,30,2019,NA,NA
6/3/19,8:24:00,Lomma_Kyrkdamm,Coenagrion_pulchellum,Mature,1,,0,5,30,2019,NA,NA
6/3/19,8:24:00,Lomma_Kyrkdamm,Coenagrion_pulchellum,Mature,1,,0,3,30,2019,NA,NA
6/3/19,8:24:00,Lomma_Kyrkdamm,Coenagrion_pulchellum,Immature,1,,0,12,30,2019,NA,NA
6/3/19,8:24:00,Lomma_Kyrkdamm,Coenagrion_pulchellum,Mature,1,,1,25,30,2019,NA,NA
6/3/19,8:24:00,Lomma_Kyrkdamm,Coenagrion_pulchellum,Mature,0,,1,0,30,2019,NA,NA
6/3/19,8:24:00,Lomma_Kyrkdamm,Coenagrion_pulchellum,Immature,1,,0,0,30,2019,NA,NA
6/3/19,8:24:00,Lomma_Kyrkdamm,Enallagma_cyathigerum,Immature,0,,0,0,30,2019,NA,NA
6/3/19,8:24:00,Lomma_Kyrkdamm,Coenagrion_pulchellum,Immature,1,,0,1,30,2019,NA,NA
6/3/19,8:24:00,Lomma_Kyrkdamm,Enallagma_cyathigerum,Immature,0,,0,0,30,2019,NA,NA
6/3/19,8:24:00,Lomma_Kyrkdamm,Enallagma_cyathigerum,Immature,0,,0,0,30,2019,NA,NA
6/3/19,8:24:00,Lomma_Kyrkdamm,Coenagrion_pulchellum,Mature,1,,0,0,30,2019,NA,NA
6/3/19,8:24:00,Lomma_Kyrkdamm,Ischnura_elegans,Immature,0,,0,0,30,2019,NA,NA
6/3/19,8:24:00,Lomma_Kyrkdamm,Ischnura_elegans,Immature,1,,0,0,30,2019,NA,NA
6/11/19,14:01:00,Lomma_Kyrkdamm,Orthetrum_cancellatum,Teneral,1,,0,0,30,2019,NA,NA
6/11/19,14:01:00,Lomma_Kyrkdamm,Orthetrum_cancellatum,Teneral,,,0,NA,30,2019,NA,NA
6/11/19,14:02:00,Lomma_Kyrkdamm,Enallagma_cyathigerum,Mature,1,,0,3,30,2019,NA,NA
6/11/19,14:02:00,Lomma_Kyrkdamm,Enallagma_cyathigerum,Mature,1,,0,9,30,2019,NA,NA
6/11/19,14:02:00,Lomma_Kyrkdamm,Enallagma_cyathigerum,Mature,1,,0,0,30,2019,NA,NA
6/11/19,14:02:00,Lomma_Kyrkdamm,Enallagma_cyathigerum,Mature,1,,0,5,30,2019,NA,NA
6/11/19,14:02:00,Lomma_Kyrkdamm,Enallagma_cyathigerum,Mature,1,,0,0,30,2019,NA,NA
6/11/19,14:02:00,Lomma_Kyrkdamm,Enallagma_cyathigerum,Mature,1,,0,1,30,2019,NA,NA
6/11/19,14:04:00,Lomma_Kyrkdamm,Coenagrion_pulchellum,Mature,1,,0,7,30,2019,NA,NA
6/11/19,14:04:00,Lomma_Kyrkdamm,Ischnura_elegans,Immature,1,,0,0,30,2019,NA,NA
6/11/19,14:04:00,Lomma_Kyrkdamm,Enallagma_cyathigerum,Mature,1,,0,0,30,2019,NA,NA
6/11/19,14:04:00,Lomma_Kyrkdamm,Ischnura_elegans,Immature,0,Gynochrome,0,0,30,2019,Infuscans,NA
6/11/19,14:04:00,Lomma_Kyrkdamm,Enallagma_cyathigerum,Mature,1,,0,0,30,2019,NA,NA
6/11/19,14:07:00,Lomma_Kyrkdamm,Enallagma_cyathigerum,Mature,1,,0,0,30,2019,NA,NA
6/11/19,14:07:00,Lomma_Kyrkdamm,Enallagma_cyathigerum,Mature,0,,0,0,30,2019,NA,NA
6/11/19,14:07:00,Lomma_Kyrkdamm,Enallagma_cyathigerum,Mature,1,,0,6,30,2019,NA,NA
6/11/19,14:09:00,Lomma_Kyrkdamm,Ischnura_elegans,Immature,1,,0,0,30,2019,NA,NA
6/11/19,14:09:00,Lomma_Kyrkdamm,Enallagma_cyathigerum,Mature,1,,0,5,30,2019,NA,NA
6/11/19,14:09:00,Lomma_Kyrkdamm,Enallagma_cyathigerum,Mature,1,,0,7,30,2019,NA,NA
6/11/19,14:10:00,Lomma_Kyrkdamm,Ischnura_elegans,Immature,1,,0,3,30,2019,NA,NA
6/11/19,14:10:00,Lomma_Kyrkdamm,Ischnura_elegans,Mature,1,,0,0,30,2019,NA,NA
6/11/19,14:10:00,Lomma_Kyrkdamm,Coenagrion_pulchellum,Teneral,0,,0,0,30,2019,NA,NA
6/11/19,14:23:00,Lomma_Kyrkdamm,Libellula_quadrimaculata,Teneral,,,0,NA,30,2019,NA,NA
6/11/19,14:00:00,Lomma_Kyrkdamm,Erythromma_viridulum,Mature,0,,0,6,30,2019,NA,NA
7/10/19,12:50:00,Lomma_Kyrkdamm,Ischnura_elegans,Mature,1,,0,0,30,2019,NA,NA
7/10/19,12:51:00,Lomma_Kyrkdamm,Enallagma_cyathigerum,Mature,1,,0,53,30,2019,NA,NA
7/10/19,12:51:00,Lomma_Kyrkdamm,Erythromma_najas,Immature,0,,0,0,30,2019,NA,NA
7/10/19,12:51:00,Lomma_Kyrkdamm,Ischnura_elegans,Mature,1,,0,0,30,2019,NA,NA
7/10/19,12:52:00,Lomma_Kyrkdamm,Ischnura_elegans,Mature,1,,0,0,30,2019,NA,NA
7/10/19,12:52:00,Lomma_Kyrkdamm,Erythromma_najas,Mature,1,,0,0,30,2019,NA,NA
7/10/19,12:52:00,Lomma_Kyrkdamm,Ischnura_elegans,Mature,0,Gynochrome,0,0,30,2019,Infuscans,NA
7/10/19,12:53:00,Lomma_Kyrkdamm,Ischnura_elegans,Mature,1,,0,4,30,2019,NA,NA
7/10/19,12:53:00,Lomma_Kyrkdamm,Ischnura_elegans,Mature,1,,0,0,30,2019,NA,NA
7/10/19,12:53:00,Lomma_Kyrkdamm,Erythromma_viridulum,Mature,1,,0,0,30,2019,NA,NA
7/10/19,12:54:00,Lomma_Kyrkdamm,Ischnura_elegans,Mature,1,,0,0,30,2019,NA,NA
7/10/19,12:54:00,Lomma_Kyrkdamm,Ischnura_elegans,Mature,1,,0,0,30,2019,NA,NA
7/10/19,12:54:00,Lomma_Kyrkdamm,Ischnura_elegans,Mature,1,,0,0,30,2019,NA,NA
7/10/19,12:54:00,Lomma_Kyrkdamm,Ischnura_elegans,Mature,1,,0,0,30,2019,NA,NA
7/10/19,12:54:00,Lomma_Kyrkdamm,Ischnura_elegans,Mature,1,,0,0,30,2019,NA,NA
7/10/19,12:54:00,Lomma_Kyrkdamm,Ischnura_elegans,Mature,1,,0,6,30,2019,NA,NA
7/10/19,12:55:00,Lomma_Kyrkdamm,Ischnura_elegans,Mature,1,,0,0,30,2019,NA,NA
7/10/19,12:55:00,Lomma_Kyrkdamm,Ischnura_elegans,Mature,1,,0,0,30,2019,NA,NA
7/10/19,12:55:00,Lomma_Kyrkdamm,Ischnura_elegans,Mature,1,,0,0,30,2019,NA,NA
7/10/19,12:55:00,Lomma_Kyrkdamm,Ischnura_elegans,Mature,1,,0,0,30,2019,NA,NA
7/10/19,12:55:00,Lomma_Kyrkdamm,Ischnura_elegans,Mature,1,,0,0,30,2019,NA,NA
7/10/19,12:55:00,Lomma_Kyrkdamm,Enallagma_cyathigerum,Mature,1,,0,3,30,2019,NA,NA
7/10/19,12:56:00,Lomma_Kyrkdamm,Ischnura_elegans,Mature,1,,1,0,30,2019,NA,NA
7/10/19,12:56:00,Lomma_Kyrkdamm,Ischnura_elegans,Mature,0,Androchrome,1,0,30,2019,Androchrome,NA
7/10/19,12:56:00,Lomma_Kyrkdamm,Ischnura_elegans,Immature,1,,0,7,30,2019,NA,NA
7/10/19,12:56:00,Lomma_Kyrkdamm,Ischnura_elegans,Mature,1,,0,0,30,2019,NA,NA
7/10/19,12:56:00,Lomma_Kyrkdamm,Enallagma_cyathigerum,Mature,1,,0,5,30,2019,NA,NA
7/10/19,12:57:00,Lomma_Kyrkdamm,Enallagma_cyathigerum,Mature,1,,0,10,30,2019,NA,NA
7/10/19,12:57:00,Lomma_Kyrkdamm,Ischnura_elegans,Mature,1,,0,0,30,2019,NA,NA
7/10/19,12:57:00,Lomma_Kyrkdamm,Ischnura_elegans,Mature,1,,0,0,30,2019,NA,NA
7/10/19,12:57:00,Lomma_Kyrkdamm,Ischnura_elegans,Mature,1,,0,0,30,2019,NA,NA
7/10/19,12:58:00,Lomma_Kyrkdamm,Ischnura_elegans,Mature,0,Gynochrome,0,0,30,2019,Infuscans,NA
7/10/19,12:58:00,Lomma_Kyrkdamm,Enallagma_cyathigerum,Mature,1,,0,0,30,2019,NA,NA
7/10/19,12:58:00,Lomma_Kyrkdamm,Ischnura_elegans,Mature,0,Gynochrome,0,0,30,2019,Infuscans_obsoleta,NA
7/10/19,12:58:00,Lomma_Kyrkdamm,Enallagma_cyathigerum,Mature,1,,0,2,30,2019,NA,NA
7/10/19,12:59:00,Lomma_Kyrkdamm,Ischnura_elegans,Mature,1,,0,0,30,2019,NA,NA
7/10/19,12:59:00,Lomma_Kyrkdamm,Ischnura_elegans,Immature,1,,0,0,30,2019,NA,NA
7/10/19,12:59:00,Lomma_Kyrkdamm,Ischnura_elegans,Mature,1,,0,0,30,2019,NA,NA
7/10/19,12:59:00,Lomma_Kyrkdamm,Ischnura_elegans,Immature,1,,0,0,30,2019,NA,NA
7/10/19,12:59:00,Lomma_Kyrkdamm,Ischnura_elegans,Teneral,0,,0,0,30,2019,NA,NA
7/10/19,12:59:00,Lomma_Kyrkdamm,Ischnura_elegans,Mature,0,Androchrome,0,0,30,2019,Androchrome,NA
7/10/19,13:00:00,Lomma_Kyrkdamm,Ischnura_elegans,Immature,1,,0,16,30,2019,NA,NA
7/10/19,13:00:00,Lomma_Kyrkdamm,Aeshna_grandis,Mature,1,,0,0,30,2019,NA,NA
7/10/19,13:00:00,Lomma_Kyrkdamm,Sympetrum_spp,Mature,1,,0,0,30,2019,NA,NA
7/10/19,13:01:00,Lomma_Kyrkdamm,Sympetrum_spp,Mature,1,,0,0,30,2019,NA,NA
7/10/19,13:01:00,Lomma_Kyrkdamm,Ischnura_elegans,Mature,1,,0,10,30,2019,NA,NA
7/10/19,13:01:00,Lomma_Kyrkdamm,Ischnura_elegans,Mature,1,,0,0,30,2019,NA,NA
7/10/19,13:01:00,Lomma_Kyrkdamm,Ischnura_elegans,Mature,1,,0,0,30,2019,NA,NA
7/10/19,13:01:00,Lomma_Kyrkdamm,Ischnura_elegans,Mature,1,,0,0,30,2019,NA,NA
7/10/19,13:01:00,Lomma_Kyrkdamm,Ischnura_elegans,Mature,1,,0,0,30,2019,NA,NA
7/10/19,13:01:00,Lomma_Kyrkdamm,Ischnura_elegans,Mature,1,,0,0,30,2019,NA,NA
7/10/19,13:01:00,Lomma_Kyrkdamm,Ischnura_elegans,Mature,0,,0,0,30,2019,NA,NA
7/10/19,13:02:00,Lomma_Kyrkdamm,Ischnura_elegans,Mature,0,,0,0,30,2019,NA,NA
7/10/19,13:02:00,Lomma_Kyrkdamm,Ischnura_elegans,Mature,0,,0,0,30,2019,NA,NA
7/10/19,13:02:00,Lomma_Kyrkdamm,Ischnura_elegans,Mature,0,,0,0,30,2019,NA,NA
7/10/19,13:02:00,Lomma_Kyrkdamm,Ischnura_elegans,Mature,0,,0,0,30,2019,NA,NA
7/10/19,13:02:00,Lomma_Kyrkdamm,Ischnura_elegans,Mature,1,,0,4,30,2019,NA,NA
7/10/19,13:02:00,Lomma_Kyrkdamm,Ischnura_elegans,Mature,1,,0,3,30,2019,NA,NA
7/10/19,13:02:00,Lomma_Kyrkdamm,Ischnura_elegans,Mature,1,,0,20,30,2019,NA,NA
7/10/19,13:02:00,Lomma_Kyrkdamm,Ischnura_elegans,Mature,0,,0,25,30,2019,NA,NA
7/10/19,13:03:00,Lomma_Kyrkdamm,Ischnura_elegans,Mature,1,,0,15,30,2019,NA,NA
7/10/19,13:03:00,Lomma_Kyrkdamm,Ischnura_elegans,Mature,1,,0,10,30,2019,NA,NA
7/10/19,13:03:00,Lomma_Kyrkdamm,Ischnura_elegans,Mature,1,,0,20,30,2019,NA,NA
7/10/19,13:03:00,Lomma_Kyrkdamm,Ischnura_elegans,Mature,1,,0,30,30,2019,NA,NA
7/10/19,13:03:00,Lomma_Kyrkdamm,Ischnura_elegans,Mature,0,,0,3,30,2019,NA,NA
7/10/19,13:03:00,Lomma_Kyrkdamm,Ischnura_elegans,Mature,0,,0,15,30,2019,NA,NA
7/10/19,13:03:00,Lomma_Kyrkdamm,Ischnura_elegans,Mature,0,,0,40,30,2019,NA,NA
7/15/19,11:25:00,Lomma_Kyrkdamm,Ischnura_elegans,Mature,0,Androchrome,0,0,30,2019,Androchrome,NA
7/15/19,11:26:00,Lomma_Kyrkdamm,Enallagma_cyathigerum,Teneral,1,,0,0,30,2019,NA,NA
7/15/19,11:26:00,Lomma_Kyrkdamm,Ischnura_elegans,Mature,0,Androchrome,0,35,30,2019,Androchrome,NA
7/15/19,11:27:00,Lomma_Kyrkdamm,Ischnura_elegans,Mature,1,,0,45,30,2019,NA,NA
7/15/19,11:27:00,Lomma_Kyrkdamm,Ischnura_elegans,Mature,1,,0,0,30,2019,NA,NA
7/15/19,11:27:00,Lomma_Kyrkdamm,Ischnura_elegans,Mature,0,Androchrome,0,0,30,2019,Androchrome,NA
7/15/19,11:27:00,Lomma_Kyrkdamm,Enallagma_cyathigerum,Mature,1,,0,7,30,2019,NA,NA
7/15/19,11:28:00,Lomma_Kyrkdamm,Ischnura_elegans,Mature,1,,0,0,30,2019,NA,NA
7/15/19,11:28:00,Lomma_Kyrkdamm,Ischnura_elegans,Mature,0,Androchrome,0,0,30,2019,Androchrome,NA
7/15/19,11:28:00,Lomma_Kyrkdamm,Ischnura_elegans,Mature,1,,0,1,30,2019,NA,NA
7/15/19,11:28:00,Lomma_Kyrkdamm,Ischnura_elegans,Mature,0,Androchrome,0,0,30,2019,Androchrome,NA
7/15/19,11:28:00,Lomma_Kyrkdamm,Ischnura_elegans,Mature,1,,0,0,30,2019,NA,NA
7/15/19,11:28:00,Lomma_Kyrkdamm,Ischnura_elegans,Immature,0,Gynochrome,0,9,30,2019,Androchrome,Violacea_(Androchrome)
7/15/19,11:29:00,Lomma_Kyrkdamm,Ischnura_elegans,Mature,1,,0,0,30,2019,NA,NA
7/15/19,11:29:00,Lomma_Kyrkdamm,Ischnura_elegans,Mature,1,,0,0,30,2019,NA,NA
7/15/19,11:29:00,Lomma_Kyrkdamm,Ischnura_elegans,Mature,0,Androchrome,0,0,30,2019,Androchrome,NA
7/15/19,11:29:00,Lomma_Kyrkdamm,Ischnura_elegans,Mature,1,,0,0,30,2019,NA,NA
7/15/19,11:29:00,Lomma_Kyrkdamm,Ischnura_elegans,Mature,1,,0,0,30,2019,NA,NA
7/15/19,11:30:00,Lomma_Kyrkdamm,Ischnura_elegans,Mature,0,Androchrome,0,0,30,2019,Androchrome,NA
7/15/19,11:30:00,Lomma_Kyrkdamm,Ischnura_elegans,Immature,1,,0,60,30,2019,NA,NA
7/15/19,11:30:00,Lomma_Kyrkdamm,Enallagma_cyathigerum,Teneral,0,,0,0,30,2019,NA,NA
7/15/19,11:30:00,Lomma_Kyrkdamm,Ischnura_elegans,Mature,0,Androchrome,0,0,30,2019,Androchrome,NA
7/15/19,11:31:00,Lomma_Kyrkdamm,Ischnura_elegans,Mature,1,,0,0,30,2019,NA,NA
7/15/19,11:31:00,Lomma_Kyrkdamm,Ischnura_elegans,Mature,1,,0,30,30,2019,NA,NA
7/15/19,11:31:00,Lomma_Kyrkdamm,Ischnura_elegans,Immature,1,,0,8,30,2019,NA,NA
7/15/19,11:32:00,Lomma_Kyrkdamm,Ischnura_elegans,Mature,1,,0,0,30,2019,NA,NA
7/15/19,11:32:00,Lomma_Kyrkdamm,Ischnura_elegans,Immature,0,Gynochrome,0,0,30,2019,Androchrome,Violacea_(Androchrome)
7/15/19,11:32:00,Lomma_Kyrkdamm,Ischnura_elegans,Mature,1,,0,1,30,2019,NA,NA
7/15/19,11:33:00,Lomma_Kyrkdamm,Ischnura_elegans,Mature,1,,0,27,30,2019,NA,NA
7/15/19,11:33:00,Lomma_Kyrkdamm,Ischnura_elegans,Immature,0,Gynochrome,0,0,30,2019,Androchrome,Violacea_(Androchrome)
7/15/19,11:33:00,Lomma_Kyrkdamm,Ischnura_elegans,Mature,1,,0,26,30,2019,NA,NA
7/15/19,11:34:00,Lomma_Kyrkdamm,Enallagma_cyathigerum,Mature,1,,0,0,30,2019,NA,NA
7/15/19,11:34:00,Lomma_Kyrkdamm,Ischnura_elegans,Mature,0,Gynochrome,0,0,30,2019,Androchrome,Violacea_(Androchrome)
7/15/19,11:34:00,Lomma_Kyrkdamm,Ischnura_elegans,Mature,0,Androchrome,0,100,30,2019,Androchrome,NA
7/15/19,11:34:00,Lomma_Kyrkdamm,Ischnura_elegans,Mature,0,Androchrome,0,0,30,2019,Androchrome,NA
7/15/19,11:35:00,Lomma_Kyrkdamm,Ischnura_elegans,Immature,1,,0,0,30,2019,NA,NA
7/15/19,11:35:00,Lomma_Kyrkdamm,Ischnura_elegans,Mature,1,,0,0,30,2019,NA,NA
7/15/19,11:35:00,Lomma_Kyrkdamm,Ischnura_elegans,Mature,0,Androchrome,0,4,30,2019,Androchrome,NA
7/15/19,11:35:00,Lomma_Kyrkdamm,Ischnura_elegans,Mature,0,Androchrome,0,0,30,2019,Androchrome,NA
7/15/19,11:35:00,Lomma_Kyrkdamm,Ischnura_elegans,Teneral,0,,0,0,30,2019,NA,NA
7/15/19,11:36:00,Lomma_Kyrkdamm,Ischnura_elegans,Immature,1,,0,5,30,2019,NA,NA
7/15/19,11:36:00,Lomma_Kyrkdamm,Ischnura_elegans,Mature,0,Androchrome,0,0,30,2019,Androchrome,NA
7/15/19,11:37:00,Lomma_Kyrkdamm,Ischnura_elegans,Mature,1,,0,6,30,2019,NA,NA
7/15/19,11:37:00,Lomma_Kyrkdamm,Ischnura_elegans,Immature,1,,0,6,30,2019,NA,NA
7/15/19,11:37:00,Lomma_Kyrkdamm,Ischnura_elegans,Mature,0,Gynochrome,0,0,30,2019,Infuscans,NA
7/15/19,11:37:00,Lomma_Kyrkdamm,Ischnura_elegans,Mature,0,Gynochrome,0,2,30,2019,Infuscans,NA
7/15/19,11:38:00,Lomma_Kyrkdamm,Ischnura_elegans,Mature,1,,0,0,30,2019,NA,NA
7/15/19,11:38:00,Lomma_Kyrkdamm,Ischnura_elegans,Mature,1,,0,36,30,2019,NA,NA
7/15/19,11:38:00,Lomma_Kyrkdamm,Ischnura_elegans,Mature,0,Gynochrome,0,0,30,2019,Androchrome,Violacea_(Androchrome)
7/15/19,11:39:00,Lomma_Kyrkdamm,Ischnura_elegans,Mature,0,Gynochrome,0,10,30,2019,Infuscans_obsoleta,NA
7/15/19,11:39:00,Lomma_Kyrkdamm,Ischnura_elegans,Mature,0,Gynochrome,0,0,30,2019,Infuscans_obsoleta,NA
7/15/19,11:39:00,Lomma_Kyrkdamm,Ischnura_elegans,Mature,1,,0,0,30,2019,NA,NA
7/15/19,11:40:00,Lomma_Kyrkdamm,Ischnura_elegans,Immature,0,Gynochrome,0,17,30,2019,Androchrome,Violacea_(Androchrome)
7/15/19,11:40:00,Lomma_Kyrkdamm,Ischnura_elegans,Immature,1,,0,14,30,2019,NA,NA
7/15/19,11:40:00,Lomma_Kyrkdamm,Ischnura_elegans,Mature,1,,0,0,30,2019,NA,NA
7/15/19,11:41:00,Lomma_Kyrkdamm,Ischnura_elegans,Immature,1,,0,11,30,2019,NA,NA
7/15/19,11:41:00,Lomma_Kyrkdamm,Ischnura_elegans,Immature,1,,0,7,30,2019,NA,NA
7/30/19,10:31:00,Lomma_Kyrkdamm,Sympetrum_spp,Mature,1,,0,0,30,2019,NA,NA
7/30/19,10:31:00,Lomma_Kyrkdamm,Sympetrum_spp,Mature,1,,0,0,30,2019,NA,NA
7/30/19,10:31:00,Lomma_Kyrkdamm,Orthetrum_cancellatum,Mature,1,,0,0,30,2019,NA,NA
7/30/19,10:32:00,Lomma_Kyrkdamm,Libellula_quadrimaculata,Mature,1,,0,0,30,2019,NA,NA
7/30/19,10:43:00,Lomma_Kyrkdamm,Enallagma_cyathigerum,Teneral,1,,0,0,30,2019,NA,NA
7/30/19,10:44:00,Lomma_Kyrkdamm,Enallagma_cyathigerum,Mature,1,,0,0,30,2019,NA,NA
7/30/19,10:45:00,Lomma_Kyrkdamm,Enallagma_cyathigerum,Mature,1,,0,32,30,2019,NA,NA
7/30/19,10:46:00,Lomma_Kyrkdamm,Enallagma_cyathigerum,Mature,1,,0,4,30,2019,NA,NA
7/30/19,10:46:00,Lomma_Kyrkdamm,Enallagma_cyathigerum,Mature,1,,0,0,30,2019,NA,NA
7/30/19,10:46:00,Lomma_Kyrkdamm,Ischnura_elegans,Mature,1,,0,0,30,2019,NA,NA
7/30/19,10:47:00,Lomma_Kyrkdamm,Ischnura_elegans,Immature,1,,0,0,30,2019,NA,NA
7/30/19,10:48:00,Lomma_Kyrkdamm,Ischnura_elegans,Mature,1,,0,1,30,2019,NA,NA
7/30/19,10:49:00,Lomma_Kyrkdamm,Enallagma_cyathigerum,Mature,1,,0,0,30,2019,NA,NA
7/30/19,10:49:00,Lomma_Kyrkdamm,Ischnura_elegans,Mature,1,,0,0,30,2019,NA,NA
7/30/19,10:49:00,Lomma_Kyrkdamm,Enallagma_cyathigerum,Mature,1,,0,3,30,2019,NA,NA
7/30/19,10:50:00,Lomma_Kyrkdamm,Ischnura_elegans,Mature,1,,0,0,30,2019,NA,NA
7/30/19,10:50:00,Lomma_Kyrkdamm,Ischnura_elegans,Immature,1,,0,0,30,2019,NA,NA
7/30/19,10:51:00,Lomma_Kyrkdamm,Ischnura_elegans,Mature,0,Gynochrome,0,6,30,2019,Infuscans,Violacea_(Infuscans)
7/30/19,10:52:00,Lomma_Kyrkdamm,Enallagma_cyathigerum,Teneral,0,,0,0,30,2019,NA,NA
7/30/19,10:52:00,Lomma_Kyrkdamm,Ischnura_elegans,Teneral,1,,0,0,30,2019,NA,NA
7/30/19,10:52:00,Lomma_Kyrkdamm,Ischnura_elegans,Immature,0,Gynochrome,0,0,30,2019,Androchrome,Violacea_(Androchrome)
7/30/19,10:53:00,Lomma_Kyrkdamm,Ischnura_elegans,Teneral,0,,0,0,30,2019,NA,NA
7/30/19,10:53:00,Lomma_Kyrkdamm,Ischnura_elegans,Mature,1,,0,0,30,2019,NA,NA
7/30/19,10:53:00,Lomma_Kyrkdamm,Ischnura_elegans,Mature,1,,0,0,30,2019,NA,NA
7/30/19,10:53:00,Lomma_Kyrkdamm,Ischnura_elegans,Mature,1,,0,0,30,2019,NA,NA
7/30/19,10:53:00,Lomma_Kyrkdamm,Ischnura_elegans,Mature,0,Androchrome,0,0,30,2019,Androchrome,NA
7/30/19,10:56:00,Lomma_Kyrkdamm,Ischnura_elegans,Immature,0,Gynochrome,0,0,30,2019,Androchrome,Violacea_(Androchrome)
7/30/19,10:56:00,Lomma_Kyrkdamm,Enallagma_cyathigerum,Mature,1,,0,0,30,2019,NA,NA
7/30/19,10:56:00,Lomma_Kyrkdamm,Ischnura_elegans,Mature,1,,0,4,30,2019,NA,NA
7/30/19,10:56:00,Lomma_Kyrkdamm,Enallagma_cyathigerum,Mature,1,,0,0,30,2019,NA,NA
7/30/19,10:56:00,Lomma_Kyrkdamm,Erythromma_viridulum,Mature,1,,0,0,30,2019,NA,NA
7/30/19,10:57:00,Lomma_Kyrkdamm,Ischnura_elegans,Mature,1,,0,0,30,2019,NA,NA
7/30/19,10:57:00,Lomma_Kyrkdamm,Ischnura_elegans,Immature,0,Androchrome,0,0,30,2019,Androchrome,NA
7/30/19,10:57:00,Lomma_Kyrkdamm,Ischnura_elegans,Immature,0,Androchrome,0,0,30,2019,Androchrome,NA
7/30/19,10:58:00,Lomma_Kyrkdamm,Ischnura_elegans,Mature,1,,0,0,30,2019,NA,NA
7/30/19,10:59:00,Lomma_Kyrkdamm,Enallagma_cyathigerum,Mature,1,,0,9,30,2019,NA,NA
7/30/19,11:00:00,Lomma_Kyrkdamm,Enallagma_cyathigerum,Mature,1,,0,0,30,2019,NA,NA
7/30/19,11:00:00,Lomma_Kyrkdamm,Ischnura_elegans,Mature,0,Androchrome,0,0,30,2019,Androchrome,NA
7/30/19,11:01:00,Lomma_Kyrkdamm,Ischnura_elegans,Mature,0,Gynochrome,0,1,30,2019,Androchrome,Violacea_(Androchrome)
7/30/19,11:02:00,Lomma_Kyrkdamm,Enallagma_cyathigerum,Mature,1,,0,0,30,2019,NA,NA
7/30/19,11:02:00,Lomma_Kyrkdamm,Ischnura_elegans,Mature,1,,0,0,30,2019,NA,NA
7/30/19,11:02:00,Lomma_Kyrkdamm,Ischnura_elegans,Mature,0,Androchrome,0,4,30,2019,Androchrome,NA
6/4/19,8:24:00,Lunnarp,Orthetrum_cancellatum,NA,,,0,0,30,2019,NA,NA
6/4/19,8:24:00,Lunnarp,Libellula_depressa,NA,,,0,0,30,2019,NA,NA
6/4/19,8:24:00,Lunnarp,Ischnura_elegans,Immature,1,,0,0,30,2019,NA,NA
6/4/19,8:24:00,Lunnarp,Enallagma_cyathigerum,Mature,1,,1,0,30,2019,NA,NA
6/4/19,8:24:00,Lunnarp,Enallagma_cyathigerum,Mature,0,,1,0,30,2019,NA,NA
6/4/19,8:24:00,Lunnarp,Ischnura_elegans,Immature,0,,0,0,30,2019,NA,NA
6/4/19,8:24:00,Lunnarp,Enallagma_cyathigerum,Mature,1,,0,3,30,2019,NA,NA
6/4/19,8:24:00,Lunnarp,Ischnura_elegans,Immature,0,,0,0,30,2019,NA,NA
6/4/19,8:24:00,Lunnarp,Ischnura_elegans,Immature,1,,0,0,30,2019,NA,NA
6/4/19,8:24:00,Lunnarp,Coenagrion_pulchellum,Mature,1,,0,6,30,2019,NA,NA
6/4/19,8:24:00,Lunnarp,Ischnura_elegans,Mature,0,Androchrome,0,0,30,2019,Androchrome,NA
6/4/19,8:24:00,Lunnarp,Ischnura_elegans,Immature,0,,0,0,30,2019,NA,NA
6/4/19,8:24:00,Lunnarp,Ischnura_pumilio,Immature,0,,0,0,30,2019,NA,NA
6/4/19,8:24:00,Lunnarp,Ischnura_elegans,Immature,0,,0,0,30,2019,NA,NA
6/4/19,8:24:00,Lunnarp,Coenagrion_pulchellum,Mature,1,,0,1,30,2019,NA,NA
6/4/19,8:24:00,Lunnarp,Ischnura_elegans,Immature,1,,0,0,30,2019,NA,NA
6/4/19,8:24:00,Lunnarp,Ischnura_elegans,Immature,1,,0,0,30,2019,NA,NA
6/4/19,8:24:00,Lunnarp,Ischnura_elegans,Immature,0,,0,0,30,2019,NA,NA
6/4/19,8:24:00,Lunnarp,Ischnura_elegans,Immature,1,,0,0,30,2019,NA,NA
6/4/19,8:24:00,Lunnarp,Ischnura_elegans,Mature,1,,0,0,30,2019,NA,NA
6/4/19,8:24:00,Lunnarp,Ischnura_elegans,Immature,1,,0,0,30,2019,NA,NA
6/4/19,8:24:00,Lunnarp,Enallagma_cyathigerum,Immature,0,,0,0,30,2019,NA,NA
6/4/19,8:24:00,Lunnarp,Ischnura_elegans,Immature,1,,0,0,30,2019,NA,NA
6/4/19,8:24:00,Lunnarp,Coenagrion_pulchellum,Mature,0,,0,0,30,2019,NA,NA
6/4/19,8:24:00,Lunnarp,Coenagrion_pulchellum,Mature,1,,0,6,30,2019,NA,NA
6/4/19,8:24:00,Lunnarp,Ischnura_elegans,Mature,1,,0,0,30,2019,NA,NA
6/4/19,8:24:00,Lunnarp,Ischnura_elegans,Immature,0,,0,0,30,2019,NA,NA
6/4/19,8:24:00,Lunnarp,Ischnura_elegans,Immature,0,,0,0,30,2019,NA,NA
6/4/19,8:24:00,Lunnarp,Ischnura_elegans,Immature,0,Gynochrome,0,0,30,2019,Infuscans,NA
6/4/19,8:24:00,Lunnarp,Ischnura_elegans,Immature,0,,0,0,30,2019,NA,NA
6/4/19,8:24:00,Lunnarp,Ischnura_elegans,Immature,1,,0,0,30,2019,NA,NA
6/4/19,8:24:00,Lunnarp,Ischnura_elegans,Mature,1,,0,0,30,2019,NA,NA
6/4/19,8:24:00,Lunnarp,Ischnura_elegans,Immature,1,,0,0,30,2019,NA,NA
6/19/19,11:44:00,Lunnarp,Anax_imperator,Mature,1,,0,0,30,2019,NA,NA
6/19/19,11:44:00,Lunnarp,Anax_imperator,Mature,1,,0,0,30,2019,NA,NA
6/19/19,11:44:00,Lunnarp,Anax_imperator,Mature,1,,0,0,30,2019,NA,NA
6/19/19,11:44:00,Lunnarp,Anax_imperator,Mature,1,,0,0,30,2019,NA,NA
6/19/19,11:44:00,Lunnarp,Anax_imperator,Mature,1,,0,0,30,2019,NA,NA
6/19/19,11:44:00,Lunnarp,Anax_imperator,Mature,1,,0,0,30,2019,NA,NA
6/19/19,11:44:00,Lunnarp,Anax_imperator,Mature,1,,0,0,30,2019,NA,NA
6/19/19,11:44:00,Lunnarp,Anax_imperator,Mature,1,,0,0,30,2019,NA,NA
6/19/19,11:44:00,Lunnarp,Anax_imperator,Mature,0,,0,0,30,2019,NA,NA
6/19/19,11:44:00,Lunnarp,Anax_imperator,Mature,0,,0,0,30,2019,NA,NA
6/19/19,11:44:00,Lunnarp,Libellula_depressa,Mature,1,,0,0,30,2019,NA,NA
6/19/19,11:44:00,Lunnarp,Libellula_depressa,Mature,1,,0,0,30,2019,NA,NA
6/19/19,11:44:00,Lunnarp,Libellula_depressa,Mature,1,,0,0,30,2019,NA,NA
6/19/19,11:44:00,Lunnarp,Libellula_depressa,Mature,1,,0,0,30,2019,NA,NA
6/19/19,11:45:00,Lunnarp,Libellula_depressa,Mature,0,,0,0,30,2019,NA,NA
6/19/19,11:45:00,Lunnarp,Libellula_depressa,Mature,0,,0,0,30,2019,NA,NA
6/19/19,11:45:00,Lunnarp,Orthetrum_cancellatum,Mature,1,,0,0,30,2019,NA,NA
6/19/19,11:45:00,Lunnarp,Orthetrum_cancellatum,Mature,1,,0,0,30,2019,NA,NA
6/19/19,11:45:00,Lunnarp,Orthetrum_cancellatum,Mature,1,,0,0,30,2019,NA,NA
6/19/19,11:45:00,Lunnarp,Orthetrum_cancellatum,Mature,1,,0,0,30,2019,NA,NA
6/19/19,11:45:00,Lunnarp,Orthetrum_cancellatum,Mature,1,,0,0,30,2019,NA,NA
6/19/19,11:45:00,Lunnarp,Orthetrum_cancellatum,Mature,1,,0,0,30,2019,NA,NA
6/19/19,11:45:00,Lunnarp,Orthetrum_cancellatum,Mature,1,,0,0,30,2019,NA,NA
6/19/19,11:45:00,Lunnarp,Orthetrum_cancellatum,Mature,1,,0,0,30,2019,NA,NA
6/19/19,11:45:00,Lunnarp,Orthetrum_cancellatum,Mature,1,,0,0,30,2019,NA,NA
6/19/19,11:45:00,Lunnarp,Orthetrum_cancellatum,Mature,1,,0,0,30,2019,NA,NA
6/19/19,11:45:00,Lunnarp,Orthetrum_cancellatum,Mature,1,,0,0,30,2019,NA,NA
6/19/19,11:45:00,Lunnarp,Orthetrum_cancellatum,Mature,1,,0,0,30,2019,NA,NA
6/19/19,11:45:00,Lunnarp,Orthetrum_cancellatum,Mature,1,,0,0,30,2019,NA,NA
6/19/19,11:45:00,Lunnarp,Orthetrum_cancellatum,Mature,1,,0,0,30,2019,NA,NA
6/19/19,11:45:00,Lunnarp,Orthetrum_cancellatum,Mature,1,,0,0,30,2019,NA,NA
6/19/19,11:45:00,Lunnarp,Orthetrum_cancellatum,Mature,1,,0,0,30,2019,NA,NA
6/19/19,11:45:00,Lunnarp,Orthetrum_cancellatum,Mature,1,,0,0,30,2019,NA,NA
6/19/19,11:45:00,Lunnarp,Orthetrum_cancellatum,Mature,1,,0,0,30,2019,NA,NA
6/19/19,11:45:00,Lunnarp,Orthetrum_cancellatum,Mature,1,,0,0,30,2019,NA,NA
6/19/19,11:45:00,Lunnarp,Orthetrum_cancellatum,Mature,1,,0,0,30,2019,NA,NA
6/19/19,11:45:00,Lunnarp,Orthetrum_cancellatum,Mature,1,,0,0,30,2019,NA,NA
6/19/19,11:45:00,Lunnarp,Orthetrum_cancellatum,Mature,1,,0,0,30,2019,NA,NA
6/19/19,11:45:00,Lunnarp,Orthetrum_cancellatum,Mature,1,,0,0,30,2019,NA,NA
6/19/19,11:45:00,Lunnarp,Orthetrum_cancellatum,Mature,1,,0,0,30,2019,NA,NA
6/19/19,11:45:00,Lunnarp,Orthetrum_cancellatum,Mature,1,,0,0,30,2019,NA,NA
6/19/19,11:45:00,Lunnarp,Orthetrum_cancellatum,Mature,1,,0,0,30,2019,NA,NA
6/19/19,11:45:00,Lunnarp,Orthetrum_cancellatum,Mature,1,,0,0,30,2019,NA,NA
6/19/19,11:45:00,Lunnarp,Orthetrum_cancellatum,Mature,1,,0,0,30,2019,NA,NA
6/19/19,11:45:00,Lunnarp,Orthetrum_cancellatum,Mature,1,,0,0,30,2019,NA,NA
6/19/19,11:45:00,Lunnarp,Orthetrum_cancellatum,Mature,1,,0,0,30,2019,NA,NA
6/19/19,11:45:00,Lunnarp,Orthetrum_cancellatum,Mature,1,,0,0,30,2019,NA,NA
6/19/19,11:45:00,Lunnarp,Orthetrum_cancellatum,Mature,1,,0,0,30,2019,NA,NA
6/19/19,11:45:00,Lunnarp,Orthetrum_cancellatum,Mature,1,,0,0,30,2019,NA,NA
6/19/19,11:45:00,Lunnarp,Orthetrum_cancellatum,Mature,1,,0,0,30,2019,NA,NA
6/19/19,11:45:00,Lunnarp,Orthetrum_cancellatum,Mature,1,,0,0,30,2019,NA,NA
6/19/19,11:45:00,Lunnarp,Orthetrum_cancellatum,Mature,1,,0,0,30,2019,NA,NA
6/19/19,11:45:00,Lunnarp,Orthetrum_cancellatum,Mature,1,,0,0,30,2019,NA,NA
6/19/19,11:45:00,Lunnarp,Orthetrum_cancellatum,Mature,1,,0,0,30,2019,NA,NA
6/19/19,11:45:00,Lunnarp,Orthetrum_cancellatum,Mature,1,,0,0,30,2019,NA,NA
6/19/19,11:45:00,Lunnarp,Orthetrum_cancellatum,Mature,1,,0,0,30,2019,NA,NA
6/19/19,11:45:00,Lunnarp,Orthetrum_cancellatum,Mature,1,,0,0,30,2019,NA,NA
6/19/19,11:45:00,Lunnarp,Orthetrum_cancellatum,Mature,1,,0,0,30,2019,NA,NA
6/19/19,11:45:00,Lunnarp,Orthetrum_cancellatum,Mature,1,,0,0,30,2019,NA,NA
6/19/19,11:45:00,Lunnarp,Orthetrum_cancellatum,Mature,1,,0,0,30,2019,NA,NA
6/19/19,11:45:00,Lunnarp,Orthetrum_cancellatum,Mature,1,,0,0,30,2019,NA,NA
6/19/19,11:45:00,Lunnarp,Orthetrum_cancellatum,Mature,1,,0,0,30,2019,NA,NA
6/19/19,11:45:00,Lunnarp,Orthetrum_cancellatum,Mature,1,,0,0,30,2019,NA,NA
6/19/19,11:45:00,Lunnarp,Orthetrum_cancellatum,Mature,1,,0,0,30,2019,NA,NA
6/19/19,11:45:00,Lunnarp,Orthetrum_cancellatum,Mature,1,,0,0,30,2019,NA,NA
6/19/19,11:45:00,Lunnarp,Orthetrum_cancellatum,Mature,1,,0,0,30,2019,NA,NA
6/19/19,11:45:00,Lunnarp,Orthetrum_cancellatum,Mature,0,,1,0,30,2019,NA,NA
6/19/19,11:46:00,Lunnarp,Orthetrum_cancellatum,Mature,1,,1,0,30,2019,NA,NA
6/19/19,11:46:00,Lunnarp,Libellula_quadrimaculata,Mature,,,0,0,30,2019,NA,NA
6/19/19,11:46:00,Lunnarp,Libellula_quadrimaculata,Mature,,,0,0,30,2019,NA,NA
6/19/19,11:46:00,Lunnarp,Libellula_quadrimaculata,Mature,,,0,0,30,2019,NA,NA
6/19/19,11:46:00,Lunnarp,Libellula_quadrimaculata,Mature,,,0,0,30,2019,NA,NA
6/19/19,11:46:00,Lunnarp,Libellula_quadrimaculata,Mature,,,0,0,30,2019,NA,NA
6/19/19,11:46:00,Lunnarp,Libellula_quadrimaculata,Mature,,,0,0,30,2019,NA,NA
6/19/19,11:46:00,Lunnarp,Libellula_quadrimaculata,Mature,,,0,0,30,2019,NA,NA
6/19/19,11:46:00,Lunnarp,Libellula_quadrimaculata,Mature,,,0,0,30,2019,NA,NA
6/19/19,11:46:00,Lunnarp,Libellula_quadrimaculata,Mature,,,0,0,30,2019,NA,NA
6/19/19,11:46:00,Lunnarp,Libellula_quadrimaculata,Mature,,,0,0,30,2019,NA,NA
6/19/19,11:46:00,Lunnarp,Libellula_quadrimaculata,Mature,,,0,0,30,2019,NA,NA
6/19/19,11:46:00,Lunnarp,Libellula_quadrimaculata,Mature,,,0,0,30,2019,NA,NA
6/19/19,11:46:00,Lunnarp,Libellula_quadrimaculata,Mature,,,0,0,30,2019,NA,NA
6/19/19,11:46:00,Lunnarp,Libellula_quadrimaculata,Mature,,,0,0,30,2019,NA,NA
6/19/19,11:46:00,Lunnarp,Libellula_quadrimaculata,Mature,,,0,0,30,2019,NA,NA
6/19/19,11:46:00,Lunnarp,Libellula_quadrimaculata,Mature,,,0,0,30,2019,NA,NA
6/19/19,11:46:00,Lunnarp,Libellula_quadrimaculata,Mature,,,0,0,30,2019,NA,NA
6/19/19,11:46:00,Lunnarp,Libellula_quadrimaculata,Mature,,,0,0,30,2019,NA,NA
6/19/19,11:46:00,Lunnarp,Libellula_quadrimaculata,Mature,,,0,0,30,2019,NA,NA
6/19/19,11:46:00,Lunnarp,Libellula_quadrimaculata,Mature,,,0,0,30,2019,NA,NA
6/19/19,11:46:00,Lunnarp,Calopteryx_splendens,Mature,1,,0,0,30,2019,NA,NA
6/19/19,11:46:00,Lunnarp,Calopteryx_splendens,Mature,1,,0,0,30,2019,NA,NA
6/19/19,11:55:00,Lunnarp,Coenagrion_pulchellum,Mature,0,,1,5,30,2019,NA,NA
6/19/19,11:55:00,Lunnarp,Coenagrion_pulchellum,Mature,1,,1,0,30,2019,NA,NA
6/19/19,11:56:00,Lunnarp,Coenagrion_puella,Mature,1,,1,4,30,2019,NA,NA
6/19/19,11:56:00,Lunnarp,Coenagrion_puella,Mature,0,,1,21,30,2019,NA,NA
6/19/19,11:57:00,Lunnarp,Ischnura_elegans,Mature,1,,0,0,30,2019,NA,NA
6/19/19,11:57:00,Lunnarp,Ischnura_elegans,Mature,1,,0,0,30,2019,NA,NA
6/19/19,11:58:00,Lunnarp,Ischnura_elegans,Immature,1,,0,0,30,2019,NA,NA
6/19/19,11:58:00,Lunnarp,Enallagma_cyathigerum,Teneral,0,,0,0,30,2019,NA,NA
6/19/19,11:58:00,Lunnarp,Ischnura_elegans,Mature,0,Androchrome,0,0,30,2019,Androchrome,NA
6/19/19,11:58:00,Lunnarp,Erythromma_viridulum,Teneral,0,,0,0,30,2019,NA,NA
6/19/19,11:58:00,Lunnarp,Ischnura_elegans,Mature,1,,0,0,30,2019,NA,NA
6/19/19,11:59:00,Lunnarp,Enallagma_cyathigerum,Teneral,0,,0,0,30,2019,NA,NA
6/19/19,11:59:00,Lunnarp,Ischnura_elegans,Mature,0,Gynochrome,0,0,30,2019,Androchrome,Violacea_(Androchrome)
6/19/19,11:59:00,Lunnarp,Coenagrion_pulchellum,Mature,1,,0,23,30,2019,NA,NA
6/19/19,12:00:00,Lunnarp,Ischnura_elegans,Mature,1,,0,0,30,2019,NA,NA
6/19/19,12:00:00,Lunnarp,Coenagrion_pulchellum,Mature,1,,0,0,30,2019,NA,NA
6/19/19,12:00:00,Lunnarp,Enallagma_cyathigerum,Mature,1,,0,0,30,2019,NA,NA
6/19/19,12:00:00,Lunnarp,Coenagrion_pulchellum,Mature,1,,0,0,30,2019,NA,NA
6/19/19,12:01:00,Lunnarp,Enallagma_cyathigerum,Mature,1,,0,0,30,2019,NA,NA
6/19/19,12:01:00,Lunnarp,Enallagma_cyathigerum,Mature,1,,0,0,30,2019,NA,NA
6/19/19,12:01:00,Lunnarp,Ischnura_elegans,Immature,1,,0,0,30,2019,NA,NA
6/19/19,12:01:00,Lunnarp,Ischnura_elegans,Mature,0,Androchrome,0,0,30,2019,Androchrome,NA
6/19/19,12:01:00,Lunnarp,Enallagma_cyathigerum,Teneral,0,,0,0,30,2019,NA,NA
6/19/19,12:01:00,Lunnarp,Ischnura_elegans,Teneral,1,,0,0,30,2019,NA,NA
6/19/19,12:02:00,Lunnarp,Ischnura_elegans,Teneral,0,,0,0,30,2019,NA,NA
6/19/19,12:02:00,Lunnarp,Ischnura_elegans,Mature,1,,0,0,30,2019,NA,NA
6/19/19,12:02:00,Lunnarp,Ischnura_elegans,Immature,1,,0,0,30,2019,NA,NA
6/19/19,12:02:00,Lunnarp,Enallagma_cyathigerum,Teneral,0,,0,0,30,2019,NA,NA
6/19/19,12:02:00,Lunnarp,Ischnura_elegans,Mature,0,Gynochrome,0,0,30,2019,Androchrome,Violacea_(Androchrome)
6/19/19,12:03:00,Lunnarp,Enallagma_cyathigerum,Mature,1,,0,2,30,2019,NA,NA
6/19/19,12:03:00,Lunnarp,Ischnura_elegans,Mature,1,,0,0,30,2019,NA,NA
6/19/19,12:03:00,Lunnarp,Ischnura_elegans,Mature,0,Androchrome,0,0,30,2019,Androchrome,NA
6/19/19,12:03:00,Lunnarp,Ischnura_elegans,Mature,1,,0,0,30,2019,NA,NA
6/19/19,12:03:00,Lunnarp,Ischnura_elegans,Immature,1,,0,0,30,2019,NA,NA
6/19/19,12:04:00,Lunnarp,Ischnura_elegans,Mature,1,,0,0,30,2019,NA,NA
6/19/19,12:04:00,Lunnarp,Ischnura_elegans,Mature,1,,0,0,30,2019,NA,NA
6/19/19,12:04:00,Lunnarp,Ischnura_elegans,Immature,0,Androchrome,0,0,30,2019,Androchrome,NA
6/19/19,12:04:00,Lunnarp,Ischnura_elegans,Immature,1,,0,0,30,2019,NA,NA
6/19/19,12:05:00,Lunnarp,Erythromma_viridulum,Teneral,0,,0,0,30,2019,NA,NA
6/19/19,12:05:00,Lunnarp,Ischnura_elegans,Immature,0,Gynochrome,0,0,30,2019,Infuscans,Violacea_(Infuscans)
6/19/19,12:05:00,Lunnarp,Ischnura_elegans,Immature,0,Gynochrome,0,0,30,2019,Androchrome,Violacea_(Androchrome)
6/19/19,12:05:00,Lunnarp,Enallagma_cyathigerum,Teneral,0,,0,0,30,2019,NA,NA
6/19/19,12:06:00,Lunnarp,Enallagma_cyathigerum,Teneral,0,,0,0,30,2019,NA,NA
6/19/19,12:06:00,Lunnarp,Ischnura_elegans,Immature,1,,0,0,30,2019,NA,NA
6/19/19,12:06:00,Lunnarp,Ischnura_elegans,Mature,0,Androchrome,0,0,30,2019,Androchrome,NA
6/19/19,12:06:00,Lunnarp,Ischnura_elegans,Teneral,1,,0,0,30,2019,NA,NA
6/19/19,12:07:00,Lunnarp,Enallagma_cyathigerum,Teneral,0,,0,0,30,2019,NA,NA
6/19/19,12:07:00,Lunnarp,Enallagma_cyathigerum,Teneral,0,,0,0,30,2019,NA,NA
6/19/19,12:07:00,Lunnarp,Enallagma_cyathigerum,Teneral,0,,0,0,30,2019,NA,NA
6/19/19,12:07:00,Lunnarp,Enallagma_cyathigerum,Teneral,1,,0,0,30,2019,NA,NA
6/19/19,12:08:00,Lunnarp,Ischnura_elegans,Immature,0,Gynochrome,0,0,30,2019,Infuscans,Violacea_(Infuscans)
6/19/19,12:08:00,Lunnarp,Ischnura_elegans,Immature,0,Gynochrome,0,0,30,2019,Infuscans,Violacea_(Infuscans)
6/19/19,12:08:00,Lunnarp,Ischnura_elegans,Immature,1,,0,0,30,2019,NA,NA
6/19/19,12:08:00,Lunnarp,Enallagma_cyathigerum,Teneral,1,,0,0,30,2019,NA,NA
6/19/19,12:09:00,Lunnarp,Ischnura_elegans,Teneral,1,,0,0,30,2019,NA,NA
6/19/19,12:09:00,Lunnarp,Ischnura_elegans,Teneral,1,,0,0,30,2019,NA,NA
6/19/19,12:09:00,Lunnarp,Erythromma_viridulum,Teneral,0,,0,0,30,2019,NA,NA
6/30/19,9:42:00,Lunnarp,Aeshna_isoceles,Mature,,,0,NA,30,2019,NA,NA
6/30/19,9:42:00,Lunnarp,Libellula_quadrimaculata,Mature,,,0,NA,30,2019,NA,NA
6/30/19,9:42:00,Lunnarp,Libellula_quadrimaculata,Mature,,,0,NA,30,2019,NA,NA
6/30/19,9:42:00,Lunnarp,Libellula_quadrimaculata,Mature,,,0,NA,30,2019,NA,NA
6/30/19,9:42:00,Lunnarp,Libellula_quadrimaculata,Mature,,,0,NA,30,2019,NA,NA
6/30/19,9:42:00,Lunnarp,Libellula_quadrimaculata,Mature,,,0,NA,30,2019,NA,NA
6/30/19,9:42:00,Lunnarp,Libellula_quadrimaculata,Mature,,,0,NA,30,2019,NA,NA
6/30/19,9:42:00,Lunnarp,Libellula_quadrimaculata,Mature,,,0,NA,30,2019,NA,NA
6/30/19,9:42:00,Lunnarp,Libellula_quadrimaculata,Mature,,,0,NA,30,2019,NA,NA
6/30/19,9:42:00,Lunnarp,Libellula_quadrimaculata,Mature,,,0,NA,30,2019,NA,NA
6/30/19,9:42:00,Lunnarp,Libellula_quadrimaculata,Mature,,,0,NA,30,2019,NA,NA
6/30/19,9:42:00,Lunnarp,Libellula_depressa,Mature,1,,0,NA,30,2019,NA,NA
6/30/19,9:42:00,Lunnarp,Libellula_depressa,Mature,1,,0,NA,30,2019,NA,NA
6/30/19,9:42:00,Lunnarp,Libellula_quadrimaculata,Mature,1,,1,NA,30,2019,NA,NA
6/30/19,9:42:00,Lunnarp,Libellula_quadrimaculata,Mature,0,,1,NA,30,2019,NA,NA
6/30/19,9:42:00,Lunnarp,Orthetrum_cancellatum,Mature,1,,0,NA,30,2019,NA,NA
6/30/19,9:42:00,Lunnarp,Orthetrum_cancellatum,Mature,1,,0,NA,30,2019,NA,NA
6/30/19,9:42:00,Lunnarp,Orthetrum_cancellatum,Mature,1,,0,NA,30,2019,NA,NA
6/30/19,9:42:00,Lunnarp,Orthetrum_cancellatum,Mature,1,,0,NA,30,2019,NA,NA
6/30/19,9:42:00,Lunnarp,Orthetrum_cancellatum,Mature,1,,0,NA,30,2019,NA,NA
6/30/19,9:42:00,Lunnarp,Orthetrum_cancellatum,Mature,1,,0,NA,30,2019,NA,NA
6/30/19,9:42:00,Lunnarp,Orthetrum_cancellatum,Mature,1,,0,NA,30,2019,NA,NA
6/30/19,9:42:00,Lunnarp,Orthetrum_cancellatum,Mature,1,,0,NA,30,2019,NA,NA
6/30/19,9:42:00,Lunnarp,Orthetrum_cancellatum,Mature,1,,0,NA,30,2019,NA,NA
6/30/19,9:42:00,Lunnarp,Orthetrum_cancellatum,Mature,1,,0,NA,30,2019,NA,NA
6/30/19,9:42:00,Lunnarp,Orthetrum_cancellatum,Teneral,,,0,NA,30,2019,NA,NA
6/30/19,9:42:00,Lunnarp,Orthetrum_cancellatum,Teneral,,,0,NA,30,2019,NA,NA
6/30/19,9:42:00,Lunnarp,Orthetrum_cancellatum,Teneral,,,0,NA,30,2019,NA,NA
6/30/19,9:42:00,Lunnarp,Orthetrum_cancellatum,Teneral,,,0,NA,30,2019,NA,NA
6/30/19,9:42:00,Lunnarp,Orthetrum_cancellatum,Teneral,,,0,NA,30,2019,NA,NA
6/30/19,9:42:00,Lunnarp,Orthetrum_cancellatum,Teneral,,,0,NA,30,2019,NA,NA
6/30/19,9:42:00,Lunnarp,Orthetrum_cancellatum,Teneral,,,0,NA,30,2019,NA,NA
6/30/19,9:42:00,Lunnarp,Orthetrum_cancellatum,Teneral,,,0,NA,30,2019,NA,NA
6/30/19,9:42:00,Lunnarp,Orthetrum_cancellatum,Teneral,,,0,NA,30,2019,NA,NA
6/30/19,9:42:00,Lunnarp,Orthetrum_cancellatum,Teneral,,,0,NA,30,2019,NA,NA
6/30/19,9:42:00,Lunnarp,Orthetrum_cancellatum,Teneral,,,0,NA,30,2019,NA,NA
6/30/19,9:42:00,Lunnarp,Orthetrum_cancellatum,Teneral,,,0,NA,30,2019,NA,NA
6/30/19,9:42:00,Lunnarp,Orthetrum_cancellatum,Teneral,,,0,NA,30,2019,NA,NA
6/30/19,9:42:00,Lunnarp,Orthetrum_cancellatum,Teneral,,,0,NA,30,2019,NA,NA
6/30/19,9:42:00,Lunnarp,Orthetrum_cancellatum,Teneral,,,0,NA,30,2019,NA,NA
6/30/19,9:42:00,Lunnarp,Orthetrum_cancellatum,Teneral,,,0,NA,30,2019,NA,NA
6/30/19,9:42:00,Lunnarp,Orthetrum_cancellatum,Teneral,,,0,NA,30,2019,NA,NA
6/30/19,9:42:00,Lunnarp,Orthetrum_cancellatum,Teneral,,,0,NA,30,2019,NA,NA
6/30/19,9:42:00,Lunnarp,Orthetrum_cancellatum,Teneral,,,0,NA,30,2019,NA,NA
6/30/19,9:42:00,Lunnarp,Orthetrum_cancellatum,Teneral,,,0,NA,30,2019,NA,NA
6/30/19,9:42:00,Lunnarp,Orthetrum_cancellatum,Teneral,,,0,NA,30,2019,NA,NA
6/30/19,9:42:00,Lunnarp,Orthetrum_cancellatum,Teneral,,,0,NA,30,2019,NA,NA
6/30/19,9:42:00,Lunnarp,Orthetrum_cancellatum,Teneral,,,0,NA,30,2019,NA,NA
6/30/19,9:42:00,Lunnarp,Orthetrum_cancellatum,Teneral,,,0,NA,30,2019,NA,NA
6/30/19,9:42:00,Lunnarp,Orthetrum_cancellatum,Teneral,,,0,NA,30,2019,NA,NA
6/30/19,9:42:00,Lunnarp,Orthetrum_cancellatum,Mature,1,,1,NA,30,2019,NA,NA
6/30/19,9:42:00,Lunnarp,Orthetrum_cancellatum,Mature,0,,1,NA,30,2019,NA,NA
6/30/19,9:42:00,Lunnarp,Anax_imperator,Mature,0,,0,NA,30,2019,NA,NA
6/30/19,9:42:00,Lunnarp,Anax_imperator,Mature,1,,0,NA,30,2019,NA,NA
6/30/19,9:42:00,Lunnarp,Anax_imperator,Mature,1,,0,NA,30,2019,NA,NA
6/30/19,9:42:00,Lunnarp,Enallagma_cyathigerum,Mature,1,,1,0,30,2019,NA,NA
6/30/19,9:42:00,Lunnarp,Enallagma_cyathigerum,Mature,0,,1,0,30,2019,NA,NA
6/30/19,9:42:00,Lunnarp,Ischnura_elegans,Mature,0,Gynochrome,1,0,30,2019,Infuscans,NA
6/30/19,9:42:00,Lunnarp,Ischnura_elegans,Mature,1,,1,0,30,2019,NA,NA
6/30/19,9:42:00,Lunnarp,Coenagrion_pulchellum,Mature,1,,1,0,30,2019,NA,NA
6/30/19,9:42:00,Lunnarp,Coenagrion_pulchellum,Mature,0,,1,0,30,2019,NA,NA
6/30/19,9:42:00,Lunnarp,Coenagrion_pulchellum,Mature,0,,1,7,30,2019,NA,NA
6/30/19,9:42:00,Lunnarp,Coenagrion_pulchellum,Mature,1,,1,0,30,2019,NA,NA
6/30/19,9:42:00,Lunnarp,Ischnura_elegans,Mature,1,,1,0,30,2019,NA,NA
6/30/19,9:42:00,Lunnarp,Ischnura_elegans,Mature,0,Androchrome,1,0,30,2019,Androchrome,NA
6/30/19,9:42:00,Lunnarp,Coenagrion_puella,Mature,1,,0,0,30,2019,NA,NA
6/30/19,9:42:00,Lunnarp,Lestes_sponsa,Immature,1,,0,0,30,2019,NA,NA
6/30/19,9:42:00,Lunnarp,Enallagma_cyathigerum,Mature,0,,0,0,30,2019,NA,NA
6/30/19,9:42:00,Lunnarp,Ischnura_elegans,Mature,1,,0,0,30,2019,NA,NA
6/30/19,9:42:00,Lunnarp,Ischnura_elegans,Mature,0,Androchrome,0,0,30,2019,Androchrome,NA
6/30/19,9:42:00,Lunnarp,Coenagrion_puella,Mature,1,,0,0,30,2019,NA,NA
6/30/19,9:42:00,Lunnarp,Enallagma_cyathigerum,Mature,0,,0,0,30,2019,NA,NA
6/30/19,9:42:00,Lunnarp,Ischnura_elegans,Mature,1,,0,0,30,2019,NA,NA
6/30/19,9:42:00,Lunnarp,Lestes_sponsa,Mature,1,,0,0,30,2019,NA,NA
6/30/19,9:42:00,Lunnarp,Lestes_sponsa,Mature,1,,0,0,30,2019,NA,NA
6/30/19,9:42:00,Lunnarp,Ischnura_elegans,Mature,1,,0,0,30,2019,NA,NA
6/30/19,9:42:00,Lunnarp,Ischnura_elegans,Mature,1,,0,0,30,2019,NA,NA
6/30/19,9:42:00,Lunnarp,Lestes_sponsa,Immature,1,,0,0,30,2019,NA,NA
6/30/19,9:42:00,Lunnarp,Coenagrion_pulchellum,Mature,1,,0,0,30,2019,NA,NA
6/30/19,9:42:00,Lunnarp,Coenagrion_pulchellum,Mature,0,,0,1,30,2019,NA,NA
6/30/19,9:42:00,Lunnarp,Ischnura_elegans,Mature,0,Androchrome,0,0,30,2019,Androchrome,NA
6/30/19,9:42:00,Lunnarp,Coenagrion_puella,Mature,1,,0,0,30,2019,NA,NA
6/30/19,9:42:00,Lunnarp,Coenagrion_puella,Mature,1,,0,0,30,2019,NA,NA
6/30/19,9:42:00,Lunnarp,Lestes_sponsa,Teneral,1,,0,0,30,2019,NA,NA
6/30/19,9:42:00,Lunnarp,Enallagma_cyathigerum,Teneral,1,,0,0,30,2019,NA,NA
6/30/19,9:42:00,Lunnarp,Lestes_sponsa,Teneral,0,,0,0,30,2019,NA,NA
6/30/19,9:42:00,Lunnarp,Sympetrum_sanguineum,Teneral,1,,0,0,30,2019,NA,NA
6/30/19,9:42:00,Lunnarp,Coenagrion_puella,Mature,1,,0,0,30,2019,NA,NA
6/30/19,9:42:00,Lunnarp,Enallagma_cyathigerum,Mature,1,,0,0,30,2019,NA,NA
6/30/19,9:42:00,Lunnarp,Enallagma_cyathigerum,Mature,1,,0,0,30,2019,NA,NA
6/30/19,9:42:00,Lunnarp,Coenagrion_pulchellum,Mature,1,,0,0,30,2019,NA,NA
6/30/19,9:42:00,Lunnarp,Erythromma_viridulum,Mature,1,,0,0,30,2019,NA,NA
6/30/19,9:42:00,Lunnarp,Coenagrion_puella,Mature,1,,0,0,30,2019,NA,NA
6/30/19,9:42:00,Lunnarp,Erythromma_viridulum,Mature,1,,0,0,30,2019,NA,NA
6/30/19,9:42:00,Lunnarp,Calopteryx_splendens,Mature,1,,0,NA,30,2019,NA,NA
6/30/19,9:42:00,Lunnarp,Calopteryx_splendens,Mature,1,,0,NA,30,2019,NA,NA
6/30/19,9:42:00,Lunnarp,Anax_imperator,Mature,1,,0,NA,30,2019,NA,NA
6/30/19,9:42:00,Lunnarp,Anax_imperator,Mature,1,,0,NA,30,2019,NA,NA
6/30/19,9:42:00,Lunnarp,Orthetrum_cancellatum,Mature,1,,0,NA,30,2019,NA,NA
6/30/19,9:42:00,Lunnarp,Orthetrum_cancellatum,Mature,1,,0,NA,30,2019,NA,NA
6/30/19,9:42:00,Lunnarp,Orthetrum_cancellatum,Mature,1,,0,NA,30,2019,NA,NA
6/30/19,9:42:00,Lunnarp,Orthetrum_cancellatum,Mature,1,,0,NA,30,2019,NA,NA
6/30/19,9:42:00,Lunnarp,Orthetrum_cancellatum,Mature,1,,0,NA,30,2019,NA,NA
6/30/19,9:42:00,Lunnarp,Orthetrum_cancellatum,Mature,1,,0,NA,30,2019,NA,NA
6/30/19,9:42:00,Lunnarp,Orthetrum_cancellatum,Mature,1,,0,NA,30,2019,NA,NA
6/30/19,9:42:00,Lunnarp,Orthetrum_cancellatum,Mature,1,,0,NA,30,2019,NA,NA
6/30/19,9:42:00,Lunnarp,Orthetrum_cancellatum,Mature,1,,0,NA,30,2019,NA,NA
6/30/19,9:42:00,Lunnarp,Orthetrum_cancellatum,Mature,1,,0,NA,30,2019,NA,NA
6/30/19,9:42:00,Lunnarp,Libellula_quadrimaculata,Mature,,,0,NA,30,2019,NA,NA
6/30/19,9:42:00,Lunnarp,Libellula_quadrimaculata,Mature,,,0,NA,30,2019,NA,NA
6/30/19,9:42:00,Lunnarp,Libellula_quadrimaculata,Mature,,,0,NA,30,2019,NA,NA
6/30/19,9:42:00,Lunnarp,Libellula_quadrimaculata,Mature,,,0,NA,30,2019,NA,NA
6/30/19,9:42:00,Lunnarp,Ischnura_elegans,Mature,1,,1,0,30,2019,NA,NA
6/30/19,9:42:00,Lunnarp,Ischnura_elegans,Mature,0,Androchrome,1,0,30,2019,Androchrome,NA
6/30/19,9:42:00,Lunnarp,Libellula_quadrimaculata,Mature,,,0,NA,30,2019,NA,NA
6/30/19,9:42:00,Lunnarp,Libellula_quadrimaculata,Mature,,,0,NA,30,2019,NA,NA
6/30/19,9:42:00,Lunnarp,Libellula_quadrimaculata,Mature,,,0,NA,30,2019,NA,NA
6/30/19,9:42:00,Lunnarp,Libellula_quadrimaculata,Mature,,,0,NA,30,2019,NA,NA
6/30/19,9:42:00,Lunnarp,Libellula_quadrimaculata,Mature,,,0,NA,30,2019,NA,NA
6/30/19,9:42:00,Lunnarp,Libellula_quadrimaculata,Mature,,,0,NA,30,2019,NA,NA
6/30/19,9:42:00,Lunnarp,Libellula_quadrimaculata,Mature,,,0,NA,30,2019,NA,NA
6/30/19,9:42:00,Lunnarp,Libellula_quadrimaculata,Mature,,,0,NA,30,2019,NA,NA
6/30/19,9:42:00,Lunnarp,Libellula_quadrimaculata,Mature,,,0,NA,30,2019,NA,NA
6/30/19,9:42:00,Lunnarp,Libellula_quadrimaculata,Mature,,,0,NA,30,2019,NA,NA
6/30/19,9:42:00,Lunnarp,Libellula_quadrimaculata,Mature,,,0,NA,30,2019,NA,NA
6/30/19,9:42:00,Lunnarp,Libellula_quadrimaculata,Mature,,,0,NA,30,2019,NA,NA
6/30/19,9:42:00,Lunnarp,Libellula_quadrimaculata,Mature,,,0,NA,30,2019,NA,NA
6/30/19,9:42:00,Lunnarp,Libellula_quadrimaculata,Mature,,,0,NA,30,2019,NA,NA
6/30/19,9:42:00,Lunnarp,Libellula_quadrimaculata,Mature,,,0,NA,30,2019,NA,NA
6/30/19,9:42:00,Lunnarp,Libellula_quadrimaculata,Mature,,,0,NA,30,2019,NA,NA
6/30/19,9:42:00,Lunnarp,Libellula_quadrimaculata,Mature,,,0,NA,30,2019,NA,NA
6/30/19,9:42:00,Lunnarp,Libellula_quadrimaculata,Mature,,,0,NA,30,2019,NA,NA
6/30/19,9:42:00,Lunnarp,Libellula_quadrimaculata,Mature,,,0,NA,30,2019,NA,NA
6/30/19,9:42:00,Lunnarp,Libellula_quadrimaculata,Mature,,,0,NA,30,2019,NA,NA
6/30/19,9:42:00,Lunnarp,Libellula_quadrimaculata,Mature,,,0,NA,30,2019,NA,NA
6/30/19,9:42:00,Lunnarp,Libellula_quadrimaculata,Mature,,,0,NA,30,2019,NA,NA
6/30/19,9:42:00,Lunnarp,Libellula_quadrimaculata,Mature,,,0,NA,30,2019,NA,NA
6/30/19,9:42:00,Lunnarp,Libellula_quadrimaculata,Mature,,,0,NA,30,2019,NA,NA
6/30/19,9:42:00,Lunnarp,Libellula_quadrimaculata,Mature,,,0,NA,30,2019,NA,NA
6/30/19,9:42:00,Lunnarp,Libellula_quadrimaculata,Mature,,,0,NA,30,2019,NA,NA
6/30/19,9:42:00,Lunnarp,Libellula_quadrimaculata,Mature,,,0,NA,30,2019,NA,NA
6/30/19,9:42:00,Lunnarp,Libellula_quadrimaculata,Mature,,,0,NA,30,2019,NA,NA
6/30/19,9:42:00,Lunnarp,Libellula_quadrimaculata,Mature,,,0,NA,30,2019,NA,NA
6/30/19,9:42:00,Lunnarp,Libellula_quadrimaculata,Mature,,,0,NA,30,2019,NA,NA
6/30/19,9:42:00,Lunnarp,Orthetrum_cancellatum,Mature,,,0,NA,30,2019,NA,NA
6/30/19,9:42:00,Lunnarp,Orthetrum_cancellatum,Mature,,,0,NA,30,2019,NA,NA
6/30/19,9:42:00,Lunnarp,Orthetrum_cancellatum,Mature,,,0,NA,30,2019,NA,NA
6/30/19,9:42:00,Lunnarp,Orthetrum_cancellatum,Mature,,,0,NA,30,2019,NA,NA
6/30/19,9:42:00,Lunnarp,Orthetrum_cancellatum,Mature,,,0,NA,30,2019,NA,NA
6/30/19,9:42:00,Lunnarp,Orthetrum_cancellatum,Mature,,,0,NA,30,2019,NA,NA
6/30/19,9:42:00,Lunnarp,Orthetrum_cancellatum,Mature,,,0,NA,30,2019,NA,NA
6/30/19,9:42:00,Lunnarp,Orthetrum_cancellatum,Mature,,,0,NA,30,2019,NA,NA
6/30/19,9:42:00,Lunnarp,Orthetrum_cancellatum,Mature,,,0,NA,30,2019,NA,NA
6/30/19,9:42:00,Lunnarp,Orthetrum_cancellatum,Mature,,,0,NA,30,2019,NA,NA
6/30/19,9:42:00,Lunnarp,Orthetrum_cancellatum,Mature,,,0,NA,30,2019,NA,NA
6/30/19,9:42:00,Lunnarp,Orthetrum_cancellatum,Mature,,,0,NA,30,2019,NA,NA
6/30/19,9:42:00,Lunnarp,Orthetrum_cancellatum,Mature,,,0,NA,30,2019,NA,NA
6/30/19,9:42:00,Lunnarp,Orthetrum_cancellatum,Mature,,,0,NA,30,2019,NA,NA
6/30/19,9:42:00,Lunnarp,Orthetrum_cancellatum,Mature,,,0,NA,30,2019,NA,NA
6/30/19,9:42:00,Lunnarp,Orthetrum_cancellatum,Mature,,,0,NA,30,2019,NA,NA
6/30/19,9:42:00,Lunnarp,Orthetrum_cancellatum,Mature,,,0,NA,30,2019,NA,NA
6/30/19,9:42:00,Lunnarp,Orthetrum_cancellatum,Mature,,,0,NA,30,2019,NA,NA
6/30/19,9:42:00,Lunnarp,Orthetrum_cancellatum,Mature,,,0,NA,30,2019,NA,NA
6/30/19,9:42:00,Lunnarp,Orthetrum_cancellatum,Mature,,,0,NA,30,2019,NA,NA
6/30/19,9:42:00,Lunnarp,Orthetrum_cancellatum,Mature,,,0,NA,30,2019,NA,NA
6/30/19,9:42:00,Lunnarp,Orthetrum_cancellatum,Mature,,,0,NA,30,2019,NA,NA
6/30/19,9:42:00,Lunnarp,Orthetrum_cancellatum,Mature,,,0,NA,30,2019,NA,NA
6/30/19,9:42:00,Lunnarp,Orthetrum_cancellatum,Mature,,,0,NA,30,2019,NA,NA
6/30/19,9:42:00,Lunnarp,Orthetrum_cancellatum,Mature,,,0,NA,30,2019,NA,NA
6/30/19,9:42:00,Lunnarp,Orthetrum_cancellatum,Mature,,,0,NA,30,2019,NA,NA
6/30/19,9:42:00,Lunnarp,Orthetrum_cancellatum,Mature,,,0,NA,30,2019,NA,NA
6/30/19,9:42:00,Lunnarp,Orthetrum_cancellatum,Mature,,,0,NA,30,2019,NA,NA
6/30/19,9:42:00,Lunnarp,Orthetrum_cancellatum,Mature,,,0,NA,30,2019,NA,NA
6/30/19,9:42:00,Lunnarp,Orthetrum_cancellatum,Mature,,,0,NA,30,2019,NA,NA
6/30/19,9:42:00,Lunnarp,Orthetrum_cancellatum,Mature,,,0,NA,30,2019,NA,NA
6/30/19,9:42:00,Lunnarp,Orthetrum_cancellatum,Mature,,,0,NA,30,2019,NA,NA
6/30/19,9:42:00,Lunnarp,Orthetrum_cancellatum,Mature,,,0,NA,30,2019,NA,NA
6/30/19,9:42:00,Lunnarp,Orthetrum_cancellatum,Mature,,,0,NA,30,2019,NA,NA
6/30/19,9:42:00,Lunnarp,Orthetrum_cancellatum,Mature,,,0,NA,30,2019,NA,NA
6/30/19,9:42:00,Lunnarp,Orthetrum_cancellatum,Mature,,,0,NA,30,2019,NA,NA
6/30/19,9:42:00,Lunnarp,Orthetrum_cancellatum,Mature,,,0,NA,30,2019,NA,NA
6/30/19,9:42:00,Lunnarp,Orthetrum_cancellatum,Mature,,,0,NA,30,2019,NA,NA
6/30/19,9:42:00,Lunnarp,Orthetrum_cancellatum,Mature,,,0,NA,30,2019,NA,NA
6/30/19,9:42:00,Lunnarp,Orthetrum_cancellatum,Mature,,,0,NA,30,2019,NA,NA
6/30/19,9:42:00,Lunnarp,Orthetrum_cancellatum,Mature,,,0,NA,30,2019,NA,NA
6/30/19,9:42:00,Lunnarp,Orthetrum_cancellatum,Mature,,,0,NA,30,2019,NA,NA
6/30/19,9:42:00,Lunnarp,Orthetrum_cancellatum,Mature,,,0,NA,30,2019,NA,NA
6/30/19,9:42:00,Lunnarp,Orthetrum_cancellatum,Mature,,,0,NA,30,2019,NA,NA
6/30/19,9:42:00,Lunnarp,Orthetrum_cancellatum,Mature,,,0,NA,30,2019,NA,NA
6/30/19,9:42:00,Lunnarp,Orthetrum_cancellatum,Mature,,,0,NA,30,2019,NA,NA
6/30/19,9:42:00,Lunnarp,Orthetrum_cancellatum,Mature,,,0,NA,30,2019,NA,NA
6/30/19,9:42:00,Lunnarp,Orthetrum_cancellatum,Mature,,,0,NA,30,2019,NA,NA
6/30/19,9:42:00,Lunnarp,Orthetrum_cancellatum,Mature,,,0,NA,30,2019,NA,NA
6/30/19,9:42:00,Lunnarp,Orthetrum_cancellatum,Mature,,,0,NA,30,2019,NA,NA
6/30/19,9:42:00,Lunnarp,Anax_imperator,Mature,1,,0,NA,30,2019,NA,NA
6/30/19,9:42:00,Lunnarp,Anax_imperator,Mature,1,,0,NA,30,2019,NA,NA
6/30/19,9:42:00,Lunnarp,Anax_imperator,Mature,1,,0,NA,30,2019,NA,NA
6/30/19,9:42:00,Lunnarp,Anax_imperator,Mature,1,,0,NA,30,2019,NA,NA
7/11/19,10:27:00,Lunnarp,Anax_imperator,Mature,,,0,0,30,2019,NA,NA
7/11/19,10:28:00,Lunnarp,Orthetrum_cancellatum,Mature,0,,0,0,30,2019,NA,NA
7/11/19,10:28:00,Lunnarp,Orthetrum_cancellatum,Mature,0,,0,0,30,2019,NA,NA
7/11/19,10:28:00,Lunnarp,Orthetrum_cancellatum,Mature,0,,0,0,30,2019,NA,NA
7/11/19,10:28:00,Lunnarp,Orthetrum_cancellatum,Mature,1,,0,0,30,2019,NA,NA
7/11/19,10:28:00,Lunnarp,Orthetrum_cancellatum,Mature,1,,0,0,30,2019,NA,NA
7/11/19,10:28:00,Lunnarp,Orthetrum_cancellatum,Mature,1,,0,0,30,2019,NA,NA
7/11/19,10:28:00,Lunnarp,Orthetrum_cancellatum,Mature,1,,0,0,30,2019,NA,NA
7/11/19,10:28:00,Lunnarp,Orthetrum_cancellatum,Mature,1,,0,0,30,2019,NA,NA
7/11/19,10:28:00,Lunnarp,Orthetrum_cancellatum,Mature,1,,0,0,30,2019,NA,NA
7/11/19,10:28:00,Lunnarp,Orthetrum_cancellatum,Mature,1,,0,0,30,2019,NA,NA
7/11/19,10:28:00,Lunnarp,Orthetrum_cancellatum,Mature,1,,0,0,30,2019,NA,NA
7/11/19,10:28:00,Lunnarp,Sympetrum_spp,Mature,,,0,0,30,2019,NA,NA
7/11/19,10:28:00,Lunnarp,Sympetrum_spp,Mature,,,0,0,30,2019,NA,NA
7/11/19,10:28:00,Lunnarp,Sympetrum_spp,Mature,,,0,0,30,2019,NA,NA
7/11/19,10:28:00,Lunnarp,Sympetrum_spp,Mature,,,0,0,30,2019,NA,NA
7/11/19,10:28:00,Lunnarp,Sympetrum_spp,Mature,,,0,0,30,2019,NA,NA
7/11/19,10:28:00,Lunnarp,Sympetrum_spp,Mature,,,0,0,30,2019,NA,NA
7/11/19,10:30:00,Lunnarp,Erythromma_viridulum,Mature,1,,0,0,30,2019,NA,NA
7/11/19,10:30:00,Lunnarp,Ischnura_elegans,Immature,1,,0,0,30,2019,NA,NA
7/11/19,10:31:00,Lunnarp,Erythromma_viridulum,Mature,1,,0,0,30,2019,NA,NA
7/11/19,10:31:00,Lunnarp,Lestes_sponsa,Mature,1,,0,0,30,2019,NA,NA
7/11/19,10:32:00,Lunnarp,Lestes_sponsa,Mature,1,,0,0,30,2019,NA,NA
7/11/19,10:32:00,Lunnarp,Erythromma_viridulum,Mature,1,,0,0,30,2019,NA,NA
7/11/19,10:32:00,Lunnarp,Erythromma_viridulum,Mature,0,Androchrome,0,0,30,2019,NA,NA
7/11/19,10:32:00,Lunnarp,Erythromma_viridulum,Mature,0,Androchrome,0,0,30,2019,NA,NA
7/11/19,10:33:00,Lunnarp,Erythromma_viridulum,Mature,1,,0,0,30,2019,NA,NA
7/11/19,10:33:00,Lunnarp,Lestes_sponsa,Mature,1,,0,0,30,2019,NA,NA
7/11/19,10:33:00,Lunnarp,Erythromma_viridulum,Mature,1,,0,0,30,2019,NA,NA
7/11/19,10:33:00,Lunnarp,Enallagma_cyathigerum,Mature,1,,0,0,30,2019,NA,NA
7/11/19,10:34:00,Lunnarp,Erythromma_viridulum,Mature,1,,0,0,30,2019,NA,NA
7/11/19,10:34:00,Lunnarp,Lestes_sponsa,Mature,1,,0,0,30,2019,NA,NA
7/11/19,10:34:00,Lunnarp,Erythromma_viridulum,Mature,1,,0,0,30,2019,NA,NA
7/11/19,10:34:00,Lunnarp,Erythromma_viridulum,Mature,1,,0,0,30,2019,NA,NA
7/11/19,10:34:00,Lunnarp,Erythromma_viridulum,Mature,1,,0,0,30,2019,NA,NA
7/11/19,10:34:00,Lunnarp,Lestes_sponsa,Mature,0,,0,0,30,2019,NA,NA
7/11/19,10:37:00,Lunnarp,Erythromma_viridulum,Mature,1,,0,0,30,2019,NA,NA
7/11/19,10:37:00,Lunnarp,Erythromma_viridulum,Mature,1,,0,0,30,2019,NA,NA
7/11/19,10:37:00,Lunnarp,Erythromma_viridulum,Mature,1,,0,0,30,2019,NA,NA
7/11/19,10:37:00,Lunnarp,Ischnura_elegans,Mature,1,,0,0,30,2019,NA,NA
7/11/19,10:37:00,Lunnarp,Ischnura_elegans,Mature,1,,0,0,30,2019,NA,NA
7/11/19,10:37:00,Lunnarp,Erythromma_viridulum,Mature,1,,0,0,30,2019,NA,NA
7/11/19,10:37:00,Lunnarp,Erythromma_viridulum,Mature,1,,0,0,30,2019,NA,NA
7/11/19,10:38:00,Lunnarp,Erythromma_viridulum,Mature,1,,0,0,30,2019,NA,NA
7/11/19,10:38:00,Lunnarp,Ischnura_elegans,Mature,0,Androchrome,0,0,30,2019,Androchrome,NA
7/11/19,10:38:00,Lunnarp,Lestes_sponsa,Mature,1,,0,0,30,2019,NA,NA
7/11/19,10:38:00,Lunnarp,Enallagma_cyathigerum,Mature,1,,0,11,30,2019,NA,NA
7/11/19,10:38:00,Lunnarp,Enallagma_cyathigerum,Mature,1,,0,0,30,2019,NA,NA
7/11/19,10:39:00,Lunnarp,Erythromma_viridulum,Mature,1,,0,0,30,2019,NA,NA
7/11/19,10:39:00,Lunnarp,Enallagma_cyathigerum,Mature,0,,0,0,30,2019,NA,NA
7/11/19,10:39:00,Lunnarp,Erythromma_viridulum,Mature,1,,0,0,30,2019,NA,NA
7/11/19,10:39:00,Lunnarp,Ischnura_elegans,Mature,1,,0,0,30,2019,NA,NA
7/11/19,10:39:00,Lunnarp,Erythromma_viridulum,Mature,1,,0,0,30,2019,NA,NA
7/11/19,10:40:00,Lunnarp,Lestes_sponsa,Mature,1,,0,0,30,2019,NA,NA
7/11/19,10:40:00,Lunnarp,Ischnura_elegans,Mature,1,,0,0,30,2019,NA,NA
7/11/19,10:40:00,Lunnarp,Coenagrion_puella,Mature,1,,0,0,30,2019,NA,NA
7/11/19,10:40:00,Lunnarp,Enallagma_cyathigerum,Mature,1,,1,0,30,2019,NA,NA
7/11/19,10:40:00,Lunnarp,Enallagma_cyathigerum,Mature,0,,1,0,30,2019,NA,NA
7/11/19,10:41:00,Lunnarp,Enallagma_cyathigerum,Mature,1,,1,0,30,2019,NA,NA
7/11/19,10:41:00,Lunnarp,Enallagma_cyathigerum,Mature,0,,1,0,30,2019,NA,NA
7/11/19,10:41:00,Lunnarp,Enallagma_cyathigerum,Mature,0,,0,0,30,2019,NA,NA
7/11/19,10:42:00,Lunnarp,Lestes_sponsa,Teneral,1,,0,0,30,2019,NA,NA
7/11/19,10:42:00,Lunnarp,Erythromma_viridulum,Mature,1,,1,0,30,2019,NA,NA
7/11/19,10:42:00,Lunnarp,Erythromma_viridulum,Mature,0,,1,0,30,2019,NA,NA
7/11/19,10:43:00,Lunnarp,Enallagma_cyathigerum,Mature,0,,0,0,30,2019,NA,NA
7/11/19,10:43:00,Lunnarp,Erythromma_viridulum,Mature,1,,1,0,30,2019,NA,NA
7/11/19,10:44:00,Lunnarp,Erythromma_viridulum,Mature,0,,1,0,30,2019,NA,NA
7/29/19,10:06:00,Lunnarp,Lestes_sponsa,Mature,1,,0,0,30,2019,NA,NA
7/29/19,10:06:00,Lunnarp,Erythromma_najas,Mature,1,,0,0,30,2019,NA,NA
7/29/19,10:06:00,Lunnarp,Enallagma_cyathigerum,Mature,1,,0,0,30,2019,NA,NA
7/29/19,10:06:00,Lunnarp,Lestes_virens,Mature,1,,0,0,30,2019,NA,NA
7/29/19,10:07:00,Lunnarp,Enallagma_cyathigerum,Mature,1,,0,0,30,2019,NA,NA
7/29/19,10:07:00,Lunnarp,Erythromma_viridulum,Mature,1,,0,0,30,2019,NA,NA
7/29/19,10:07:00,Lunnarp,Erythromma_viridulum,Mature,1,,0,0,30,2019,NA,NA
7/29/19,10:07:00,Lunnarp,Lestes_sponsa,Mature,1,,0,0,30,2019,NA,NA
7/29/19,10:07:00,Lunnarp,Lestes_virens,Mature,1,,0,0,30,2019,NA,NA
7/29/19,10:08:00,Lunnarp,Erythromma_viridulum,Mature,1,,0,0,30,2019,NA,NA
7/29/19,10:08:00,Lunnarp,Lestes_virens,Mature,1,,0,0,30,2019,NA,NA
7/29/19,10:08:00,Lunnarp,Enallagma_cyathigerum,Mature,1,,0,0,30,2019,NA,NA
7/29/19,10:08:00,Lunnarp,Lestes_sponsa,Mature,1,,0,0,30,2019,NA,NA
7/29/19,10:09:00,Lunnarp,Enallagma_cyathigerum,Mature,1,,0,0,30,2019,NA,NA
7/29/19,10:09:00,Lunnarp,Enallagma_cyathigerum,Mature,1,,0,0,30,2019,NA,NA
7/29/19,10:09:00,Lunnarp,Lestes_virens,Mature,1,,0,0,30,2019,NA,NA
7/29/19,10:09:00,Lunnarp,Erythromma_viridulum,Mature,1,,0,0,30,2019,NA,NA
7/29/19,10:09:00,Lunnarp,Lestes_virens,Mature,1,,0,0,30,2019,NA,NA
7/29/19,10:10:00,Lunnarp,Erythromma_viridulum,Mature,1,,0,0,30,2019,NA,NA
7/29/19,10:10:00,Lunnarp,Lestes_virens,Mature,1,,0,0,30,2019,NA,NA
7/29/19,10:10:00,Lunnarp,Enallagma_cyathigerum,Mature,1,,0,0,30,2019,NA,NA
7/29/19,10:10:00,Lunnarp,Ischnura_elegans,Mature,0,Androchrome,0,0,30,2019,Androchrome,NA
7/29/19,10:11:00,Lunnarp,Ischnura_elegans,Mature,1,,0,0,30,2019,NA,NA
7/29/19,10:11:00,Lunnarp,Enallagma_cyathigerum,Mature,1,,0,0,30,2019,NA,NA
7/29/19,10:11:00,Lunnarp,Enallagma_cyathigerum,Mature,0,,0,0,30,2019,NA,NA
7/29/19,10:12:00,Lunnarp,Erythromma_viridulum,Mature,1,,0,0,30,2019,NA,NA
7/29/19,10:12:00,Lunnarp,Enallagma_cyathigerum,Mature,1,,0,0,30,2019,NA,NA
7/29/19,10:13:00,Lunnarp,Ischnura_elegans,Mature,1,,0,0,30,2019,NA,NA
7/29/19,10:13:00,Lunnarp,Erythromma_viridulum,Mature,1,,0,0,30,2019,NA,NA
7/29/19,10:14:00,Lunnarp,Ischnura_elegans,Teneral,1,,0,0,30,2019,NA,NA
7/29/19,10:14:00,Lunnarp,Ischnura_elegans,Immature,0,Gynochrome,0,0,30,2019,Androchrome,Violacea_(Androchrome)
7/29/19,10:15:00,Lunnarp,Enallagma_cyathigerum,Mature,1,,1,0,30,2019,NA,NA
7/29/19,10:15:00,Lunnarp,Enallagma_cyathigerum,Mature,0,,1,0,30,2019,NA,NA
7/29/19,10:15:00,Lunnarp,Enallagma_cyathigerum,Mature,1,,1,0,30,2019,NA,NA
7/29/19,10:15:00,Lunnarp,Enallagma_cyathigerum,Mature,0,,1,0,30,2019,NA,NA
7/29/19,10:15:00,Lunnarp,Sympetrum_spp,Mature,,,0,0,30,2019,NA,NA
7/29/19,10:15:00,Lunnarp,Sympetrum_spp,Mature,,,0,0,30,2019,NA,NA
7/29/19,10:15:00,Lunnarp,Sympetrum_spp,Mature,,,0,0,30,2019,NA,NA
7/29/19,10:15:00,Lunnarp,Sympetrum_spp,Mature,,,0,0,30,2019,NA,NA
7/29/19,10:15:00,Lunnarp,Sympetrum_spp,Mature,,,0,0,30,2019,NA,NA
7/29/19,10:15:00,Lunnarp,Sympetrum_spp,Mature,,,0,0,30,2019,NA,NA
7/29/19,10:15:00,Lunnarp,Sympetrum_spp,Mature,,,0,0,30,2019,NA,NA
7/29/19,10:15:00,Lunnarp,Sympetrum_spp,Mature,,,0,0,30,2019,NA,NA
7/29/19,10:15:00,Lunnarp,Sympetrum_spp,Mature,,,0,0,30,2019,NA,NA
7/29/19,10:15:00,Lunnarp,Sympetrum_spp,Mature,,,0,0,30,2019,NA,NA
7/29/19,10:15:00,Lunnarp,Sympetrum_spp,Mature,,,0,0,30,2019,NA,NA
7/29/19,10:15:00,Lunnarp,Sympetrum_spp,Mature,,,0,0,30,2019,NA,NA
7/29/19,10:15:00,Lunnarp,Orthetrum_cancellatum,Mature,1,,0,0,30,2019,NA,NA
7/29/19,10:16:00,Lunnarp,Anax_imperator,Mature,1,,0,0,30,2019,NA,NA
7/29/19,10:16:00,Lunnarp,Anax_imperator,Mature,1,,0,0,30,2019,NA,NA
6/5/19,8:24:00,Rabydammen,Erythromma_viridulum,NA,1,,0,0,30,2019,NA,NA
6/5/19,8:24:00,Rabydammen,Erythromma_viridulum,NA,1,,0,0,30,2019,NA,NA
6/5/19,8:24:00,Rabydammen,Coenagrion_puella,Mature,1,,0,0,30,2019,NA,NA
6/5/19,8:24:00,Rabydammen,Coenagrion_puella,Mature,1,,0,0,30,2019,NA,NA
6/5/19,8:24:00,Rabydammen,Enallagma_cyathigerum,Mature,1,,0,9,30,2019,NA,NA
6/5/19,8:24:00,Rabydammen,Coenagrion_lunulatum,Mature,1,,0,0,30,2019,NA,NA
6/5/19,8:24:00,Rabydammen,Enallagma_cyathigerum,Mature,1,,0,3,30,2019,NA,NA
6/5/19,8:24:00,Rabydammen,Ischnura_pumilio,Mature,1,,0,0,30,2019,NA,NA
6/5/19,8:24:00,Rabydammen,Enallagma_cyathigerum,Mature,1,,0,0,30,2019,NA,NA
6/5/19,8:24:00,Rabydammen,Enallagma_cyathigerum,Mature,1,,0,9,30,2019,NA,NA
6/5/19,8:24:00,Rabydammen,Coenagrion_puella,Mature,1,,0,0,30,2019,NA,NA
6/5/19,8:24:00,Rabydammen,Enallagma_cyathigerum,Immature,0,,0,0,30,2019,NA,NA
6/18/19,11:45:00,Rabydammen,Libellula_depressa,Mature,1,,0,0,30,2019,NA,NA
6/18/19,11:45:00,Rabydammen,Anax_imperator,Mature,0,,0,0,30,2019,NA,NA
6/18/19,11:46:00,Rabydammen,Enallagma_cyathigerum,Mature,1,,0,7,30,2019,NA,NA
6/18/19,11:46:00,Rabydammen,Enallagma_cyathigerum,Mature,1,,1,0,30,2019,NA,NA
6/18/19,11:46:00,Rabydammen,Enallagma_cyathigerum,Mature,0,,1,0,30,2019,NA,NA
6/18/19,11:47:00,Rabydammen,Ischnura_elegans,Mature,1,,0,0,30,2019,NA,NA
6/18/19,11:47:00,Rabydammen,Enallagma_cyathigerum,Mature,1,,0,0,30,2019,NA,NA
6/18/19,11:47:00,Rabydammen,Ischnura_elegans,Mature,1,,0,0,30,2019,NA,NA
6/18/19,11:48:00,Rabydammen,Erythromma_viridulum,Teneral,1,,0,0,30,2019,NA,NA
6/18/19,11:48:00,Rabydammen,Erythromma_viridulum,Teneral,1,,0,0,30,2019,NA,NA
6/18/19,11:48:00,Rabydammen,Erythromma_viridulum,Teneral,0,,0,0,30,2019,NA,NA
6/18/19,11:49:00,Rabydammen,Erythromma_viridulum,Teneral,1,,0,0,30,2019,NA,NA
6/18/19,11:49:00,Rabydammen,Erythromma_viridulum,Teneral,0,,0,0,30,2019,NA,NA
6/18/19,11:49:00,Rabydammen,Erythromma_viridulum,Teneral,0,,0,0,30,2019,NA,NA
6/18/19,13:18:00,Rabydammen,Erythromma_viridulum,Teneral,1,,0,0,30,2019,NA,NA
6/28/19,10:13:00,Rabydammen,Sympetrum_striolatum,Mature,1,,0,0,30,2019,NA,NA
6/28/19,10:13:00,Rabydammen,Erythromma_viridulum,Teneral,0,,0,0,30,2019,NA,NA
6/28/19,10:13:00,Rabydammen,Ischnura_elegans,Mature,0,Gynochrome,0,0,30,2019,Infuscans_obsoleta,NA
6/28/19,10:13:00,Rabydammen,Ischnura_elegans,Mature,1,,0,0,30,2019,NA,NA
6/28/19,10:13:00,Rabydammen,Enallagma_cyathigerum,Mature,1,,0,0,30,2019,NA,NA
6/28/19,10:13:00,Rabydammen,Ischnura_elegans,Mature,1,,0,0,30,2019,NA,NA
6/28/19,10:13:00,Rabydammen,Ischnura_elegans,Mature,1,,0,0,30,2019,NA,NA
6/28/19,10:13:00,Rabydammen,Ischnura_elegans,Mature,1,,0,0,30,2019,NA,NA
6/28/19,10:13:00,Rabydammen,Erythromma_viridulum,Teneral,1,,0,0,30,2019,NA,NA
6/28/19,10:13:00,Rabydammen,Enallagma_cyathigerum,Mature,1,,0,3,30,2019,NA,NA
6/28/19,10:13:00,Rabydammen,Enallagma_cyathigerum,Mature,1,,0,0,30,2019,NA,NA
6/28/19,10:13:00,Rabydammen,Erythromma_viridulum,Teneral,0,,0,0,30,2019,NA,NA
6/28/19,10:13:00,Rabydammen,Enallagma_cyathigerum,Mature,1,,0,14,30,2019,NA,NA
6/28/19,10:13:00,Rabydammen,Ischnura_pumilio,Mature,1,,0,0,30,2019,NA,NA
6/28/19,10:13:00,Rabydammen,Ischnura_elegans,Mature,0,Androchrome,0,3,30,2019,Androchrome,NA
6/28/19,10:13:00,Rabydammen,Ischnura_elegans,Mature,1,,0,0,30,2019,NA,NA
6/28/19,10:13:00,Rabydammen,Enallagma_cyathigerum,Mature,1,,0,2,30,2019,NA,NA
6/28/19,10:13:00,Rabydammen,Enallagma_cyathigerum,Mature,1,,0,10,30,2019,NA,NA
6/28/19,10:13:00,Rabydammen,Ischnura_elegans,Mature,1,,0,0,30,2019,NA,NA
6/28/19,10:13:00,Rabydammen,Ischnura_elegans,Mature,0,Androchrome,0,3,30,2019,Androchrome,NA
6/28/19,10:13:00,Rabydammen,Erythromma_viridulum,Teneral,1,,0,0,30,2019,NA,NA
6/28/19,10:13:00,Rabydammen,Erythromma_viridulum,Teneral,0,,0,0,30,2019,NA,NA
7/11/19,11:28:00,Rabydammen,Erythromma_viridulum,Mature,1,,0,0,30,2019,NA,NA
7/11/19,11:28:00,Rabydammen,Enallagma_cyathigerum,Mature,1,,0,0,30,2019,NA,NA
7/11/19,11:29:00,Rabydammen,Erythromma_viridulum,Mature,1,,0,0,30,2019,NA,NA
7/11/19,11:29:00,Rabydammen,Enallagma_cyathigerum,Mature,1,,0,0,30,2019,NA,NA
7/11/19,11:29:00,Rabydammen,Enallagma_cyathigerum,Mature,1,,0,0,30,2019,NA,NA
7/11/19,11:29:00,Rabydammen,Enallagma_cyathigerum,Mature,1,,0,3,30,2019,NA,NA
7/11/19,11:30:00,Rabydammen,Enallagma_cyathigerum,Mature,1,,0,0,30,2019,NA,NA
7/11/19,11:30:00,Rabydammen,Erythromma_viridulum,Mature,1,,0,0,30,2019,NA,NA
7/11/19,11:30:00,Rabydammen,Enallagma_cyathigerum,Mature,1,,0,0,30,2019,NA,NA
7/11/19,11:30:00,Rabydammen,Enallagma_cyathigerum,Mature,1,,0,0,30,2019,NA,NA
7/11/19,11:30:00,Rabydammen,Erythromma_viridulum,Mature,1,,0,0,30,2019,NA,NA
7/11/19,11:31:00,Rabydammen,Ischnura_elegans,Mature,1,,0,0,30,2019,NA,NA
7/11/19,11:31:00,Rabydammen,Ischnura_elegans,Mature,1,,0,0,30,2019,NA,NA
7/11/19,11:31:00,Rabydammen,Enallagma_cyathigerum,Mature,1,,1,0,30,2019,NA,NA
7/11/19,11:31:00,Rabydammen,Enallagma_cyathigerum,Mature,0,,1,0,30,2019,NA,NA
7/11/19,11:31:00,Rabydammen,Enallagma_cyathigerum,Immature,1,,0,10,30,2019,NA,NA
7/11/19,11:32:00,Rabydammen,Enallagma_cyathigerum,Mature,1,,0,0,30,2019,NA,NA
7/11/19,11:32:00,Rabydammen,Erythromma_viridulum,Mature,1,,0,0,30,2019,NA,NA
7/11/19,11:32:00,Rabydammen,Erythromma_viridulum,Mature,1,,0,0,30,2019,NA,NA
7/11/19,11:32:00,Rabydammen,Enallagma_cyathigerum,Mature,0,,0,0,30,2019,NA,NA
7/11/19,11:33:00,Rabydammen,Enallagma_cyathigerum,Immature,1,,0,0,30,2019,NA,NA
7/11/19,11:34:00,Rabydammen,Enallagma_cyathigerum,Mature,1,,0,0,30,2019,NA,NA
6/2/19,8:24:00,Sovdemolla,Calopteryx_splendens,Immature,1,,0,0,30,2019,NA,NA
6/2/19,8:24:00,Sovdemolla,Calopteryx_splendens,Immature,1,,0,0,30,2019,NA,NA
6/2/19,8:24:00,Sovdemolla,Calopteryx_splendens,Immature,1,,0,0,30,2019,NA,NA
6/2/19,8:24:00,Sovdemolla,Calopteryx_splendens,Immature,0,,0,0,30,2019,NA,NA
6/2/19,8:24:00,Sovdemolla,Calopteryx_splendens,Immature,1,,0,0,30,2019,NA,NA
6/2/19,8:24:00,Sovdemolla,Calopteryx_splendens,Immature,1,,0,0,30,2019,NA,NA
6/2/19,8:24:00,Sovdemolla,Pyrrhosoma_nymphula,Mature,1,,0,0,30,2019,NA,NA
6/2/19,8:24:00,Sovdemolla,Calopteryx_splendens,Immature,1,,0,0,30,2019,NA,NA
6/2/19,8:24:00,Sovdemolla,Calopteryx_splendens,Immature,1,,0,0,30,2019,NA,NA
6/2/19,8:24:00,Sovdemolla,Pyrrhosoma_nymphula,Mature,1,,1,0,30,2019,NA,NA
6/2/19,8:24:00,Sovdemolla,Pyrrhosoma_nymphula,Mature,0,,1,0,30,2019,NA,NA
6/2/19,8:24:00,Sovdemolla,Calopteryx_splendens,Immature,0,,0,0,30,2019,NA,NA
6/2/19,8:24:00,Sovdemolla,Calopteryx_splendens,Mature,0,,0,0,30,2019,NA,NA
6/2/19,8:24:00,Sovdemolla,Calopteryx_splendens,Immature,1,,0,0,30,2019,NA,NA
6/2/19,8:24:00,Sovdemolla,Calopteryx_splendens,Mature,1,,0,0,30,2019,NA,NA
6/2/19,8:24:00,Sovdemolla,Calopteryx_splendens,Immature,1,,0,0,30,2019,NA,NA
6/2/19,8:24:00,Sovdemolla,Calopteryx_splendens,Immature,1,,0,0,30,2019,NA,NA
6/2/19,8:24:00,Sovdemolla,Calopteryx_splendens,Immature,1,,0,0,30,2019,NA,NA
6/2/19,8:24:00,Sovdemolla,Calopteryx_splendens,Immature,1,,0,0,30,2019,NA,NA
6/2/19,8:24:00,Sovdemolla,Pyrrhosoma_nymphula,Mature,1,,0,0,30,2019,NA,NA
6/2/19,8:24:00,Sovdemolla,Calopteryx_splendens,Immature,1,,0,0,30,2019,NA,NA
6/2/19,8:24:00,Sovdemolla,Calopteryx_splendens,Immature,0,,0,0,30,2019,NA,NA
6/2/19,8:24:00,Sovdemolla,Calopteryx_splendens,Immature,0,,0,0,30,2019,NA,NA
6/2/19,8:24:00,Sovdemolla,Calopteryx_splendens,Immature,0,,0,0,30,2019,NA,NA
6/2/19,8:24:00,Sovdemolla,Calopteryx_splendens,Immature,0,,0,0,30,2019,NA,NA
6/2/19,8:24:00,Sovdemolla,Pyrrhosoma_nymphula,Mature,1,,1,0,30,2019,NA,NA
6/2/19,8:24:00,Sovdemolla,Pyrrhosoma_nymphula,Mature,0,Androchrome,1,0,30,2019,NA,NA
6/2/19,8:24:00,Sovdemolla,Coenagrion_puella,Mature,1,,0,18,30,2019,NA,NA
6/2/19,8:24:00,Sovdemolla,Coenagrion_puella,Mature,1,,0,6,30,2019,NA,NA
6/2/19,8:24:00,Sovdemolla,Coenagrion_puella,Mature,0,,0,0,30,2019,NA,NA
6/2/19,8:24:00,Sovdemolla,Coenagrion_puella,Mature,0,,0,6,30,2019,NA,NA
6/13/19,12:14:00,Sovdemolla,Gomphus_vulgatissimus,Mature,,,0,NA,30,2019,NA,NA
6/13/19,12:14:00,Sovdemolla,Gomphus_vulgatissimus,Mature,,,0,NA,30,2019,NA,NA
6/13/19,12:14:00,Sovdemolla,Cordulia_aenea,Mature,1,,0,NA,30,2019,NA,NA
6/13/19,12:14:00,Sovdemolla,Cordulia_aenea,Mature,1,,0,NA,30,2019,NA,NA
6/13/19,12:14:00,Sovdemolla,Calopteryx_splendens,Mature,1,,0,0,30,2019,NA,NA
6/13/19,12:14:00,Sovdemolla,Calopteryx_splendens,Mature,1,,0,0,30,2019,NA,NA
6/13/19,12:14:00,Sovdemolla,Calopteryx_splendens,Mature,1,,0,0,30,2019,NA,NA
6/13/19,12:14:00,Sovdemolla,Calopteryx_splendens,Mature,0,,0,0,30,2019,NA,NA
6/13/19,12:14:00,Sovdemolla,Calopteryx_splendens,Mature,1,,0,0,30,2019,NA,NA
6/13/19,12:14:00,Sovdemolla,Calopteryx_virgo,Mature,1,,0,0,30,2019,NA,NA
6/13/19,12:14:00,Sovdemolla,Calopteryx_splendens,Immature,1,,0,0,30,2019,NA,NA
6/13/19,12:14:00,Sovdemolla,Calopteryx_splendens,Immature,1,,0,9,30,2019,NA,NA
6/13/19,12:14:00,Sovdemolla,Calopteryx_splendens,Immature,0,,0,0,30,2019,NA,NA
6/13/19,12:14:00,Sovdemolla,Calopteryx_splendens,Immature,1,,0,0,30,2019,NA,NA
6/13/19,12:14:00,Sovdemolla,Calopteryx_splendens,Immature,1,,0,0,30,2019,NA,NA
6/13/19,12:14:00,Sovdemolla,Calopteryx_splendens,Mature,1,,0,0,30,2019,NA,NA
6/13/19,12:14:00,Sovdemolla,Calopteryx_splendens,Immature,1,,0,0,30,2019,NA,NA
6/13/19,12:14:00,Sovdemolla,Calopteryx_splendens,Immature,1,,0,0,30,2019,NA,NA
6/13/19,12:14:00,Sovdemolla,Calopteryx_splendens,Immature,0,,0,0,30,2019,NA,NA
6/13/19,12:14:00,Sovdemolla,Calopteryx_splendens,Immature,0,,0,0,30,2019,NA,NA
6/13/19,12:14:00,Sovdemolla,Calopteryx_splendens,Immature,1,,0,0,30,2019,NA,NA
6/13/19,12:14:00,Sovdemolla,Calopteryx_splendens,Mature,1,,0,0,30,2019,NA,NA
6/13/19,12:14:00,Sovdemolla,Calopteryx_splendens,Mature,1,,0,0,30,2019,NA,NA
6/13/19,12:14:00,Sovdemolla,Calopteryx_splendens,Immature,1,,0,0,30,2019,NA,NA
6/13/19,12:14:00,Sovdemolla,Calopteryx_splendens,Mature,0,,0,0,30,2019,NA,NA
6/13/19,12:14:00,Sovdemolla,Calopteryx_splendens,Immature,1,,0,0,30,2019,NA,NA
6/13/19,12:14:00,Sovdemolla,Calopteryx_splendens,Mature,1,,0,0,30,2019,NA,NA
6/13/19,12:14:00,Sovdemolla,Calopteryx_splendens,Mature,1,,0,0,30,2019,NA,NA
6/13/19,12:14:00,Sovdemolla,Calopteryx_splendens,Immature,1,,0,0,30,2019,NA,NA
6/13/19,12:14:00,Sovdemolla,Calopteryx_splendens,Immature,1,,0,0,30,2019,NA,NA
6/13/19,12:14:00,Sovdemolla,Calopteryx_splendens,Immature,1,,0,0,30,2019,NA,NA
6/13/19,12:14:00,Sovdemolla,Calopteryx_splendens,Immature,0,,0,0,30,2019,NA,NA
6/13/19,12:14:00,Sovdemolla,Calopteryx_splendens,Immature,0,,0,0,30,2019,NA,NA
6/13/19,12:14:00,Sovdemolla,Coenagrion_puella,Immature,0,,1,45,30,2019,NA,NA
6/13/19,12:14:00,Sovdemolla,Coenagrion_puella,Immature,1,,1,23,30,2019,NA,NA
6/13/19,12:14:00,Sovdemolla,Pyrrhosoma_nymphula,Mature,1,,1,0,30,2019,NA,NA
6/13/19,12:14:00,Sovdemolla,Pyrrhosoma_nymphula,Mature,0,,1,0,30,2019,NA,NA
6/13/19,12:14:00,Sovdemolla,Coenagrion_puella,Mature,1,,0,0,30,2019,NA,NA
6/13/19,12:14:00,Sovdemolla,Ischnura_elegans,Immature,1,,0,0,30,2019,NA,NA
6/13/19,12:14:00,Sovdemolla,Platycnemis_pennipes,Immature,1,,0,0,30,2019,NA,NA
6/13/19,12:14:00,Sovdemolla,Coenagrion_puella,Mature,1,,0,7,30,2019,NA,NA
6/13/19,12:14:00,Sovdemolla,Platycnemis_pennipes,Immature,1,,0,0,30,2019,NA,NA
6/13/19,12:14:00,Sovdemolla,Coenagrion_puella,Immature,1,,0,11,30,2019,NA,NA
6/13/19,12:14:00,Sovdemolla,Coenagrion_puella,Immature,0,,0,18,30,2019,NA,NA
6/13/19,12:14:00,Sovdemolla,Platycnemis_pennipes,Immature,1,,0,0,30,2019,NA,NA
6/13/19,12:14:00,Sovdemolla,Platycnemis_pennipes,Immature,1,,0,0,30,2019,NA,NA
6/13/19,12:14:00,Sovdemolla,Platycnemis_pennipes,Teneral,1,,0,0,30,2019,NA,NA
6/13/19,12:14:00,Sovdemolla,Platycnemis_pennipes,Immature,0,,0,0,30,2019,NA,NA
6/13/19,12:14:00,Sovdemolla,Platycnemis_pennipes,Teneral,1,,0,0,30,2019,NA,NA
6/13/19,12:14:00,Sovdemolla,Platycnemis_pennipes,Teneral,0,,0,0,30,2019,NA,NA
6/13/19,12:14:00,Sovdemolla,Coenagrion_puella,Immature,0,,0,0,30,2019,NA,NA
6/13/19,12:14:00,Sovdemolla,Platycnemis_pennipes,Teneral,1,,0,0,30,2019,NA,NA
6/13/19,12:14:00,Sovdemolla,Platycnemis_pennipes,Immature,1,,0,0,30,2019,NA,NA
6/13/19,12:14:00,Sovdemolla,Platycnemis_pennipes,Immature,0,,0,0,30,2019,NA,NA
6/13/19,12:14:00,Sovdemolla,Ischnura_elegans,Immature,1,,0,0,30,2019,NA,NA
6/13/19,12:14:00,Sovdemolla,Coenagrion_puella,Mature,1,,0,4,30,2019,NA,NA
6/13/19,12:14:00,Sovdemolla,Platycnemis_pennipes,Immature,1,,0,0,30,2019,NA,NA
6/20/19,16:13:00,Sovdemolla,Aeshna_isoceles,Mature,,,0,NA,30,2019,NA,NA
6/25/19,12:20:00,Sovdemolla,Ischnura_elegans,Mature,1,,0,0,30,2019,NA,NA
6/25/19,12:20:00,Sovdemolla,Gomphus_vulgatissimus,Mature,,,0,NA,30,2019,NA,NA
6/25/19,12:20:00,Sovdemolla,Gomphus_vulgatissimus,Mature,,,0,NA,30,2019,NA,NA
6/25/19,12:20:00,Sovdemolla,Cordulia_aenea,Mature,,,0,NA,30,2019,NA,NA
6/25/19,12:20:00,Sovdemolla,Libellula_quadrimaculata,Mature,,,0,NA,30,2019,NA,NA
6/25/19,12:20:00,Sovdemolla,Enallagma_cyathigerum,Mature,1,,0,0,30,2019,NA,NA
6/25/19,12:20:00,Sovdemolla,Platycnemis_pennipes,Immature,0,,0,0,30,2019,NA,NA
6/25/19,12:20:00,Sovdemolla,Platycnemis_pennipes,Mature,0,,0,0,30,2019,NA,NA
6/25/19,12:20:00,Sovdemolla,Platycnemis_pennipes,Immature,0,,0,0,30,2019,NA,NA
6/25/19,12:20:00,Sovdemolla,Platycnemis_pennipes,Teneral,1,,0,0,30,2019,NA,NA
6/25/19,12:20:00,Sovdemolla,Platycnemis_pennipes,Teneral,1,,0,0,30,2019,NA,NA
6/25/19,12:20:00,Sovdemolla,Platycnemis_pennipes,Teneral,0,,0,0,30,2019,NA,NA
6/25/19,12:20:00,Sovdemolla,Platycnemis_pennipes,Mature,1,,0,0,30,2019,NA,NA
6/25/19,12:20:00,Sovdemolla,Enallagma_cyathigerum,Mature,1,,0,0,30,2019,NA,NA
6/25/19,12:20:00,Sovdemolla,Platycnemis_pennipes,Teneral,1,,0,0,30,2019,NA,NA
6/25/19,12:20:00,Sovdemolla,Platycnemis_pennipes,Immature,1,,0,0,30,2019,NA,NA
6/25/19,12:20:00,Sovdemolla,Platycnemis_pennipes,Teneral,1,,0,0,30,2019,NA,NA
6/25/19,12:20:00,Sovdemolla,Platycnemis_pennipes,Immature,1,,0,0,30,2019,NA,NA
6/25/19,12:20:00,Sovdemolla,Platycnemis_pennipes,Teneral,0,,0,0,30,2019,NA,NA
6/25/19,12:20:00,Sovdemolla,Platycnemis_pennipes,Mature,1,,0,0,30,2019,NA,NA
6/25/19,12:20:00,Sovdemolla,Ischnura_elegans,Teneral,1,,0,0,30,2019,NA,NA
6/25/19,12:20:00,Sovdemolla,Platycnemis_pennipes,Mature,1,,1,0,30,2019,NA,NA
6/25/19,12:20:00,Sovdemolla,Platycnemis_pennipes,Mature,0,,1,0,30,2019,NA,NA
6/25/19,12:20:00,Sovdemolla,Calopteryx_virgo,Mature,1,,0,0,30,2019,NA,NA
6/25/19,12:20:00,Sovdemolla,Calopteryx_virgo,Mature,1,,0,0,30,2019,NA,NA
6/25/19,12:20:00,Sovdemolla,Calopteryx_splendens,Mature,1,,0,0,30,2019,NA,NA
6/25/19,12:20:00,Sovdemolla,Calopteryx_splendens,Mature,1,,0,0,30,2019,NA,NA
6/25/19,12:20:00,Sovdemolla,Calopteryx_splendens,Mature,1,,0,0,30,2019,NA,NA
6/25/19,12:20:00,Sovdemolla,Calopteryx_splendens,Mature,1,,0,0,30,2019,NA,NA
6/25/19,12:20:00,Sovdemolla,Calopteryx_splendens,Mature,1,,0,0,30,2019,NA,NA
6/25/19,12:20:00,Sovdemolla,Calopteryx_splendens,Mature,1,,0,0,30,2019,NA,NA
6/25/19,12:20:00,Sovdemolla,Calopteryx_splendens,Mature,1,,0,0,30,2019,NA,NA
6/25/19,12:20:00,Sovdemolla,Calopteryx_splendens,Mature,1,,0,0,30,2019,NA,NA
6/25/19,12:20:00,Sovdemolla,Calopteryx_splendens,Mature,1,,0,0,30,2019,NA,NA
6/25/19,12:20:00,Sovdemolla,Calopteryx_splendens,Mature,1,,0,0,30,2019,NA,NA
6/25/19,12:20:00,Sovdemolla,Calopteryx_splendens,Mature,1,,0,0,30,2019,NA,NA
6/25/19,12:20:00,Sovdemolla,Calopteryx_splendens,Mature,1,,0,0,30,2019,NA,NA
6/25/19,12:20:00,Sovdemolla,Calopteryx_splendens,Mature,1,,0,0,30,2019,NA,NA
6/25/19,12:20:00,Sovdemolla,Calopteryx_virgo,Mature,1,,0,0,30,2019,NA,NA
6/25/19,12:20:00,Sovdemolla,Calopteryx_splendens,Mature,1,,1,0,30,2019,NA,NA
6/25/19,12:20:00,Sovdemolla,Calopteryx_splendens,Mature,0,,1,0,30,2019,NA,NA
6/25/19,12:20:00,Sovdemolla,Calopteryx_splendens,Mature,0,,0,0,30,2019,NA,NA
6/25/19,12:20:00,Sovdemolla,Calopteryx_splendens,Mature,0,,0,0,30,2019,NA,NA
6/25/19,12:20:00,Sovdemolla,Calopteryx_virgo,Mature,1,,0,0,30,2019,NA,NA
6/25/19,12:20:00,Sovdemolla,Calopteryx_splendens,Mature,0,,0,0,30,2019,NA,NA
6/8/19,8:24:00,Vombs_Bruksgard,Libellula_quadrimaculata,NA,0,,0,0,30,2019,NA,NA
6/8/19,8:24:00,Vombs_Bruksgard,Libellula_quadrimaculata,NA,,,0,0,30,2019,NA,NA
6/8/19,8:24:00,Vombs_Bruksgard,Libellula_quadrimaculata,NA,,,0,0,30,2019,NA,NA
6/8/19,8:24:00,Vombs_Bruksgard,Libellula_quadrimaculata,NA,,,0,0,30,2019,NA,NA
6/8/19,8:24:00,Vombs_Bruksgard,Libellula_quadrimaculata,NA,,,0,0,30,2019,NA,NA
6/8/19,8:24:00,Vombs_Bruksgard,Cordulia_aenea,NA,,,0,0,30,2019,NA,NA
6/8/19,8:24:00,Vombs_Bruksgard,Cordulia_aenea,NA,,,0,0,30,2019,NA,NA
6/8/19,8:24:00,Vombs_Bruksgard,Cordulia_aenea,NA,,,0,0,30,2019,NA,NA
6/8/19,8:24:00,Vombs_Bruksgard,Cordulia_aenea,NA,,,0,0,30,2019,NA,NA
6/8/19,8:24:00,Vombs_Bruksgard,Cordulia_aenea,NA,,,0,0,30,2019,NA,NA
6/8/19,8:24:00,Vombs_Bruksgard,Calopteryx_splendens,Mature,1,,0,0,30,2019,NA,NA
6/8/19,8:24:00,Vombs_Bruksgard,Calopteryx_splendens,Mature,1,,0,0,30,2019,NA,NA
6/8/19,8:24:00,Vombs_Bruksgard,Coenagrion_puella,Mature,1,,0,7,30,2019,NA,NA
6/8/19,8:24:00,Vombs_Bruksgard,Coenagrion_pulchellum,Mature,0,,0,33,30,2019,NA,NA
6/8/19,8:24:00,Vombs_Bruksgard,Coenagrion_puella,Mature,1,,0,5,30,2019,NA,NA
6/8/19,8:24:00,Vombs_Bruksgard,Coenagrion_puella,Immature,0,,0,73,30,2019,NA,NA
6/8/19,8:24:00,Vombs_Bruksgard,Coenagrion_puella,Mature,1,,0,1,30,2019,NA,NA
6/8/19,8:24:00,Vombs_Bruksgard,Enallagma_cyathigerum,Immature,0,,0,8,30,2019,NA,NA
6/8/19,8:24:00,Vombs_Bruksgard,Coenagrion_lunulatum,Mature,1,,0,7,30,2019,NA,NA
6/8/19,8:24:00,Vombs_Bruksgard,Coenagrion_puella,Mature,1,,0,6,30,2019,NA,NA
6/8/19,8:24:00,Vombs_Bruksgard,Coenagrion_puella,Immature,0,,0,73,30,2019,NA,NA
6/8/19,8:24:00,Vombs_Bruksgard,Coenagrion_puella,Mature,1,,0,80,30,2019,NA,NA
6/8/19,8:24:00,Vombs_Bruksgard,Enallagma_cyathigerum,Mature,1,,0,2,30,2019,NA,NA
6/8/19,8:24:00,Vombs_Bruksgard,Coenagrion_puella,Mature,1,,0,1,30,2019,NA,NA
6/8/19,8:24:00,Vombs_Bruksgard,Coenagrion_puella,Mature,1,,0,10,30,2019,NA,NA
6/8/19,8:24:00,Vombs_Bruksgard,Coenagrion_puella,Mature,1,,0,4,30,2019,NA,NA
6/8/19,8:24:00,Vombs_Bruksgard,Coenagrion_hastulatum,Mature,1,,0,33,30,2019,NA,NA
6/8/19,8:24:00,Vombs_Bruksgard,Coenagrion_puella,Mature,1,,0,0,30,2019,NA,NA
6/8/19,8:24:00,Vombs_Bruksgard,Coenagrion_puella,Mature,1,,0,3,30,2019,NA,NA
6/8/19,8:24:00,Vombs_Bruksgard,Enallagma_cyathigerum,Mature,1,,0,6,30,2019,NA,NA
6/8/19,8:24:00,Vombs_Bruksgard,Coenagrion_hastulatum,Mature,1,,0,17,30,2019,NA,NA
6/8/19,8:24:00,Vombs_Bruksgard,Coenagrion_puella,Mature,0,,0,12,30,2019,NA,NA
6/8/19,8:24:00,Vombs_Bruksgard,Coenagrion_puella,Immature,1,,0,62,30,2019,NA,NA
6/8/19,8:24:00,Vombs_Bruksgard,Coenagrion_puella,Mature,1,,0,1,30,2019,NA,NA
6/8/19,8:24:00,Vombs_Bruksgard,Coenagrion_puella,Mature,1,,0,3,30,2019,NA,NA
6/8/19,8:24:00,Vombs_Bruksgard,Coenagrion_puella,Mature,1,,0,22,30,2019,NA,NA
6/8/19,8:24:00,Vombs_Bruksgard,Coenagrion_puella,Immature,0,,0,45,30,2019,NA,NA
6/8/19,8:24:00,Vombs_Bruksgard,Enallagma_cyathigerum,Mature,1,,0,16,30,2019,NA,NA
6/8/19,8:24:00,Vombs_Bruksgard,Coenagrion_lunulatum,Mature,1,,0,20,30,2019,NA,NA
6/8/19,8:24:00,Vombs_Bruksgard,Enallagma_cyathigerum,Mature,1,,0,58,30,2019,NA,NA
6/8/19,8:24:00,Vombs_Bruksgard,Coenagrion_puella,Mature,1,,0,6,30,2019,NA,NA
6/8/19,8:24:00,Vombs_Bruksgard,Coenagrion_puella,Mature,1,,0,45,30,2019,NA,NA
6/8/19,8:24:00,Vombs_Bruksgard,Coenagrion_hastulatum,Mature,1,,0,20,30,2019,NA,NA
6/8/19,8:24:00,Vombs_Bruksgard,Coenagrion_puella,Mature,1,,0,3,30,2019,NA,NA
6/8/19,8:24:00,Vombs_Bruksgard,Coenagrion_puella,Mature,1,,0,3,30,2019,NA,NA
6/8/19,8:24:00,Vombs_Bruksgard,Coenagrion_puella,Immature,0,,0,30,30,2019,NA,NA
6/8/19,8:24:00,Vombs_Bruksgard,Enallagma_cyathigerum,Immature,1,,0,33,30,2019,NA,NA
6/8/19,8:24:00,Vombs_Bruksgard,Coenagrion_puella,Immature,0,,0,55,30,2019,NA,NA
6/8/19,8:24:00,Vombs_Bruksgard,Coenagrion_lunulatum,Mature,1,,0,4,30,2019,NA,NA
6/8/19,8:24:00,Vombs_Bruksgard,Coenagrion_puella,Immature,1,,0,35,30,2019,NA,NA
6/8/19,8:24:00,Vombs_Bruksgard,Coenagrion_pulchellum,Mature,1,,0,2,30,2019,NA,NA
6/8/19,8:24:00,Vombs_Bruksgard,Ischnura_elegans,Immature,1,,0,11,30,2019,NA,NA
6/8/19,8:24:00,Vombs_Bruksgard,Coenagrion_puella,Mature,1,,0,13,30,2019,NA,NA
6/8/19,8:24:00,Vombs_Bruksgard,Enallagma_cyathigerum,Immature,1,,0,35,30,2019,NA,NA
6/8/19,8:24:00,Vombs_Bruksgard,Coenagrion_puella,Immature,1,,0,82,30,2019,NA,NA
6/8/19,8:24:00,Vombs_Bruksgard,Coenagrion_puella,Immature,1,,0,50,30,2019,NA,NA
6/15/19,13:20:00,Vombs_Bruksgard,Libellula_quadrimaculata,Mature,1,,1,NA,30,2019,NA,NA
6/15/19,13:20:00,Vombs_Bruksgard,Libellula_quadrimaculata,Mature,0,,1,NA,30,2019,NA,NA
6/15/19,13:20:00,Vombs_Bruksgard,Libellula_quadrimaculata,Mature,,,0,NA,30,2019,NA,NA
6/15/19,13:20:00,Vombs_Bruksgard,Libellula_quadrimaculata,Mature,,,0,NA,30,2019,NA,NA
6/15/19,13:20:00,Vombs_Bruksgard,Libellula_quadrimaculata,Mature,,,0,NA,30,2019,NA,NA
6/15/19,13:20:00,Vombs_Bruksgard,Libellula_quadrimaculata,Mature,,,0,NA,30,2019,NA,NA
6/15/19,13:20:00,Vombs_Bruksgard,Libellula_quadrimaculata,Mature,,,0,NA,30,2019,NA,NA
6/15/19,13:20:00,Vombs_Bruksgard,Cordulia_aenea,Mature,,,0,NA,30,2019,NA,NA
6/15/19,13:20:00,Vombs_Bruksgard,Enallagma_cyathigerum,Mature,1,,1,1,30,2019,NA,NA
6/15/19,13:20:00,Vombs_Bruksgard,Enallagma_cyathigerum,Mature,0,,1,50,30,2019,NA,NA
6/15/19,13:20:00,Vombs_Bruksgard,Coenagrion_puella,Mature,1,,1,3,30,2019,NA,NA
6/15/19,13:20:00,Vombs_Bruksgard,Coenagrion_puella,Mature,0,Androchrome,1,35,30,2019,NA,NA
6/15/19,13:20:00,Vombs_Bruksgard,Coenagrion_puella,Mature,1,,1,25,30,2019,NA,NA
6/15/19,13:20:00,Vombs_Bruksgard,Coenagrion_puella,Mature,0,,1,20,30,2019,NA,NA
6/15/19,13:20:00,Vombs_Bruksgard,Coenagrion_puella,Mature,1,,1,37,30,2019,NA,NA
6/15/19,13:20:00,Vombs_Bruksgard,Coenagrion_puella,Mature,0,Androchrome,1,25,30,2019,NA,NA
6/15/19,13:20:00,Vombs_Bruksgard,Coenagrion_puella,Mature,1,,1,60,30,2019,NA,NA
6/15/19,13:20:00,Vombs_Bruksgard,Coenagrion_puella,Mature,0,,1,30,30,2019,NA,NA
6/15/19,13:20:00,Vombs_Bruksgard,Coenagrion_pulchellum,Mature,1,,0,2,30,2019,NA,NA
6/15/19,13:20:00,Vombs_Bruksgard,Coenagrion_puella,Teneral,1,,0,60,30,2019,NA,NA
6/15/19,13:20:00,Vombs_Bruksgard,Enallagma_cyathigerum,Teneral,0,,0,20,30,2019,NA,NA
6/15/19,13:20:00,Vombs_Bruksgard,Enallagma_cyathigerum,Mature,1,,0,30,30,2019,NA,NA
6/15/19,13:20:00,Vombs_Bruksgard,Enallagma_cyathigerum,Teneral,0,,0,15,30,2019,NA,NA
6/15/19,13:20:00,Vombs_Bruksgard,Enallagma_cyathigerum,Mature,1,,0,65,30,2019,NA,NA
6/15/19,13:20:00,Vombs_Bruksgard,Ischnura_elegans,Mature,1,,0,0,30,2019,NA,NA
6/15/19,13:20:00,Vombs_Bruksgard,Coenagrion_puella,Mature,1,,0,0,30,2019,NA,NA
6/15/19,13:20:00,Vombs_Bruksgard,Coenagrion_puella,Teneral,1,,0,18,30,2019,NA,NA
6/15/19,13:20:00,Vombs_Bruksgard,Enallagma_cyathigerum,Mature,1,,0,2,30,2019,NA,NA
6/15/19,13:20:00,Vombs_Bruksgard,Enallagma_cyathigerum,Mature,1,,0,30,30,2019,NA,NA
6/15/19,13:20:00,Vombs_Bruksgard,Coenagrion_puella,Mature,1,,0,4,30,2019,NA,NA
6/15/19,13:20:00,Vombs_Bruksgard,Coenagrion_puella,Mature,0,,0,9,30,2019,NA,NA
6/15/19,13:20:00,Vombs_Bruksgard,Coenagrion_puella,Mature,1,,0,35,30,2019,NA,NA
6/15/19,13:20:00,Vombs_Bruksgard,Coenagrion_puella,Mature,1,,0,3,30,2019,NA,NA
6/15/19,13:20:00,Vombs_Bruksgard,Coenagrion_puella,Mature,1,,0,0,30,2019,NA,NA
6/15/19,13:20:00,Vombs_Bruksgard,Lestes_sponsa,Teneral,1,,0,0,30,2019,NA,NA
6/15/19,13:20:00,Vombs_Bruksgard,Enallagma_cyathigerum,Teneral,0,,0,25,30,2019,NA,NA
6/15/19,13:20:00,Vombs_Bruksgard,Enallagma_cyathigerum,Mature,1,,0,0,30,2019,NA,NA
6/15/19,13:20:00,Vombs_Bruksgard,Coenagrion_hastulatum,Mature,1,,0,45,30,2019,NA,NA
6/15/19,13:20:00,Vombs_Bruksgard,Coenagrion_puella,Mature,0,,0,25,30,2019,NA,NA
6/15/19,13:20:00,Vombs_Bruksgard,Coenagrion_puella,Immature,1,,0,25,30,2019,NA,NA
6/15/19,13:20:00,Vombs_Bruksgard,Coenagrion_puella,Mature,1,,0,0,30,2019,NA,NA
6/15/19,13:20:00,Vombs_Bruksgard,Enallagma_cyathigerum,Mature,1,,0,0,30,2019,NA,NA
6/15/19,13:20:00,Vombs_Bruksgard,Coenagrion_puella,Mature,1,,0,4,30,2019,NA,NA
6/15/19,13:20:00,Vombs_Bruksgard,Coenagrion_lunulatum,Mature,1,,0,6,30,2019,NA,NA
6/15/19,13:20:00,Vombs_Bruksgard,Coenagrion_puella,Teneral,1,,0,35,30,2019,NA,NA
6/15/19,13:20:00,Vombs_Bruksgard,Enallagma_cyathigerum,Teneral,0,,0,NA,30,2019,NA,NA
6/15/19,13:20:00,Vombs_Bruksgard,Coenagrion_puella,Mature,1,,0,0,30,2019,NA,NA
6/15/19,13:20:00,Vombs_Bruksgard,Coenagrion_lunulatum,Mature,1,,0,6,30,2019,NA,NA
6/15/19,13:20:00,Vombs_Bruksgard,Coenagrion_puella,Mature,1,,0,45,30,2019,NA,NA
6/15/19,13:20:00,Vombs_Bruksgard,Coenagrion_puella,Mature,1,,0,0,30,2019,NA,NA
6/15/19,13:20:00,Vombs_Bruksgard,Coenagrion_lunulatum,Mature,1,,0,5,30,2019,NA,NA
6/15/19,13:20:00,Vombs_Bruksgard,Coenagrion_puella,Mature,1,,0,0,30,2019,NA,NA
6/15/19,13:20:00,Vombs_Bruksgard,Coenagrion_puella,Mature,1,,0,0,30,2019,NA,NA
6/24/19,10:20:00,Vombs_Bruksgard,Libellula_quadrimaculata,Mature,,,0,NA,30,2019,NA,NA
6/24/19,10:20:00,Vombs_Bruksgard,Libellula_quadrimaculata,Mature,,,0,NA,30,2019,NA,NA
6/24/19,10:20:00,Vombs_Bruksgard,Libellula_quadrimaculata,Mature,,,0,NA,30,2019,NA,NA
6/24/19,10:20:00,Vombs_Bruksgard,Libellula_quadrimaculata,Mature,,,0,NA,30,2019,NA,NA
6/24/19,10:20:00,Vombs_Bruksgard,Libellula_quadrimaculata,Mature,,,0,NA,30,2019,NA,NA
6/24/19,10:20:00,Vombs_Bruksgard,Libellula_quadrimaculata,Mature,,,0,NA,30,2019,NA,NA
6/24/19,10:20:00,Vombs_Bruksgard,Libellula_quadrimaculata,Mature,,,0,NA,30,2019,NA,NA
6/24/19,10:20:00,Vombs_Bruksgard,Libellula_quadrimaculata,Mature,,,0,NA,30,2019,NA,NA
6/24/19,10:20:00,Vombs_Bruksgard,Libellula_quadrimaculata,Mature,,,0,NA,30,2019,NA,NA
6/24/19,10:20:00,Vombs_Bruksgard,Libellula_quadrimaculata,Mature,,,0,NA,30,2019,NA,NA
6/24/19,10:20:00,Vombs_Bruksgard,Libellula_quadrimaculata,Mature,,,0,NA,30,2019,NA,NA
6/24/19,10:20:00,Vombs_Bruksgard,Libellula_quadrimaculata,Mature,,,0,NA,30,2019,NA,NA
6/24/19,10:20:00,Vombs_Bruksgard,Libellula_quadrimaculata,Mature,,,0,NA,30,2019,NA,NA
6/24/19,10:20:00,Vombs_Bruksgard,Libellula_quadrimaculata,Mature,,,0,NA,30,2019,NA,NA
6/24/19,10:20:00,Vombs_Bruksgard,Libellula_quadrimaculata,Mature,,,0,NA,30,2019,NA,NA
6/24/19,10:20:00,Vombs_Bruksgard,Libellula_quadrimaculata,Mature,,,0,NA,30,2019,NA,NA
6/24/19,10:20:00,Vombs_Bruksgard,Libellula_quadrimaculata,Mature,,,0,NA,30,2019,NA,NA
6/24/19,10:20:00,Vombs_Bruksgard,Libellula_quadrimaculata,Mature,,,0,NA,30,2019,NA,NA
6/24/19,10:20:00,Vombs_Bruksgard,Libellula_quadrimaculata,Mature,,,0,NA,30,2019,NA,NA
6/24/19,10:20:00,Vombs_Bruksgard,Libellula_quadrimaculata,Mature,,,0,NA,30,2019,NA,NA
6/24/19,10:20:00,Vombs_Bruksgard,Libellula_quadrimaculata,Mature,,,0,NA,30,2019,NA,NA
6/24/19,10:20:00,Vombs_Bruksgard,Libellula_quadrimaculata,Mature,,,0,NA,30,2019,NA,NA
6/24/19,10:20:00,Vombs_Bruksgard,Libellula_quadrimaculata,Mature,,,0,NA,30,2019,NA,NA
6/24/19,10:20:00,Vombs_Bruksgard,Libellula_quadrimaculata,Mature,,,0,NA,30,2019,NA,NA
6/24/19,10:20:00,Vombs_Bruksgard,Libellula_quadrimaculata,Mature,,,0,NA,30,2019,NA,NA
6/24/19,10:20:00,Vombs_Bruksgard,Libellula_quadrimaculata,Mature,,,0,NA,30,2019,NA,NA
6/24/19,10:20:00,Vombs_Bruksgard,Libellula_quadrimaculata,Mature,,,0,NA,30,2019,NA,NA
6/24/19,10:20:00,Vombs_Bruksgard,Libellula_quadrimaculata,Mature,,,0,NA,30,2019,NA,NA
6/24/19,10:20:00,Vombs_Bruksgard,Libellula_quadrimaculata,Mature,,,0,NA,30,2019,NA,NA
6/24/19,10:20:00,Vombs_Bruksgard,Libellula_quadrimaculata,Mature,,,0,NA,30,2019,NA,NA
6/24/19,10:20:00,Vombs_Bruksgard,Libellula_quadrimaculata,Mature,,,0,NA,30,2019,NA,NA
6/24/19,10:20:00,Vombs_Bruksgard,Libellula_quadrimaculata,Mature,,,0,NA,30,2019,NA,NA
6/24/19,10:20:00,Vombs_Bruksgard,Libellula_quadrimaculata,Mature,,,0,NA,30,2019,NA,NA
6/24/19,10:20:00,Vombs_Bruksgard,Libellula_quadrimaculata,Mature,,,0,NA,30,2019,NA,NA
6/24/19,10:20:00,Vombs_Bruksgard,Libellula_quadrimaculata,Mature,,,0,NA,30,2019,NA,NA
6/24/19,10:20:00,Vombs_Bruksgard,Libellula_quadrimaculata,Mature,,,0,NA,30,2019,NA,NA
6/24/19,10:20:00,Vombs_Bruksgard,Libellula_quadrimaculata,Mature,,,0,NA,30,2019,NA,NA
6/24/19,10:20:00,Vombs_Bruksgard,Libellula_quadrimaculata,Mature,,,0,NA,30,2019,NA,NA
6/24/19,10:20:00,Vombs_Bruksgard,Libellula_quadrimaculata,Mature,,,0,NA,30,2019,NA,NA
6/24/19,10:20:00,Vombs_Bruksgard,Libellula_quadrimaculata,Mature,,,0,NA,30,2019,NA,NA
6/24/19,10:20:00,Vombs_Bruksgard,Libellula_quadrimaculata,Mature,,,0,NA,30,2019,NA,NA
6/24/19,10:20:00,Vombs_Bruksgard,Libellula_quadrimaculata,Mature,,,0,NA,30,2019,NA,NA
6/24/19,10:20:00,Vombs_Bruksgard,Libellula_quadrimaculata,Mature,,,0,NA,30,2019,NA,NA
6/24/19,10:20:00,Vombs_Bruksgard,Libellula_quadrimaculata,Mature,,,0,NA,30,2019,NA,NA
6/24/19,10:20:00,Vombs_Bruksgard,Libellula_quadrimaculata,Mature,,,0,NA,30,2019,NA,NA
6/24/19,10:20:00,Vombs_Bruksgard,Libellula_quadrimaculata,Mature,,,0,NA,30,2019,NA,NA
6/24/19,10:20:00,Vombs_Bruksgard,Libellula_quadrimaculata,Mature,,,0,NA,30,2019,NA,NA
6/24/19,10:20:00,Vombs_Bruksgard,Libellula_quadrimaculata,Mature,,,0,NA,30,2019,NA,NA
6/24/19,10:20:00,Vombs_Bruksgard,Libellula_quadrimaculata,Mature,,,0,NA,30,2019,NA,NA
6/24/19,10:20:00,Vombs_Bruksgard,Libellula_quadrimaculata,Mature,,,0,NA,30,2019,NA,NA
6/24/19,10:20:00,Vombs_Bruksgard,Libellula_quadrimaculata,Mature,1,,1,NA,30,2019,NA,NA
6/24/19,10:20:00,Vombs_Bruksgard,Libellula_quadrimaculata,Mature,0,,1,NA,30,2019,NA,NA
6/24/19,10:20:00,Vombs_Bruksgard,Anax_imperator,Mature,1,,0,NA,30,2019,NA,NA
6/24/19,10:20:00,Vombs_Bruksgard,Calopteryx_splendens,Mature,0,,0,0,30,2019,NA,NA
6/24/19,10:20:00,Vombs_Bruksgard,Enallagma_cyathigerum,Mature,1,,0,0,30,2019,NA,NA
6/24/19,10:20:00,Vombs_Bruksgard,Coenagrion_puella,Mature,1,,0,12,30,2019,NA,NA
6/24/19,10:20:00,Vombs_Bruksgard,Enallagma_cyathigerum,Mature,1,,0,16,30,2019,NA,NA
6/24/19,10:20:00,Vombs_Bruksgard,Ischnura_elegans,Mature,0,Androchrome,0,2,30,2019,Androchrome,NA
6/24/19,10:20:00,Vombs_Bruksgard,Coenagrion_puella,Mature,1,,0,27,30,2019,NA,NA
6/24/19,10:20:00,Vombs_Bruksgard,Enallagma_cyathigerum,Mature,1,,0,0,30,2019,NA,NA
6/24/19,10:20:00,Vombs_Bruksgard,Coenagrion_puella,Mature,1,,0,4,30,2019,NA,NA
6/24/19,10:20:00,Vombs_Bruksgard,Coenagrion_puella,Mature,1,,0,0,30,2019,NA,NA
6/24/19,10:20:00,Vombs_Bruksgard,Coenagrion_puella,Mature,1,,0,0,30,2019,NA,NA
6/24/19,10:20:00,Vombs_Bruksgard,Coenagrion_puella,Mature,1,,0,1,30,2019,NA,NA
6/24/19,10:20:00,Vombs_Bruksgard,Coenagrion_puella,Mature,1,,0,0,30,2019,NA,NA
6/24/19,10:20:00,Vombs_Bruksgard,Coenagrion_puella,Mature,1,,0,0,30,2019,NA,NA
6/24/19,10:20:00,Vombs_Bruksgard,Lestes_sponsa,Teneral,1,,0,0,30,2019,NA,NA
6/24/19,10:20:00,Vombs_Bruksgard,Enallagma_cyathigerum,Mature,1,,0,12,30,2019,NA,NA
6/24/19,10:20:00,Vombs_Bruksgard,Coenagrion_puella,Mature,1,,0,12,30,2019,NA,NA
6/24/19,10:20:00,Vombs_Bruksgard,Coenagrion_pulchellum,Mature,1,,0,0,30,2019,NA,NA
6/24/19,10:20:00,Vombs_Bruksgard,Enallagma_cyathigerum,Mature,1,,0,1,30,2019,NA,NA
6/24/19,10:20:00,Vombs_Bruksgard,Coenagrion_puella,Mature,1,,0,3,30,2019,NA,NA
6/24/19,10:20:00,Vombs_Bruksgard,Coenagrion_puella,Mature,1,,0,0,30,2019,NA,NA
6/24/19,10:20:00,Vombs_Bruksgard,Coenagrion_pulchellum,Mature,1,,0,1,30,2019,NA,NA
6/24/19,10:20:00,Vombs_Bruksgard,Lestes_sponsa,Teneral,0,,0,0,30,2019,NA,NA
6/24/19,10:20:00,Vombs_Bruksgard,Coenagrion_puella,Mature,1,,0,0,30,2019,NA,NA
6/24/19,10:20:00,Vombs_Bruksgard,Lestes_sponsa,Teneral,1,,0,0,30,2019,NA,NA
6/24/19,10:20:00,Vombs_Bruksgard,Coenagrion_puella,Mature,1,,0,1,30,2019,NA,NA
6/24/19,10:20:00,Vombs_Bruksgard,Lestes_sponsa,Immature,1,,0,0,30,2019,NA,NA
6/24/19,10:20:00,Vombs_Bruksgard,Coenagrion_puella,Mature,1,,0,0,30,2019,NA,NA
6/24/19,10:20:00,Vombs_Bruksgard,Coenagrion_puella,Mature,1,,0,0,30,2019,NA,NA
6/24/19,10:20:00,Vombs_Bruksgard,Enallagma_cyathigerum,Mature,1,,0,4,30,2019,NA,NA
6/24/19,10:20:00,Vombs_Bruksgard,Coenagrion_puella,Mature,1,,0,1,30,2019,NA,NA
6/24/19,10:20:00,Vombs_Bruksgard,Coenagrion_puella,Mature,1,,0,7,30,2019,NA,NA
6/24/19,10:20:00,Vombs_Bruksgard,Enallagma_cyathigerum,Mature,1,,0,0,30,2019,NA,NA
6/24/19,10:20:00,Vombs_Bruksgard,Coenagrion_puella,Mature,1,,0,3,30,2019,NA,NA
6/24/19,10:20:00,Vombs_Bruksgard,Coenagrion_puella,Mature,1,,0,2,30,2019,NA,NA
6/24/19,10:20:00,Vombs_Bruksgard,Coenagrion_lunulatum,Mature,1,,0,17,30,2019,NA,NA
6/24/19,10:20:00,Vombs_Bruksgard,Enallagma_cyathigerum,Teneral,1,,0,32,30,2019,NA,NA
6/24/19,10:20:00,Vombs_Bruksgard,Enallagma_cyathigerum,Mature,1,,0,0,30,2019,NA,NA
6/24/19,10:20:00,Vombs_Bruksgard,Coenagrion_puella,Mature,1,,0,0,30,2019,NA,NA
6/24/19,10:20:00,Vombs_Bruksgard,Lestes_sponsa,Immature,0,,0,0,30,2019,NA,NA
6/24/19,10:20:00,Vombs_Bruksgard,Enallagma_cyathigerum,Mature,0,,0,1,30,2019,NA,NA
7/7/19,14:04:00,Vombs_Bruksgard,Lestes_sponsa,Teneral,1,,0,0,30,2019,NA,NA
7/7/19,14:04:00,Vombs_Bruksgard,Lestes_sponsa,Immature,1,,0,0,30,2019,NA,NA
7/7/19,14:06:00,Vombs_Bruksgard,Lestes_sponsa,Immature,1,,0,0,30,2019,NA,NA
7/7/19,14:06:00,Vombs_Bruksgard,Lestes_sponsa,Immature,1,,0,0,30,2019,NA,NA
7/7/19,14:07:00,Vombs_Bruksgard,Lestes_virens,Immature,0,,0,0,30,2019,NA,NA
7/7/19,14:08:00,Vombs_Bruksgard,Calopteryx_splendens,Mature,0,,0,0,30,2019,NA,NA
7/7/19,14:08:00,Vombs_Bruksgard,Lestes_virens,Immature,0,,0,0,30,2019,NA,NA
7/7/19,14:09:00,Vombs_Bruksgard,Lestes_sponsa,Teneral,0,,0,0,30,2019,NA,NA
7/7/19,14:10:00,Vombs_Bruksgard,Lestes_sponsa,Mature,1,,0,0,30,2019,NA,NA
7/7/19,14:10:00,Vombs_Bruksgard,Lestes_virens,Immature,0,,0,0,30,2019,NA,NA
7/7/19,14:11:00,Vombs_Bruksgard,Enallagma_cyathigerum,Mature,1,,0,0,30,2019,NA,NA
7/7/19,14:11:00,Vombs_Bruksgard,Enallagma_cyathigerum,Mature,1,,0,0,30,2019,NA,NA
7/7/19,14:12:00,Vombs_Bruksgard,Lestes_sponsa,Mature,1,,0,0,30,2019,NA,NA
7/7/19,14:13:00,Vombs_Bruksgard,Enallagma_cyathigerum,Mature,1,,0,0,30,2019,NA,NA
7/7/19,14:13:00,Vombs_Bruksgard,Lestes_sponsa,Immature,1,,0,0,30,2019,NA,NA
7/7/19,14:13:00,Vombs_Bruksgard,Lestes_sponsa,Mature,1,,0,0,30,2019,NA,NA
7/7/19,14:14:00,Vombs_Bruksgard,Enallagma_cyathigerum,Mature,1,,0,0,30,2019,NA,NA
7/7/19,14:14:00,Vombs_Bruksgard,Lestes_sponsa,Mature,1,,0,0,30,2019,NA,NA
7/7/19,14:14:00,Vombs_Bruksgard,Lestes_virens,Mature,0,,0,0,30,2019,NA,NA
7/7/19,14:15:00,Vombs_Bruksgard,Lestes_sponsa,Immature,1,,0,0,30,2019,NA,NA
7/7/19,14:16:00,Vombs_Bruksgard,Enallagma_cyathigerum,Mature,1,,0,0,30,2019,NA,NA
7/7/19,14:17:00,Vombs_Bruksgard,Lestes_virens,Immature,1,,0,0,30,2019,NA,NA
7/7/19,14:17:00,Vombs_Bruksgard,Coenagrion_puella,Mature,1,,0,0,30,2019,NA,NA
7/7/19,14:17:00,Vombs_Bruksgard,Lestes_virens,Mature,1,,0,0,30,2019,NA,NA
7/7/19,14:18:00,Vombs_Bruksgard,Enallagma_cyathigerum,Teneral,1,,0,0,30,2019,NA,NA
7/7/19,14:18:00,Vombs_Bruksgard,Lestes_virens,Immature,1,,0,0,30,2019,NA,NA
7/7/19,14:18:00,Vombs_Bruksgard,Lestes_virens,Immature,1,,0,0,30,2019,NA,NA
7/7/19,14:19:00,Vombs_Bruksgard,Lestes_virens,Mature,1,,0,0,30,2019,NA,NA
7/7/19,14:19:00,Vombs_Bruksgard,Lestes_virens,Mature,1,,0,0,30,2019,NA,NA
7/7/19,14:19:00,Vombs_Bruksgard,Lestes_virens,Mature,0,,0,0,30,2019,NA,NA
7/7/19,14:20:00,Vombs_Bruksgard,Enallagma_cyathigerum,Mature,1,,0,0,30,2019,NA,NA
7/7/19,14:20:00,Vombs_Bruksgard,Coenagrion_pulchellum,Mature,1,,0,0,30,2019,NA,NA
7/25/19,11:35:00,Vombs_Bruksgard,Anax_imperator,Mature,1,,0,0,30,2019,NA,NA
7/25/19,11:35:00,Vombs_Bruksgard,Libellula_depressa,Mature,1,,0,0,30,2019,NA,NA
7/25/19,11:35:00,Vombs_Bruksgard,Libellula_depressa,Mature,1,,0,0,30,2019,NA,NA
7/25/19,11:35:00,Vombs_Bruksgard,Sympetrum_spp,Mature,1,,0,0,30,2019,NA,NA
7/25/19,11:35:00,Vombs_Bruksgard,Sympetrum_spp,Mature,1,,0,0,30,2019,NA,NA
7/25/19,11:35:00,Vombs_Bruksgard,Sympetrum_spp,Mature,1,,0,0,30,2019,NA,NA
7/25/19,11:35:00,Vombs_Bruksgard,Sympetrum_spp,Mature,1,,0,0,30,2019,NA,NA
7/25/19,11:35:00,Vombs_Bruksgard,Sympetrum_spp,Mature,1,,0,0,30,2019,NA,NA
7/25/19,11:35:00,Vombs_Bruksgard,Sympetrum_spp,Mature,1,,0,0,30,2019,NA,NA
7/25/19,11:35:00,Vombs_Bruksgard,Enallagma_cyathigerum,Mature,1,,0,0,30,2019,NA,NA
7/25/19,11:37:00,Vombs_Bruksgard,Lestes_dryas,Mature,1,,0,0,30,2019,NA,NA
7/25/19,11:37:00,Vombs_Bruksgard,Lestes_sponsa,Mature,1,,0,0,30,2019,NA,NA
7/25/19,11:38:00,Vombs_Bruksgard,Lestes_sponsa,Mature,1,,0,0,30,2019,NA,NA
7/25/19,11:38:00,Vombs_Bruksgard,Lestes_sponsa,Mature,1,,0,0,30,2019,NA,NA
7/25/19,11:38:00,Vombs_Bruksgard,Lestes_sponsa,Mature,1,,0,0,30,2019,NA,NA
7/25/19,11:38:00,Vombs_Bruksgard,Enallagma_cyathigerum,Teneral,0,,0,0,30,2019,NA,NA
7/25/19,11:39:00,Vombs_Bruksgard,Lestes_sponsa,Mature,1,,0,0,30,2019,NA,NA
7/25/19,11:39:00,Vombs_Bruksgard,Enallagma_cyathigerum,Mature,1,,0,0,30,2019,NA,NA
7/25/19,11:39:00,Vombs_Bruksgard,Enallagma_cyathigerum,Mature,1,,0,0,30,2019,NA,NA
7/25/19,11:39:00,Vombs_Bruksgard,Lestes_sponsa,Mature,1,,0,0,30,2019,NA,NA
7/25/19,11:40:00,Vombs_Bruksgard,Leucorrhinia_dubia,Mature,1,,0,0,30,2019,NA,NA
7/25/19,11:40:00,Vombs_Bruksgard,Enallagma_cyathigerum,Teneral,1,,0,0,30,2019,NA,NA
7/25/19,11:40:00,Vombs_Bruksgard,Lestes_sponsa,Mature,1,,0,0,30,2019,NA,NA
7/25/19,11:40:00,Vombs_Bruksgard,Enallagma_cyathigerum,Mature,0,,0,0,30,2019,NA,NA
7/25/19,11:40:00,Vombs_Bruksgard,Enallagma_cyathigerum,Teneral,1,,0,0,30,2019,NA,NA
7/25/19,11:41:00,Vombs_Bruksgard,Enallagma_cyathigerum,Teneral,1,,0,0,30,2019,NA,NA
7/25/19,11:41:00,Vombs_Bruksgard,Enallagma_cyathigerum,Teneral,1,,0,0,30,2019,NA,NA
7/25/19,11:42:00,Vombs_Bruksgard,Enallagma_cyathigerum,Mature,1,,0,20,30,2019,NA,NA
7/25/19,11:42:00,Vombs_Bruksgard,Lestes_sponsa,Immature,0,,0,0,30,2019,NA,NA
7/25/19,11:42:00,Vombs_Bruksgard,Enallagma_cyathigerum,Immature,1,,0,2,30,2019,NA,NA
7/25/19,11:42:00,Vombs_Bruksgard,Enallagma_cyathigerum,Teneral,1,,0,0,30,2019,NA,NA
7/25/19,11:43:00,Vombs_Bruksgard,Lestes_virens,Immature,0,,0,0,30,2019,NA,NA
7/25/19,11:44:00,Vombs_Bruksgard,Lestes_sponsa,Teneral,1,,0,0,30,2019,NA,NA
7/25/19,11:44:00,Vombs_Bruksgard,Enallagma_cyathigerum,Teneral,1,,0,0,30,2019,NA,NA
7/25/19,11:45:00,Vombs_Bruksgard,Enallagma_cyathigerum,Teneral,1,,0,0,30,2019,NA,NA
7/25/19,11:45:00,Vombs_Bruksgard,Lestes_sponsa,Teneral,1,,0,0,30,2019,NA,NA
7/25/19,11:45:00,Vombs_Bruksgard,Enallagma_cyathigerum,Mature,1,,1,0,30,2019,NA,NA
7/25/19,11:45:00,Vombs_Bruksgard,Enallagma_cyathigerum,Mature,0,,1,0,30,2019,NA,NA
6/8/19,8:24:00,Vombs_Vattenverk,Ischnura_elegans,Mature,1,,1,0,30,2019,NA,NA
6/8/19,8:24:00,Vombs_Vattenverk,Ischnura_elegans,Mature,0,Gynochrome,1,0,30,2019,Infuscans,NA
6/8/19,8:24:00,Vombs_Vattenverk,Ischnura_elegans,Mature,1,,1,0,30,2019,NA,NA
6/8/19,8:24:00,Vombs_Vattenverk,Ischnura_elegans,Mature,0,Androchrome,1,0,30,2019,Androchrome,NA
6/8/19,8:24:00,Vombs_Vattenverk,Erythromma_viridulum,Mature,,,1,0,30,2019,NA,NA
6/8/19,8:24:00,Vombs_Vattenverk,Erythromma_najas,Mature,0,,1,0,30,2019,NA,NA
6/8/19,8:24:00,Vombs_Vattenverk,Enallagma_cyathigerum,Mature,1,,1,0,30,2019,NA,NA
6/8/19,8:24:00,Vombs_Vattenverk,Enallagma_cyathigerum,Mature,0,,1,0,30,2019,NA,NA
6/8/19,8:24:00,Vombs_Vattenverk,Coenagrion_pulchellum,Mature,1,,0,5,30,2019,NA,NA
6/8/19,8:24:00,Vombs_Vattenverk,Ischnura_elegans,Mature,0,Androchrome,0,0,30,2019,Androchrome,NA
6/8/19,8:24:00,Vombs_Vattenverk,Enallagma_cyathigerum,Mature,1,,0,0,30,2019,NA,NA
6/8/19,8:24:00,Vombs_Vattenverk,Ischnura_elegans,Mature,0,Androchrome,0,0,30,2019,Androchrome,NA
6/8/19,8:24:00,Vombs_Vattenverk,Ischnura_elegans,Mature,1,,0,0,30,2019,NA,NA
6/8/19,8:24:00,Vombs_Vattenverk,Ischnura_elegans,Immature,0,,0,0,30,2019,NA,NA
6/8/19,8:24:00,Vombs_Vattenverk,Ischnura_elegans,Mature,0,Androchrome,0,0,30,2019,Androchrome,NA
6/8/19,8:24:00,Vombs_Vattenverk,Enallagma_cyathigerum,Mature,1,,0,0,30,2019,NA,NA
6/8/19,8:24:00,Vombs_Vattenverk,Enallagma_cyathigerum,Mature,1,,0,2,30,2019,NA,NA
6/8/19,8:24:00,Vombs_Vattenverk,Enallagma_cyathigerum,Mature,1,,0,8,30,2019,NA,NA
6/8/19,8:24:00,Vombs_Vattenverk,Ischnura_elegans,Mature,0,Androchrome,0,0,30,2019,Androchrome,NA
6/8/19,8:24:00,Vombs_Vattenverk,Enallagma_cyathigerum,Mature,1,,0,0,30,2019,NA,NA
6/8/19,8:24:00,Vombs_Vattenverk,Ischnura_elegans,Mature,1,,0,0,30,2019,NA,NA
6/8/19,8:24:00,Vombs_Vattenverk,Ischnura_elegans,Mature,1,,0,0,30,2019,NA,NA
6/8/19,8:24:00,Vombs_Vattenverk,Enallagma_cyathigerum,Mature,1,,0,0,30,2019,NA,NA
6/8/19,8:24:00,Vombs_Vattenverk,Ischnura_elegans,Mature,0,Androchrome,0,0,30,2019,Androchrome,NA
6/8/19,8:24:00,Vombs_Vattenverk,Coenagrion_pulchellum,Mature,1,,0,0,30,2019,NA,NA
6/8/19,8:24:00,Vombs_Vattenverk,Ischnura_elegans,Mature,1,,0,0,30,2019,NA,NA
6/22/19,11:19:00,Vombs_Vattenverk,Ischnura_elegans,Mature,1,,1,0,30,2019,NA,NA
6/22/19,11:19:00,Vombs_Vattenverk,Ischnura_elegans,Mature,0,Gynochrome,1,0,30,2019,Infuscans,NA
6/22/19,11:19:00,Vombs_Vattenverk,Ischnura_elegans,Mature,1,,1,0,30,2019,NA,NA
6/22/19,11:19:00,Vombs_Vattenverk,Ischnura_elegans,Mature,0,Androchrome,1,0,30,2019,Androchrome,NA
6/22/19,11:20:00,Vombs_Vattenverk,Ischnura_elegans,Mature,1,,0,0,30,2019,NA,NA
6/22/19,11:20:00,Vombs_Vattenverk,Ischnura_elegans,Mature,1,,0,0,30,2019,NA,NA
6/22/19,11:20:00,Vombs_Vattenverk,Ischnura_elegans,Mature,1,,0,0,30,2019,NA,NA
6/22/19,11:21:00,Vombs_Vattenverk,Ischnura_elegans,Immature,0,Gynochrome,0,0,30,2019,Androchrome,Violacea_(Androchrome)
6/22/19,11:21:00,Vombs_Vattenverk,Enallagma_cyathigerum,Mature,1,,0,0,30,2019,NA,NA
6/22/19,11:21:00,Vombs_Vattenverk,Ischnura_elegans,Immature,1,,0,0,30,2019,NA,NA
6/22/19,11:22:00,Vombs_Vattenverk,Enallagma_cyathigerum,Mature,1,,0,0,30,2019,NA,NA
6/22/19,11:22:00,Vombs_Vattenverk,Ischnura_elegans,Mature,1,,0,0,30,2019,NA,NA
6/22/19,11:22:00,Vombs_Vattenverk,Ischnura_elegans,Immature,0,Gynochrome,0,0,30,2019,Infuscans,Violacea_(Infuscans)
6/22/19,11:22:00,Vombs_Vattenverk,Ischnura_elegans,Mature,0,Androchrome,0,0,30,2019,Androchrome,NA
6/22/19,11:23:00,Vombs_Vattenverk,Ischnura_elegans,Mature,1,,1,0,30,2019,NA,NA
6/22/19,11:23:00,Vombs_Vattenverk,Ischnura_elegans,Mature,0,Gynochrome,1,0,30,2019,Infuscans,NA
6/22/19,11:23:00,Vombs_Vattenverk,Enallagma_cyathigerum,Mature,1,,0,0,30,2019,NA,NA
6/22/19,11:24:00,Vombs_Vattenverk,Ischnura_elegans,Mature,0,Androchrome,0,0,30,2019,Androchrome,NA
6/22/19,11:24:00,Vombs_Vattenverk,Ischnura_elegans,Immature,0,Gynochrome,0,0,30,2019,Androchrome,Violacea_(Androchrome)
6/22/19,11:24:00,Vombs_Vattenverk,Ischnura_elegans,Mature,1,,0,0,30,2019,NA,NA
6/22/19,11:24:00,Vombs_Vattenverk,Ischnura_elegans,Mature,1,,0,0,30,2019,NA,NA
6/22/19,11:24:00,Vombs_Vattenverk,Ischnura_elegans,Mature,1,,0,0,30,2019,NA,NA
6/22/19,11:25:00,Vombs_Vattenverk,Ischnura_elegans,Mature,0,Androchrome,0,0,30,2019,Androchrome,NA
6/22/19,11:25:00,Vombs_Vattenverk,Ischnura_elegans,Mature,0,Androchrome,0,0,30,2019,Androchrome,NA
6/22/19,11:25:00,Vombs_Vattenverk,Ischnura_elegans,Mature,1,,1,0,30,2019,NA,NA
6/22/19,11:25:00,Vombs_Vattenverk,Ischnura_elegans,Mature,0,Androchrome,1,0,30,2019,Androchrome,NA
6/22/19,11:26:00,Vombs_Vattenverk,Sympetrum_spp,Mature,,,0,0,30,2019,NA,NA
6/22/19,11:26:00,Vombs_Vattenverk,Sympetrum_spp,Mature,,,0,0,30,2019,NA,NA
6/22/19,11:26:00,Vombs_Vattenverk,Sympetrum_spp,Mature,,,0,0,30,2019,NA,NA
6/22/19,11:26:00,Vombs_Vattenverk,Orthetrum_cancellatum,Mature,1,,1,0,30,2019,NA,NA
6/22/19,11:27:00,Vombs_Vattenverk,Orthetrum_cancellatum,Mature,0,,1,0,30,2019,NA,NA
6/22/19,11:30:00,Vombs_Vattenverk,Orthetrum_cancellatum,Mature,1,,0,0,30,2019,NA,NA
6/22/19,11:30:00,Vombs_Vattenverk,Orthetrum_cancellatum,Mature,1,,0,0,30,2019,NA,NA
6/22/19,11:30:00,Vombs_Vattenverk,Orthetrum_cancellatum,Mature,1,,0,0,30,2019,NA,NA
6/22/19,11:30:00,Vombs_Vattenverk,Orthetrum_cancellatum,Mature,1,,0,0,30,2019,NA,NA
6/22/19,11:30:00,Vombs_Vattenverk,Orthetrum_cancellatum,Mature,1,,0,0,30,2019,NA,NA
6/30/19,14:30:00,Vombs_Vattenverk,Gomphus_vulgatissimus,Mature,0,,0,0,30,2019,NA,NA
6/30/19,14:30:00,Vombs_Vattenverk,Ischnura_elegans,Mature,0,Androchrome,1,0,30,2019,Androchrome,NA
6/30/19,14:30:00,Vombs_Vattenverk,Ischnura_elegans,Mature,1,,1,0,30,2019,NA,NA
6/30/19,14:30:00,Vombs_Vattenverk,Ischnura_elegans,Mature,1,,1,0,30,2019,NA,NA
6/30/19,14:30:00,Vombs_Vattenverk,Ischnura_elegans,Mature,0,Gynochrome,1,0,30,2019,Infuscans,NA
6/30/19,14:30:00,Vombs_Vattenverk,Ischnura_elegans,Mature,1,,1,0,30,2019,NA,NA
6/30/19,14:30:00,Vombs_Vattenverk,Ischnura_elegans,Mature,0,Androchrome,1,0,30,2019,Androchrome,NA
6/30/19,14:30:00,Vombs_Vattenverk,Ischnura_elegans,Mature,0,Androchrome,1,0,30,2019,Androchrome,NA
6/30/19,14:30:00,Vombs_Vattenverk,Ischnura_elegans,Mature,1,,1,0,30,2019,NA,NA
6/30/19,14:30:00,Vombs_Vattenverk,Sympetrum_vulgatum,Immature,0,,0,0,30,2019,NA,NA
6/30/19,14:30:00,Vombs_Vattenverk,Anax_imperator,Mature,1,,0,NA,30,2019,NA,NA
6/30/19,14:30:00,Vombs_Vattenverk,Orthetrum_cancellatum,Mature,1,,0,NA,30,2019,NA,NA
6/30/19,14:30:00,Vombs_Vattenverk,Orthetrum_cancellatum,Mature,1,,0,NA,30,2019,NA,NA
6/30/19,14:30:00,Vombs_Vattenverk,Orthetrum_cancellatum,Mature,1,,0,NA,30,2019,NA,NA
6/30/19,14:30:00,Vombs_Vattenverk,Orthetrum_cancellatum,Teneral,,,0,NA,30,2019,NA,NA
6/30/19,14:30:00,Vombs_Vattenverk,Orthetrum_cancellatum,Teneral,,,0,NA,30,2019,NA,NA
6/30/19,14:30:00,Vombs_Vattenverk,Orthetrum_cancellatum,Teneral,,,0,NA,30,2019,NA,NA
6/30/19,14:30:00,Vombs_Vattenverk,Libellula_quadrimaculata,Mature,,,0,NA,30,2019,NA,NA
6/30/19,14:30:00,Vombs_Vattenverk,Enallagma_cyathigerum,Mature,1,,0,0,30,2019,NA,NA
6/30/19,14:30:00,Vombs_Vattenverk,Enallagma_cyathigerum,Mature,1,,0,48,30,2019,NA,NA
6/30/19,14:30:00,Vombs_Vattenverk,Ischnura_elegans,Mature,1,,0,0,30,2019,NA,NA
6/30/19,14:30:00,Vombs_Vattenverk,Ischnura_elegans,Mature,1,,0,0,30,2019,NA,NA
6/30/19,14:30:00,Vombs_Vattenverk,Ischnura_elegans,Mature,1,,0,0,30,2019,NA,NA
6/30/19,14:30:00,Vombs_Vattenverk,Ischnura_elegans,Mature,1,,0,0,30,2019,NA,NA
6/30/19,14:30:00,Vombs_Vattenverk,Ischnura_elegans,Mature,1,,0,0,30,2019,NA,NA
6/30/19,14:30:00,Vombs_Vattenverk,Ischnura_elegans,Mature,0,Gynochrome,0,0,30,2019,Androchrome,Violacea_(Androchrome)
6/30/19,14:30:00,Vombs_Vattenverk,Ischnura_elegans,Mature,1,,0,0,30,2019,NA,NA
6/30/19,14:30:00,Vombs_Vattenverk,Ischnura_elegans,Mature,0,Gynochrome,0,0,30,2019,Infuscans,Violacea_(Infuscans)
6/30/19,14:30:00,Vombs_Vattenverk,Ischnura_elegans,Mature,1,,0,0,30,2019,NA,NA
6/30/19,14:30:00,Vombs_Vattenverk,Ischnura_elegans,Mature,0,Gynochrome,0,0,30,2019,Androchrome,Violacea_(Androchrome)
6/30/19,14:30:00,Vombs_Vattenverk,Ischnura_elegans,Mature,1,,0,0,30,2019,NA,NA
6/30/19,14:30:00,Vombs_Vattenverk,Ischnura_elegans,Immature,0,Gynochrome,0,0,30,2019,Infuscans,Violacea_(Infuscans)
6/30/19,14:30:00,Vombs_Vattenverk,Ischnura_elegans,Mature,1,,0,0,30,2019,NA,NA
6/30/19,14:30:00,Vombs_Vattenverk,Ischnura_elegans,Mature,1,,0,0,30,2019,NA,NA
6/30/19,14:30:00,Vombs_Vattenverk,Ischnura_elegans,Mature,1,,0,0,30,2019,NA,NA
6/30/19,14:30:00,Vombs_Vattenverk,Ischnura_elegans,Immature,0,Gynochrome,0,0,30,2019,Infuscans,Violacea_(Infuscans)
6/30/19,14:30:00,Vombs_Vattenverk,Ischnura_elegans,Teneral,0,,0,0,30,2019,NA,NA
6/30/19,14:30:00,Vombs_Vattenverk,Ischnura_elegans,Teneral,0,,0,0,30,2019,NA,NA
6/30/19,14:30:00,Vombs_Vattenverk,Ischnura_elegans,Mature,1,,0,0,30,2019,NA,NA
6/30/19,14:30:00,Vombs_Vattenverk,Ischnura_elegans,Mature,0,Gynochrome,0,0,30,2019,Androchrome,Violacea_(Androchrome)
6/30/19,14:30:00,Vombs_Vattenverk,Enallagma_cyathigerum,Teneral,0,,0,0,30,2019,NA,NA
6/30/19,14:30:00,Vombs_Vattenverk,Enallagma_cyathigerum,Mature,1,,0,0,30,2019,NA,NA
6/30/19,14:30:00,Vombs_Vattenverk,Enallagma_cyathigerum,Mature,1,,0,0,30,2019,NA,NA
6/30/19,14:30:00,Vombs_Vattenverk,Enallagma_cyathigerum,Mature,1,,0,0,30,2019,NA,NA
6/30/19,14:30:00,Vombs_Vattenverk,Ischnura_elegans,Mature,1,,0,0,30,2019,NA,NA
7/7/19,14:56:00,Vombs_Vattenverk,Ischnura_elegans,Immature,0,Gynochrome,0,0,30,2019,Androchrome,Violacea_(Androchrome)
7/7/19,14:56:00,Vombs_Vattenverk,Ischnura_elegans,Mature,0,Androchrome,0,0,30,2019,Androchrome,NA
7/7/19,14:57:00,Vombs_Vattenverk,Enallagma_cyathigerum,Teneral,0,,0,0,30,2019,NA,NA
7/7/19,14:57:00,Vombs_Vattenverk,Ischnura_elegans,Mature,0,Androchrome,0,0,30,2019,Androchrome,NA
7/7/19,14:57:00,Vombs_Vattenverk,Ischnura_elegans,Mature,1,,0,0,30,2019,NA,NA
7/7/19,14:57:00,Vombs_Vattenverk,Enallagma_cyathigerum,Teneral,0,,0,0,30,2019,NA,NA
7/7/19,14:57:00,Vombs_Vattenverk,Ischnura_elegans,Mature,1,,0,0,30,2019,NA,NA
7/7/19,14:58:00,Vombs_Vattenverk,Ischnura_elegans,Mature,0,Androchrome,0,0,30,2019,Androchrome,NA
7/7/19,14:58:00,Vombs_Vattenverk,Ischnura_elegans,Mature,1,,0,0,30,2019,NA,NA
7/7/19,14:58:00,Vombs_Vattenverk,Ischnura_elegans,Mature,1,,0,0,30,2019,NA,NA
7/7/19,14:58:00,Vombs_Vattenverk,Ischnura_elegans,Immature,0,Gynochrome,0,0,30,2019,Androchrome,Violacea_(Androchrome)
7/7/19,14:58:00,Vombs_Vattenverk,Ischnura_elegans,Mature,0,Androchrome,0,0,30,2019,Androchrome,NA
7/7/19,14:59:00,Vombs_Vattenverk,Ischnura_elegans,Mature,0,Androchrome,0,0,30,2019,Androchrome,NA
7/7/19,14:59:00,Vombs_Vattenverk,Ischnura_elegans,Teneral,0,,0,0,30,2019,NA,NA
7/7/19,14:59:00,Vombs_Vattenverk,Enallagma_cyathigerum,Immature,0,,0,0,30,2019,NA,NA
7/7/19,14:59:00,Vombs_Vattenverk,Ischnura_elegans,Mature,1,,0,0,30,2019,NA,NA
7/7/19,14:59:00,Vombs_Vattenverk,Ischnura_elegans,Teneral,0,,0,0,30,2019,NA,NA
7/7/19,15:00:00,Vombs_Vattenverk,Ischnura_elegans,Mature,0,Androchrome,0,0,30,2019,Androchrome,NA
7/7/19,15:00:00,Vombs_Vattenverk,Enallagma_cyathigerum,Immature,1,,0,6,30,2019,NA,NA
7/7/19,15:01:00,Vombs_Vattenverk,Ischnura_elegans,Mature,0,Androchrome,0,0,30,2019,Androchrome,NA
7/7/19,15:01:00,Vombs_Vattenverk,Ischnura_elegans,Mature,1,,0,0,30,2019,NA,NA
7/7/19,15:01:00,Vombs_Vattenverk,Enallagma_cyathigerum,Teneral,1,,0,0,30,2019,NA,NA
7/7/19,15:01:00,Vombs_Vattenverk,Ischnura_elegans,Immature,0,Gynochrome,0,0,30,2019,Androchrome,Violacea_(Androchrome)
7/7/19,15:03:00,Vombs_Vattenverk,Enallagma_cyathigerum,Mature,1,,0,0,30,2019,NA,NA
7/7/19,15:04:00,Vombs_Vattenverk,Enallagma_cyathigerum,Mature,1,,0,1,30,2019,NA,NA
7/7/19,15:04:00,Vombs_Vattenverk,Ischnura_elegans,Teneral,1,,0,0,30,2019,NA,NA
7/7/19,15:05:00,Vombs_Vattenverk,Ischnura_elegans,Mature,1,,0,0,30,2019,NA,NA
7/7/19,15:05:00,Vombs_Vattenverk,Ischnura_elegans,Mature,1,,0,0,30,2019,NA,NA
7/7/19,15:05:00,Vombs_Vattenverk,Ischnura_elegans,Mature,1,,0,0,30,2019,NA,NA
7/7/19,15:05:00,Vombs_Vattenverk,Enallagma_cyathigerum,Mature,1,,0,0,30,2019,NA,NA
7/7/19,15:05:00,Vombs_Vattenverk,Ischnura_elegans,Mature,1,,0,0,30,2019,NA,NA
7/7/19,15:06:00,Vombs_Vattenverk,Coenagrion_puella,Mature,1,,0,0,30,2019,NA,NA
7/7/19,15:06:00,Vombs_Vattenverk,Enallagma_cyathigerum,Mature,1,,0,0,30,2019,NA,NA
7/7/19,15:08:00,Vombs_Vattenverk,Gomphus_vulgatissimus,Mature,0,,0,0,30,2019,NA,NA
7/7/19,15:08:00,Vombs_Vattenverk,Orthetrum_cancellatum,Mature,1,,0,0,30,2019,NA,NA
7/25/19,10:54:00,Vombs_Vattenverk,Anax_imperator,Mature,1,,0,0,30,2019,NA,NA
7/25/19,10:54:00,Vombs_Vattenverk,Anax_imperator,Mature,1,,0,0,30,2019,NA,NA
7/25/19,10:54:00,Vombs_Vattenverk,Anax_imperator,Mature,1,,0,0,30,2019,NA,NA
7/25/19,10:54:00,Vombs_Vattenverk,Anax_imperator,Mature,1,,0,0,30,2019,NA,NA
7/25/19,10:55:00,Vombs_Vattenverk,Aeshna_grandis,Mature,1,,0,0,30,2019,NA,NA
7/25/19,10:55:00,Vombs_Vattenverk,Orthetrum_cancellatum,Mature,1,,0,0,30,2019,NA,NA
7/25/19,10:55:00,Vombs_Vattenverk,Orthetrum_cancellatum,Mature,1,,0,0,30,2019,NA,NA
7/25/19,10:55:00,Vombs_Vattenverk,Orthetrum_cancellatum,Mature,1,,0,0,30,2019,NA,NA
7/25/19,10:55:00,Vombs_Vattenverk,Sympetrum_sanguineum,Mature,1,,0,0,30,2019,NA,NA
7/25/19,10:55:00,Vombs_Vattenverk,Sympetrum_sanguineum,Mature,1,,0,0,30,2019,NA,NA
7/25/19,10:55:00,Vombs_Vattenverk,Sympetrum_sanguineum,Mature,1,,0,0,30,2019,NA,NA
7/25/19,10:55:00,Vombs_Vattenverk,Sympetrum_sanguineum,Mature,1,,0,0,30,2019,NA,NA
7/25/19,10:55:00,Vombs_Vattenverk,Sympetrum_spp,Mature,1,,0,0,30,2019,NA,NA
7/25/19,10:55:00,Vombs_Vattenverk,Sympetrum_spp,Mature,1,,0,0,30,2019,NA,NA
7/25/19,10:55:00,Vombs_Vattenverk,Sympetrum_spp,Mature,1,,0,0,30,2019,NA,NA
7/25/19,10:55:00,Vombs_Vattenverk,Sympetrum_spp,Mature,1,,0,0,30,2019,NA,NA
7/25/19,10:55:00,Vombs_Vattenverk,Sympetrum_spp,Mature,1,,0,0,30,2019,NA,NA
7/25/19,10:55:00,Vombs_Vattenverk,Sympetrum_spp,Mature,1,,0,0,30,2019,NA,NA
7/25/19,10:55:00,Vombs_Vattenverk,Sympetrum_spp,Mature,1,,0,0,30,2019,NA,NA
7/25/19,10:55:00,Vombs_Vattenverk,Sympetrum_spp,Mature,1,,0,0,30,2019,NA,NA
7/25/19,10:55:00,Vombs_Vattenverk,Sympetrum_spp,Mature,1,,0,0,30,2019,NA,NA
7/25/19,10:55:00,Vombs_Vattenverk,Sympetrum_spp,Mature,1,,0,0,30,2019,NA,NA
7/25/19,10:55:00,Vombs_Vattenverk,Sympetrum_spp,Mature,1,,0,0,30,2019,NA,NA
7/25/19,10:55:00,Vombs_Vattenverk,Sympetrum_spp,Mature,1,,0,0,30,2019,NA,NA
7/25/19,10:55:00,Vombs_Vattenverk,Sympetrum_spp,Mature,1,,0,0,30,2019,NA,NA
7/25/19,10:55:00,Vombs_Vattenverk,Sympetrum_spp,Mature,1,,0,0,30,2019,NA,NA
7/25/19,10:55:00,Vombs_Vattenverk,Sympetrum_spp,Mature,1,,0,0,30,2019,NA,NA
7/25/19,10:55:00,Vombs_Vattenverk,Sympetrum_spp,Mature,1,,0,0,30,2019,NA,NA
7/25/19,10:55:00,Vombs_Vattenverk,Sympetrum_spp,Mature,1,,0,0,30,2019,NA,NA
7/25/19,10:55:00,Vombs_Vattenverk,Sympetrum_spp,Mature,1,,0,0,30,2019,NA,NA
7/25/19,10:55:00,Vombs_Vattenverk,Sympetrum_spp,Mature,1,,0,0,30,2019,NA,NA
7/25/19,10:55:00,Vombs_Vattenverk,Sympetrum_spp,Mature,1,,0,0,30,2019,NA,NA
7/25/19,10:55:00,Vombs_Vattenverk,Sympetrum_spp,Mature,1,,0,0,30,2019,NA,NA
7/25/19,10:55:00,Vombs_Vattenverk,Sympetrum_spp,Mature,1,,0,0,30,2019,NA,NA
7/25/19,10:55:00,Vombs_Vattenverk,Sympetrum_spp,Mature,1,,0,0,30,2019,NA,NA
7/25/19,10:55:00,Vombs_Vattenverk,Sympetrum_spp,Mature,1,,0,0,30,2019,NA,NA
7/25/19,10:55:00,Vombs_Vattenverk,Sympetrum_spp,Mature,1,,0,0,30,2019,NA,NA
7/25/19,10:57:00,Vombs_Vattenverk,Enallagma_cyathigerum,Immature,1,,0,0,30,2019,NA,NA
7/25/19,10:57:00,Vombs_Vattenverk,Enallagma_cyathigerum,Mature,1,,0,0,30,2019,NA,NA
7/25/19,10:58:00,Vombs_Vattenverk,Enallagma_cyathigerum,Mature,1,,0,0,30,2019,NA,NA
7/25/19,10:58:00,Vombs_Vattenverk,Ischnura_elegans,Mature,1,,0,0,30,2019,NA,NA
7/25/19,10:59:00,Vombs_Vattenverk,Ischnura_elegans,Mature,1,,0,0,30,2019,NA,NA
7/25/19,10:59:00,Vombs_Vattenverk,Ischnura_elegans,Mature,1,,0,0,30,2019,NA,NA
7/25/19,10:59:00,Vombs_Vattenverk,Ischnura_elegans,Mature,1,,0,0,30,2019,NA,NA
7/25/19,10:59:00,Vombs_Vattenverk,Ischnura_elegans,Mature,1,,0,0,30,2019,NA,NA
7/25/19,10:59:00,Vombs_Vattenverk,Ischnura_elegans,Mature,1,,0,0,30,2019,NA,NA
7/25/19,10:59:00,Vombs_Vattenverk,Ischnura_elegans,Mature,1,,0,0,30,2019,NA,NA
7/25/19,10:59:00,Vombs_Vattenverk,Ischnura_elegans,Mature,1,,0,0,30,2019,NA,NA
7/25/19,11:00:00,Vombs_Vattenverk,Enallagma_cyathigerum,Mature,1,,1,0,30,2019,NA,NA
7/25/19,11:00:00,Vombs_Vattenverk,Enallagma_cyathigerum,Mature,0,,1,0,30,2019,NA,NA
7/25/19,11:01:00,Vombs_Vattenverk,Ischnura_elegans,Mature,1,,0,0,30,2019,NA,NA
7/25/19,11:01:00,Vombs_Vattenverk,Ischnura_elegans,Mature,1,,0,0,30,2019,NA,NA
7/25/19,11:01:00,Vombs_Vattenverk,Ischnura_elegans,Mature,1,,0,0,30,2019,NA,NA
7/25/19,11:02:00,Vombs_Vattenverk,Enallagma_cyathigerum,Mature,1,,0,0,30,2019,NA,NA
7/25/19,11:02:00,Vombs_Vattenverk,Calopteryx_splendens,Mature,0,,0,0,30,2019,NA,NA