Date,Time,Locale,Species,Age,Sex,Morph,Copulation.status,Parasites,Catching.time.minutes.,Year,Ischunra.elegans.morph,Ischunra.elegans.phase
5/19/21,13:44:00,Lomma_Kyrkdamm,Cordulia_aenea,Teneral,1,,0,0,75,2021,NA,NA
5/19/21,13:44:00,Lomma_Kyrkdamm,Cordulia_aenea,Teneral,,,0,0,75,2021,NA,NA
5/19/21,13:44:00,Lomma_Kyrkdamm,Cordulia_aenea,Teneral,,,0,0,75,2021,NA,NA
5/19/21,13:44:00,Lomma_Kyrkdamm,Cordulia_aenea,Teneral,,,0,0,75,2021,NA,NA
5/19/21,13:44:00,Lomma_Kyrkdamm,Enallagma_cyathigerum,Immature,1,,0,0,75,2021,NA,NA
5/19/21,13:44:00,Lomma_Kyrkdamm,Coenagrion_pulchellum,Immature,0,Gynochrome,0,12,75,2021,NA,NA
5/19/21,13:44:00,Lomma_Kyrkdamm,Coenagrion_pulchellum,Immature,0,Gynochrome,0,0,75,2021,NA,NA
5/19/21,13:44:00,Lomma_Kyrkdamm,Coenagrion_pulchellum,Immature,1,,0,14,75,2021,NA,NA
5/19/21,13:44:00,Lomma_Kyrkdamm,Coenagrion_pulchellum,Teneral,1,,0,12,75,2021,NA,NA
5/19/21,13:44:00,Lomma_Kyrkdamm,Enallagma_cyathigerum,Immature,0,Gynochrome,0,0,75,2021,NA,NA
5/19/21,13:44:00,Lomma_Kyrkdamm,Coenagrion_pulchellum,Teneral,1,,0,13,75,2021,NA,NA
5/19/21,13:44:00,Lomma_Kyrkdamm,Enallagma_cyathigerum,Immature,1,,0,0,75,2021,NA,NA
5/19/21,13:44:00,Lomma_Kyrkdamm,Coenagrion_pulchellum,Teneral,1,,0,8,75,2021,NA,NA
5/19/21,13:44:00,Lomma_Kyrkdamm,Coenagrion_pulchellum,Teneral,1,,0,5,75,2021,NA,NA
5/19/21,13:44:00,Lomma_Kyrkdamm,Coenagrion_pulchellum,Teneral,1,,0,15,75,2021,NA,NA
5/19/21,13:44:00,Lomma_Kyrkdamm,Enallagma_cyathigerum,Immature,0,Gynochrome,0,0,75,2021,NA,NA
5/19/21,13:44:00,Lomma_Kyrkdamm,Enallagma_cyathigerum,Immature,1,,0,0,75,2021,NA,NA
5/19/21,13:44:00,Lomma_Kyrkdamm,Enallagma_cyathigerum,Immature,1,,0,0,75,2021,NA,NA
5/19/21,13:44:00,Lomma_Kyrkdamm,Enallagma_cyathigerum,Immature,0,Gynochrome,0,0,75,2021,NA,NA
5/19/21,13:44:00,Lomma_Kyrkdamm,Enallagma_cyathigerum,Teneral,0,,0,0,75,2021,NA,NA
5/19/21,13:44:00,Lomma_Kyrkdamm,Coenagrion_pulchellum,Immature,1,,0,17,75,2021,NA,NA
5/19/21,13:44:00,Lomma_Kyrkdamm,Coenagrion_pulchellum,Immature,0,Gynochrome,0,10,75,2021,NA,NA
5/19/21,13:44:00,Lomma_Kyrkdamm,Coenagrion_pulchellum,Teneral,1,,0,5,75,2021,NA,NA
5/19/21,13:44:00,Lomma_Kyrkdamm,Coenagrion_pulchellum,Immature,1,,0,5,75,2021,NA,NA
5/19/21,13:44:00,Lomma_Kyrkdamm,Coenagrion_pulchellum,Teneral,1,,0,5,75,2021,NA,NA
5/19/21,13:44:00,Lomma_Kyrkdamm,Coenagrion_pulchellum,Teneral,1,,0,20,75,2021,NA,NA
5/19/21,13:44:00,Lomma_Kyrkdamm,Coenagrion_pulchellum,Immature,1,,0,20,75,2021,NA,NA
5/19/21,13:44:00,Lomma_Kyrkdamm,Coenagrion_pulchellum,Immature,1,,0,3,75,2021,NA,NA
5/19/21,13:44:00,Lomma_Kyrkdamm,Coenagrion_pulchellum,Immature,1,,0,7,75,2021,NA,NA
5/19/21,13:44:00,Lomma_Kyrkdamm,Coenagrion_pulchellum,Immature,1,,0,4,75,2021,NA,NA
5/19/21,13:44:00,Lomma_Kyrkdamm,Coenagrion_pulchellum,Teneral,1,,0,32,75,2021,NA,NA
5/19/21,13:44:00,Lomma_Kyrkdamm,Coenagrion_pulchellum,Immature,1,,0,7,75,2021,NA,NA
5/19/21,13:44:00,Lomma_Kyrkdamm,Coenagrion_pulchellum,Teneral,1,,0,40,75,2021,NA,NA
5/19/21,13:44:00,Lomma_Kyrkdamm,Coenagrion_pulchellum,Teneral,1,,0,0,75,2021,NA,NA
5/19/21,13:44:00,Lomma_Kyrkdamm,Enallagma_cyathigerum,Teneral,1,,0,0,75,2021,NA,NA
5/19/21,13:44:00,Lomma_Kyrkdamm,Enallagma_cyathigerum,Teneral,1,,0,0,75,2021,NA,NA
5/19/21,13:44:00,Lomma_Kyrkdamm,Coenagrion_pulchellum,Teneral,0,,0,70,75,2021,NA,NA
5/19/21,13:44:00,Lomma_Kyrkdamm,Coenagrion_pulchellum,Teneral,0,,0,25,75,2021,NA,NA
5/19/21,13:44:00,Lomma_Kyrkdamm,Coenagrion_pulchellum,Teneral,1,,0,0,75,2021,NA,NA
5/19/21,13:44:00,Lomma_Kyrkdamm,Enallagma_cyathigerum,Teneral,1,,0,0,75,2021,NA,NA
5/19/21,14:49:00,Habo_Gard,Cordulia_aenea,Immature,0,Gynochrome,0,0,50,2021,NA,NA
5/19/21,14:49:00,Habo_Gard,Cordulia_aenea,Teneral,,,0,NA,50,2021,NA,NA
5/19/21,14:49:00,Habo_Gard,Cordulia_aenea,NA,,,0,NA,50,2021,NA,NA
5/19/21,14:49:00,Habo_Gard,Coenagrion_pulchellum,Teneral,1,,0,1,50,2021,NA,NA
5/19/21,14:49:00,Habo_Gard,Coenagrion_pulchellum,Immature,0,Gynochrome,0,0,50,2021,NA,NA
5/24/21,14:24:00,Holmeja,Coenagrion_hastulatum,Immature,1,,0,7,60,2021,NA,NA
5/24/21,14:24:00,Holmeja,Coenagrion_puella,Teneral,1,,0,0,60,2021,NA,NA
5/24/21,14:24:00,Holmeja,Coenagrion_hastulatum,Teneral,0,,0,3,60,2021,NA,NA
5/24/21,14:24:00,Holmeja,Coenagrion_hastulatum,Teneral,1,,0,27,60,2021,NA,NA
5/24/21,14:24:00,Holmeja,Coenagrion_hastulatum,Teneral,1,,0,10,60,2021,NA,NA
5/24/21,14:24:00,Holmeja,Coenagrion_hastulatum,Teneral,0,,0,7,60,2021,NA,NA
5/24/21,14:24:00,Holmeja,Coenagrion_hastulatum,Teneral,0,,0,4,60,2021,NA,NA
5/24/21,14:24:00,Holmeja,Coenagrion_puella,Teneral,1,,0,23,60,2021,NA,NA
5/24/21,14:24:00,Holmeja,Coenagrion_puella,Teneral,1,,0,25,60,2021,NA,NA
5/24/21,14:24:00,Holmeja,Coenagrion_puella,Teneral,1,,0,0,60,2021,NA,NA
5/24/21,14:24:00,Holmeja,Erythromma_najas,Immature,0,Gynochrome,0,2,60,2021,NA,NA
5/24/21,14:24:00,Holmeja,Coenagrion_puella,Mature,1,,0,8,60,2021,NA,NA
5/24/21,14:24:00,Holmeja,Coenagrion_puella,Mature,1,,0,19,60,2021,NA,NA
5/24/21,14:24:00,Holmeja,Coenagrion_hastulatum,Teneral,0,,0,16,60,2021,NA,NA
5/24/21,14:24:00,Holmeja,Coenagrion_hastulatum,Teneral,0,,0,16,60,2021,NA,NA
5/24/21,14:24:00,Holmeja,Coenagrion_puella,Immature,1,,0,5,60,2021,NA,NA
5/24/21,14:24:00,Holmeja,Coenagrion_hastulatum,Teneral,0,,0,16,60,2021,NA,NA
5/24/21,14:24:00,Holmeja,Pyrrhosoma_nymphula,Immature,0,Androchrome,0,0,60,2021,NA,NA
5/24/21,14:24:00,Holmeja,Coenagrion_hastulatum,Teneral,0,,0,61,60,2021,NA,NA
5/24/21,14:24:00,Holmeja,Coenagrion_hastulatum,Teneral,0,,0,6,60,2021,NA,NA
5/24/21,14:24:00,Holmeja,Coenagrion_hastulatum,Teneral,0,,0,25,60,2021,NA,NA
5/24/21,14:24:00,Holmeja,Pyrrhosoma_nymphula,Immature,0,Androchrome,0,0,60,2021,NA,NA
5/24/21,14:24:00,Holmeja,Coenagrion_hastulatum,Teneral,1,,0,16,60,2021,NA,NA
5/24/21,14:24:00,Holmeja,Coenagrion_hastulatum,Mature,1,,0,5,60,2021,NA,NA
5/24/21,14:24:00,Holmeja,Coenagrion_hastulatum,Teneral,1,,0,53,60,2021,NA,NA
5/24/21,14:24:00,Holmeja,Coenagrion_hastulatum,Teneral,1,,0,35,60,2021,NA,NA
5/24/21,14:24:00,Holmeja,Coenagrion_hastulatum,Teneral,0,,0,39,60,2021,NA,NA
5/24/21,14:24:00,Holmeja,Coenagrion_hastulatum,Teneral,1,,0,39,60,2021,NA,NA
5/24/21,14:24:00,Holmeja,Coenagrion_hastulatum,Teneral,0,,0,5,60,2021,NA,NA
5/24/21,14:24:00,Holmeja,Coenagrion_hastulatum,Teneral,1,,0,16,60,2021,NA,NA
5/24/21,14:24:00,Holmeja,Coenagrion_hastulatum,Teneral,0,,0,2,60,2021,NA,NA
5/24/21,14:24:00,Holmeja,Coenagrion_hastulatum,Teneral,1,,0,25,60,2021,NA,NA
5/24/21,14:24:00,Holmeja,Coenagrion_hastulatum,Teneral,0,,0,21,60,2021,NA,NA
5/24/21,14:24:00,Holmeja,Coenagrion_hastulatum,Teneral,0,,0,27,60,2021,NA,NA
5/24/21,14:24:00,Holmeja,Coenagrion_hastulatum,Teneral,0,,0,17,60,2021,NA,NA
5/24/21,14:24:00,Holmeja,Coenagrion_puella,Teneral,1,,0,18,60,2021,NA,NA
5/24/21,14:24:00,Holmeja,Coenagrion_puella,Teneral,1,,0,10,60,2021,NA,NA
5/24/21,14:24:00,Holmeja,Coenagrion_hastulatum,Teneral,0,,0,10,60,2021,NA,NA
5/24/21,14:24:00,Holmeja,Coenagrion_hastulatum,Teneral,0,,0,23,60,2021,NA,NA
5/24/21,14:24:00,Holmeja,Coenagrion_puella,Teneral,1,,0,12,60,2021,NA,NA
5/24/21,14:24:00,Holmeja,Coenagrion_lunulatum,Immature,1,,0,5,60,2021,NA,NA
5/24/21,14:24:00,Holmeja,Coenagrion_puella,Teneral,1,,0,5,60,2021,NA,NA
5/24/21,14:24:00,Holmeja,Coenagrion_hastulatum,Teneral,1,,0,16,60,2021,NA,NA
5/24/21,14:24:00,Holmeja,Coenagrion_hastulatum,Teneral,1,,0,6,60,2021,NA,NA
5/24/21,14:24:00,Holmeja,Coenagrion_puella,Teneral,1,,0,11,60,2021,NA,NA
5/24/21,14:24:00,Holmeja,Coenagrion_hastulatum,Teneral,1,,0,39,60,2021,NA,NA
5/24/21,14:24:00,Holmeja,Coenagrion_hastulatum,Teneral,0,,0,41,60,2021,NA,NA
5/24/21,14:24:00,Holmeja,Coenagrion_hastulatum,Teneral,0,,0,5,60,2021,NA,NA
5/24/21,14:24:00,Holmeja,Coenagrion_puella,Immature,1,,0,13,60,2021,NA,NA
5/24/21,14:24:00,Holmeja,Coenagrion_hastulatum,Teneral,0,,0,26,60,2021,NA,NA
5/24/21,14:24:00,Holmeja,Coenagrion_puella,Immature,1,,0,14,60,2021,NA,NA
5/24/21,14:24:00,Holmeja,Coenagrion_hastulatum,Teneral,0,,0,19,60,2021,NA,NA
5/24/21,14:24:00,Holmeja,Coenagrion_hastulatum,Teneral,0,,0,24,60,2021,NA,NA
5/24/21,14:24:00,Holmeja,Coenagrion_puella,Teneral,1,,0,46,60,2021,NA,NA
5/24/21,14:24:00,Holmeja,Coenagrion_puella,Teneral,1,,0,10,60,2021,NA,NA
5/24/21,14:24:00,Holmeja,Coenagrion_puella,Teneral,1,,0,23,60,2021,NA,NA
5/24/21,14:24:00,Holmeja,Coenagrion_hastulatum,Teneral,0,,0,41,60,2021,NA,NA
5/24/21,14:24:00,Holmeja,Coenagrion_hastulatum,Teneral,0,,0,19,60,2021,NA,NA
5/24/21,14:24:00,Holmeja,Coenagrion_puella,Teneral,0,,0,80,60,2021,NA,NA
5/24/21,14:24:00,Holmeja,Coenagrion_puella,Teneral,0,,0,11,60,2021,NA,NA
5/24/21,14:24:00,Holmeja,Coenagrion_puella,Teneral,1,,0,31,60,2021,NA,NA
5/24/21,14:24:00,Holmeja,Coenagrion_puella,Teneral,1,,0,17,60,2021,NA,NA
5/24/21,14:24:00,Holmeja,Coenagrion_puella,Teneral,1,,0,43,60,2021,NA,NA
5/24/21,14:24:00,Holmeja,Coenagrion_hastulatum,Teneral,1,,0,18,60,2021,NA,NA
5/24/21,14:24:00,Holmeja,Coenagrion_hastulatum,Teneral,1,,0,45,60,2021,NA,NA
5/24/21,14:24:00,Holmeja,Cordulia_aenea,Mature,1,,0,0,60,2021,NA,NA
5/24/21,14:24:00,Holmeja,Cordulia_aenea,Mature,1,,0,0,60,2021,NA,NA
5/24/21,14:24:00,Holmeja,Cordulia_aenea,Mature,1,,0,0,60,2021,NA,NA
5/24/21,14:24:00,Holmeja,Cordulia_aenea,Mature,1,,0,0,60,2021,NA,NA
5/24/21,14:24:00,Holmeja,Cordulia_aenea,Mature,1,,0,0,60,2021,NA,NA
5/24/21,14:24:00,Holmeja,Leucorrhinia_rubicunda,Mature,1,,0,0,60,2021,NA,NA
5/24/21,14:24:00,Holmeja,Leucorrhinia_rubicunda,Mature,1,,0,0,60,2021,NA,NA
5/24/21,14:24:00,Holmeja,Cordulia_aenea,NA,,,0,NA,60,2021,NA,NA
5/24/21,14:24:00,Holmeja,Cordulia_aenea,NA,,,0,NA,60,2021,NA,NA
5/24/21,14:24:00,Holmeja,Cordulia_aenea,NA,,,0,NA,60,2021,NA,NA
5/24/21,14:24:00,Holmeja,Cordulia_aenea,NA,,,0,NA,60,2021,NA,NA
5/24/21,14:24:00,Holmeja,Libellula_quadrimaculata,NA,,,0,NA,60,2021,NA,NA
5/28/21,13:57:00,Flackarp,Erythromma_najas,Teneral,1,,0,0,75,2021,NA,NA
5/28/21,13:57:00,Flackarp,Coenagrion_pulchellum,Teneral,1,,0,21,75,2021,NA,NA
5/28/21,13:57:00,Flackarp,Ischnura_pumilio,Teneral,1,,0,0,75,2021,NA,NA
5/28/21,13:57:00,Flackarp,Coenagrion_puella,Teneral,0,,0,17,75,2021,NA,NA
5/29/21,10:42:00,Borgeby,Brachytron_pratense,NA,,,0,NA,60,2021,NA,NA
5/29/21,10:42:00,Borgeby,Coenagrion_pulchellum,Teneral,0,,0,26,60,2021,NA,NA
5/29/21,10:42:00,Borgeby,Coenagrion_pulchellum,Mature,0,Gynochrome,1,7,60,2021,NA,NA
5/29/21,10:42:00,Borgeby,Coenagrion_pulchellum,Mature,1,,1,7,60,2021,NA,NA
5/29/21,10:42:00,Borgeby,Coenagrion_pulchellum,Mature,0,Androchrome,1,1,60,2021,NA,NA
5/29/21,10:42:00,Borgeby,Coenagrion_pulchellum,Mature,1,,1,1,60,2021,NA,NA
5/29/21,10:42:00,Borgeby,Coenagrion_pulchellum,Mature,1,,0,3,60,2021,NA,NA
5/29/21,10:42:00,Borgeby,Coenagrion_pulchellum,Mature,1,,1,25,60,2021,NA,NA
5/29/21,10:42:00,Borgeby,Coenagrion_pulchellum,Mature,0,Androchrome,1,9,60,2021,NA,NA
5/29/21,10:42:00,Borgeby,Coenagrion_pulchellum,Teneral,1,,0,24,60,2021,NA,NA
5/29/21,10:42:00,Borgeby,Coenagrion_pulchellum,Mature,1,,0,0,60,2021,NA,NA
5/29/21,10:42:00,Borgeby,Coenagrion_puella,Teneral,1,,0,18,60,2021,NA,NA
5/29/21,10:42:00,Borgeby,Coenagrion_puella,Mature,1,,0,24,60,2021,NA,NA
5/29/21,10:42:00,Borgeby,Coenagrion_pulchellum,Mature,0,Gynochrome,0,0,60,2021,NA,NA
5/29/21,12:05:00,Borgeby,Aeshna_cyanea,NA,,,0,NA,60,2021,NA,NA
5/29/21,12:06:00,Gunnesbo,Coenagrion_pulchellum,Teneral,1,,0,2,60,2021,NA,NA
5/29/21,12:06:00,Gunnesbo,Coenagrion_pulchellum,Mature,1,,0,16,60,2021,NA,NA
5/29/21,12:06:00,Gunnesbo,Coenagrion_pulchellum,Immature,1,,0,12,60,2021,NA,NA
5/29/21,12:06:00,Gunnesbo,Coenagrion_pulchellum,Immature,1,,0,10,60,2021,NA,NA
5/29/21,12:06:00,Gunnesbo,Coenagrion_pulchellum,Mature,0,Gynochrome,0,14,60,2021,NA,NA
5/29/21,12:15:00,Gunnesbo,Coenagrion_pulchellum,Teneral,1,,0,3,60,2021,NA,NA
5/29/21,12:15:00,Gunnesbo,Coenagrion_pulchellum,Teneral,0,,0,20,60,2021,NA,NA
5/29/21,14:21:00,Ilstorp,Coenagrion_pulchellum,Mature,0,Gynochrome,1,2,80,2021,NA,NA
5/29/21,14:21:00,Ilstorp,Coenagrion_pulchellum,Mature,1,,1,0,80,2021,NA,NA
5/29/21,14:21:00,Ilstorp,Enallagma_cyathigerum,Immature,1,,0,0,80,2021,NA,NA
5/29/21,14:21:00,Ilstorp,Coenagrion_pulchellum,Mature,0,Gynochrome,1,0,80,2021,NA,NA
5/29/21,14:21:00,Ilstorp,Enallagma_cyathigerum,Immature,0,Gynochrome,0,5,80,2021,NA,NA
5/29/21,14:21:00,Ilstorp,Coenagrion_puella,Mature,1,,0,24,80,2021,NA,NA
5/29/21,14:21:00,Ilstorp,Coenagrion_pulchellum,Mature,1,,1,7,80,2021,NA,NA
5/29/21,14:21:00,Ilstorp,Coenagrion_pulchellum,Teneral,1,,0,15,80,2021,NA,NA
5/29/21,14:21:00,Ilstorp,Coenagrion_pulchellum,Teneral,1,,0,17,80,2021,NA,NA
5/29/21,14:21:00,Ilstorp,Enallagma_cyathigerum,Immature,1,,0,2,80,2021,NA,NA
5/29/21,14:21:00,Ilstorp,Pyrrhosoma_nymphula,Teneral,1,,0,1,80,2021,NA,NA
5/29/21,14:21:00,Ilstorp,Brachytron_pratense,NA,1,,0,NA,80,2021,NA,NA
5/29/21,14:21:00,Ilstorp,Cordulia_aenea,NA,,,0,NA,80,2021,NA,NA
5/29/21,14:21:00,Ilstorp,Coenagrion_puella,Immature,1,,0,31,80,2021,NA,NA
5/29/21,14:21:00,Ilstorp,Coenagrion_pulchellum,Teneral,0,,0,11,80,2021,NA,NA
5/29/21,14:21:00,Ilstorp,Pyrrhosoma_nymphula,Mature,1,,0,1,80,2021,NA,NA
5/29/21,14:21:00,Ilstorp,Coenagrion_puella,Teneral,1,,0,11,80,2021,NA,NA
5/29/21,14:21:00,Ilstorp,Coenagrion_puella,Immature,1,,0,44,80,2021,NA,NA
5/29/21,14:21:00,Ilstorp,Coenagrion_puella,Teneral,1,,0,13,80,2021,NA,NA
5/29/21,14:21:00,Ilstorp,Enallagma_cyathigerum,Immature,1,,0,0,80,2021,NA,NA
5/29/21,14:21:00,Ilstorp,Coenagrion_pulchellum,Teneral,0,,0,9,80,2021,NA,NA
5/30/21,11:12:00,IKEA,Coenagrion_pulchellum,Mature,1,,0,0,45,2021,NA,NA
5/30/21,11:12:00,IKEA,Coenagrion_pulchellum,Teneral,1,,0,0,45,2021,NA,NA
5/30/21,11:12:00,IKEA,Coenagrion_puella,Immature,1,,0,8,45,2021,NA,NA
5/30/21,11:12:00,IKEA,Coenagrion_puella,Teneral,1,,0,1,45,2021,NA,NA
5/30/21,11:12:00,IKEA,Ischnura_pumilio,Teneral,1,,0,0,45,2021,NA,NA
5/30/21,11:12:00,IKEA,Coenagrion_pulchellum,Mature,0,Gynochrome,0,0,45,2021,NA,NA
5/30/21,11:12:00,Bunkeflostrand,Libellula_quadrimaculata,Mature,1,,0,0,45,2021,NA,NA
5/30/21,11:12:00,Bunkeflostrand,Libellula_quadrimaculata,Teneral,1,,0,NA,45,2021,NA,NA
5/30/21,11:12:00,Bunkeflostrand,Coenagrion_pulchellum,Teneral,0,,0,1,45,2021,NA,NA
5/30/21,11:12:00,Bunkeflostrand,Coenagrion_pulchellum,Teneral,1,,0,0,45,2021,NA,NA
5/30/21,11:12:00,Bunkeflostrand,Ischnura_pumilio,Teneral,1,,0,0,45,2021,NA,NA
5/30/21,11:12:00,Bunkeflostrand,Coenagrion_pulchellum,Immature,1,,0,1,45,2021,NA,NA
5/30/21,11:12:00,Bunkeflostrand,Coenagrion_pulchellum,Immature,1,,0,0,45,2021,NA,NA
5/30/21,11:12:00,Bunkeflostrand,Coenagrion_pulchellum,Mature,1,,0,0,45,2021,NA,NA
5/30/21,11:12:00,Bunkeflostrand,Coenagrion_pulchellum,Teneral,1,,0,0,45,2021,NA,NA
5/30/21,11:12:00,Bunkeflostrand,Coenagrion_pulchellum,Immature,1,,0,0,45,2021,NA,NA
5/30/21,11:12:00,Bunkeflostrand,Coenagrion_pulchellum,Mature,1,,0,0,45,2021,NA,NA
5/30/21,11:12:00,Bunkeflostrand,Ischnura_pumilio,Teneral,1,,0,0,45,2021,NA,NA
5/31/21,14:20:00,Krutladan,Enallagma_cyathigerum,Mature,1,,1,0,75,2021,NA,NA
5/31/21,14:20:00,Krutladan,Enallagma_cyathigerum,Mature,0,Gynochrome,1,0,75,2021,NA,NA
5/31/21,14:20:00,Krutladan,Enallagma_cyathigerum,Mature,1,,1,0,75,2021,NA,NA
5/31/21,14:20:00,Krutladan,Enallagma_cyathigerum,Mature,0,Androchrome,1,0,75,2021,NA,NA
5/31/21,14:20:00,Krutladan,Enallagma_cyathigerum,Immature,1,,1,0,75,2021,NA,NA
5/31/21,14:20:00,Krutladan,Enallagma_cyathigerum,Immature,0,Gynochrome,1,0,75,2021,NA,NA
5/31/21,14:20:00,Krutladan,Enallagma_cyathigerum,Mature,1,,1,1,75,2021,NA,NA
5/31/21,14:20:00,Krutladan,Enallagma_cyathigerum,Mature,0,Gynochrome,1,1,75,2021,NA,NA
5/31/21,14:20:00,Krutladan,Enallagma_cyathigerum,Mature,1,,1,0,75,2021,NA,NA
5/31/21,14:20:00,Krutladan,Enallagma_cyathigerum,Mature,0,Gynochrome,1,0,75,2021,NA,NA
5/31/21,14:20:00,Krutladan,Enallagma_cyathigerum,Mature,1,,0,0,75,2021,NA,NA
5/31/21,14:20:00,Krutladan,Enallagma_cyathigerum,Immature,1,,0,3,75,2021,NA,NA
5/31/21,14:20:00,Krutladan,Enallagma_cyathigerum,Immature,1,,0,0,75,2021,NA,NA
5/31/21,14:20:00,Krutladan,Enallagma_cyathigerum,Mature,1,,0,0,75,2021,NA,NA
5/31/21,14:20:00,Krutladan,Enallagma_cyathigerum,Mature,1,,0,1,75,2021,NA,NA
5/31/21,14:20:00,Krutladan,Enallagma_cyathigerum,Mature,1,,0,0,75,2021,NA,NA
5/31/21,14:20:00,Krutladan,Enallagma_cyathigerum,Mature,1,,0,0,75,2021,NA,NA
5/31/21,14:20:00,Krutladan,Enallagma_cyathigerum,Mature,1,,0,0,75,2021,NA,NA
5/31/21,14:20:00,Krutladan,Enallagma_cyathigerum,Teneral,1,,0,0,75,2021,NA,NA
5/31/21,14:20:00,Krutladan,Enallagma_cyathigerum,Mature,1,,0,0,75,2021,NA,NA
5/31/21,14:20:00,Krutladan,Enallagma_cyathigerum,Mature,1,,0,0,75,2021,NA,NA
5/31/21,14:20:00,Krutladan,Enallagma_cyathigerum,Teneral,1,,0,0,75,2021,NA,NA
5/31/21,14:20:00,Krutladan,Enallagma_cyathigerum,Teneral,1,,0,0,75,2021,NA,NA
5/31/21,14:20:00,Krutladan,Enallagma_cyathigerum,Teneral,0,,0,0,75,2021,NA,NA
5/31/21,14:20:00,Krutladan,Enallagma_cyathigerum,Teneral,1,,0,0,75,2021,NA,NA
5/31/21,14:20:00,Krutladan,Enallagma_cyathigerum,Mature,1,,0,0,75,2021,NA,NA
5/31/21,14:20:00,Krutladan,Enallagma_cyathigerum,Mature,1,,0,0,75,2021,NA,NA
5/31/21,14:20:00,Krutladan,Enallagma_cyathigerum,Mature,1,,0,0,75,2021,NA,NA
5/31/21,14:20:00,Krutladan,Enallagma_cyathigerum,Teneral,0,,0,0,75,2021,NA,NA
5/31/21,14:20:00,Krutladan,Enallagma_cyathigerum,Mature,1,,0,0,75,2021,NA,NA
5/31/21,14:20:00,Krutladan,Enallagma_cyathigerum,Mature,1,,0,0,75,2021,NA,NA
5/31/21,14:20:00,Krutladan,Enallagma_cyathigerum,Teneral,1,,0,0,75,2021,NA,NA
5/31/21,14:20:00,Krutladan,Enallagma_cyathigerum,Teneral,1,,0,0,75,2021,NA,NA
5/31/21,14:20:00,Krutladan,Enallagma_cyathigerum,Teneral,0,,0,0,75,2021,NA,NA
5/31/21,14:20:00,Krutladan,Enallagma_cyathigerum,Teneral,0,,0,0,75,2021,NA,NA
5/31/21,14:20:00,Krutladan,Enallagma_cyathigerum,Teneral,0,,0,0,75,2021,NA,NA
5/31/21,14:20:00,Krutladan,Enallagma_cyathigerum,Teneral,0,,0,0,75,2021,NA,NA
5/31/21,15:41:00,Rabydammen,Enallagma_cyathigerum,Mature,1,,0,0,75,2021,NA,NA
5/31/21,15:41:00,Rabydammen,Ischnura_pumilio,Immature,0,Gynochrome,0,0,75,2021,NA,NA
6/1/21,13:23:00,Flyinge_30_A1,Brachytron_pratense,Mature,,,0,NA,40,2021,NA,NA
6/1/21,13:23:00,Flyinge_30_A1,Cordulia_aenea,Mature,,,0,NA,40,2021,NA,NA
6/1/21,13:23:00,Flyinge_30_A1,Coenagrion_puella,Mature,1,,0,0,40,2021,NA,NA
6/1/21,13:23:00,Flyinge_30_A1,Coenagrion_pulchellum,Mature,0,Gynochrome,1,2,40,2021,NA,NA
6/1/21,13:23:00,Flyinge_30_A1,Coenagrion_pulchellum,Mature,1,,0,18,40,2021,NA,NA
6/1/21,13:23:00,Flyinge_30_A1,Coenagrion_pulchellum,Mature,1,,1,13,40,2021,NA,NA
6/1/21,13:23:00,Flyinge_30_A1,Coenagrion_pulchellum,Mature,1,,0,2,40,2021,NA,NA
6/1/21,13:23:00,Flyinge_30_A1,Coenagrion_pulchellum,Mature,1,,0,6,40,2021,NA,NA
6/1/21,13:23:00,Flyinge_30_A1,Erythromma_najas,Teneral,0,,0,0,40,2021,NA,NA
6/1/21,13:23:00,Flyinge_30_A1,Coenagrion_pulchellum,Mature,1,,0,2,40,2021,NA,NA
6/1/21,13:23:00,Flyinge_30_A1,Coenagrion_pulchellum,Immature,1,,0,4,40,2021,NA,NA
6/1/21,13:23:00,Flyinge_30_A1,Coenagrion_pulchellum,Mature,1,,0,11,40,2021,NA,NA
6/1/21,13:23:00,Flyinge_30_A1,Coenagrion_pulchellum,Mature,1,,1,5,40,2021,NA,NA
6/1/21,13:23:00,Flyinge_30_A1,Calopteryx_splendens,Immature,0,Gynochrome,0,0,40,2021,NA,NA
6/1/21,13:23:00,Flyinge_30_A1,Coenagrion_pulchellum,Mature,1,,0,2,40,2021,NA,NA
6/1/21,13:23:00,Flyinge_30_A1,Coenagrion_pulchellum,Teneral,0,,0,2,40,2021,NA,NA
6/1/21,13:23:00,Flyinge_30_A1,Coenagrion_pulchellum,Mature,1,,0,0,40,2021,NA,NA
6/1/21,13:23:00,Flyinge_30_A1,Coenagrion_pulchellum,Mature,0,Gynochrome,1,0,40,2021,NA,NA
6/1/21,13:23:00,Flyinge_30_A1,Coenagrion_pulchellum,Mature,1,,0,2,40,2021,NA,NA
6/1/21,13:23:00,Flyinge_30_A1,Coenagrion_pulchellum,Mature,1,,0,5,40,2021,NA,NA
6/1/21,13:23:00,Flyinge_30_A1,Calopteryx_splendens,Immature,0,Gynochrome,0,0,40,2021,NA,NA
6/1/21,13:23:00,Flyinge_30_A1,Erythromma_najas,Immature,1,,0,1,40,2021,NA,NA
6/1/21,13:23:00,Flyinge_30_A1,Coenagrion_pulchellum,Immature,1,,0,25,40,2021,NA,NA
6/1/21,13:23:00,Flyinge_30_A1,Coenagrion_pulchellum,Mature,1,,0,16,40,2021,NA,NA
6/1/21,13:23:00,Flyinge_30_A1,Coenagrion_pulchellum,Mature,1,,0,0,40,2021,NA,NA
6/1/21,13:23:00,Flyinge_30_A1,Coenagrion_pulchellum,Mature,1,,0,25,40,2021,NA,NA
6/1/21,13:23:00,Flyinge_30_A1,Coenagrion_pulchellum,Teneral,0,,0,6,40,2021,NA,NA
6/1/21,13:23:00,Flyinge_30_A1,Calopteryx_splendens,Immature,0,Gynochrome,0,0,40,2021,NA,NA
6/1/21,13:23:00,Flyinge_30_A1,Calopteryx_splendens,Teneral,0,,0,0,40,2021,NA,NA
6/1/21,13:23:00,Flyinge_30_A1,Coenagrion_pulchellum,Teneral,1,,0,7,40,2021,NA,NA
6/1/21,13:23:00,Flyinge_30_A1,Calopteryx_splendens,Immature,1,,0,1,40,2021,NA,NA
6/1/21,13:23:00,Flyinge_30_A1,Coenagrion_pulchellum,Mature,0,Gynochrome,0,10,40,2021,NA,NA
6/1/21,13:23:00,Flyinge_30_A1,Coenagrion_pulchellum,Teneral,0,,0,20,40,2021,NA,NA
6/1/21,14:13:00,Flyinge_30_A3,Brachytron_pratense,Mature,1,,1,NA,40,2021,NA,NA
6/1/21,14:13:00,Flyinge_30_A3,Brachytron_pratense,Mature,0,Gynochrome,1,NA,40,2021,NA,NA
6/1/21,14:13:00,Flyinge_30_A3,Brachytron_pratense,Mature,,,0,NA,40,2021,NA,NA
6/1/21,14:13:00,Flyinge_30_A3,Brachytron_pratense,Mature,,,0,NA,40,2021,NA,NA
6/1/21,14:13:00,Flyinge_30_A3,Brachytron_pratense,Mature,,,0,NA,40,2021,NA,NA
6/1/21,14:13:00,Flyinge_30_A3,Coenagrion_pulchellum,Mature,1,,0,0,40,2021,NA,NA
6/1/21,14:13:00,Flyinge_30_A3,Coenagrion_pulchellum,Mature,1,,1,1,40,2021,NA,NA
6/1/21,14:13:00,Flyinge_30_A3,Coenagrion_pulchellum,Mature,0,Gynochrome,1,3,40,2021,NA,NA
6/1/21,14:13:00,Flyinge_30_A3,Platycnemis_pennipes,Teneral,1,,0,0,40,2021,NA,NA
6/1/21,14:13:00,Flyinge_30_A3,Coenagrion_pulchellum,Mature,1,,0,0,40,2021,NA,NA
6/1/21,14:13:00,Flyinge_30_A3,Calopteryx_splendens,Mature,1,,0,0,40,2021,NA,NA
6/1/21,14:13:00,Flyinge_30_A3,Coenagrion_pulchellum,Mature,1,,1,0,40,2021,NA,NA
6/1/21,14:13:00,Flyinge_30_A3,Coenagrion_pulchellum,Mature,0,Gynochrome,1,17,40,2021,NA,NA
6/1/21,14:13:00,Flyinge_30_A3,Coenagrion_pulchellum,Teneral,0,,0,25,40,2021,NA,NA
6/1/21,14:13:00,Flyinge_30_A3,Coenagrion_pulchellum,Mature,1,,1,0,40,2021,NA,NA
6/1/21,14:13:00,Flyinge_30_A3,Coenagrion_pulchellum,Mature,0,Gynochrome,1,0,40,2021,NA,NA
6/1/21,14:13:00,Flyinge_30_A3,Platycnemis_pennipes,Teneral,1,,0,0,40,2021,NA,NA
6/1/21,14:13:00,Flyinge_30_A3,Platycnemis_pennipes,Immature,0,Gynochrome,0,0,40,2021,NA,NA
6/1/21,14:13:00,Flyinge_30_A3,Coenagrion_pulchellum,Mature,1,,0,0,40,2021,NA,NA
6/1/21,14:13:00,Flyinge_30_A3,Coenagrion_pulchellum,Teneral,0,,0,6,40,2021,NA,NA
6/1/21,14:13:00,Flyinge_30_A3,Coenagrion_pulchellum,Mature,1,,0,1,40,2021,NA,NA
6/1/21,14:13:00,Flyinge_30_A3,Coenagrion_pulchellum,Teneral,0,,0,19,40,2021,NA,NA
6/1/21,14:13:00,Flyinge_30_A3,Coenagrion_pulchellum,Mature,1,,0,1,40,2021,NA,NA
6/1/21,14:13:00,Flyinge_30_A3,Coenagrion_pulchellum,Mature,1,,0,0,40,2021,NA,NA
6/1/21,14:13:00,Flyinge_30_A3,Platycnemis_pennipes,Teneral,0,,0,0,40,2021,NA,NA
6/1/21,14:13:00,Flyinge_30_A3,Coenagrion_pulchellum,Mature,1,,0,37,40,2021,NA,NA
6/1/21,14:13:00,Flyinge_30_A3,Coenagrion_pulchellum,Mature,1,,0,0,40,2021,NA,NA
6/1/21,14:13:00,Flyinge_30_A3,Coenagrion_pulchellum,Immature,1,,0,25,40,2021,NA,NA
6/1/21,14:13:00,Flyinge_30_A3,Coenagrion_pulchellum,Mature,1,,0,0,40,2021,NA,NA
6/1/21,14:13:00,Flyinge_30_A3,Coenagrion_pulchellum,Teneral,0,,0,0,40,2021,NA,NA
6/1/21,14:13:00,Flyinge_30_A3,Coenagrion_pulchellum,Mature,1,,0,5,40,2021,NA,NA
6/1/21,14:13:00,Flyinge_30_A3,Coenagrion_pulchellum,Mature,1,,0,3,40,2021,NA,NA
6/1/21,14:13:00,Flyinge_30_A3,Coenagrion_pulchellum,Mature,1,,0,0,40,2021,NA,NA
6/1/21,14:13:00,Flyinge_30_A3,Coenagrion_pulchellum,Teneral,1,,0,20,40,2021,NA,NA
6/1/21,14:13:00,Flyinge_30_A3,Coenagrion_pulchellum,Mature,1,,0,0,40,2021,NA,NA
6/1/21,14:13:00,Flyinge_30_A3,Coenagrion_pulchellum,Mature,1,,0,0,40,2021,NA,NA
6/2/21,14:23:00,Vombs_Vattenverk,Enallagma_cyathigerum,Immature,1,,0,0,40,2021,NA,NA
6/2/21,14:23:00,Vombs_Vattenverk,Coenagrion_pulchellum,Immature,1,,0,0,40,2021,NA,NA
6/2/21,14:23:00,Vombs_Vattenverk,Enallagma_cyathigerum,Immature,1,,0,1,40,2021,NA,NA
6/2/21,14:23:00,Vombs_Vattenverk,Enallagma_cyathigerum,Mature,1,,0,4,40,2021,NA,NA
6/2/21,14:23:00,Vombs_Vattenverk,Enallagma_cyathigerum,Immature,1,,0,0,40,2021,NA,NA
6/2/21,14:23:00,Vombs_Vattenverk,Enallagma_cyathigerum,Immature,1,,0,0,40,2021,NA,NA
6/2/21,14:23:00,Vombs_Vattenverk,Enallagma_cyathigerum,Mature,1,,0,3,40,2021,NA,NA
6/2/21,14:23:00,Vombs_Vattenverk,Enallagma_cyathigerum,Mature,1,,0,3,40,2021,NA,NA
6/2/21,14:23:00,Vombs_Vattenverk,Enallagma_cyathigerum,Mature,1,,0,0,40,2021,NA,NA
6/2/21,14:23:00,Vombs_Vattenverk,Enallagma_cyathigerum,Mature,1,,0,1,40,2021,NA,NA
6/2/21,14:23:00,Vombs_Vattenverk,Enallagma_cyathigerum,Mature,1,,0,2,40,2021,NA,NA
6/2/21,14:23:00,Vombs_Vattenverk,Enallagma_cyathigerum,Mature,1,,0,4,40,2021,NA,NA
6/2/21,14:23:00,Vombs_Vattenverk,Enallagma_cyathigerum,Mature,1,,0,0,40,2021,NA,NA
6/2/21,14:23:00,Vombs_Vattenverk,Coenagrion_pulchellum,Immature,1,,0,15,40,2021,NA,NA
6/2/21,14:23:00,Vombs_Vattenverk,Enallagma_cyathigerum,Mature,1,,0,6,40,2021,NA,NA
6/2/21,14:23:00,Vombs_Vattenverk,Coenagrion_pulchellum,Mature,1,,0,3,40,2021,NA,NA
6/2/21,14:23:00,Vombs_Vattenverk,Erythromma_najas,Teneral,1,,0,3,40,2021,NA,NA
6/2/21,14:23:00,Vombs_Vattenverk,Enallagma_cyathigerum,Mature,1,,0,0,40,2021,NA,NA
6/2/21,14:23:00,Vombs_Vattenverk,Enallagma_cyathigerum,Mature,1,,0,0,40,2021,NA,NA
6/2/21,14:23:00,Vombs_Vattenverk,Enallagma_cyathigerum,Mature,1,,0,0,40,2021,NA,NA
6/2/21,14:23:00,Vombs_Vattenverk,Enallagma_cyathigerum,Mature,1,,0,16,40,2021,NA,NA
6/2/21,14:23:00,Vombs_Vattenverk,Enallagma_cyathigerum,Mature,1,,0,6,40,2021,NA,NA
6/2/21,14:23:00,Vombs_Vattenverk,Coenagrion_pulchellum,Mature,1,,0,1,40,2021,NA,NA
6/2/21,14:23:00,Vombs_Vattenverk,Coenagrion_pulchellum,Mature,1,,0,0,40,2021,NA,NA
6/2/21,14:23:00,Vombs_Vattenverk,Coenagrion_pulchellum,Immature,1,,0,4,40,2021,NA,NA
6/2/21,14:23:00,Vombs_Vattenverk,Enallagma_cyathigerum,Mature,1,,0,0,40,2021,NA,NA
6/2/21,14:23:00,Vombs_Vattenverk,Coenagrion_pulchellum,Immature,1,,0,3,40,2021,NA,NA
6/2/21,14:23:00,Vombs_Vattenverk,Enallagma_cyathigerum,Mature,1,,0,1,40,2021,NA,NA
6/2/21,14:23:00,Vombs_Vattenverk,Enallagma_cyathigerum,Mature,1,,0,1,40,2021,NA,NA
6/2/21,14:23:00,Vombs_Vattenverk,Coenagrion_pulchellum,Immature,1,,0,4,40,2021,NA,NA
6/2/21,14:23:00,Vombs_Vattenverk,Coenagrion_pulchellum,Mature,1,,0,0,40,2021,NA,NA
6/2/21,14:23:00,Vombs_Vattenverk,Coenagrion_pulchellum,Mature,1,,0,4,40,2021,NA,NA
6/2/21,14:23:00,Vombs_Vattenverk,Coenagrion_pulchellum,Mature,1,,0,2,40,2021,NA,NA
6/2/21,14:23:00,Vombs_Vattenverk,Coenagrion_pulchellum,Immature,0,Gynochrome,0,0,40,2021,NA,NA
6/3/21,9:53:00,Hoje_A_14,Coenagrion_pulchellum,Mature,1,,1,0,45,2021,NA,NA
6/3/21,9:53:00,Hoje_A_14,Coenagrion_pulchellum,Mature,0,Androchrome,1,1,45,2021,NA,NA
6/3/21,9:53:00,Hoje_A_14,Coenagrion_pulchellum,Mature,0,Gynochrome,1,2,45,2021,NA,NA
6/3/21,9:53:00,Hoje_A_14,Coenagrion_pulchellum,Mature,1,,1,0,45,2021,NA,NA
6/3/21,9:53:00,Hoje_A_14,Coenagrion_pulchellum,Mature,1,,1,0,45,2021,NA,NA
6/3/21,9:53:00,Hoje_A_14,Coenagrion_pulchellum,Mature,0,Gynochrome,1,0,45,2021,NA,NA
6/3/21,9:53:00,Hoje_A_14,Coenagrion_pulchellum,Mature,1,,1,0,45,2021,NA,NA
6/3/21,9:53:00,Hoje_A_14,Coenagrion_pulchellum,Mature,0,Gynochrome,1,0,45,2021,NA,NA
6/3/21,9:53:00,Hoje_A_14,Coenagrion_pulchellum,Immature,1,,1,46,45,2021,NA,NA
6/3/21,9:53:00,Hoje_A_14,Coenagrion_pulchellum,Immature,1,,1,0,45,2021,NA,NA
6/3/21,9:53:00,Hoje_A_14,Coenagrion_pulchellum,Mature,0,Gynochrome,1,4,45,2021,NA,NA
6/3/21,9:53:00,Hoje_A_14,Coenagrion_pulchellum,Mature,0,Androchrome,1,0,45,2021,NA,NA
6/3/21,9:53:00,Hoje_A_14,Coenagrion_pulchellum,Mature,1,,0,1,45,2021,NA,NA
6/3/21,9:53:00,Hoje_A_14,Coenagrion_pulchellum,Mature,1,,0,0,45,2021,NA,NA
6/3/21,9:53:00,Hoje_A_14,Coenagrion_pulchellum,Immature,0,Gynochrome,0,3,45,2021,NA,NA
6/3/21,9:53:00,Hoje_A_14,Erythromma_najas,Mature,1,,0,1,45,2021,NA,NA
6/3/21,9:53:00,Hoje_A_14,Coenagrion_pulchellum,Mature,1,,0,0,45,2021,NA,NA
6/3/21,9:53:00,Hoje_A_14,Enallagma_cyathigerum,Immature,1,,0,0,45,2021,NA,NA
6/3/21,9:53:00,Hoje_A_14,Enallagma_cyathigerum,Mature,1,,0,0,45,2021,NA,NA
6/3/21,9:53:00,Hoje_A_14,Coenagrion_pulchellum,Immature,0,Gynochrome,0,53,45,2021,NA,NA
6/3/21,9:53:00,Hoje_A_14,Enallagma_cyathigerum,Immature,1,,0,0,45,2021,NA,NA
6/3/21,9:53:00,Hoje_A_14,Coenagrion_pulchellum,Immature,1,,0,11,45,2021,NA,NA
6/3/21,9:53:00,Hoje_A_14,Coenagrion_pulchellum,Mature,1,,0,0,45,2021,NA,NA
6/3/21,9:53:00,Hoje_A_14,Coenagrion_pulchellum,Mature,1,,0,1,45,2021,NA,NA
6/3/21,9:53:00,Hoje_A_14,Coenagrion_pulchellum,Mature,1,,0,13,45,2021,NA,NA
6/3/21,9:53:00,Hoje_A_14,Coenagrion_pulchellum,Mature,1,,0,1,45,2021,NA,NA
6/3/21,9:53:00,Hoje_A_14,Coenagrion_pulchellum,Immature,1,,0,13,45,2021,NA,NA
6/3/21,9:53:00,Hoje_A_14,Coenagrion_pulchellum,Mature,0,Gynochrome,0,53,45,2021,NA,NA
6/3/21,9:53:00,Hoje_A_14,Coenagrion_pulchellum,Mature,1,,0,0,45,2021,NA,NA
6/3/21,9:53:00,Hoje_A_14,Coenagrion_pulchellum,Teneral,1,,0,43,45,2021,NA,NA
6/3/21,9:53:00,Hoje_A_14,Coenagrion_pulchellum,Immature,1,,0,43,45,2021,NA,NA
6/3/21,9:53:00,Hoje_A_14,Coenagrion_pulchellum,Immature,1,,0,2,45,2021,NA,NA
6/3/21,9:53:00,Hoje_A_14,Enallagma_cyathigerum,Mature,1,,0,0,45,2021,NA,NA
6/3/21,9:53:00,Hoje_A_14,Coenagrion_pulchellum,Immature,1,,0,23,45,2021,NA,NA
6/3/21,9:53:00,Hoje_A_14,Enallagma_cyathigerum,Immature,0,Gynochrome,0,0,45,2021,NA,NA
6/3/21,9:53:00,Hoje_A_14,Enallagma_cyathigerum,Mature,1,,0,0,45,2021,NA,NA
6/3/21,9:53:00,Hoje_A_14,Coenagrion_pulchellum,Mature,1,,0,0,45,2021,NA,NA
6/3/21,9:53:00,Hoje_A_14,Coenagrion_pulchellum,Immature,1,,0,36,45,2021,NA,NA
6/3/21,9:53:00,Hoje_A_14,Coenagrion_pulchellum,Immature,0,Gynochrome,0,58,45,2021,NA,NA
6/3/21,9:53:00,Hoje_A_14,Coenagrion_pulchellum,Mature,1,,0,2,45,2021,NA,NA
6/3/21,9:53:00,Hoje_A_14,Coenagrion_pulchellum,Immature,1,,0,31,45,2021,NA,NA
6/3/21,9:53:00,Hoje_A_14,Coenagrion_pulchellum,Immature,1,,0,23,45,2021,NA,NA
6/3/21,9:53:00,Hoje_A_14,Coenagrion_pulchellum,Mature,1,,0,0,45,2021,NA,NA
6/3/21,9:53:00,Hoje_A_14,Coenagrion_pulchellum,Mature,1,,0,32,45,2021,NA,NA
6/3/21,9:53:00,Hoje_A_14,Coenagrion_pulchellum,Immature,1,,0,14,45,2021,NA,NA
6/3/21,9:53:00,Hoje_A_14,Coenagrion_pulchellum,Mature,1,,0,43,45,2021,NA,NA
6/3/21,9:53:00,Hoje_A_14,Erythromma_najas,Mature,1,,0,0,45,2021,NA,NA
6/3/21,9:53:00,Hoje_A_14,Coenagrion_pulchellum,Mature,1,,0,1,45,2021,NA,NA
6/3/21,9:53:00,Hoje_A_14,Coenagrion_pulchellum,Immature,1,,0,16,45,2021,NA,NA
6/3/21,9:53:00,Hoje_A_14,Coenagrion_pulchellum,Immature,1,,0,1,45,2021,NA,NA
6/3/21,9:53:00,Hoje_A_14,Erythromma_najas,Mature,1,,0,0,45,2021,NA,NA
6/3/21,9:53:00,Hoje_A_14,Coenagrion_pulchellum,Immature,0,Gynochrome,0,34,45,2021,NA,NA
6/3/21,9:53:00,Hoje_A_14,Coenagrion_pulchellum,Immature,1,,0,34,45,2021,NA,NA
6/3/21,9:53:00,Hoje_A_14,Coenagrion_pulchellum,Immature,0,Gynochrome,0,0,45,2021,NA,NA
6/3/21,9:53:00,Hoje_A_14,Coenagrion_pulchellum,Immature,0,Gynochrome,0,17,45,2021,NA,NA
6/3/21,9:53:00,Hoje_A_6,Enallagma_cyathigerum,Mature,1,,1,0,30,2021,NA,NA
6/3/21,9:53:00,Hoje_A_6,Enallagma_cyathigerum,Mature,1,,1,0,30,2021,NA,NA
6/3/21,9:53:00,Hoje_A_6,Pyrrhosoma_nymphula,NA,1,,0,0,30,2021,NA,NA
6/3/21,9:53:00,Hoje_A_6,Enallagma_cyathigerum,Mature,0,,1,2,30,2021,NA,NA
6/3/21,9:53:00,Hoje_A_6,Enallagma_cyathigerum,Mature,0,Gynochrome,1,0,30,2021,NA,NA
6/3/21,9:53:00,Hoje_A_6,Enallagma_cyathigerum,Mature,1,,1,0,30,2021,NA,NA
6/3/21,9:53:00,Hoje_A_6,Enallagma_cyathigerum,Mature,0,Gynochrome,1,0,30,2021,NA,NA
6/3/21,9:53:00,Hoje_A_6,Enallagma_cyathigerum,Mature,0,Gynochrome,1,0,30,2021,NA,NA
6/3/21,9:53:00,Hoje_A_6,Enallagma_cyathigerum,Mature,1,,0,0,30,2021,NA,NA
6/3/21,9:53:00,Hoje_A_6,Enallagma_cyathigerum,Mature,1,,1,0,30,2021,NA,NA
6/3/21,9:53:00,Hoje_A_6,Erythromma_najas,Teneral,0,,0,0,30,2021,NA,NA
6/3/21,9:53:00,Hoje_A_6,Enallagma_cyathigerum,Teneral,0,,0,0,30,2021,NA,NA
6/3/21,9:53:00,Hoje_A_6,Enallagma_cyathigerum,Teneral,1,,0,0,30,2021,NA,NA
6/3/21,9:53:00,Hoje_A_6,Enallagma_cyathigerum,Mature,1,,0,0,30,2021,NA,NA
6/3/21,9:53:00,Hoje_A_6,Calopteryx_splendens,Immature,1,,0,0,30,2021,NA,NA
6/3/21,9:53:00,Hoje_A_6,Enallagma_cyathigerum,Mature,1,,0,0,30,2021,NA,NA
6/3/21,9:53:00,Hoje_A_6,Erythromma_najas,Immature,1,,0,0,30,2021,NA,NA
6/3/21,9:53:00,Hoje_A_6,Enallagma_cyathigerum,Teneral,0,,0,0,30,2021,NA,NA
6/3/21,9:53:00,Hoje_A_6,Enallagma_cyathigerum,Teneral,1,,0,0,30,2021,NA,NA
6/3/21,9:53:00,Hoje_A_6,Erythromma_najas,Mature,1,,0,1,30,2021,NA,NA
6/3/21,9:53:00,Hoje_A_6,Erythromma_najas,Immature,0,,0,0,30,2021,NA,NA
6/3/21,9:53:00,Hoje_A_6,Coenagrion_puella,Mature,1,,0,42,30,2021,NA,NA
6/3/21,9:53:00,Hoje_A_6,Erythromma_najas,Immature,0,,0,1,30,2021,NA,NA
6/3/21,9:53:00,Hoje_A_6,Coenagrion_pulchellum,Mature,0,Gynochrome,0,2,30,2021,NA,NA
6/3/21,9:53:00,Hoje_A_6,Enallagma_cyathigerum,Mature,1,,0,0,30,2021,NA,NA
6/3/21,9:53:00,Hoje_A_6,Enallagma_cyathigerum,Teneral,0,,0,0,30,2021,NA,NA
6/3/21,9:53:00,Hoje_A_6,Erythromma_najas,Immature,0,Gynochrome,0,0,30,2021,NA,NA
6/3/21,9:53:00,Hoje_A_6,Enallagma_cyathigerum,Teneral,1,,0,0,30,2021,NA,NA
6/3/21,9:53:00,Hoje_A_6,Coenagrion_puella,Teneral,1,,0,0,30,2021,NA,NA
6/3/21,9:53:00,Hoje_A_6,Erythromma_najas,Mature,0,Gynochrome,0,0,30,2021,NA,NA
6/3/21,9:53:00,Hoje_A_6,Coenagrion_pulchellum,Immature,1,,0,32,30,2021,NA,NA
6/3/21,9:53:00,Hoje_A_6,Erythromma_najas,Mature,0,Gynochrome,0,12,30,2021,NA,NA
6/3/21,9:53:00,Hoje_A_6,Enallagma_cyathigerum,Mature,1,,0,0,30,2021,NA,NA
6/3/21,9:53:00,Hoje_A_6,Enallagma_cyathigerum,Immature,1,,0,0,30,2021,NA,NA
6/3/21,9:53:00,Hoje_A_6,Enallagma_cyathigerum,Mature,1,,0,1,30,2021,NA,NA
6/3/21,9:53:00,Hoje_A_6,Coenagrion_pulchellum,Mature,0,Androchrome,0,5,30,2021,NA,NA
6/3/21,9:53:00,Hoje_A_6,Erythromma_najas,Mature,1,,0,12,30,2021,NA,NA
6/3/21,9:53:00,Hoje_A_6,Enallagma_cyathigerum,Mature,1,,0,0,30,2021,NA,NA
6/3/21,9:53:00,Hoje_A_6,Enallagma_cyathigerum,Teneral,1,,0,0,30,2021,NA,NA
6/3/21,9:53:00,Hoje_A_6,Coenagrion_puella,Mature,1,,0,43,30,2021,NA,NA
6/3/21,9:53:00,Hoje_A_6,Enallagma_cyathigerum,Mature,1,,0,2,30,2021,NA,NA
6/3/21,9:53:00,Hoje_A_6,Enallagma_cyathigerum,Teneral,1,,0,3,30,2021,NA,NA
6/3/21,9:53:00,Hoje_A_6,Enallagma_cyathigerum,Mature,1,,0,0,30,2021,NA,NA
6/3/21,9:53:00,Hoje_A_6,Erythromma_najas,Mature,0,Gynochrome,0,0,30,2021,NA,NA
6/3/21,9:53:00,Hoje_A_6,Enallagma_cyathigerum,Teneral,0,,0,0,30,2021,NA,NA
6/3/21,9:53:00,Hoje_A_6,Enallagma_cyathigerum,Mature,1,,0,0,30,2021,NA,NA
6/3/21,9:53:00,Hoje_A_6,Erythromma_najas,Mature,0,Gynochrome,0,0,30,2021,NA,NA
6/3/21,9:53:00,Hoje_A_6,Erythromma_najas,Mature,1,,0,0,30,2021,NA,NA
6/3/21,9:53:00,Hoje_A_6,Enallagma_cyathigerum,Teneral,0,,0,0,30,2021,NA,NA
6/3/21,9:53:00,Hoje_A_6,Coenagrion_pulchellum,Immature,0,Gynochrome,0,0,30,2021,NA,NA
6/3/21,9:53:00,Hoje_A_6,Coenagrion_puella,Immature,1,,0,27,30,2021,NA,NA
6/3/21,9:53:00,Hoje_A_6,Erythromma_najas,Mature,1,,0,1,30,2021,NA,NA
6/3/21,9:53:00,Hoje_A_6,Coenagrion_puella,Immature,1,,0,29,30,2021,NA,NA
6/3/21,9:53:00,Hoje_A_6,Enallagma_cyathigerum,Teneral,0,,0,0,30,2021,NA,NA
6/3/21,9:53:00,Hoje_A_6,Enallagma_cyathigerum,Immature,1,,0,0,30,2021,NA,NA
6/3/21,9:53:00,Hoje_A_6,Erythromma_najas,Mature,1,,0,4,30,2021,NA,NA
6/3/21,9:53:00,Hoje_A_6,Enallagma_cyathigerum,Teneral,1,,0,0,30,2021,NA,NA
6/3/21,9:53:00,Hoje_A_6,Enallagma_cyathigerum,Teneral,0,,0,0,30,2021,NA,NA
6/3/21,9:53:00,Hoje_A_6,Coenagrion_pulchellum,Teneral,0,,0,0,30,2021,NA,NA
6/3/21,12:12:00,Hoje_A_7,Erythromma_najas,Teneral,1,,0,0,45,2021,NA,NA
6/3/21,12:12:00,Hoje_A_7,Erythromma_najas,Mature,0,Gynochrome,0,1,45,2021,NA,NA
6/3/21,12:12:00,Hoje_A_7,Enallagma_cyathigerum,Mature,1,,0,0,45,2021,NA,NA
6/3/21,12:12:00,Hoje_A_7,Erythromma_najas,Teneral,0,,0,0,45,2021,NA,NA
6/3/21,12:12:00,Hoje_A_7,Erythromma_najas,Teneral,1,,0,0,45,2021,NA,NA
6/3/21,12:12:00,Hoje_A_7,Erythromma_najas,Teneral,0,,0,0,45,2021,NA,NA
6/3/21,12:12:00,Hoje_A_7,Erythromma_najas,Immature,0,Gynochrome,0,0,45,2021,NA,NA
6/3/21,12:12:00,Hoje_A_7,Coenagrion_pulchellum,Teneral,1,,0,5,45,2021,NA,NA
6/3/21,12:12:00,Hoje_A_7,Enallagma_cyathigerum,Teneral,0,,0,0,45,2021,NA,NA
6/3/21,12:12:00,Hoje_A_7,Coenagrion_pulchellum,Immature,0,Gynochrome,0,16,45,2021,NA,NA
6/3/21,12:12:00,Hoje_A_7,Coenagrion_pulchellum,Immature,0,Gynochrome,0,7,45,2021,NA,NA
6/3/21,12:12:00,Hoje_A_7,Coenagrion_pulchellum,Immature,0,Gynochrome,0,0,45,2021,NA,NA
6/3/21,12:12:00,Hoje_A_7,Coenagrion_pulchellum,Immature,0,Gynochrome,0,2,45,2021,NA,NA
6/3/21,12:12:00,Hoje_A_7,Coenagrion_pulchellum,Teneral,1,,0,2,45,2021,NA,NA
6/3/21,12:12:00,Hoje_A_7,Erythromma_najas,Immature,1,,0,0,45,2021,NA,NA
6/3/21,12:12:00,Hoje_A_7,Coenagrion_pulchellum,Immature,0,Gynochrome,0,12,45,2021,NA,NA
6/3/21,12:12:00,Hoje_A_7,Coenagrion_pulchellum,Immature,0,Gynochrome,0,0,45,2021,NA,NA
6/3/21,12:12:00,Hoje_A_7,Coenagrion_pulchellum,Immature,1,,0,23,45,2021,NA,NA
6/3/21,12:12:00,Hoje_A_7,Coenagrion_pulchellum,Immature,1,,0,0,45,2021,NA,NA
6/3/21,12:12:00,Hoje_A_7,Coenagrion_pulchellum,Immature,1,,0,5,45,2021,NA,NA
6/3/21,12:12:00,Hoje_A_7,Coenagrion_puella,Teneral,1,,0,4,45,2021,NA,NA
6/3/21,12:12:00,Hoje_A_7,Coenagrion_pulchellum,Immature,1,,0,8,45,2021,NA,NA
6/3/21,12:12:00,Hoje_A_7,Coenagrion_pulchellum,Immature,1,,0,6,45,2021,NA,NA
6/4/21,11:08:00,Sovdemolla,Calopteryx_splendens,Immature,1,,0,0,60,2021,NA,NA
6/4/21,11:08:00,Sovdemolla,Calopteryx_splendens,Mature,1,,0,0,60,2021,NA,NA
6/4/21,11:08:00,Sovdemolla,Calopteryx_virgo,Teneral,0,,0,0,60,2021,NA,NA
6/4/21,11:08:00,Sovdemolla,Calopteryx_splendens,Immature,0,Gynochrome,0,0,60,2021,NA,NA
6/4/21,11:08:00,Sovdemolla,Calopteryx_splendens,Mature,1,,0,0,60,2021,NA,NA
6/4/21,11:08:00,Sovdemolla,Calopteryx_virgo,Teneral,1,,0,0,60,2021,NA,NA
6/4/21,11:08:00,Sovdemolla,Calopteryx_splendens,Mature,1,,0,0,60,2021,NA,NA
6/4/21,11:08:00,Sovdemolla,Calopteryx_splendens,Immature,1,,0,0,60,2021,NA,NA
6/4/21,11:08:00,Sovdemolla,Calopteryx_splendens,Immature,1,,0,0,60,2021,NA,NA
6/4/21,11:08:00,Sovdemolla,Calopteryx_splendens,Mature,1,,0,0,60,2021,NA,NA
6/4/21,11:08:00,Sovdemolla,Platycnemis_pennipes,Teneral,0,,0,0,60,2021,NA,NA
6/4/21,11:08:00,Sovdemolla,Calopteryx_virgo,Teneral,0,,0,0,60,2021,NA,NA
6/4/21,11:08:00,Sovdemolla,Calopteryx_splendens,Immature,1,,0,0,60,2021,NA,NA
6/4/21,11:08:00,Sovdemolla,Calopteryx_virgo,Teneral,1,,0,0,60,2021,NA,NA
6/4/21,11:08:00,Sovdemolla,Calopteryx_splendens,Immature,0,Gynochrome,0,0,60,2021,NA,NA
6/4/21,11:08:00,Sovdemolla,Calopteryx_splendens,Mature,0,Gynochrome,0,0,60,2021,NA,NA
6/4/21,11:08:00,Sovdemolla,Calopteryx_splendens,Mature,0,Gynochrome,0,0,60,2021,NA,NA
6/4/21,11:08:00,Sovdemolla,Calopteryx_virgo,Teneral,1,,0,0,60,2021,NA,NA
6/4/21,11:08:00,Sovdemolla,Platycnemis_pennipes,Teneral,0,,0,0,60,2021,NA,NA
6/4/21,11:08:00,Sovdemolla,Calopteryx_splendens,Mature,1,,0,0,60,2021,NA,NA
6/4/21,11:08:00,Sovdemolla,Calopteryx_virgo,Teneral,0,,0,0,60,2021,NA,NA
6/4/21,11:08:00,Sovdemolla,Calopteryx_splendens,Mature,1,,0,0,60,2021,NA,NA
6/4/21,11:08:00,Sovdemolla,Calopteryx_virgo,Teneral,0,,0,0,60,2021,NA,NA
6/4/21,11:08:00,Sovdemolla,Calopteryx_virgo,Teneral,0,,0,0,60,2021,NA,NA
6/4/21,11:08:00,Sovdemolla,Calopteryx_splendens,Mature,1,,0,0,60,2021,NA,NA
6/4/21,11:08:00,Sovdemolla,Calopteryx_splendens,Immature,1,,0,0,60,2021,NA,NA
6/4/21,11:08:00,Sovdemolla,Calopteryx_splendens,Immature,0,Gynochrome,0,0,60,2021,NA,NA
6/4/21,11:08:00,Sovdemolla,Calopteryx_splendens,Mature,0,Gynochrome,0,0,60,2021,NA,NA
6/4/21,11:08:00,Sovdemolla,Calopteryx_splendens,Mature,0,Gynochrome,0,0,60,2021,NA,NA
6/4/21,11:08:00,Sovdemolla,Calopteryx_splendens,Mature,1,,0,0,60,2021,NA,NA
6/4/21,11:08:00,Sovdemolla,Calopteryx_splendens,Immature,1,,0,0,60,2021,NA,NA
6/4/21,11:08:00,Sovdemolla,Calopteryx_splendens,Mature,0,Gynochrome,0,0,60,2021,NA,NA
6/4/21,11:08:00,Sovdemolla,Pyrrhosoma_nymphula,Mature,1,,0,NA,60,2021,NA,NA
6/4/21,11:08:00,Sovdemolla,Calopteryx_splendens,Mature,1,,0,0,60,2021,NA,NA
6/4/21,11:08:00,Sovdemolla,Calopteryx_splendens,Mature,1,,0,0,60,2021,NA,NA
6/4/21,11:08:00,Sovdemolla,Calopteryx_splendens,Immature,0,Gynochrome,0,0,60,2021,NA,NA
6/4/21,11:08:00,Sovdemolla,Calopteryx_virgo,Teneral,0,,0,0,60,2021,NA,NA
6/4/21,11:08:00,Sovdemolla,Coenagrion_puella,Mature,1,,0,6,60,2021,NA,NA
6/4/21,14:13:00,Lunnarp,Coenagrion_puella,Mature,1,,1,0,60,2021,NA,NA
6/4/21,14:13:00,Lunnarp,Coenagrion_puella,Mature,0,Gynochrome,1,0,60,2021,NA,NA
6/4/21,14:13:00,Lunnarp,Coenagrion_pulchellum,Mature,1,,1,2,60,2021,NA,NA
6/4/21,14:13:00,Lunnarp,Coenagrion_pulchellum,Mature,0,Gynochrome,1,3,60,2021,NA,NA
6/4/21,14:13:00,Lunnarp,Coenagrion_pulchellum,Mature,0,Gynochrome,1,0,60,2021,NA,NA
6/4/21,14:13:00,Lunnarp,Coenagrion_pulchellum,Mature,1,,1,6,60,2021,NA,NA
6/4/21,14:13:00,Lunnarp,Coenagrion_pulchellum,Mature,1,,1,0,60,2021,NA,NA
6/4/21,14:13:00,Lunnarp,Coenagrion_pulchellum,Mature,0,Gynochrome,1,2,60,2021,NA,NA
6/4/21,14:13:00,Lunnarp,Coenagrion_puella,Mature,0,Androchrome,1,26,60,2021,NA,NA
6/4/21,14:13:00,Lunnarp,Coenagrion_puella,Immature,1,,1,30,60,2021,NA,NA
6/4/21,14:13:00,Lunnarp,Enallagma_cyathigerum,Mature,1,,0,0,60,2021,NA,NA
6/4/21,14:13:00,Lunnarp,Coenagrion_pulchellum,Mature,1,,0,4,60,2021,NA,NA
6/4/21,14:13:00,Lunnarp,Coenagrion_puella,Mature,1,,0,4,60,2021,NA,NA
6/4/21,14:13:00,Lunnarp,Coenagrion_puella,Mature,1,,0,0,60,2021,NA,NA
6/4/21,14:13:00,Lunnarp,Coenagrion_pulchellum,Mature,1,,0,1,60,2021,NA,NA
6/4/21,14:13:00,Lunnarp,Enallagma_cyathigerum,Mature,1,,0,7,60,2021,NA,NA
6/4/21,14:13:00,Lunnarp,Coenagrion_pulchellum,Mature,1,,0,0,60,2021,NA,NA
6/4/21,14:13:00,Lunnarp,Coenagrion_puella,Mature,1,,0,13,60,2021,NA,NA
6/4/21,14:13:00,Lunnarp,Coenagrion_pulchellum,Mature,1,,0,0,60,2021,NA,NA
6/4/21,14:13:00,Lunnarp,Enallagma_cyathigerum,Mature,1,,0,0,60,2021,NA,NA
6/4/21,14:13:00,Lunnarp,Coenagrion_pulchellum,Mature,1,,0,0,60,2021,NA,NA
6/4/21,14:13:00,Lunnarp,Coenagrion_pulchellum,Teneral,1,,0,14,60,2021,NA,NA
6/4/21,14:13:00,Lunnarp,Coenagrion_pulchellum,Immature,1,,0,0,60,2021,NA,NA
6/4/21,14:13:00,Lunnarp,Coenagrion_pulchellum,Immature,1,,0,4,60,2021,NA,NA
6/4/21,14:13:00,Lunnarp,Coenagrion_puella,Immature,1,,0,4,60,2021,NA,NA
6/4/21,14:13:00,Lunnarp,Enallagma_cyathigerum,Mature,1,,0,0,60,2021,NA,NA
6/4/21,14:13:00,Lunnarp,Coenagrion_pulchellum,Mature,1,,0,0,60,2021,NA,NA
6/4/21,14:13:00,Lunnarp,Enallagma_cyathigerum,Mature,1,,0,0,60,2021,NA,NA
6/4/21,14:13:00,Lunnarp,Enallagma_cyathigerum,Mature,1,,0,0,60,2021,NA,NA
6/4/21,14:13:00,Lunnarp,Coenagrion_pulchellum,Mature,1,,0,0,60,2021,NA,NA
6/4/21,14:13:00,Lunnarp,Coenagrion_pulchellum,Mature,0,Gynochrome,0,0,60,2021,NA,NA
6/4/21,14:13:00,Lunnarp,Coenagrion_pulchellum,Mature,1,,0,0,60,2021,NA,NA
6/4/21,14:13:00,Lunnarp,Coenagrion_puella,Immature,1,,0,11,60,2021,NA,NA
6/4/21,14:13:00,Lunnarp,Enallagma_cyathigerum,Mature,1,,0,0,60,2021,NA,NA
6/4/21,14:13:00,Lunnarp,Ischnura_pumilio,Mature,1,,0,0,60,2021,NA,NA
6/4/21,14:13:00,Lunnarp,Coenagrion_pulchellum,Immature,1,,0,0,60,2021,NA,NA
6/4/21,14:13:00,Lunnarp,Coenagrion_pulchellum,Mature,1,,0,0,60,2021,NA,NA
6/4/21,14:13:00,Lunnarp,Coenagrion_pulchellum,Immature,1,,0,5,60,2021,NA,NA
6/4/21,14:13:00,Lunnarp,Coenagrion_pulchellum,Mature,1,,0,3,60,2021,NA,NA
6/4/21,14:13:00,Lunnarp,Enallagma_cyathigerum,Immature,1,,0,0,60,2021,NA,NA
6/4/21,14:13:00,Lunnarp,Coenagrion_pulchellum,Mature,1,,0,0,60,2021,NA,NA
6/5/21,10:51:00,Vombs_Bruksgard,Libellula_quadrimaculata,Teneral,,,0,NA,100,2021,NA,NA
6/5/21,10:51:00,Vombs_Bruksgard,Libellula_quadrimaculata,Teneral,,,0,NA,100,2021,NA,NA
6/5/21,10:51:00,Vombs_Bruksgard,Libellula_quadrimaculata,Teneral,,,0,NA,100,2021,NA,NA
6/5/21,10:51:00,Vombs_Bruksgard,Libellula_quadrimaculata,Teneral,,,0,NA,100,2021,NA,NA
6/5/21,10:51:00,Vombs_Bruksgard,Libellula_quadrimaculata,Teneral,,,0,NA,100,2021,NA,NA
6/5/21,10:51:00,Vombs_Bruksgard,Libellula_quadrimaculata,Teneral,,,0,NA,100,2021,NA,NA
6/5/21,10:51:00,Vombs_Bruksgard,Libellula_quadrimaculata,Teneral,,,0,NA,100,2021,NA,NA
6/5/21,10:51:00,Vombs_Bruksgard,Libellula_quadrimaculata,Teneral,,,0,NA,100,2021,NA,NA
6/5/21,10:51:00,Vombs_Bruksgard,Libellula_quadrimaculata,Teneral,,,0,NA,100,2021,NA,NA
6/5/21,10:51:00,Vombs_Bruksgard,Libellula_quadrimaculata,Teneral,,,0,NA,100,2021,NA,NA
6/5/21,10:51:00,Vombs_Bruksgard,Libellula_quadrimaculata,Teneral,,,0,NA,100,2021,NA,NA
6/5/21,10:51:00,Vombs_Bruksgard,Libellula_quadrimaculata,Teneral,,,0,NA,100,2021,NA,NA
6/5/21,10:51:00,Vombs_Bruksgard,Libellula_quadrimaculata,Teneral,,,0,NA,100,2021,NA,NA
6/5/21,10:51:00,Vombs_Bruksgard,Libellula_quadrimaculata,Teneral,,,0,NA,100,2021,NA,NA
6/5/21,10:51:00,Vombs_Bruksgard,Libellula_quadrimaculata,Teneral,,,0,NA,100,2021,NA,NA
6/5/21,10:51:00,Vombs_Bruksgard,Libellula_quadrimaculata,Teneral,,,0,NA,100,2021,NA,NA
6/5/21,10:51:00,Vombs_Bruksgard,Libellula_quadrimaculata,Teneral,,,0,NA,100,2021,NA,NA
6/5/21,10:51:00,Vombs_Bruksgard,Libellula_quadrimaculata,Teneral,,,0,NA,100,2021,NA,NA
6/5/21,10:51:00,Vombs_Bruksgard,Libellula_quadrimaculata,Teneral,,,0,NA,100,2021,NA,NA
6/5/21,10:51:00,Vombs_Bruksgard,Libellula_quadrimaculata,Teneral,,,0,NA,100,2021,NA,NA
6/5/21,10:51:00,Vombs_Bruksgard,Libellula_quadrimaculata,Teneral,,,0,NA,100,2021,NA,NA
6/5/21,10:51:00,Vombs_Bruksgard,Libellula_quadrimaculata,Teneral,,,0,NA,100,2021,NA,NA
6/5/21,10:51:00,Vombs_Bruksgard,Libellula_quadrimaculata,Teneral,,,0,NA,100,2021,NA,NA
6/5/21,10:51:00,Vombs_Bruksgard,Libellula_quadrimaculata,Teneral,,,0,NA,100,2021,NA,NA
6/5/21,10:51:00,Vombs_Bruksgard,Libellula_quadrimaculata,Teneral,,,0,NA,100,2021,NA,NA
6/5/21,10:51:00,Vombs_Bruksgard,Libellula_quadrimaculata,Teneral,,,0,NA,100,2021,NA,NA
6/5/21,10:51:00,Vombs_Bruksgard,Libellula_quadrimaculata,Teneral,,,0,NA,100,2021,NA,NA
6/5/21,10:51:00,Vombs_Bruksgard,Libellula_quadrimaculata,Teneral,,,0,NA,100,2021,NA,NA
6/5/21,10:51:00,Vombs_Bruksgard,Libellula_quadrimaculata,Teneral,,,0,NA,100,2021,NA,NA
6/5/21,10:51:00,Vombs_Bruksgard,Libellula_quadrimaculata,Teneral,,,0,NA,100,2021,NA,NA
6/5/21,10:51:00,Vombs_Bruksgard,Libellula_quadrimaculata,Immature,,,0,NA,100,2021,NA,NA
6/5/21,10:51:00,Vombs_Bruksgard,Libellula_quadrimaculata,Immature,,,0,NA,100,2021,NA,NA
6/5/21,10:51:00,Vombs_Bruksgard,Libellula_quadrimaculata,Immature,,,0,NA,100,2021,NA,NA
6/5/21,10:51:00,Vombs_Bruksgard,Libellula_quadrimaculata,Immature,,,0,NA,100,2021,NA,NA
6/5/21,10:51:00,Vombs_Bruksgard,Libellula_quadrimaculata,Immature,,,0,NA,100,2021,NA,NA
6/5/21,10:51:00,Vombs_Bruksgard,Libellula_quadrimaculata,Immature,,,0,NA,100,2021,NA,NA
6/5/21,10:51:00,Vombs_Bruksgard,Libellula_quadrimaculata,Immature,,,0,NA,100,2021,NA,NA
6/5/21,10:51:00,Vombs_Bruksgard,Libellula_quadrimaculata,Immature,,,0,NA,100,2021,NA,NA
6/5/21,10:51:00,Vombs_Bruksgard,Libellula_quadrimaculata,Immature,,,0,NA,100,2021,NA,NA
6/5/21,10:51:00,Vombs_Bruksgard,Libellula_quadrimaculata,Immature,,,0,NA,100,2021,NA,NA
6/5/21,10:51:00,Vombs_Bruksgard,Calopteryx_splendens,Mature,1,,0,NA,100,2021,NA,NA
6/5/21,10:51:00,Vombs_Bruksgard,Calopteryx_splendens,Mature,0,Gynochrome,0,NA,100,2021,NA,NA
6/5/21,10:51:00,Vombs_Bruksgard,Cordulia_aenea,Mature,,,0,NA,100,2021,NA,NA
6/5/21,10:51:00,Vombs_Bruksgard,Cordulia_aenea,Mature,,,0,NA,100,2021,NA,NA
6/5/21,10:51:00,Vombs_Bruksgard,Cordulia_aenea,Mature,,,0,NA,100,2021,NA,NA
6/5/21,10:51:00,Vombs_Bruksgard,Cordulia_aenea,Mature,,,0,NA,100,2021,NA,NA
6/5/21,10:51:00,Vombs_Bruksgard,Cordulia_aenea,Mature,,,0,NA,100,2021,NA,NA
6/5/21,10:51:00,Vombs_Bruksgard,Cordulia_aenea,Mature,,,0,NA,100,2021,NA,NA
6/5/21,10:51:00,Vombs_Bruksgard,Coenagrion_puella,Mature,1,,1,62,100,2021,NA,NA
6/5/21,10:51:00,Vombs_Bruksgard,Cordulia_aenea,Teneral,,,0,NA,100,2021,NA,NA
6/5/21,10:51:00,Vombs_Bruksgard,Cordulia_aenea,Teneral,,,0,NA,100,2021,NA,NA
6/5/21,10:51:00,Vombs_Bruksgard,Coenagrion_puella,Mature,0,Gynochrome,1,9,100,2021,NA,NA
6/5/21,10:51:00,Vombs_Bruksgard,Coenagrion_puella,Immature,1,,1,8,100,2021,NA,NA
6/5/21,10:51:00,Vombs_Bruksgard,Cordulia_aenea,Teneral,,,0,NA,100,2021,NA,NA
6/5/21,10:51:00,Vombs_Bruksgard,Cordulia_aenea,Teneral,,,0,NA,100,2021,NA,NA
6/5/21,10:51:00,Vombs_Bruksgard,Coenagrion_lunulatum,Mature,1,,1,NA,100,2021,NA,NA
6/5/21,10:51:00,Vombs_Bruksgard,Coenagrion_lunulatum,Mature,0,Gynochrome,1,NA,100,2021,NA,NA
6/5/21,10:51:00,Vombs_Bruksgard,Coenagrion_lunulatum,Mature,1,,1,12,100,2021,NA,NA
6/5/21,10:51:00,Vombs_Bruksgard,Coenagrion_puella,Mature,0,Gynochrome,1,32,100,2021,NA,NA
6/5/21,10:51:00,Vombs_Bruksgard,Coenagrion_lunulatum,Mature,0,Gynochrome,1,89,100,2021,NA,NA
6/5/21,10:51:00,Vombs_Bruksgard,Coenagrion_lunulatum,Mature,1,,1,18,100,2021,NA,NA
6/5/21,10:51:00,Vombs_Bruksgard,Coenagrion_lunulatum,Mature,1,,1,13,100,2021,NA,NA
6/5/21,10:51:00,Vombs_Bruksgard,Coenagrion_lunulatum,Mature,0,Gynochrome,1,7,100,2021,NA,NA
6/5/21,10:51:00,Vombs_Bruksgard,Coenagrion_lunulatum,Mature,0,Gynochrome,1,106,100,2021,NA,NA
6/5/21,10:51:00,Vombs_Bruksgard,Libellula_quadrimaculata,Immature,0,Gynochrome,0,NA,100,2021,NA,NA
6/5/21,10:51:00,Vombs_Bruksgard,Enallagma_cyathigerum,Mature,1,,0,16,100,2021,NA,NA
6/5/21,10:51:00,Vombs_Bruksgard,Libellula_quadrimaculata,Teneral,0,,0,0,100,2021,NA,NA
6/5/21,10:51:00,Vombs_Bruksgard,Coenagrion_lunulatum,Mature,1,,1,37,100,2021,NA,NA
6/5/21,10:51:00,Vombs_Bruksgard,Coenagrion_lunulatum,Mature,0,Gynochrome,1,66,100,2021,NA,NA
6/5/21,10:51:00,Vombs_Bruksgard,Coenagrion_puella,Mature,1,,0,100,100,2021,NA,NA
6/5/21,10:51:00,Vombs_Bruksgard,Coenagrion_puella,Mature,1,,0,26,100,2021,NA,NA
6/5/21,10:51:00,Vombs_Bruksgard,Enallagma_cyathigerum,Mature,1,,0,0,100,2021,NA,NA
6/5/21,10:51:00,Vombs_Bruksgard,Coenagrion_lunulatum,Mature,1,,0,7,100,2021,NA,NA
6/5/21,10:51:00,Vombs_Bruksgard,Coenagrion_lunulatum,Mature,0,Gynochrome,0,50,100,2021,NA,NA
6/5/21,10:51:00,Vombs_Bruksgard,Coenagrion_puella,Mature,1,,0,30,100,2021,NA,NA
6/5/21,10:51:00,Vombs_Bruksgard,Coenagrion_puella,Teneral,1,,0,19,100,2021,NA,NA
6/5/21,10:51:00,Vombs_Bruksgard,Coenagrion_puella,Teneral,1,,0,22,100,2021,NA,NA
6/5/21,10:51:00,Vombs_Bruksgard,Coenagrion_puella,Mature,1,,0,53,100,2021,NA,NA
6/5/21,10:51:00,Vombs_Bruksgard,Coenagrion_lunulatum,Mature,1,,0,25,100,2021,NA,NA
6/5/21,10:51:00,Vombs_Bruksgard,Coenagrion_lunulatum,Teneral,1,,0,6,100,2021,NA,NA
6/5/21,10:51:00,Vombs_Bruksgard,Coenagrion_puella,Teneral,0,,0,16,100,2021,NA,NA
6/5/21,10:51:00,Vombs_Bruksgard,Enallagma_cyathigerum,Mature,1,,0,12,100,2021,NA,NA
6/5/21,10:51:00,Vombs_Bruksgard,Coenagrion_lunulatum,Mature,1,,0,12,100,2021,NA,NA
6/5/21,10:51:00,Vombs_Bruksgard,Coenagrion_puella,Mature,1,,0,37,100,2021,NA,NA
6/5/21,10:51:00,Vombs_Bruksgard,Coenagrion_puella,Mature,1,,0,83,100,2021,NA,NA
6/5/21,10:51:00,Vombs_Bruksgard,Coenagrion_lunulatum,Mature,1,,0,14,100,2021,NA,NA
6/5/21,10:51:00,Vombs_Bruksgard,Coenagrion_puella,Mature,0,Gynochrome,0,92,100,2021,NA,NA
6/5/21,10:51:00,Vombs_Bruksgard,Enallagma_cyathigerum,Mature,1,,0,2,100,2021,NA,NA
6/5/21,10:51:00,Vombs_Bruksgard,Enallagma_cyathigerum,Mature,1,,0,8,100,2021,NA,NA
6/5/21,10:51:00,Vombs_Bruksgard,Enallagma_cyathigerum,Mature,1,,0,0,100,2021,NA,NA
6/5/21,10:51:00,Vombs_Bruksgard,Coenagrion_lunulatum,Mature,1,,0,30,100,2021,NA,NA
6/5/21,10:51:00,Vombs_Bruksgard,Enallagma_cyathigerum,Mature,1,,0,22,100,2021,NA,NA
6/5/21,10:51:00,Vombs_Bruksgard,Coenagrion_puella,Mature,1,,0,8,100,2021,NA,NA
6/5/21,10:51:00,Vombs_Bruksgard,Coenagrion_pulchellum,Immature,1,,0,0,100,2021,NA,NA
6/5/21,10:51:00,Vombs_Bruksgard,Coenagrion_puella,Mature,1,,0,10,100,2021,NA,NA
6/5/21,10:51:00,Vombs_Bruksgard,Coenagrion_puella,Mature,1,,0,0,100,2021,NA,NA
6/5/21,10:51:00,Vombs_Bruksgard,Coenagrion_puella,Mature,1,,0,55,100,2021,NA,NA
6/5/21,10:51:00,Vombs_Bruksgard,Enallagma_cyathigerum,Mature,1,,0,12,100,2021,NA,NA
6/5/21,10:51:00,Vombs_Bruksgard,Coenagrion_puella,Teneral,0,,0,35,100,2021,NA,NA
6/5/21,10:51:00,Vombs_Bruksgard,Coenagrion_puella,Mature,1,,0,6,100,2021,NA,NA
6/5/21,10:51:00,Vombs_Bruksgard,Coenagrion_puella,Mature,1,,0,26,100,2021,NA,NA
6/5/21,10:51:00,Vombs_Bruksgard,Coenagrion_lunulatum,Mature,1,,0,18,100,2021,NA,NA
6/5/21,10:51:00,Vombs_Bruksgard,Coenagrion_puella,Teneral,0,,0,32,100,2021,NA,NA
6/5/21,10:51:00,Vombs_Bruksgard,Coenagrion_puella,Teneral,1,,0,50,100,2021,NA,NA
6/5/21,10:51:00,Vombs_Bruksgard,Coenagrion_puella,Teneral,1,,0,27,100,2021,NA,NA
6/5/21,10:51:00,Vombs_Bruksgard,Coenagrion_puella,Teneral,0,,0,47,100,2021,NA,NA
6/5/21,10:51:00,Vombs_Bruksgard,Coenagrion_puella,Teneral,1,,0,30,100,2021,NA,NA
6/5/21,10:51:00,Vombs_Bruksgard,Coenagrion_puella,Mature,1,,0,0,100,2021,NA,NA
6/5/21,10:51:00,Vombs_Bruksgard,Coenagrion_lunulatum,Mature,1,,0,22,100,2021,NA,NA
6/5/21,10:51:00,Vombs_Bruksgard,Coenagrion_puella,Mature,1,,0,60,100,2021,NA,NA
6/5/21,10:51:00,Vombs_Bruksgard,Coenagrion_puella,Mature,1,,0,26,100,2021,NA,NA
6/5/21,10:51:00,Vombs_Bruksgard,Coenagrion_puella,Mature,1,,0,0,100,2021,NA,NA
6/5/21,10:51:00,Vombs_Bruksgard,Coenagrion_pulchellum,Mature,1,,0,0,100,2021,NA,NA
6/5/21,10:51:00,Vombs_Bruksgard,Coenagrion_puella,Mature,1,,0,50,100,2021,NA,NA
6/5/21,10:51:00,Vombs_Bruksgard,Pyrrhosoma_nymphula,Mature,1,,0,0,100,2021,NA,NA
6/5/21,10:51:00,Vombs_Bruksgard,Coenagrion_puella,Mature,1,,0,87,100,2021,NA,NA
6/5/21,10:51:00,Vombs_Bruksgard,Coenagrion_puella,Mature,1,,0,16,100,2021,NA,NA
6/5/21,10:51:00,Vombs_Bruksgard,Enallagma_cyathigerum,Mature,1,,0,0,100,2021,NA,NA
6/5/21,10:51:00,Vombs_Bruksgard,Coenagrion_puella,Immature,1,,0,22,100,2021,NA,NA
6/5/21,10:51:00,Vombs_Bruksgard,Enallagma_cyathigerum,Immature,1,,0,39,100,2021,NA,NA
6/5/21,10:51:00,Vombs_Bruksgard,Enallagma_cyathigerum,Immature,1,,0,22,100,2021,NA,NA
6/5/21,10:51:00,Vombs_Bruksgard,Enallagma_cyathigerum,Mature,1,,0,24,100,2021,NA,NA
6/5/21,10:51:00,Vombs_Bruksgard,Coenagrion_puella,Mature,1,,0,0,100,2021,NA,NA
6/5/21,10:51:00,Vombs_Bruksgard,Enallagma_cyathigerum,Teneral,1,,0,69,100,2021,NA,NA
6/5/21,10:51:00,Vombs_Bruksgard,Coenagrion_puella,Mature,1,,0,8,100,2021,NA,NA
6/5/21,10:51:00,Vombs_Bruksgard,Coenagrion_lunulatum,Mature,1,,0,0,100,2021,NA,NA
6/5/21,10:51:00,Vombs_Bruksgard,Coenagrion_puella,Teneral,1,,0,104,100,2021,NA,NA
6/5/21,10:51:00,Vombs_Bruksgard,Coenagrion_puella,Teneral,1,,0,13,100,2021,NA,NA
6/5/21,10:51:00,Vombs_Bruksgard,Coenagrion_puella,Teneral,0,,0,82,100,2021,NA,NA
6/5/21,10:51:00,Vombs_Bruksgard,Coenagrion_lunulatum,Mature,1,,0,0,100,2021,NA,NA
6/5/21,10:51:00,Vombs_Bruksgard,Coenagrion_puella,Mature,1,,0,30,100,2021,NA,NA
6/5/21,10:51:00,Vombs_Bruksgard,Coenagrion_pulchellum,Mature,1,,0,67,100,2021,NA,NA
6/5/21,10:51:00,Vombs_Bruksgard,Coenagrion_puella,Mature,1,,0,7,100,2021,NA,NA
6/5/21,10:51:00,Vombs_Bruksgard,Coenagrion_puella,Mature,1,,0,65,100,2021,NA,NA
6/5/21,10:51:00,Vombs_Bruksgard,Coenagrion_lunulatum,Immature,1,,0,15,100,2021,NA,NA
6/5/21,10:51:00,Vombs_Bruksgard,Coenagrion_puella,Mature,1,,0,8,100,2021,NA,NA
6/5/21,10:51:00,Vombs_Bruksgard,Coenagrion_puella,Teneral,0,,0,17,100,2021,NA,NA
6/5/21,10:51:00,Vombs_Bruksgard,Coenagrion_puella,Teneral,1,,0,23,100,2021,NA,NA
6/5/21,10:51:00,Vombs_Bruksgard,Coenagrion_puella,Teneral,1,,0,11,100,2021,NA,NA
6/5/21,10:51:00,Vombs_Bruksgard,Coenagrion_puella,Teneral,0,,0,80,100,2021,NA,NA
6/6/21,10:34:00,Genarp,Coenagrion_pulchellum,Mature,0,Gynochrome,1,0,45,2021,NA,NA
6/6/21,10:34:00,Genarp,Coenagrion_pulchellum,Mature,1,,1,0,45,2021,NA,NA
6/6/21,10:34:00,Genarp,Coenagrion_pulchellum,Mature,1,,1,18,45,2021,NA,NA
6/6/21,10:34:00,Genarp,Coenagrion_pulchellum,Mature,0,Gynochrome,1,25,45,2021,NA,NA
6/6/21,10:34:00,Genarp,Coenagrion_pulchellum,Mature,1,,1,30,45,2021,NA,NA
6/6/21,10:34:00,Genarp,Coenagrion_pulchellum,Immature,0,Gynochrome,1,36,45,2021,NA,NA
6/6/21,10:34:00,Genarp,Coenagrion_pulchellum,Mature,1,,1,0,45,2021,NA,NA
6/6/21,10:34:00,Genarp,Coenagrion_pulchellum,Mature,1,,1,28,45,2021,NA,NA
6/6/21,10:34:00,Genarp,Coenagrion_pulchellum,Mature,0,Gynochrome,1,12,45,2021,NA,NA
6/6/21,10:34:00,Genarp,Coenagrion_pulchellum,Mature,1,,1,9,45,2021,NA,NA
6/6/21,10:34:00,Genarp,Coenagrion_pulchellum,Mature,0,Androchrome,1,11,45,2021,NA,NA
6/6/21,10:34:00,Genarp,Coenagrion_pulchellum,Mature,0,Gynochrome,1,0,45,2021,NA,NA
6/6/21,10:34:00,Genarp,Coenagrion_pulchellum,Mature,0,Gynochrome,1,0,45,2021,NA,NA
6/6/21,10:34:00,Genarp,Coenagrion_pulchellum,Mature,0,Gynochrome,1,57,45,2021,NA,NA
6/6/21,10:34:00,Genarp,Coenagrion_pulchellum,Mature,1,,1,0,45,2021,NA,NA
6/6/21,10:34:00,Genarp,Coenagrion_pulchellum,Immature,1,,1,2,45,2021,NA,NA
6/6/21,10:34:00,Genarp,Coenagrion_pulchellum,Mature,1,,1,18,45,2021,NA,NA
6/6/21,10:34:00,Genarp,Coenagrion_pulchellum,Mature,0,Gynochrome,1,35,45,2021,NA,NA
6/6/21,10:34:00,Genarp,Calopteryx_splendens,Mature,1,,0,NA,45,2021,NA,NA
6/6/21,10:34:00,Genarp,Calopteryx_splendens,Mature,1,,0,NA,45,2021,NA,NA
6/6/21,10:34:00,Genarp,Calopteryx_splendens,Mature,1,,0,0,45,2021,NA,NA
6/6/21,10:34:00,Genarp,Coenagrion_pulchellum,Mature,1,,0,0,45,2021,NA,NA
6/6/21,10:34:00,Genarp,Coenagrion_puella,Mature,1,,0,27,45,2021,NA,NA
6/6/21,10:34:00,Genarp,Coenagrion_pulchellum,Immature,1,,0,34,45,2021,NA,NA
6/6/21,10:34:00,Genarp,Coenagrion_pulchellum,Mature,1,,0,7,45,2021,NA,NA
6/6/21,10:34:00,Genarp,Coenagrion_pulchellum,Immature,1,,0,35,45,2021,NA,NA
6/6/21,10:34:00,Genarp,Coenagrion_pulchellum,Mature,1,,0,44,45,2021,NA,NA
6/6/21,10:34:00,Genarp,Coenagrion_pulchellum,Immature,1,,0,39,45,2021,NA,NA
6/6/21,10:34:00,Genarp,Coenagrion_pulchellum,Mature,0,Gynochrome,0,13,45,2021,NA,NA
6/6/21,10:34:00,Genarp,Coenagrion_pulchellum,Mature,1,,0,1,45,2021,NA,NA
6/6/21,10:34:00,Genarp,Coenagrion_pulchellum,Immature,1,,0,18,45,2021,NA,NA
6/6/21,10:34:00,Genarp,Coenagrion_pulchellum,Mature,1,,0,33,45,2021,NA,NA
6/6/21,10:34:00,Genarp,Coenagrion_pulchellum,Mature,1,,0,28,45,2021,NA,NA
6/6/21,10:34:00,Genarp,Coenagrion_pulchellum,Mature,1,,0,25,45,2021,NA,NA
6/6/21,10:34:00,Genarp,Coenagrion_pulchellum,Immature,1,,0,15,45,2021,NA,NA
6/6/21,10:34:00,Genarp,Coenagrion_pulchellum,Immature,1,,0,21,45,2021,NA,NA
6/6/21,10:34:00,Genarp,Coenagrion_pulchellum,Mature,0,Gynochrome,1,18,45,2021,NA,NA
6/6/21,10:34:00,Genarp,Coenagrion_pulchellum,Mature,0,Gynochrome,1,0,45,2021,NA,NA
6/6/21,10:34:00,Genarp,Coenagrion_pulchellum,Immature,1,,0,23,45,2021,NA,NA
6/6/21,10:34:00,Genarp,Coenagrion_pulchellum,Immature,1,,0,7,45,2021,NA,NA
6/6/21,10:34:00,Genarp,Coenagrion_pulchellum,Mature,0,Androchrome,1,0,45,2021,NA,NA
6/6/21,10:34:00,Genarp,Coenagrion_pulchellum,Immature,1,,0,0,45,2021,NA,NA
6/6/21,10:34:00,Genarp,Coenagrion_pulchellum,Immature,1,,0,16,45,2021,NA,NA
6/6/21,10:34:00,Genarp,Coenagrion_puella,Immature,1,,0,3,45,2021,NA,NA
6/6/21,10:34:00,Genarp,Coenagrion_pulchellum,Teneral,0,,0,15,45,2021,NA,NA
6/6/21,10:34:00,Genarp,Coenagrion_pulchellum,Mature,1,,0,38,45,2021,NA,NA
6/6/21,10:34:00,Genarp,Coenagrion_pulchellum,Mature,1,,0,27,45,2021,NA,NA
6/6/21,10:34:00,Genarp,Erythromma_najas,Mature,1,,0,0,45,2021,NA,NA
6/6/21,10:34:00,Genarp,Coenagrion_puella,Mature,1,,0,60,45,2021,NA,NA
6/6/21,10:34:00,Genarp,Erythromma_najas,Mature,0,Gynochrome,0,0,45,2021,NA,NA
6/6/21,10:34:00,Genarp,Coenagrion_pulchellum,Mature,1,,0,1,45,2021,NA,NA
6/6/21,10:34:00,Genarp,Coenagrion_pulchellum,Immature,1,,0,30,45,2021,NA,NA
6/6/21,10:34:00,Genarp,Coenagrion_pulchellum,Mature,1,,0,0,45,2021,NA,NA
6/6/21,10:34:00,Genarp,Coenagrion_pulchellum,Mature,0,Gynochrome,1,0,45,2021,NA,NA
6/6/21,10:34:00,Genarp,Coenagrion_pulchellum,Immature,1,,0,48,45,2021,NA,NA
6/6/21,10:34:00,Genarp,Coenagrion_pulchellum,Mature,0,Gynochrome,0,0,45,2021,NA,NA
6/6/21,10:34:00,Genarp,Coenagrion_pulchellum,Mature,1,,0,26,45,2021,NA,NA
6/6/21,10:34:00,Genarp,Coenagrion_pulchellum,Mature,0,Gynochrome,0,82,45,2021,NA,NA
6/6/21,10:34:00,Genarp,Erythromma_najas,Mature,1,,0,0,45,2021,NA,NA
6/6/21,10:34:00,Genarp,Coenagrion_pulchellum,Mature,1,,0,70,45,2021,NA,NA
6/6/21,10:34:00,Genarp,Coenagrion_pulchellum,Mature,1,,0,56,45,2021,NA,NA
6/6/21,10:34:00,Genarp,Coenagrion_pulchellum,Mature,0,Gynochrome,0,15,45,2021,NA,NA
6/6/21,10:34:00,Genarp,Coenagrion_pulchellum,Mature,1,,0,21,45,2021,NA,NA
6/6/21,10:34:00,Genarp,Coenagrion_pulchellum,Mature,1,,0,45,45,2021,NA,NA
6/6/21,12:47:00,Flackarp,Brachytron_pratense,Mature,,,0,NA,45,2021,NA,NA
6/6/21,12:47:00,Flackarp,Brachytron_pratense,Mature,,,0,NA,45,2021,NA,NA
6/6/21,12:47:00,Flackarp,Brachytron_pratense,Mature,,,0,NA,45,2021,NA,NA
6/6/21,12:47:00,Flackarp,Brachytron_pratense,Mature,,,0,NA,45,2021,NA,NA
6/6/21,12:47:00,Flackarp,Brachytron_pratense,Mature,,,0,NA,45,2021,NA,NA
6/6/21,12:47:00,Flackarp,Orthetrum_cancellatum,Mature,1,,0,NA,45,2021,NA,NA
6/6/21,12:47:00,Flackarp,Orthetrum_cancellatum,Mature,1,,0,NA,45,2021,NA,NA
6/6/21,12:47:00,Flackarp,Orthetrum_cancellatum,Mature,1,,0,NA,45,2021,NA,NA
6/6/21,12:47:00,Flackarp,Orthetrum_cancellatum,Mature,1,,0,NA,45,2021,NA,NA
6/6/21,12:47:00,Flackarp,Orthetrum_cancellatum,Mature,1,,0,NA,45,2021,NA,NA
6/6/21,12:47:00,Flackarp,Orthetrum_cancellatum,Mature,1,,0,NA,45,2021,NA,NA
6/6/21,12:47:00,Flackarp,Orthetrum_cancellatum,Mature,0,Gynochrome,0,NA,45,2021,NA,NA
6/6/21,12:47:00,Flackarp,Calopteryx_splendens,Mature,0,Gynochrome,0,NA,45,2021,NA,NA
6/6/21,12:47:00,Flackarp,Calopteryx_splendens,Mature,0,Gynochrome,0,NA,45,2021,NA,NA
6/6/21,12:47:00,Flackarp,Calopteryx_splendens,Mature,0,Gynochrome,0,NA,45,2021,NA,NA
6/6/21,12:47:00,Flackarp,Calopteryx_splendens,Mature,0,Gynochrome,0,NA,45,2021,NA,NA
6/6/21,12:47:00,Flackarp,Calopteryx_splendens,Mature,1,,0,NA,45,2021,NA,NA
6/6/21,12:47:00,Flackarp,Calopteryx_splendens,Mature,1,,0,NA,45,2021,NA,NA
6/6/21,12:47:00,Flackarp,Calopteryx_splendens,Mature,1,,0,NA,45,2021,NA,NA
6/6/21,12:47:00,Flackarp,Calopteryx_splendens,Mature,1,,0,NA,45,2021,NA,NA
6/6/21,12:47:00,Flackarp,Calopteryx_splendens,Mature,1,,0,NA,45,2021,NA,NA
6/6/21,12:47:00,Flackarp,Calopteryx_splendens,Mature,1,,0,NA,45,2021,NA,NA
6/6/21,12:47:00,Flackarp,Brachytron_pratense,Mature,1,,0,0,45,2021,NA,NA
6/6/21,12:47:00,Flackarp,Brachytron_pratense,Mature,1,,0,0,45,2021,NA,NA
6/6/21,12:47:00,Flackarp,Brachytron_pratense,Mature,1,,0,0,45,2021,NA,NA
6/6/21,12:47:00,Flackarp,Coenagrion_puella,Mature,0,Gynochrome,1,43,45,2021,NA,NA
6/6/21,12:47:00,Flackarp,Coenagrion_puella,Mature,1,,1,2,45,2021,NA,NA
6/6/21,12:47:00,Flackarp,Coenagrion_puella,Mature,0,Gynochrome,1,18,45,2021,NA,NA
6/6/21,12:47:00,Flackarp,Coenagrion_puella,Mature,1,,1,2,45,2021,NA,NA
6/6/21,12:47:00,Flackarp,Coenagrion_puella,Mature,1,,1,2,45,2021,NA,NA
6/6/21,12:47:00,Flackarp,Coenagrion_pulchellum,Mature,1,,1,11,45,2021,NA,NA
6/6/21,12:47:00,Flackarp,Coenagrion_pulchellum,Mature,0,Gynochrome,1,12,45,2021,NA,NA
6/6/21,12:47:00,Flackarp,Coenagrion_pulchellum,Mature,1,,1,19,45,2021,NA,NA
6/6/21,12:47:00,Flackarp,Coenagrion_pulchellum,Mature,0,Gynochrome,1,1,45,2021,NA,NA
6/6/21,12:47:00,Flackarp,Coenagrion_puella,Mature,0,Androchrome,1,15,45,2021,NA,NA
6/6/21,12:47:00,Flackarp,Coenagrion_puella,Mature,0,Gynochrome,1,7,45,2021,NA,NA
6/6/21,12:47:00,Flackarp,Coenagrion_puella,Mature,1,,1,9,45,2021,NA,NA
6/6/21,12:47:00,Flackarp,Coenagrion_puella,Mature,1,,1,1,45,2021,NA,NA
6/6/21,12:47:00,Flackarp,Coenagrion_puella,Mature,0,Gynochrome,1,8,45,2021,NA,NA
6/6/21,12:47:00,Flackarp,Calopteryx_splendens,Mature,0,Gynochrome,0,0,45,2021,NA,NA
6/6/21,12:47:00,Flackarp,Coenagrion_puella,Mature,1,,0,1,45,2021,NA,NA
6/6/21,12:47:00,Flackarp,Coenagrion_pulchellum,Mature,1,,0,3,45,2021,NA,NA
6/6/21,12:47:00,Flackarp,Coenagrion_puella,Mature,1,,0,79,45,2021,NA,NA
6/6/21,12:47:00,Flackarp,Coenagrion_puella,Mature,1,,0,3,45,2021,NA,NA
6/6/21,12:47:00,Flackarp,Coenagrion_pulchellum,Mature,1,,0,5,45,2021,NA,NA
6/6/21,12:47:00,Flackarp,Coenagrion_puella,Mature,1,,0,5,45,2021,NA,NA
6/6/21,12:47:00,Flackarp,Coenagrion_puella,Mature,1,,0,54,45,2021,NA,NA
6/6/21,12:47:00,Flackarp,Coenagrion_puella,Mature,1,,0,1,45,2021,NA,NA
6/6/21,12:47:00,Flackarp,Coenagrion_puella,Mature,1,,0,1,45,2021,NA,NA
6/6/21,12:47:00,Flackarp,Coenagrion_pulchellum,Mature,1,,0,0,45,2021,NA,NA
6/6/21,12:47:00,Flackarp,Coenagrion_pulchellum,Mature,0,Gynochrome,0,2,45,2021,NA,NA
6/6/21,12:47:00,Flackarp,Coenagrion_puella,Mature,1,,0,19,45,2021,NA,NA
6/6/21,12:47:00,Flackarp,Coenagrion_puella,Mature,1,,0,0,45,2021,NA,NA
6/6/21,12:47:00,Flackarp,Coenagrion_puella,Mature,1,,0,3,45,2021,NA,NA
6/6/21,12:47:00,Flackarp,Coenagrion_puella,Mature,1,,0,0,45,2021,NA,NA
6/6/21,12:47:00,Flackarp,Coenagrion_puella,Mature,1,,0,0,45,2021,NA,NA
6/6/21,12:47:00,Flackarp,Erythromma_najas,Mature,1,,0,25,45,2021,NA,NA
6/6/21,12:47:00,Flackarp,Coenagrion_pulchellum,Mature,1,,0,12,45,2021,NA,NA
6/6/21,12:47:00,Flackarp,Coenagrion_puella,Mature,1,,0,2,45,2021,NA,NA
6/6/21,12:47:00,Flackarp,Coenagrion_pulchellum,Mature,1,,0,3,45,2021,NA,NA
6/6/21,12:47:00,Flackarp,Coenagrion_pulchellum,Mature,1,,0,0,45,2021,NA,NA
6/6/21,12:47:00,Flackarp,Coenagrion_pulchellum,Mature,1,,0,1,45,2021,NA,NA
6/6/21,12:47:00,Flackarp,Coenagrion_puella,Mature,1,,0,0,45,2021,NA,NA
6/6/21,12:47:00,Flackarp,Coenagrion_puella,Mature,1,,0,42,45,2021,NA,NA
6/6/21,12:47:00,Flackarp,Coenagrion_puella,Mature,1,,0,41,45,2021,NA,NA
6/6/21,12:47:00,Flackarp,Coenagrion_puella,Mature,1,,0,2,45,2021,NA,NA
6/6/21,12:47:00,Flackarp,Coenagrion_puella,Mature,1,,0,0,45,2021,NA,NA
6/6/21,12:47:00,Flackarp,Coenagrion_puella,Mature,1,,0,0,45,2021,NA,NA
6/6/21,12:47:00,Flackarp,Coenagrion_pulchellum,Mature,1,,0,6,45,2021,NA,NA
6/6/21,12:47:00,Flackarp,Coenagrion_puella,Mature,1,,0,0,45,2021,NA,NA
6/6/21,12:47:00,Flackarp,Coenagrion_puella,Mature,1,,0,68,45,2021,NA,NA
6/6/21,12:47:00,Flackarp,Coenagrion_puella,Mature,1,,0,3,45,2021,NA,NA
6/6/21,12:47:00,Flackarp,Coenagrion_pulchellum,Teneral,1,,0,23,45,2021,NA,NA
6/6/21,12:47:00,Flackarp,Coenagrion_pulchellum,Mature,1,,0,16,45,2021,NA,NA
6/6/21,12:47:00,Flackarp,Coenagrion_pulchellum,Mature,1,,0,21,45,2021,NA,NA
6/6/21,12:47:00,Flackarp,Coenagrion_puella,Mature,1,,0,20,45,2021,NA,NA
6/7/21,10:23:00,Borgeby,Brachytron_pratense,Mature,1,,0,NA,80,2021,NA,NA
6/7/21,10:23:00,Borgeby,Brachytron_pratense,Mature,1,,0,NA,80,2021,NA,NA
6/7/21,10:23:00,Borgeby,Brachytron_pratense,Mature,1,,0,NA,80,2021,NA,NA
6/7/21,10:23:00,Borgeby,Brachytron_pratense,Mature,1,,0,NA,80,2021,NA,NA
6/7/21,10:23:00,Borgeby,Brachytron_pratense,Mature,1,,0,NA,80,2021,NA,NA
6/7/21,10:23:00,Borgeby,Coenagrion_pulchellum,Immature,1,,0,2,80,2021,NA,NA
6/7/21,10:23:00,Borgeby,Coenagrion_pulchellum,Mature,1,,0,4,80,2021,NA,NA
6/7/21,10:23:00,Borgeby,Coenagrion_pulchellum,Mature,1,,0,0,80,2021,NA,NA
6/7/21,10:23:00,Borgeby,Coenagrion_pulchellum,Mature,1,,0,2,80,2021,NA,NA
6/7/21,10:23:00,Borgeby,Coenagrion_pulchellum,Mature,0,Gynochrome,0,4,80,2021,NA,NA
6/7/21,10:23:00,Borgeby,Coenagrion_puella,Mature,1,,0,0,80,2021,NA,NA
6/7/21,10:23:00,Borgeby,Enallagma_cyathigerum,Mature,1,,0,0,80,2021,NA,NA
6/7/21,10:23:00,Borgeby,Coenagrion_puella,Immature,1,,0,1,80,2021,NA,NA
6/7/21,10:23:00,Borgeby,Coenagrion_puella,Mature,1,,0,50,80,2021,NA,NA
6/7/21,10:23:00,Borgeby,Coenagrion_puella,Immature,1,,0,0,80,2021,NA,NA
6/7/21,10:23:00,Borgeby,Coenagrion_pulchellum,Mature,1,,0,15,80,2021,NA,NA
6/7/21,10:23:00,Borgeby,Coenagrion_puella,Mature,1,,0,41,80,2021,NA,NA
6/7/21,10:23:00,Borgeby,Coenagrion_puella,Mature,1,,0,0,80,2021,NA,NA
6/7/21,10:23:00,Borgeby,Coenagrion_puella,Mature,1,,0,1,80,2021,NA,NA
6/7/21,10:23:00,Borgeby,Coenagrion_puella,Mature,1,,0,1,80,2021,NA,NA
6/7/21,10:23:00,Borgeby,Coenagrion_puella,Mature,1,,0,2,80,2021,NA,NA
6/7/21,10:23:00,Borgeby,Enallagma_cyathigerum,Mature,1,,0,0,80,2021,NA,NA
6/7/21,10:23:00,Borgeby,Coenagrion_puella,Mature,1,,0,1,80,2021,NA,NA
6/7/21,10:23:00,Borgeby,Coenagrion_pulchellum,Mature,1,,0,0,80,2021,NA,NA
6/7/21,10:23:00,Borgeby,Enallagma_cyathigerum,Mature,1,,0,2,80,2021,NA,NA
6/7/21,10:23:00,Borgeby,Coenagrion_pulchellum,Mature,1,,0,4,80,2021,NA,NA
6/7/21,10:23:00,Borgeby,Coenagrion_pulchellum,Mature,1,,0,1,80,2021,NA,NA
6/7/21,10:23:00,Borgeby,Coenagrion_pulchellum,Mature,1,,0,1,80,2021,NA,NA
6/7/21,10:23:00,Borgeby,Coenagrion_pulchellum,Mature,1,,0,51,80,2021,NA,NA
6/7/21,10:23:00,Borgeby,Coenagrion_pulchellum,Mature,1,,0,0,80,2021,NA,NA
6/7/21,10:23:00,Borgeby,Coenagrion_pulchellum,Mature,1,,0,1,80,2021,NA,NA
6/7/21,10:23:00,Borgeby,Coenagrion_puella,Mature,1,,0,1,80,2021,NA,NA
6/7/21,10:23:00,Borgeby,Coenagrion_pulchellum,Mature,1,,0,30,80,2021,NA,NA
6/7/21,10:23:00,Borgeby,Coenagrion_puella,Immature,1,,0,2,80,2021,NA,NA
6/7/21,10:23:00,Borgeby,Coenagrion_puella,Mature,1,,0,2,80,2021,NA,NA
6/7/21,10:23:00,Borgeby,Enallagma_cyathigerum,Mature,1,,0,0,80,2021,NA,NA
6/7/21,10:23:00,Borgeby,Coenagrion_pulchellum,Mature,1,,0,6,80,2021,NA,NA
6/7/21,10:23:00,Borgeby,Coenagrion_pulchellum,Immature,0,Gynochrome,0,60,80,2021,NA,NA
6/7/21,10:23:00,Borgeby,Brachytron_pratense,Mature,1,,0,0,80,2021,NA,NA
6/7/21,10:23:00,Borgeby,Brachytron_pratense,Mature,0,Gynochrome,0,0,80,2021,NA,NA
6/7/21,10:23:00,Borgeby,Orthetrum_cancellatum,Teneral,0,,0,0,80,2021,NA,NA
6/7/21,10:23:00,Habo_Gard,Anax_parthenope,Mature,1,,0,NA,80,2021,NA,NA
6/7/21,10:23:00,Habo_Gard,Calopteryx_splendens,NA,1,,0,NA,80,2021,NA,NA
6/7/21,10:23:00,Habo_Gard,Calopteryx_splendens,NA,0,Gynochrome,0,NA,80,2021,NA,NA
6/7/21,10:23:00,Habo_Gard,Calopteryx_splendens,NA,0,Gynochrome,0,NA,80,2021,NA,NA
6/7/21,10:23:00,Habo_Gard,Calopteryx_splendens,Mature,0,Gynochrome,0,0,80,2021,NA,NA
6/7/21,10:23:00,Habo_Gard,Calopteryx_splendens,Mature,1,,0,0,80,2021,NA,NA
6/7/21,13:40:00,Lomma_Kyrkdamm,Cordulia_aenea,NA,,,0,NA,80,2021,NA,NA
6/7/21,13:40:00,Lomma_Kyrkdamm,Cordulia_aenea,NA,,,0,NA,80,2021,NA,NA
6/7/21,13:40:00,Lomma_Kyrkdamm,Orthetrum_cancellatum,NA,,,0,NA,80,2021,NA,NA
6/7/21,13:40:00,Lomma_Kyrkdamm,Coenagrion_pulchellum,Mature,1,,1,6,80,2021,NA,NA
6/7/21,13:40:00,Lomma_Kyrkdamm,Coenagrion_pulchellum,Mature,0,Gynochrome,1,21,80,2021,NA,NA
6/7/21,13:40:00,Lomma_Kyrkdamm,Coenagrion_pulchellum,Mature,1,,1,0,80,2021,NA,NA
6/7/21,13:40:00,Lomma_Kyrkdamm,Coenagrion_pulchellum,Mature,0,Gynochrome,1,0,80,2021,NA,NA
6/7/21,13:40:00,Lomma_Kyrkdamm,Coenagrion_pulchellum,Mature,1,,1,5,80,2021,NA,NA
6/7/21,13:40:00,Lomma_Kyrkdamm,Coenagrion_pulchellum,Mature,0,Gynochrome,1,24,80,2021,NA,NA
6/7/21,13:40:00,Lomma_Kyrkdamm,Orthetrum_cancellatum,Immature,0,Gynochrome,0,0,80,2021,NA,NA
6/7/21,13:40:00,Lomma_Kyrkdamm,Enallagma_cyathigerum,Mature,1,,0,3,80,2021,NA,NA
6/7/21,13:40:00,Lomma_Kyrkdamm,Coenagrion_pulchellum,Mature,1,,0,1,80,2021,NA,NA
6/7/21,13:40:00,Lomma_Kyrkdamm,Coenagrion_pulchellum,Mature,1,,0,4,80,2021,NA,NA
6/7/21,13:40:00,Lomma_Kyrkdamm,Coenagrion_pulchellum,Mature,1,,0,0,80,2021,NA,NA
6/7/21,13:40:00,Lomma_Kyrkdamm,Enallagma_cyathigerum,Mature,1,,0,0,80,2021,NA,NA
6/7/21,13:40:00,Lomma_Kyrkdamm,Enallagma_cyathigerum,Mature,1,,0,1,80,2021,NA,NA
6/7/21,13:40:00,Lomma_Kyrkdamm,Enallagma_cyathigerum,Mature,1,,0,8,80,2021,NA,NA
6/7/21,13:40:00,Lomma_Kyrkdamm,Coenagrion_pulchellum,Mature,1,,0,26,80,2021,NA,NA
6/7/21,13:40:00,Lomma_Kyrkdamm,Coenagrion_pulchellum,Mature,1,,0,11,80,2021,NA,NA
6/7/21,13:40:00,Lomma_Kyrkdamm,Coenagrion_pulchellum,Immature,1,,0,1,80,2021,NA,NA
6/7/21,13:40:00,Lomma_Kyrkdamm,Coenagrion_pulchellum,Mature,1,,0,8,80,2021,NA,NA
6/7/21,13:40:00,Lomma_Kyrkdamm,Enallagma_cyathigerum,Mature,1,,0,0,80,2021,NA,NA
6/7/21,13:40:00,Lomma_Kyrkdamm,Coenagrion_pulchellum,Mature,1,,0,0,80,2021,NA,NA
6/7/21,13:40:00,Lomma_Kyrkdamm,Coenagrion_pulchellum,Mature,1,,0,1,80,2021,NA,NA
6/7/21,13:40:00,Lomma_Kyrkdamm,Enallagma_cyathigerum,Mature,1,,0,1,80,2021,NA,NA
6/7/21,13:40:00,Lomma_Kyrkdamm,Coenagrion_pulchellum,Mature,1,,0,9,80,2021,NA,NA
6/7/21,13:40:00,Lomma_Kyrkdamm,Coenagrion_pulchellum,Immature,1,,0,12,80,2021,NA,NA
6/7/21,13:40:00,Lomma_Kyrkdamm,Enallagma_cyathigerum,Mature,1,,0,3,80,2021,NA,NA
6/7/21,13:40:00,Lomma_Kyrkdamm,Coenagrion_pulchellum,Immature,1,,0,1,80,2021,NA,NA
6/7/21,13:40:00,Lomma_Kyrkdamm,Enallagma_cyathigerum,Mature,1,,0,0,80,2021,NA,NA
6/7/21,13:40:00,Lomma_Kyrkdamm,Coenagrion_pulchellum,Mature,1,,0,3,80,2021,NA,NA
6/7/21,13:40:00,Lomma_Kyrkdamm,Coenagrion_pulchellum,Mature,1,,0,0,80,2021,NA,NA
6/7/21,13:40:00,Lomma_Kyrkdamm,Enallagma_cyathigerum,Mature,1,,0,7,80,2021,NA,NA
6/7/21,13:40:00,Lomma_Kyrkdamm,Enallagma_cyathigerum,Mature,1,,0,6,80,2021,NA,NA
6/7/21,13:40:00,Lomma_Kyrkdamm,Enallagma_cyathigerum,Mature,1,,0,8,80,2021,NA,NA
6/7/21,13:40:00,Lomma_Kyrkdamm,Enallagma_cyathigerum,Mature,1,,0,0,80,2021,NA,NA
6/7/21,13:40:00,Lomma_Kyrkdamm,Coenagrion_pulchellum,Mature,1,,0,0,80,2021,NA,NA
6/7/21,13:40:00,Lomma_Kyrkdamm,Coenagrion_pulchellum,Immature,1,,0,50,80,2021,NA,NA
6/7/21,13:40:00,Lomma_Kyrkdamm,Enallagma_cyathigerum,Mature,1,,0,10,80,2021,NA,NA
6/7/21,13:40:00,Lomma_Kyrkdamm,Enallagma_cyathigerum,Mature,1,,0,18,80,2021,NA,NA
6/7/21,13:40:00,Lomma_Kyrkdamm,Enallagma_cyathigerum,Mature,1,,0,10,80,2021,NA,NA
6/7/21,13:40:00,Lomma_Kyrkdamm,Enallagma_cyathigerum,Mature,1,,0,10,80,2021,NA,NA
6/7/21,13:40:00,Lomma_Kyrkdamm,Coenagrion_pulchellum,Mature,1,,0,3,80,2021,NA,NA
6/7/21,13:40:00,Lomma_Kyrkdamm,Coenagrion_pulchellum,Mature,1,,0,1,80,2021,NA,NA
6/7/21,13:40:00,Lomma_Kyrkdamm,Enallagma_cyathigerum,Mature,1,,0,3,80,2021,NA,NA
6/7/21,13:40:00,Lomma_Kyrkdamm,Coenagrion_pulchellum,Mature,1,,0,10,80,2021,NA,NA
6/7/21,13:40:00,Lomma_Kyrkdamm,Enallagma_cyathigerum,Mature,1,,0,1,80,2021,NA,NA
6/7/21,13:40:00,Lomma_Kyrkdamm,Enallagma_cyathigerum,Mature,1,,0,1,80,2021,NA,NA
6/7/21,13:40:00,Lomma_Kyrkdamm,Enallagma_cyathigerum,Mature,1,,0,10,80,2021,NA,NA
6/7/21,13:40:00,Lomma_Kyrkdamm,Coenagrion_pulchellum,Mature,1,,0,0,80,2021,NA,NA
6/7/21,13:40:00,Lomma_Kyrkdamm,Coenagrion_pulchellum,Mature,1,,0,2,80,2021,NA,NA
6/7/21,13:40:00,Lomma_Kyrkdamm,Coenagrion_pulchellum,Mature,1,,0,5,80,2021,NA,NA
6/7/21,13:40:00,Lomma_Kyrkdamm,Coenagrion_pulchellum,Immature,1,,0,9,80,2021,NA,NA
6/7/21,13:40:00,Lomma_Kyrkdamm,Coenagrion_pulchellum,Mature,1,,0,0,80,2021,NA,NA
6/7/21,13:40:00,Lomma_Kyrkdamm,Coenagrion_pulchellum,Mature,1,,0,41,80,2021,NA,NA
6/7/21,13:40:00,Lomma_Kyrkdamm,Coenagrion_pulchellum,Immature,1,,0,8,80,2021,NA,NA
6/7/21,13:40:00,Lomma_Kyrkdamm,Coenagrion_pulchellum,Mature,1,,0,46,80,2021,NA,NA
6/8/21,10:40:00,Krutladan,Enallagma_cyathigerum,Mature,1,,0,0,140,2021,NA,NA
6/8/21,10:40:00,Krutladan,Enallagma_cyathigerum,Mature,1,,0,0,140,2021,NA,NA
6/8/21,10:40:00,Krutladan,Enallagma_cyathigerum,Mature,1,,0,0,140,2021,NA,NA
6/8/21,10:40:00,Krutladan,Enallagma_cyathigerum,Mature,1,,0,0,140,2021,NA,NA
6/8/21,10:40:00,Krutladan,Enallagma_cyathigerum,Mature,1,,0,0,140,2021,NA,NA
6/8/21,10:40:00,Krutladan,Enallagma_cyathigerum,Mature,1,,0,0,140,2021,NA,NA
6/8/21,10:40:00,Krutladan,Enallagma_cyathigerum,Mature,1,,0,0,140,2021,NA,NA
6/8/21,10:40:00,Krutladan,Enallagma_cyathigerum,Mature,1,,0,0,140,2021,NA,NA
6/8/21,10:40:00,Krutladan,Enallagma_cyathigerum,Mature,1,,0,0,140,2021,NA,NA
6/8/21,10:40:00,Krutladan,Enallagma_cyathigerum,Mature,1,,0,0,140,2021,NA,NA
6/8/21,10:40:00,Krutladan,Enallagma_cyathigerum,Mature,1,,0,0,140,2021,NA,NA
6/8/21,10:40:00,Krutladan,Enallagma_cyathigerum,Mature,1,,0,0,140,2021,NA,NA
6/8/21,10:40:00,Krutladan,Enallagma_cyathigerum,Mature,1,,0,0,140,2021,NA,NA
6/8/21,10:40:00,Krutladan,Enallagma_cyathigerum,Mature,1,,0,0,140,2021,NA,NA
6/8/21,10:40:00,Krutladan,Enallagma_cyathigerum,Mature,1,,0,0,140,2021,NA,NA
6/8/21,10:40:00,Krutladan,Enallagma_cyathigerum,Mature,1,,0,0,140,2021,NA,NA
6/8/21,10:40:00,Krutladan,Enallagma_cyathigerum,Mature,1,,0,5,140,2021,NA,NA
6/8/21,10:40:00,Krutladan,Enallagma_cyathigerum,Mature,1,,0,0,140,2021,NA,NA
6/8/21,10:40:00,Krutladan,Enallagma_cyathigerum,Mature,1,,0,0,140,2021,NA,NA
6/8/21,10:40:00,Krutladan,Enallagma_cyathigerum,Mature,1,,0,0,140,2021,NA,NA
6/8/21,10:40:00,Krutladan,Enallagma_cyathigerum,Mature,1,,0,0,140,2021,NA,NA
6/8/21,10:40:00,Krutladan,Enallagma_cyathigerum,Mature,1,,0,0,140,2021,NA,NA
6/8/21,10:40:00,Krutladan,Enallagma_cyathigerum,Mature,1,,0,0,140,2021,NA,NA
6/8/21,10:40:00,Krutladan,Enallagma_cyathigerum,Immature,1,,0,0,140,2021,NA,NA
6/8/21,10:40:00,Krutladan,Enallagma_cyathigerum,Mature,1,,0,0,140,2021,NA,NA
6/8/21,10:40:00,Krutladan,Enallagma_cyathigerum,Immature,1,,0,0,140,2021,NA,NA
6/8/21,10:40:00,Krutladan,Enallagma_cyathigerum,Mature,1,,0,0,140,2021,NA,NA
6/8/21,10:40:00,Krutladan,Enallagma_cyathigerum,Mature,1,,0,0,140,2021,NA,NA
6/8/21,10:40:00,Krutladan,Enallagma_cyathigerum,Mature,1,,0,0,140,2021,NA,NA
6/8/21,10:40:00,Krutladan,Enallagma_cyathigerum,Immature,1,,0,0,140,2021,NA,NA
6/8/21,10:40:00,Krutladan,Enallagma_cyathigerum,Mature,1,,0,0,140,2021,NA,NA
6/8/21,10:40:00,Krutladan,Enallagma_cyathigerum,Mature,1,,0,0,140,2021,NA,NA
6/8/21,10:40:00,Krutladan,Enallagma_cyathigerum,Mature,1,,0,0,140,2021,NA,NA
6/8/21,10:40:00,Krutladan,Enallagma_cyathigerum,Teneral,0,,0,0,140,2021,NA,NA
6/8/21,10:40:00,Krutladan,Enallagma_cyathigerum,Mature,1,,0,0,140,2021,NA,NA
6/8/21,10:40:00,Krutladan,Enallagma_cyathigerum,Immature,1,,0,4,140,2021,NA,NA
6/8/21,10:40:00,Krutladan,Enallagma_cyathigerum,Mature,1,,0,0,140,2021,NA,NA
6/8/21,10:40:00,Krutladan,Enallagma_cyathigerum,Mature,1,,0,0,140,2021,NA,NA
6/8/21,10:40:00,Krutladan,Enallagma_cyathigerum,Mature,1,,0,0,140,2021,NA,NA
6/8/21,10:40:00,Krutladan,Enallagma_cyathigerum,Immature,1,,0,3,140,2021,NA,NA
6/8/21,10:40:00,Krutladan,Enallagma_cyathigerum,Mature,1,,0,0,140,2021,NA,NA
6/8/21,10:40:00,Krutladan,Enallagma_cyathigerum,Mature,1,,0,0,140,2021,NA,NA
6/8/21,10:40:00,Krutladan,Enallagma_cyathigerum,Immature,1,,0,0,140,2021,NA,NA
6/8/21,10:40:00,Krutladan,Enallagma_cyathigerum,Mature,1,,0,0,140,2021,NA,NA
6/8/21,10:40:00,Krutladan,Enallagma_cyathigerum,Mature,1,,0,0,140,2021,NA,NA
6/8/21,10:40:00,Krutladan,Enallagma_cyathigerum,Mature,1,,0,0,140,2021,NA,NA
6/8/21,10:40:00,Krutladan,Enallagma_cyathigerum,Mature,1,,0,0,140,2021,NA,NA
6/8/21,10:40:00,Krutladan,Enallagma_cyathigerum,Immature,1,,0,1,140,2021,NA,NA
6/8/21,10:40:00,Krutladan,Enallagma_cyathigerum,Mature,1,,0,4,140,2021,NA,NA
6/8/21,10:40:00,Krutladan,Enallagma_cyathigerum,Immature,1,,0,0,140,2021,NA,NA
6/8/21,10:40:00,Krutladan,Enallagma_cyathigerum,Immature,1,,0,0,140,2021,NA,NA
6/8/21,10:40:00,Krutladan,Enallagma_cyathigerum,Mature,1,,0,2,140,2021,NA,NA
6/8/21,10:40:00,Krutladan,Enallagma_cyathigerum,Immature,1,,0,0,140,2021,NA,NA
6/8/21,10:40:00,Krutladan,Enallagma_cyathigerum,Immature,1,,0,0,140,2021,NA,NA
6/8/21,10:40:00,Krutladan,Enallagma_cyathigerum,Mature,1,,0,4,140,2021,NA,NA
6/8/21,10:40:00,Krutladan,Enallagma_cyathigerum,Mature,1,,0,0,140,2021,NA,NA
6/8/21,10:40:00,Krutladan,Enallagma_cyathigerum,Mature,1,,0,0,140,2021,NA,NA
6/8/21,10:40:00,Krutladan,Enallagma_cyathigerum,Mature,1,,0,0,140,2021,NA,NA
6/8/21,10:40:00,Krutladan,Enallagma_cyathigerum,Mature,1,,0,0,140,2021,NA,NA
6/8/21,10:40:00,Krutladan,Enallagma_cyathigerum,Mature,1,,0,5,140,2021,NA,NA
6/8/21,10:40:00,Krutladan,Enallagma_cyathigerum,Mature,1,,0,0,140,2021,NA,NA
6/8/21,10:40:00,Krutladan,Enallagma_cyathigerum,Mature,1,,0,0,140,2021,NA,NA
6/8/21,10:40:00,Krutladan,Enallagma_cyathigerum,Mature,1,,0,0,140,2021,NA,NA
6/8/21,10:40:00,Krutladan,Enallagma_cyathigerum,Mature,1,,0,0,140,2021,NA,NA
6/8/21,10:40:00,Krutladan,Enallagma_cyathigerum,Mature,1,,0,1,140,2021,NA,NA
6/8/21,10:40:00,Krutladan,Enallagma_cyathigerum,Mature,1,,0,0,140,2021,NA,NA
6/8/21,10:40:00,Krutladan,Enallagma_cyathigerum,Mature,1,,0,0,140,2021,NA,NA
6/8/21,10:40:00,Krutladan,Enallagma_cyathigerum,Immature,1,,0,7,140,2021,NA,NA
6/8/21,10:40:00,Krutladan,Enallagma_cyathigerum,Mature,1,,0,0,140,2021,NA,NA
6/8/21,10:40:00,Krutladan,Enallagma_cyathigerum,Mature,1,,0,0,140,2021,NA,NA
6/8/21,10:40:00,Krutladan,Enallagma_cyathigerum,Mature,1,,0,0,140,2021,NA,NA
6/8/21,10:40:00,Krutladan,Enallagma_cyathigerum,Mature,1,,0,0,140,2021,NA,NA
6/8/21,10:40:00,Krutladan,Enallagma_cyathigerum,Mature,1,,0,0,140,2021,NA,NA
6/8/21,10:40:00,Krutladan,Enallagma_cyathigerum,Mature,1,,0,0,140,2021,NA,NA
6/8/21,10:40:00,Krutladan,Enallagma_cyathigerum,Mature,1,,0,0,140,2021,NA,NA
6/8/21,10:40:00,Krutladan,Enallagma_cyathigerum,Mature,1,,0,0,140,2021,NA,NA
6/8/21,10:40:00,Krutladan,Enallagma_cyathigerum,Mature,1,,0,0,140,2021,NA,NA
6/8/21,10:40:00,Krutladan,Enallagma_cyathigerum,Mature,1,,0,0,140,2021,NA,NA
6/8/21,10:40:00,Krutladan,Enallagma_cyathigerum,Mature,1,,0,0,140,2021,NA,NA
6/8/21,10:40:00,Krutladan,Enallagma_cyathigerum,Mature,1,,0,0,140,2021,NA,NA
6/8/21,10:40:00,Krutladan,Enallagma_cyathigerum,Teneral,0,,0,0,140,2021,NA,NA
6/8/21,10:40:00,Krutladan,Enallagma_cyathigerum,Immature,1,,0,1,140,2021,NA,NA
6/8/21,10:40:00,Krutladan,Enallagma_cyathigerum,Mature,1,,0,0,140,2021,NA,NA
6/8/21,10:40:00,Krutladan,Enallagma_cyathigerum,Mature,1,,0,0,140,2021,NA,NA
6/8/21,10:40:00,Krutladan,Enallagma_cyathigerum,Mature,1,,0,0,140,2021,NA,NA
6/8/21,10:40:00,Krutladan,Enallagma_cyathigerum,Mature,1,,0,0,140,2021,NA,NA
6/8/21,10:40:00,Krutladan,Enallagma_cyathigerum,Teneral,1,,0,0,140,2021,NA,NA
6/8/21,10:40:00,Krutladan,Enallagma_cyathigerum,Teneral,1,,0,0,140,2021,NA,NA
6/8/21,10:40:00,Krutladan,Enallagma_cyathigerum,Mature,1,,0,1,140,2021,NA,NA
6/8/21,10:40:00,Krutladan,Enallagma_cyathigerum,Mature,1,,0,0,140,2021,NA,NA
6/8/21,10:40:00,Krutladan,Enallagma_cyathigerum,Teneral,0,,0,0,140,2021,NA,NA
6/8/21,10:40:00,Krutladan,Enallagma_cyathigerum,Mature,1,,0,0,140,2021,NA,NA
6/8/21,10:40:00,Krutladan,Enallagma_cyathigerum,Mature,1,,0,0,140,2021,NA,NA
6/8/21,10:40:00,Krutladan,Enallagma_cyathigerum,Mature,1,,0,0,140,2021,NA,NA
6/8/21,10:40:00,Krutladan,Enallagma_cyathigerum,Mature,1,,0,0,140,2021,NA,NA
6/8/21,10:40:00,Krutladan,Enallagma_cyathigerum,Mature,1,,0,0,140,2021,NA,NA
6/8/21,10:40:00,Krutladan,Enallagma_cyathigerum,Mature,1,,0,0,140,2021,NA,NA
6/8/21,10:40:00,Krutladan,Enallagma_cyathigerum,Mature,1,,0,0,140,2021,NA,NA
6/8/21,10:40:00,Krutladan,Enallagma_cyathigerum,Mature,1,,0,0,140,2021,NA,NA
6/8/21,10:40:00,Krutladan,Enallagma_cyathigerum,Mature,1,,0,0,140,2021,NA,NA
6/8/21,10:40:00,Krutladan,Enallagma_cyathigerum,Mature,1,,0,0,140,2021,NA,NA
6/8/21,10:40:00,Krutladan,Enallagma_cyathigerum,Mature,1,,0,0,140,2021,NA,NA
6/8/21,10:40:00,Krutladan,Enallagma_cyathigerum,Mature,1,,0,0,140,2021,NA,NA
6/8/21,10:40:00,Krutladan,Enallagma_cyathigerum,Mature,1,,0,0,140,2021,NA,NA
6/8/21,10:40:00,Krutladan,Enallagma_cyathigerum,Mature,1,,0,0,140,2021,NA,NA
6/8/21,10:40:00,Krutladan,Enallagma_cyathigerum,Teneral,0,,0,0,140,2021,NA,NA
6/8/21,10:40:00,Krutladan,Enallagma_cyathigerum,Mature,1,,0,14,140,2021,NA,NA
6/8/21,10:40:00,Krutladan,Enallagma_cyathigerum,Mature,1,,0,0,140,2021,NA,NA
6/8/21,10:40:00,Krutladan,Enallagma_cyathigerum,Mature,1,,0,0,140,2021,NA,NA
6/8/21,10:40:00,Krutladan,Enallagma_cyathigerum,Mature,1,,0,0,140,2021,NA,NA
6/8/21,10:40:00,Krutladan,Enallagma_cyathigerum,Mature,1,,0,0,140,2021,NA,NA
6/8/21,10:40:00,Krutladan,Enallagma_cyathigerum,Mature,1,,0,0,140,2021,NA,NA
6/8/21,10:40:00,Krutladan,Enallagma_cyathigerum,Mature,1,,0,0,140,2021,NA,NA
6/8/21,10:40:00,Krutladan,Enallagma_cyathigerum,Mature,1,,0,0,140,2021,NA,NA
6/8/21,10:40:00,Krutladan,Enallagma_cyathigerum,Immature,1,,0,0,140,2021,NA,NA
6/8/21,10:40:00,Krutladan,Enallagma_cyathigerum,Mature,1,,0,2,140,2021,NA,NA
6/8/21,10:40:00,Krutladan,Enallagma_cyathigerum,Mature,1,,0,0,140,2021,NA,NA
6/8/21,10:40:00,Krutladan,Enallagma_cyathigerum,Mature,1,,0,3,140,2021,NA,NA
6/8/21,10:40:00,Krutladan,Enallagma_cyathigerum,Mature,1,,0,9,140,2021,NA,NA
6/8/21,10:40:00,Krutladan,Enallagma_cyathigerum,Mature,1,,0,0,140,2021,NA,NA
6/8/21,10:40:00,Krutladan,Enallagma_cyathigerum,Mature,1,,0,0,140,2021,NA,NA
6/8/21,10:40:00,Krutladan,Enallagma_cyathigerum,Immature,0,Gynochrome,0,0,140,2021,NA,NA
6/8/21,10:40:00,Krutladan,Enallagma_cyathigerum,Mature,1,,0,0,140,2021,NA,NA
6/8/21,10:40:00,Krutladan,Enallagma_cyathigerum,Teneral,1,,0,0,140,2021,NA,NA
6/8/21,10:40:00,Krutladan,Enallagma_cyathigerum,Mature,1,,0,2,140,2021,NA,NA
6/8/21,10:40:00,Krutladan,Enallagma_cyathigerum,Teneral,1,,0,0,140,2021,NA,NA
6/8/21,10:40:00,Krutladan,Enallagma_cyathigerum,Mature,1,,0,0,140,2021,NA,NA
6/8/21,10:40:00,Krutladan,Enallagma_cyathigerum,Mature,1,,0,0,140,2021,NA,NA
6/8/21,10:40:00,Krutladan,Enallagma_cyathigerum,Mature,1,,0,0,140,2021,NA,NA
6/8/21,10:40:00,Krutladan,Enallagma_cyathigerum,Teneral,0,,0,0,140,2021,NA,NA
6/8/21,10:40:00,Krutladan,Enallagma_cyathigerum,Mature,1,,0,0,140,2021,NA,NA
6/8/21,10:40:00,Krutladan,Enallagma_cyathigerum,Mature,1,,0,0,140,2021,NA,NA
6/8/21,10:40:00,Krutladan,Enallagma_cyathigerum,Mature,1,,0,0,140,2021,NA,NA
6/8/21,10:40:00,Krutladan,Enallagma_cyathigerum,Mature,1,,0,0,140,2021,NA,NA
6/8/21,10:40:00,Krutladan,Enallagma_cyathigerum,Mature,1,,0,0,140,2021,NA,NA
6/8/21,10:40:00,Krutladan,Enallagma_cyathigerum,Mature,1,,0,0,140,2021,NA,NA
6/8/21,10:40:00,Krutladan,Enallagma_cyathigerum,Mature,1,,0,0,140,2021,NA,NA
6/8/21,10:40:00,Krutladan,Enallagma_cyathigerum,Mature,1,,0,0,140,2021,NA,NA
6/8/21,10:40:00,Krutladan,Enallagma_cyathigerum,Mature,1,,0,0,140,2021,NA,NA
6/8/21,10:40:00,Krutladan,Enallagma_cyathigerum,Mature,1,,0,1,140,2021,NA,NA
6/8/21,10:40:00,Krutladan,Enallagma_cyathigerum,Mature,1,,0,2,140,2021,NA,NA
6/8/21,10:40:00,Krutladan,Enallagma_cyathigerum,Mature,1,,0,0,140,2021,NA,NA
6/8/21,10:40:00,Krutladan,Enallagma_cyathigerum,Teneral,0,,0,0,140,2021,NA,NA
6/8/21,10:40:00,Krutladan,Enallagma_cyathigerum,Mature,1,,0,0,140,2021,NA,NA
6/8/21,10:40:00,Krutladan,Enallagma_cyathigerum,Mature,1,,0,0,140,2021,NA,NA
6/8/21,10:40:00,Krutladan,Enallagma_cyathigerum,Mature,1,,0,0,140,2021,NA,NA
6/8/21,10:40:00,Krutladan,Enallagma_cyathigerum,Mature,1,,0,0,140,2021,NA,NA
6/8/21,10:40:00,Krutladan,Enallagma_cyathigerum,Mature,1,,0,0,140,2021,NA,NA
6/8/21,10:40:00,Krutladan,Enallagma_cyathigerum,Mature,1,,0,0,140,2021,NA,NA
6/8/21,10:40:00,Krutladan,Enallagma_cyathigerum,Mature,1,,0,0,140,2021,NA,NA
6/8/21,10:40:00,Krutladan,Enallagma_cyathigerum,Mature,1,,0,0,140,2021,NA,NA
6/8/21,10:40:00,Krutladan,Enallagma_cyathigerum,Mature,1,,0,0,140,2021,NA,NA
6/8/21,10:40:00,Krutladan,Enallagma_cyathigerum,Teneral,0,,0,0,140,2021,NA,NA
6/8/21,10:40:00,Krutladan,Enallagma_cyathigerum,Teneral,0,,0,0,140,2021,NA,NA
6/8/21,10:40:00,Krutladan,Enallagma_cyathigerum,Teneral,1,,0,0,140,2021,NA,NA
6/8/21,10:40:00,Krutladan,Enallagma_cyathigerum,Mature,1,,0,0,140,2021,NA,NA
6/8/21,10:40:00,Krutladan,Orthetrum_cancellatum,Teneral,0,,0,0,140,2021,NA,NA
6/8/21,10:40:00,Krutladan,Orthetrum_cancellatum,Teneral,,,0,NA,140,2021,NA,NA
6/8/21,10:40:00,Krutladan,Orthetrum_cancellatum,Teneral,,,0,NA,140,2021,NA,NA
6/8/21,10:40:00,Krutladan,Enallagma_cyathigerum,Immature,1,,1,0,140,2021,NA,NA
6/8/21,10:40:00,Krutladan,Enallagma_cyathigerum,Immature,0,Gynochrome,1,2,140,2021,NA,NA
6/8/21,10:40:00,Krutladan,Enallagma_cyathigerum,Mature,1,,1,0,140,2021,NA,NA
6/8/21,10:40:00,Krutladan,Enallagma_cyathigerum,Mature,0,Gynochrome,1,0,140,2021,NA,NA
6/8/21,10:40:00,Krutladan,Enallagma_cyathigerum,Mature,1,,1,0,140,2021,NA,NA
6/8/21,10:40:00,Krutladan,Coenagrion_puella,Mature,0,Androchrome,1,0,140,2021,NA,NA
6/8/21,10:40:00,Krutladan,Enallagma_cyathigerum,Mature,1,,1,0,140,2021,NA,NA
6/8/21,10:40:00,Krutladan,Enallagma_cyathigerum,Mature,0,Gynochrome,1,0,140,2021,NA,NA
6/8/21,10:40:00,Krutladan,Enallagma_cyathigerum,Mature,0,Gynochrome,1,0,140,2021,NA,NA
6/8/21,10:40:00,Krutladan,Enallagma_cyathigerum,Mature,1,,1,0,140,2021,NA,NA
6/8/21,10:40:00,Krutladan,Orthetrum_cancellatum,Teneral,1,,0,0,140,2021,NA,NA
6/8/21,10:40:00,Krutladan,Enallagma_cyathigerum,Mature,1,,1,0,140,2021,NA,NA
6/8/21,10:40:00,Krutladan,Enallagma_cyathigerum,Mature,0,Gynochrome,1,0,140,2021,NA,NA
6/8/21,10:40:00,Krutladan,Orthetrum_cancellatum,Immature,1,,0,0,140,2021,NA,NA
6/8/21,10:40:00,Krutladan,Libellula_quadrimaculata,Immature,,,0,NA,140,2021,NA,NA
6/8/21,10:40:00,Krutladan,Orthetrum_cancellatum,Teneral,1,,0,0,140,2021,NA,NA
6/8/21,10:40:00,Krutladan,Orthetrum_cancellatum,Teneral,1,,0,0,140,2021,NA,NA
6/8/21,12:12:00,Hoje_A_14,Coenagrion_pulchellum,Immature,1,,1,1,75,2021,NA,NA
6/8/21,12:12:00,Hoje_A_14,Coenagrion_pulchellum,Mature,0,Gynochrome,1,0,75,2021,NA,NA
6/8/21,12:12:00,Hoje_A_14,Coenagrion_pulchellum,Mature,1,,0,2,75,2021,NA,NA
6/8/21,12:12:00,Hoje_A_14,Enallagma_cyathigerum,Mature,1,,0,0,75,2021,NA,NA
6/8/21,12:12:00,Hoje_A_14,Coenagrion_pulchellum,Mature,1,,0,38,75,2021,NA,NA
6/8/21,12:12:00,Hoje_A_14,Coenagrion_pulchellum,Mature,1,,0,0,75,2021,NA,NA
6/8/21,12:12:00,Hoje_A_14,Coenagrion_pulchellum,Mature,0,Androchrome,1,4,75,2021,NA,NA
6/8/21,12:12:00,Hoje_A_14,Coenagrion_pulchellum,Immature,1,,1,37,75,2021,NA,NA
6/8/21,12:12:00,Hoje_A_14,Coenagrion_pulchellum,Immature,1,,0,38,75,2021,NA,NA
6/8/21,12:12:00,Hoje_A_14,Enallagma_cyathigerum,Mature,1,,0,0,75,2021,NA,NA
6/8/21,12:12:00,Hoje_A_14,Coenagrion_pulchellum,Mature,0,Gynochrome,1,4,75,2021,NA,NA
6/8/21,12:12:00,Hoje_A_14,Coenagrion_pulchellum,Mature,1,,1,20,75,2021,NA,NA
6/8/21,12:12:00,Hoje_A_14,Coenagrion_pulchellum,Mature,1,,1,0,75,2021,NA,NA
6/8/21,12:12:00,Hoje_A_14,Coenagrion_pulchellum,Mature,0,Gynochrome,1,0,75,2021,NA,NA
6/8/21,12:12:00,Hoje_A_14,Enallagma_cyathigerum,Mature,1,,0,0,75,2021,NA,NA
6/8/21,12:12:00,Hoje_A_14,Enallagma_cyathigerum,Mature,1,,0,0,75,2021,NA,NA
6/8/21,12:12:00,Hoje_A_14,Enallagma_cyathigerum,Mature,1,,0,0,75,2021,NA,NA
6/8/21,12:12:00,Hoje_A_14,Coenagrion_pulchellum,Mature,1,,0,4,75,2021,NA,NA
6/8/21,12:12:00,Hoje_A_14,Enallagma_cyathigerum,Immature,1,,0,0,75,2021,NA,NA
6/8/21,12:12:00,Hoje_A_14,Enallagma_cyathigerum,Mature,1,,0,4,75,2021,NA,NA
6/8/21,12:12:00,Hoje_A_14,Coenagrion_pulchellum,Mature,1,,0,0,75,2021,NA,NA
6/8/21,12:12:00,Hoje_A_14,Coenagrion_pulchellum,Immature,0,Gynochrome,1,38,75,2021,NA,NA
6/8/21,12:12:00,Hoje_A_14,Coenagrion_pulchellum,Mature,1,,1,2,75,2021,NA,NA
6/8/21,12:12:00,Hoje_A_14,Coenagrion_pulchellum,Immature,1,,1,1,75,2021,NA,NA
6/8/21,12:12:00,Hoje_A_14,Coenagrion_pulchellum,Mature,0,Androchrome,1,1,75,2021,NA,NA
6/8/21,12:12:00,Hoje_A_14,Coenagrion_pulchellum,Mature,0,Gynochrome,1,0,75,2021,NA,NA
6/8/21,12:12:00,Hoje_A_14,Coenagrion_pulchellum,Mature,1,,0,0,75,2021,NA,NA
6/8/21,12:12:00,Hoje_A_14,Coenagrion_pulchellum,Mature,1,,1,7,75,2021,NA,NA
6/8/21,12:12:00,Hoje_A_14,Enallagma_cyathigerum,Mature,1,,0,0,75,2021,NA,NA
6/8/21,12:12:00,Hoje_A_14,Enallagma_cyathigerum,Mature,1,,0,0,75,2021,NA,NA
6/8/21,12:12:00,Hoje_A_14,Enallagma_cyathigerum,Mature,1,,0,0,75,2021,NA,NA
6/8/21,12:12:00,Hoje_A_14,Coenagrion_pulchellum,Mature,0,Androchrome,1,0,75,2021,NA,NA
6/8/21,12:12:00,Hoje_A_14,Coenagrion_pulchellum,Mature,0,Gynochrome,1,40,75,2021,NA,NA
6/8/21,12:12:00,Hoje_A_14,Enallagma_cyathigerum,Mature,1,,0,0,75,2021,NA,NA
6/8/21,12:12:00,Hoje_A_14,Coenagrion_pulchellum,Mature,0,Gynochrome,1,0,75,2021,NA,NA
6/8/21,12:12:00,Hoje_A_14,Coenagrion_pulchellum,Mature,1,,1,0,75,2021,NA,NA
6/8/21,12:12:00,Hoje_A_14,Coenagrion_pulchellum,Mature,1,,0,0,75,2021,NA,NA
6/8/21,12:12:00,Hoje_A_14,Enallagma_cyathigerum,Mature,1,,0,0,75,2021,NA,NA
6/8/21,12:12:00,Hoje_A_14,Coenagrion_pulchellum,Mature,1,,1,0,75,2021,NA,NA
6/8/21,12:12:00,Hoje_A_14,Enallagma_cyathigerum,Mature,1,,0,0,75,2021,NA,NA
6/8/21,12:12:00,Hoje_A_14,Coenagrion_pulchellum,Mature,0,Gynochrome,1,0,75,2021,NA,NA
6/8/21,12:12:00,Hoje_A_14,Coenagrion_pulchellum,Mature,1,,0,50,75,2021,NA,NA
6/8/21,12:12:00,Hoje_A_14,Coenagrion_pulchellum,Immature,0,Gynochrome,1,3,75,2021,NA,NA
6/8/21,12:12:00,Hoje_A_14,Coenagrion_pulchellum,Mature,1,,0,16,75,2021,NA,NA
6/8/21,12:12:00,Hoje_A_14,Coenagrion_pulchellum,Immature,1,,1,37,75,2021,NA,NA
6/8/21,12:12:00,Hoje_A_14,Coenagrion_pulchellum,Mature,1,,0,0,75,2021,NA,NA
6/8/21,12:12:00,Hoje_A_14,Coenagrion_pulchellum,Mature,1,,0,90,75,2021,NA,NA
6/8/21,12:12:00,Hoje_A_14,Coenagrion_pulchellum,Mature,0,,0,5,75,2021,NA,NA
6/8/21,12:12:00,Hoje_A_14,Enallagma_cyathigerum,Mature,1,,0,0,75,2021,NA,NA
6/8/21,12:12:00,Hoje_A_14,Enallagma_cyathigerum,Teneral,0,,0,2,75,2021,NA,NA
6/8/21,12:12:00,Hoje_A_14,Coenagrion_pulchellum,Mature,1,,1,0,75,2021,NA,NA
6/8/21,12:12:00,Hoje_A_14,Coenagrion_pulchellum,Mature,0,Gynochrome,1,5,75,2021,NA,NA
6/8/21,12:12:00,Hoje_A_14,Coenagrion_pulchellum,Mature,0,Gynochrome,1,20,75,2021,NA,NA
6/8/21,12:12:00,Hoje_A_14,Coenagrion_pulchellum,Mature,1,,1,0,75,2021,NA,NA
6/8/21,12:12:00,Hoje_A_14,Coenagrion_pulchellum,Mature,1,,0,0,75,2021,NA,NA
6/8/21,12:12:00,Hoje_A_14,Enallagma_cyathigerum,Mature,1,,0,0,75,2021,NA,NA
6/8/21,12:12:00,Hoje_A_14,Coenagrion_pulchellum,Mature,1,,0,0,75,2021,NA,NA
6/8/21,12:12:00,Hoje_A_14,Orthetrum_cancellatum,Teneral,,,0,NA,75,2021,NA,NA
6/8/21,12:12:00,Hoje_A_14,Orthetrum_cancellatum,Teneral,,,0,NA,75,2021,NA,NA
6/8/21,12:12:00,Hoje_A_14,Orthetrum_cancellatum,Teneral,,,0,NA,75,2021,NA,NA
6/8/21,12:12:00,Hoje_A_14,Orthetrum_cancellatum,Teneral,,,0,NA,75,2021,NA,NA
6/8/21,12:12:00,Hoje_A_14,Orthetrum_cancellatum,Teneral,,,0,NA,75,2021,NA,NA
6/7/21,13:40:00,Lomma_Kyrkdamm,Erythromma_najas,NA,1,,1,NA,80,2021,NA,NA
6/7/21,13:40:00,Lomma_Kyrkdamm,Erythromma_najas,NA,0,,1,NA,80,2021,NA,NA
6/8/21,15:06:00,Rabydammen,Libellula_quadrimaculata,NA,,,0,NA,30,2021,NA,NA
6/8/21,15:06:00,Rabydammen,Orthetrum_cancellatum,NA,1,,0,NA,30,2021,NA,NA
6/8/21,15:06:00,Rabydammen,Coenagrion_pulchellum,Mature,0,Gynochrome,1,0,30,2021,NA,NA
6/8/21,15:06:00,Rabydammen,Coenagrion_pulchellum,Mature,1,,1,3,30,2021,NA,NA
6/8/21,15:06:00,Rabydammen,Coenagrion_puella,Mature,1,,1,2,30,2021,NA,NA
6/8/21,15:06:00,Rabydammen,Coenagrion_puella,Mature,0,Gynochrome,1,3,30,2021,NA,NA
6/8/21,15:06:00,Rabydammen,Coenagrion_puella,Mature,1,,1,1,30,2021,NA,NA
6/8/21,15:06:00,Rabydammen,Coenagrion_puella,Mature,0,Gynochrome,1,10,30,2021,NA,NA
6/8/21,15:06:00,Rabydammen,Coenagrion_puella,Mature,0,Gynochrome,1,0,30,2021,NA,NA
6/8/21,15:06:00,Rabydammen,Coenagrion_puella,Mature,1,,1,0,30,2021,NA,NA
6/8/21,15:06:00,Rabydammen,Enallagma_cyathigerum,Mature,1,,1,0,30,2021,NA,NA
6/8/21,15:06:00,Rabydammen,Enallagma_cyathigerum,Mature,0,Gynochrome,1,0,30,2021,NA,NA
6/8/21,15:06:00,Rabydammen,Coenagrion_puella,Mature,1,,0,0,30,2021,NA,NA
6/8/21,15:06:00,Rabydammen,Erythromma_najas,Mature,1,,0,0,30,2021,NA,NA
6/8/21,15:06:00,Rabydammen,Coenagrion_puella,Mature,1,,0,10,30,2021,NA,NA
6/8/21,15:06:00,Rabydammen,Coenagrion_puella,Teneral,0,,0,0,30,2021,NA,NA
6/8/21,15:06:00,Rabydammen,Ischnura_pumilio,Mature,0,Gynochrome,0,10,30,2021,NA,NA
6/8/21,15:06:00,Rabydammen,Ischnura_pumilio,Mature,1,,0,0,30,2021,NA,NA
6/9/21,10:16:00,IKEA,Libellula_quadrimaculata,Teneral,1,,0,0,60,2021,NA,NA
6/9/21,10:16:00,IKEA,Coenagrion_puella,Mature,0,Androchrome,1,0,60,2021,NA,NA
6/9/21,10:16:00,IKEA,Libellula_quadrimaculata,Teneral,,,0,NA,60,2021,NA,NA
6/9/21,10:16:00,IKEA,Ischnura_pumilio,Mature,0,Gynochrome,1,0,60,2021,NA,NA
6/9/21,10:16:00,IKEA,Ischnura_pumilio,Mature,1,,1,0,60,2021,NA,NA
6/9/21,10:16:00,IKEA,Coenagrion_puella,Mature,1,,1,0,60,2021,NA,NA
6/9/21,10:16:00,IKEA,Libellula_quadrimaculata,Teneral,,,0,NA,60,2021,NA,NA
6/9/21,10:16:00,IKEA,Libellula_quadrimaculata,Teneral,,,0,NA,60,2021,NA,NA
6/9/21,10:16:00,IKEA,Libellula_quadrimaculata,Teneral,,,0,NA,60,2021,NA,NA
6/9/21,10:16:00,IKEA,Coenagrion_puella,Mature,1,,0,0,60,2021,NA,NA
6/9/21,10:16:00,IKEA,Libellula_quadrimaculata,Teneral,0,,0,NA,60,2021,NA,NA
6/9/21,10:16:00,IKEA,Coenagrion_puella,Mature,1,,0,0,60,2021,NA,NA
6/9/21,10:16:00,IKEA,Coenagrion_puella,Mature,1,,0,0,60,2021,NA,NA
6/9/21,10:16:00,IKEA,Coenagrion_puella,Mature,1,,0,0,60,2021,NA,NA
6/9/21,10:16:00,IKEA,Coenagrion_puella,Mature,1,,0,0,60,2021,NA,NA
6/9/21,10:16:00,IKEA,Coenagrion_puella,Mature,1,,0,0,60,2021,NA,NA
6/9/21,10:16:00,IKEA,Coenagrion_puella,Mature,1,,0,2,60,2021,NA,NA
6/9/21,10:16:00,IKEA,Ischnura_pumilio,Mature,1,,0,0,60,2021,NA,NA
6/9/21,10:16:00,IKEA,Coenagrion_pulchellum,Mature,1,,0,0,60,2021,NA,NA
6/9/21,10:16:00,IKEA,Coenagrion_puella,Mature,1,,0,0,60,2021,NA,NA
6/9/21,10:16:00,IKEA,Coenagrion_puella,Mature,1,,0,0,60,2021,NA,NA
6/9/21,10:16:00,IKEA,Ischnura_pumilio,Mature,1,,0,0,60,2021,NA,NA
6/9/21,10:16:00,IKEA,Coenagrion_puella,Mature,1,,0,0,60,2021,NA,NA
6/9/21,10:16:00,IKEA,Coenagrion_puella,Mature,1,,0,0,60,2021,NA,NA
6/9/21,10:16:00,IKEA,Coenagrion_puella,Mature,1,,0,0,60,2021,NA,NA
6/9/21,10:16:00,IKEA,Ischnura_pumilio,Mature,1,,0,0,60,2021,NA,NA
6/9/21,10:16:00,IKEA,Coenagrion_puella,Mature,1,,0,0,60,2021,NA,NA
6/9/21,10:16:00,IKEA,Ischnura_pumilio,Immature,1,,0,0,60,2021,NA,NA
6/9/21,10:16:00,IKEA,Coenagrion_puella,Mature,1,,0,0,60,2021,NA,NA
6/9/21,10:16:00,IKEA,Coenagrion_puella,Mature,1,,0,0,60,2021,NA,NA
6/9/21,10:16:00,IKEA,Coenagrion_puella,Mature,1,,0,0,60,2021,NA,NA
6/9/21,10:16:00,IKEA,Ischnura_pumilio,Mature,1,,0,0,60,2021,NA,NA
6/9/21,10:16:00,IKEA,Coenagrion_puella,Immature,1,,0,0,60,2021,NA,NA
6/9/21,10:16:00,IKEA,Ischnura_pumilio,Mature,1,,0,0,60,2021,NA,NA
6/9/21,10:16:00,IKEA,Ischnura_pumilio,Mature,0,Gynochrome,0,0,60,2021,NA,NA
6/9/21,10:16:00,IKEA,Ischnura_pumilio,Mature,0,Gynochrome,0,0,60,2021,NA,NA
6/9/21,11:29:00,Bunkeflostrand,Brachytron_pratense,Mature,1,,0,0,60,2021,NA,NA
6/9/21,11:29:00,Bunkeflostrand,Libellula_quadrimaculata,Mature,,,0,NA,60,2021,NA,NA
6/9/21,11:29:00,Bunkeflostrand,Libellula_quadrimaculata,Mature,,,0,NA,60,2021,NA,NA
6/9/21,11:29:00,Bunkeflostrand,Libellula_quadrimaculata,Mature,,,0,NA,60,2021,NA,NA
6/9/21,11:29:00,Bunkeflostrand,Libellula_quadrimaculata,Mature,,,0,NA,60,2021,NA,NA
6/9/21,11:29:00,Bunkeflostrand,Libellula_quadrimaculata,Mature,,,0,NA,60,2021,NA,NA
6/9/21,11:29:00,Bunkeflostrand,Orthetrum_cancellatum,Mature,1,,0,NA,60,2021,NA,NA
6/9/21,11:29:00,Bunkeflostrand,Orthetrum_cancellatum,Teneral,,,0,NA,60,2021,NA,NA
6/9/21,11:29:00,Bunkeflostrand,Orthetrum_cancellatum,Teneral,1,,0,0,60,2021,NA,NA
6/9/21,11:29:00,Bunkeflostrand,Coenagrion_pulchellum,Immature,1,,1,0,60,2021,NA,NA
6/9/21,11:29:00,Bunkeflostrand,Coenagrion_pulchellum,Immature,0,Gynochrome,1,0,60,2021,NA,NA
6/9/21,11:29:00,Bunkeflostrand,Coenagrion_pulchellum,Mature,1,,1,NA,60,2021,NA,NA
6/9/21,11:29:00,Bunkeflostrand,Coenagrion_pulchellum,Mature,0,Gynochrome,1,0,60,2021,NA,NA
6/9/21,11:29:00,Bunkeflostrand,Coenagrion_pulchellum,Mature,0,Gynochrome,1,0,60,2021,NA,NA
6/9/21,11:29:00,Bunkeflostrand,Coenagrion_pulchellum,Mature,0,Androchrome,1,0,60,2021,NA,NA
6/9/21,11:29:00,Bunkeflostrand,Coenagrion_pulchellum,Mature,1,,1,0,60,2021,NA,NA
6/9/21,11:29:00,Bunkeflostrand,Coenagrion_pulchellum,Immature,1,,1,0,60,2021,NA,NA
6/9/21,11:29:00,Bunkeflostrand,Coenagrion_pulchellum,Mature,1,,1,0,60,2021,NA,NA
6/9/21,11:29:00,Bunkeflostrand,Coenagrion_pulchellum,Mature,0,Gynochrome,1,0,60,2021,NA,NA
6/9/21,11:29:00,Bunkeflostrand,Coenagrion_pulchellum,NA,1,,1,NA,60,2021,NA,NA
6/9/21,11:29:00,Bunkeflostrand,Coenagrion_pulchellum,Immature,0,Gynochrome,1,9,60,2021,NA,NA
6/9/21,11:29:00,Bunkeflostrand,Coenagrion_pulchellum,Mature,0,Gynochrome,1,0,60,2021,NA,NA
6/9/21,11:29:00,Bunkeflostrand,Coenagrion_pulchellum,Mature,1,,1,0,60,2021,NA,NA
6/9/21,11:29:00,Bunkeflostrand,Coenagrion_pulchellum,Mature,1,,1,0,60,2021,NA,NA
6/9/21,11:29:00,Bunkeflostrand,Coenagrion_pulchellum,Mature,0,Gynochrome,1,0,60,2021,NA,NA
6/9/21,11:29:00,Bunkeflostrand,Coenagrion_pulchellum,Mature,1,,0,0,60,2021,NA,NA
6/9/21,11:29:00,Bunkeflostrand,Coenagrion_pulchellum,Mature,1,,0,0,60,2021,NA,NA
6/9/21,11:29:00,Bunkeflostrand,Coenagrion_pulchellum,Mature,1,,0,6,60,2021,NA,NA
6/9/21,11:29:00,Bunkeflostrand,Coenagrion_pulchellum,Mature,1,,0,0,60,2021,NA,NA
6/9/21,11:29:00,Bunkeflostrand,Ischnura_pumilio,Mature,1,,0,0,60,2021,NA,NA
6/9/21,11:29:00,Bunkeflostrand,Coenagrion_pulchellum,Immature,1,,0,0,60,2021,NA,NA
6/9/21,11:29:00,Bunkeflostrand,Coenagrion_pulchellum,Mature,1,,0,0,60,2021,NA,NA
6/9/21,11:29:00,Bunkeflostrand,Coenagrion_puella,Immature,1,,0,0,60,2021,NA,NA
6/9/21,11:29:00,Bunkeflostrand,Coenagrion_pulchellum,Mature,1,,0,0,60,2021,NA,NA
6/9/21,11:29:00,Bunkeflostrand,Ischnura_pumilio,Immature,0,,0,0,60,2021,NA,NA
6/9/21,11:29:00,Bunkeflostrand,Coenagrion_puella,Immature,1,,0,0,60,2021,NA,NA
6/9/21,11:29:00,Bunkeflostrand,Coenagrion_pulchellum,Mature,1,,0,0,60,2021,NA,NA
6/9/21,11:29:00,Bunkeflostrand,Coenagrion_pulchellum,Immature,1,,0,2,60,2021,NA,NA
6/9/21,11:29:00,Bunkeflostrand,Coenagrion_pulchellum,Mature,1,,0,0,60,2021,NA,NA
6/9/21,11:29:00,Bunkeflostrand,Coenagrion_pulchellum,Mature,1,,0,0,60,2021,NA,NA
6/9/21,11:29:00,Bunkeflostrand,Ischnura_pumilio,Immature,0,,0,0,60,2021,NA,NA
6/9/21,11:29:00,Bunkeflostrand,Ischnura_pumilio,Immature,1,,0,0,60,2021,NA,NA
6/9/21,11:29:00,Bunkeflostrand,Coenagrion_pulchellum,Mature,1,,0,0,60,2021,NA,NA
6/9/21,11:29:00,Bunkeflostrand,Ischnura_pumilio,Immature,0,,0,0,60,2021,NA,NA
6/9/21,11:29:00,Bunkeflostrand,Ischnura_pumilio,Immature,0,,0,0,60,2021,NA,NA
6/9/21,11:29:00,Bunkeflostrand,Ischnura_pumilio,Immature,1,,0,0,60,2021,NA,NA
6/9/21,11:29:00,Bunkeflostrand,Ischnura_pumilio,Teneral,1,,0,0,60,2021,NA,NA
6/9/21,11:29:00,Bunkeflostrand,Ischnura_pumilio,Teneral,0,,0,0,60,2021,NA,NA
6/9/21,11:29:00,Bunkeflostrand,Coenagrion_pulchellum,Mature,1,,0,0,60,2021,NA,NA
6/9/21,11:29:00,Bunkeflostrand,Coenagrion_pulchellum,Mature,1,,0,0,60,2021,NA,NA
6/9/21,11:29:00,Bunkeflostrand,Ischnura_pumilio,Immature,0,,0,0,60,2021,NA,NA
6/9/21,11:29:00,Bunkeflostrand,Ischnura_pumilio,Immature,1,,0,0,60,2021,NA,NA
6/9/21,11:29:00,Bunkeflostrand,Ischnura_pumilio,Teneral,1,,0,NA,60,2021,NA,NA
6/10/21,10:46:00,Hoje_A_7,Coenagrion_pulchellum,Mature,0,Androchrome,1,0,40,2021,NA,NA
6/10/21,10:46:00,Hoje_A_7,Coenagrion_pulchellum,Mature,1,,1,0,40,2021,NA,NA
6/10/21,10:46:00,Hoje_A_7,Coenagrion_pulchellum,Mature,1,,0,0,40,2021,NA,NA
6/10/21,10:46:00,Hoje_A_7,Coenagrion_pulchellum,Mature,1,,0,0,40,2021,NA,NA
6/10/21,10:46:00,Hoje_A_7,Coenagrion_pulchellum,Mature,0,Gynochrome,0,35,40,2021,NA,NA
6/10/21,10:46:00,Hoje_A_7,Coenagrion_puella,Mature,1,,0,17,40,2021,NA,NA
6/10/21,10:46:00,Hoje_A_7,Coenagrion_puella,Mature,1,,0,5,40,2021,NA,NA
6/10/21,10:46:00,Hoje_A_7,Coenagrion_pulchellum,Mature,1,,0,30,40,2021,NA,NA
6/10/21,10:46:00,Hoje_A_7,Erythromma_najas,Mature,1,,0,0,40,2021,NA,NA
6/10/21,10:46:00,Hoje_A_7,Erythromma_najas,Mature,0,Gynochrome,0,0,40,2021,NA,NA
6/10/21,10:46:00,Hoje_A_7,Enallagma_cyathigerum,Teneral,0,,0,0,40,2021,NA,NA
6/10/21,10:46:00,Hoje_A_7,Coenagrion_pulchellum,Mature,1,,0,0,40,2021,NA,NA
6/10/21,10:46:00,Hoje_A_7,Enallagma_cyathigerum,Mature,1,,0,0,40,2021,NA,NA
6/10/21,10:46:00,Hoje_A_7,Enallagma_cyathigerum,Mature,1,,0,0,40,2021,NA,NA
6/10/21,10:46:00,Hoje_A_7,Coenagrion_pulchellum,Mature,1,,0,0,40,2021,NA,NA
6/10/21,10:46:00,Hoje_A_7,Coenagrion_pulchellum,Mature,1,,0,0,40,2021,NA,NA
6/10/21,10:46:00,Hoje_A_7,Enallagma_cyathigerum,Mature,0,Gynochrome,0,0,40,2021,NA,NA
6/10/21,10:46:00,Hoje_A_7,Coenagrion_pulchellum,Mature,0,Gynochrome,0,6,40,2021,NA,NA
6/10/21,10:46:00,Hoje_A_7,Coenagrion_pulchellum,Immature,0,Gynochrome,0,1,40,2021,NA,NA
6/10/21,12:13:00,Hoje_A_6,Coenagrion_pulchellum,NA,0,,1,NA,40,2021,NA,NA
6/10/21,12:13:00,Hoje_A_6,Coenagrion_pulchellum,Mature,1,,1,0,40,2021,NA,NA
6/10/21,12:13:00,Hoje_A_6,Erythromma_najas,Mature,1,,1,0,40,2021,NA,NA
6/10/21,12:13:00,Hoje_A_6,Erythromma_najas,Mature,0,Gynochrome,1,0,40,2021,NA,NA
6/10/21,12:13:00,Hoje_A_6,Coenagrion_puella,Mature,1,,1,3,40,2021,NA,NA
6/10/21,12:13:00,Hoje_A_6,Coenagrion_puella,Mature,0,Gynochrome,1,5,40,2021,NA,NA
6/10/21,12:13:00,Hoje_A_6,Enallagma_cyathigerum,Mature,0,Gynochrome,1,0,40,2021,NA,NA
6/10/21,12:13:00,Hoje_A_6,Enallagma_cyathigerum,Mature,1,,1,0,40,2021,NA,NA
6/10/21,12:13:00,Hoje_A_6,Enallagma_cyathigerum,Mature,0,Gynochrome,1,0,40,2021,NA,NA
6/10/21,12:13:00,Hoje_A_6,Enallagma_cyathigerum,Mature,1,,1,0,40,2021,NA,NA
6/10/21,12:13:00,Hoje_A_6,Coenagrion_puella,Mature,0,Gynochrome,1,6,40,2021,NA,NA
6/10/21,12:13:00,Hoje_A_6,Coenagrion_puella,Mature,1,,1,100,40,2021,NA,NA
6/10/21,12:13:00,Hoje_A_6,Erythromma_najas,Mature,1,,0,0,40,2021,NA,NA
6/10/21,12:13:00,Hoje_A_6,Enallagma_cyathigerum,Mature,1,,0,7,40,2021,NA,NA
6/10/21,12:13:00,Hoje_A_6,Coenagrion_puella,Mature,1,,0,1,40,2021,NA,NA
6/10/21,12:13:00,Hoje_A_6,Erythromma_najas,Mature,1,,0,7,40,2021,NA,NA
6/10/21,12:13:00,Hoje_A_6,Coenagrion_pulchellum,Mature,1,,0,0,40,2021,NA,NA
6/10/21,12:13:00,Hoje_A_6,Enallagma_cyathigerum,Mature,1,,0,0,40,2021,NA,NA
6/10/21,12:13:00,Hoje_A_6,Coenagrion_puella,Mature,1,,0,0,40,2021,NA,NA
6/10/21,12:13:00,Hoje_A_6,Coenagrion_puella,Mature,1,,0,18,40,2021,NA,NA
6/10/21,12:13:00,Hoje_A_6,Enallagma_cyathigerum,Mature,1,,0,7,40,2021,NA,NA
6/10/21,12:13:00,Hoje_A_6,Coenagrion_puella,Mature,1,,0,2,40,2021,NA,NA
6/10/21,12:13:00,Hoje_A_6,Enallagma_cyathigerum,Mature,1,,0,0,40,2021,NA,NA
6/10/21,12:13:00,Hoje_A_6,Erythromma_najas,Mature,1,,0,10,40,2021,NA,NA
6/10/21,12:13:00,Hoje_A_6,Coenagrion_lunulatum,Mature,1,,0,10,40,2021,NA,NA
6/10/21,12:13:00,Hoje_A_6,Erythromma_najas,Mature,1,,0,2,40,2021,NA,NA
6/10/21,12:13:00,Hoje_A_6,Enallagma_cyathigerum,Mature,1,,0,1,40,2021,NA,NA
6/10/21,12:13:00,Hoje_A_6,Coenagrion_puella,Mature,1,,0,3,40,2021,NA,NA
6/10/21,12:13:00,Hoje_A_6,Coenagrion_puella,Mature,1,,0,1,40,2021,NA,NA
6/10/21,12:13:00,Hoje_A_6,Enallagma_cyathigerum,Mature,1,,0,0,40,2021,NA,NA
6/10/21,12:13:00,Hoje_A_6,Erythromma_najas,Mature,1,,0,0,40,2021,NA,NA
6/10/21,12:13:00,Hoje_A_6,Coenagrion_pulchellum,Mature,1,,0,1,40,2021,NA,NA
6/10/21,12:13:00,Hoje_A_6,Enallagma_cyathigerum,Mature,1,,0,0,40,2021,NA,NA
6/10/21,12:13:00,Hoje_A_6,Coenagrion_pulchellum,Mature,1,,0,0,40,2021,NA,NA
6/10/21,12:13:00,Hoje_A_6,Brachytron_pratense,Mature,1,,0,NA,40,2021,NA,NA
6/10/21,12:13:00,Hoje_A_6,Brachytron_pratense,Mature,1,,0,NA,40,2021,NA,NA
6/10/21,12:13:00,Hoje_A_6,Enallagma_cyathigerum,Teneral,0,,0,0,40,2021,NA,NA
6/10/21,12:13:00,Hoje_A_6,Enallagma_cyathigerum,Mature,0,Gynochrome,0,0,40,2021,NA,NA
6/10/21,12:13:00,Hoje_A_6,Erythromma_najas,Mature,0,Gynochrome,0,12,40,2021,NA,NA
6/10/21,12:13:00,Hoje_A_6,Enallagma_cyathigerum,Teneral,0,,0,0,40,2021,NA,NA
6/10/21,12:13:00,Hoje_A_6,Enallagma_cyathigerum,Teneral,0,,0,0,40,2021,NA,NA
6/10/21,12:13:00,Hoje_A_6,Erythromma_najas,Mature,0,Gynochrome,0,6,40,2021,NA,NA
6/10/21,12:13:00,Hoje_A_6,Enallagma_cyathigerum,Teneral,0,,0,0,40,2021,NA,NA
6/11/21,11:05:00,Flyinge_30_A1,Brachytron_pratense,Mature,1,,0,0,45,2021,NA,NA
6/11/21,11:05:00,Flyinge_30_A1,Brachytron_pratense,Mature,1,,1,NA,45,2021,NA,NA
6/11/21,11:05:00,Flyinge_30_A1,Brachytron_pratense,Mature,0,Gynochrome,1,NA,45,2021,NA,NA
6/11/21,11:05:00,Flyinge_30_A1,Brachytron_pratense,NA,,,0,NA,45,2021,NA,NA
6/11/21,11:05:00,Flyinge_30_A1,Brachytron_pratense,NA,,,0,NA,45,2021,NA,NA
6/11/21,11:05:00,Flyinge_30_A1,Brachytron_pratense,NA,,,0,NA,45,2021,NA,NA
6/11/21,11:05:00,Flyinge_30_A1,Brachytron_pratense,NA,,,0,NA,45,2021,NA,NA
6/11/21,11:05:00,Flyinge_30_A1,Brachytron_pratense,NA,,,0,NA,45,2021,NA,NA
6/11/21,11:05:00,Flyinge_30_A1,Brachytron_pratense,NA,,,0,NA,45,2021,NA,NA
6/11/21,11:05:00,Flyinge_30_A1,Brachytron_pratense,NA,,,0,NA,45,2021,NA,NA
6/11/21,11:05:00,Flyinge_30_A1,Brachytron_pratense,NA,,,0,NA,45,2021,NA,NA
6/11/21,11:05:00,Flyinge_30_A1,Brachytron_pratense,NA,,,0,NA,45,2021,NA,NA
6/11/21,11:05:00,Flyinge_30_A1,Brachytron_pratense,NA,,,0,NA,45,2021,NA,NA
6/11/21,11:05:00,Flyinge_30_A1,Aeshna_isoceles,NA,,,0,NA,45,2021,NA,NA
6/11/21,11:05:00,Flyinge_30_A1,Aeshna_isoceles,NA,,,0,NA,45,2021,NA,NA
6/11/21,11:05:00,Flyinge_30_A1,Aeshna_isoceles,NA,,,0,NA,45,2021,NA,NA
6/11/21,11:05:00,Flyinge_30_A1,Aeshna_isoceles,NA,,,0,NA,45,2021,NA,NA
6/11/21,11:05:00,Flyinge_30_A1,Aeshna_isoceles,NA,,,0,NA,45,2021,NA,NA
6/11/21,11:05:00,Flyinge_30_A1,Aeshna_isoceles,NA,,,0,NA,45,2021,NA,NA
6/11/21,11:05:00,Flyinge_30_A1,Aeshna_isoceles,NA,,,0,NA,45,2021,NA,NA
6/11/21,11:05:00,Flyinge_30_A1,Aeshna_isoceles,NA,,,0,NA,45,2021,NA,NA
6/11/21,11:05:00,Flyinge_30_A1,Calopteryx_splendens,NA,1,,0,NA,45,2021,NA,NA
6/11/21,11:05:00,Flyinge_30_A1,Calopteryx_splendens,NA,1,,0,NA,45,2021,NA,NA
6/11/21,11:05:00,Flyinge_30_A1,Calopteryx_splendens,NA,1,,0,NA,45,2021,NA,NA
6/11/21,11:05:00,Flyinge_30_A1,Calopteryx_splendens,NA,1,,0,NA,45,2021,NA,NA
6/11/21,11:05:00,Flyinge_30_A1,Calopteryx_splendens,NA,1,,0,NA,45,2021,NA,NA
6/11/21,11:05:00,Flyinge_30_A1,Calopteryx_splendens,NA,1,,0,NA,45,2021,NA,NA
6/11/21,11:05:00,Flyinge_30_A1,Calopteryx_splendens,NA,1,,0,NA,45,2021,NA,NA
6/11/21,11:05:00,Flyinge_30_A1,Calopteryx_splendens,NA,1,,0,NA,45,2021,NA,NA
6/11/21,11:05:00,Flyinge_30_A1,Calopteryx_splendens,NA,1,,0,NA,45,2021,NA,NA
6/11/21,11:05:00,Flyinge_30_A1,Calopteryx_splendens,NA,1,,0,NA,45,2021,NA,NA
6/11/21,11:05:00,Flyinge_30_A1,Calopteryx_splendens,NA,1,,0,NA,45,2021,NA,NA
6/11/21,11:05:00,Flyinge_30_A1,Calopteryx_splendens,NA,1,,0,NA,45,2021,NA,NA
6/11/21,11:05:00,Flyinge_30_A1,Calopteryx_splendens,NA,1,,0,NA,45,2021,NA,NA
6/11/21,11:05:00,Flyinge_30_A1,Calopteryx_splendens,NA,1,,0,NA,45,2021,NA,NA
6/11/21,11:05:00,Flyinge_30_A1,Calopteryx_splendens,NA,1,,0,NA,45,2021,NA,NA
6/11/21,11:05:00,Flyinge_30_A1,Calopteryx_splendens,NA,1,,0,NA,45,2021,NA,NA
6/11/21,11:05:00,Flyinge_30_A1,Calopteryx_splendens,NA,1,,0,NA,45,2021,NA,NA
6/11/21,11:05:00,Flyinge_30_A1,Coenagrion_pulchellum,Mature,1,,1,30,45,2021,NA,NA
6/11/21,11:05:00,Flyinge_30_A1,Coenagrion_pulchellum,Mature,0,Gynochrome,1,0,45,2021,NA,NA
6/11/21,11:05:00,Flyinge_30_A1,Coenagrion_pulchellum,Immature,1,,1,1,45,2021,NA,NA
6/11/21,11:05:00,Flyinge_30_A1,Coenagrion_pulchellum,Mature,0,Androchrome,1,2,45,2021,NA,NA
6/11/21,11:05:00,Flyinge_30_A1,Calopteryx_splendens,NA,1,,0,NA,45,2021,NA,NA
6/11/21,11:05:00,Flyinge_30_A1,Calopteryx_splendens,NA,1,,0,NA,45,2021,NA,NA
6/11/21,11:05:00,Flyinge_30_A1,Calopteryx_splendens,NA,1,,0,NA,45,2021,NA,NA
6/11/21,11:05:00,Flyinge_30_A1,Calopteryx_splendens,NA,1,,0,NA,45,2021,NA,NA
6/11/21,11:05:00,Flyinge_30_A1,Calopteryx_splendens,NA,1,,0,NA,45,2021,NA,NA
6/11/21,11:05:00,Flyinge_30_A1,Calopteryx_splendens,NA,1,,0,NA,45,2021,NA,NA
6/11/21,11:05:00,Flyinge_30_A1,Calopteryx_splendens,NA,1,,0,NA,45,2021,NA,NA
6/11/21,11:05:00,Flyinge_30_A1,Calopteryx_splendens,NA,1,,0,NA,45,2021,NA,NA
6/11/21,11:05:00,Flyinge_30_A1,Calopteryx_splendens,NA,1,,0,NA,45,2021,NA,NA
6/11/21,11:05:00,Flyinge_30_A1,Calopteryx_splendens,NA,1,,0,NA,45,2021,NA,NA
6/11/21,11:05:00,Flyinge_30_A1,Coenagrion_pulchellum,Mature,1,,1,11,45,2021,NA,NA
6/11/21,11:05:00,Flyinge_30_A1,Calopteryx_splendens,NA,1,,0,NA,45,2021,NA,NA
6/11/21,11:05:00,Flyinge_30_A1,Calopteryx_splendens,NA,1,,0,NA,45,2021,NA,NA
6/11/21,11:05:00,Flyinge_30_A1,Calopteryx_splendens,NA,1,,0,NA,45,2021,NA,NA
6/11/21,11:05:00,Flyinge_30_A1,Calopteryx_splendens,NA,1,,0,NA,45,2021,NA,NA
6/11/21,11:05:00,Flyinge_30_A1,Calopteryx_splendens,NA,1,,0,NA,45,2021,NA,NA
6/11/21,11:05:00,Flyinge_30_A1,Calopteryx_splendens,NA,1,,0,NA,45,2021,NA,NA
6/11/21,11:05:00,Flyinge_30_A1,Calopteryx_splendens,NA,1,,0,NA,45,2021,NA,NA
6/11/21,11:05:00,Flyinge_30_A1,Calopteryx_splendens,NA,1,,0,NA,45,2021,NA,NA
6/11/21,11:05:00,Flyinge_30_A1,Calopteryx_splendens,NA,1,,0,NA,45,2021,NA,NA
6/11/21,11:05:00,Flyinge_30_A1,Calopteryx_virgo,Mature,1,,0,NA,45,2021,NA,NA
6/11/21,11:05:00,Flyinge_30_A1,Anax_imperator,Mature,1,,0,NA,45,2021,NA,NA
6/11/21,11:05:00,Flyinge_30_A1,Coenagrion_pulchellum,Mature,0,Gynochrome,1,18,45,2021,NA,NA
6/11/21,11:05:00,Flyinge_30_A1,Coenagrion_pulchellum,Mature,0,Gynochrome,1,4,45,2021,NA,NA
6/11/21,11:05:00,Flyinge_30_A1,Platycnemis_pennipes,Mature,1,,0,0,45,2021,NA,NA
6/11/21,11:05:00,Flyinge_30_A1,Coenagrion_pulchellum,Mature,0,Androchrome,1,1,45,2021,NA,NA
6/11/21,11:05:00,Flyinge_30_A1,Calopteryx_splendens,Mature,1,,0,0,45,2021,NA,NA
6/11/21,11:05:00,Flyinge_30_A1,Platycnemis_pennipes,Immature,1,,0,0,45,2021,NA,NA
6/11/21,11:05:00,Flyinge_30_A1,Platycnemis_pennipes,Mature,1,,0,0,45,2021,NA,NA
6/11/21,11:05:00,Flyinge_30_A1,Calopteryx_splendens,Mature,1,,0,0,45,2021,NA,NA
6/11/21,11:05:00,Flyinge_30_A1,Coenagrion_pulchellum,Mature,1,,0,0,45,2021,NA,NA
6/11/21,11:05:00,Flyinge_30_A1,Coenagrion_pulchellum,Mature,1,,1,0,45,2021,NA,NA
6/11/21,11:05:00,Flyinge_30_A1,Coenagrion_pulchellum,Mature,1,,0,14,45,2021,NA,NA
6/11/21,11:05:00,Flyinge_30_A1,Platycnemis_pennipes,Mature,1,,0,0,45,2021,NA,NA
6/11/21,11:05:00,Flyinge_30_A1,Coenagrion_pulchellum,Mature,1,,0,0,45,2021,NA,NA
6/11/21,11:05:00,Flyinge_30_A1,Platycnemis_pennipes,Immature,0,,0,7,45,2021,NA,NA
6/11/21,11:05:00,Flyinge_30_A1,Coenagrion_pulchellum,Mature,1,,0,25,45,2021,NA,NA
6/11/21,11:05:00,Flyinge_30_A1,Calopteryx_splendens,Immature,1,,0,0,45,2021,NA,NA
6/11/21,11:05:00,Flyinge_30_A1,Calopteryx_splendens,Mature,0,Gynochrome,0,0,45,2021,NA,NA
6/11/21,11:05:00,Flyinge_30_A1,Coenagrion_pulchellum,Mature,0,Gynochrome,0,8,45,2021,NA,NA
6/11/21,11:05:00,Flyinge_30_A1,Calopteryx_splendens,Mature,1,,0,1,45,2021,NA,NA
6/11/21,11:05:00,Flyinge_30_A1,Coenagrion_pulchellum,Mature,1,,0,0,45,2021,NA,NA
6/11/21,11:05:00,Flyinge_30_A1,Calopteryx_splendens,Teneral,0,,0,0,45,2021,NA,NA
6/11/21,11:05:00,Flyinge_30_A1,Platycnemis_pennipes,Immature,0,,0,1,45,2021,NA,NA
6/11/21,11:05:00,Flyinge_30_A1,Calopteryx_splendens,Mature,1,,0,0,45,2021,NA,NA
6/11/21,11:05:00,Flyinge_30_A1,Calopteryx_splendens,Teneral,0,,0,0,45,2021,NA,NA
6/11/21,11:05:00,Flyinge_30_A1,Coenagrion_pulchellum,Mature,1,,0,13,45,2021,NA,NA
6/11/21,11:05:00,Flyinge_30_A1,Coenagrion_puella,Mature,1,,0,56,45,2021,NA,NA
6/11/21,11:05:00,Flyinge_30_A1,Coenagrion_pulchellum,Mature,1,,0,2,45,2021,NA,NA
6/11/21,11:05:00,Flyinge_30_A1,Coenagrion_pulchellum,Mature,1,,0,8,45,2021,NA,NA
6/11/21,11:05:00,Flyinge_30_A1,Coenagrion_pulchellum,Mature,1,,0,0,45,2021,NA,NA
6/11/21,11:05:00,Flyinge_30_A1,Coenagrion_pulchellum,Mature,1,,0,0,45,2021,NA,NA
6/11/21,11:05:00,Flyinge_30_A1,Coenagrion_pulchellum,Mature,1,,0,68,45,2021,NA,NA
6/11/21,11:05:00,Flyinge_30_A1,Calopteryx_splendens,Mature,1,,0,0,45,2021,NA,NA
6/11/21,11:05:00,Flyinge_30_A1,Erythromma_najas,Mature,0,Gynochrome,0,1,45,2021,NA,NA
6/11/21,11:05:00,Flyinge_30_A1,Coenagrion_pulchellum,Immature,1,,0,5,45,2021,NA,NA
6/11/21,11:05:00,Flyinge_30_A1,Coenagrion_pulchellum,Mature,1,,0,1,45,2021,NA,NA
6/11/21,11:05:00,Flyinge_30_A1,Coenagrion_pulchellum,Immature,1,,0,25,45,2021,NA,NA
6/11/21,11:05:00,Flyinge_30_A1,Calopteryx_splendens,Mature,1,,0,0,45,2021,NA,NA
6/11/21,11:05:00,Flyinge_30_A1,Coenagrion_pulchellum,Mature,0,Gynochrome,0,0,45,2021,NA,NA
6/11/21,11:05:00,Flyinge_30_A1,Coenagrion_pulchellum,Mature,1,,0,2,45,2021,NA,NA
6/11/21,11:05:00,Flyinge_30_A1,Platycnemis_pennipes,Mature,0,Gynochrome,0,0,45,2021,NA,NA
6/11/21,11:05:00,Flyinge_30_A1,Coenagrion_pulchellum,Immature,0,Gynochrome,0,32,45,2021,NA,NA
6/11/21,11:05:00,Flyinge_30_A1,Coenagrion_pulchellum,Mature,1,,0,1,45,2021,NA,NA
6/11/21,11:05:00,Flyinge_30_A1,Coenagrion_pulchellum,Mature,1,,0,0,45,2021,NA,NA
6/11/21,11:05:00,Flyinge_30_A1,Platycnemis_pennipes,Teneral,1,,0,10,45,2021,NA,NA
6/11/21,11:05:00,Flyinge_30_A1,Coenagrion_pulchellum,Mature,1,,0,0,45,2021,NA,NA
6/11/21,11:05:00,Flyinge_30_A1,Coenagrion_pulchellum,Mature,1,,0,27,45,2021,NA,NA
6/11/21,11:05:00,Flyinge_30_A1,Coenagrion_pulchellum,Mature,1,,0,25,45,2021,NA,NA
6/11/21,11:05:00,Flyinge_30_A1,Coenagrion_pulchellum,Mature,1,,0,0,45,2021,NA,NA
6/11/21,11:05:00,Flyinge_30_A1,Coenagrion_pulchellum,Mature,1,,0,9,45,2021,NA,NA
6/11/21,11:05:00,Flyinge_30_A1,Calopteryx_splendens,Mature,1,,0,0,45,2021,NA,NA
6/11/21,11:05:00,Flyinge_30_A1,Platycnemis_pennipes,Mature,0,Gynochrome,0,0,45,2021,NA,NA
6/11/21,11:05:00,Flyinge_30_A1,Platycnemis_pennipes,Immature,1,,0,0,45,2021,NA,NA
6/11/21,11:05:00,Flyinge_30_A1,Coenagrion_pulchellum,Mature,1,,0,0,45,2021,NA,NA
6/11/21,11:05:00,Flyinge_30_A1,Coenagrion_pulchellum,Mature,1,,0,7,45,2021,NA,NA
6/11/21,12:58:00,Flyinge_30_A3,Brachytron_pratense,Mature,1,,0,0,45,2021,NA,NA
6/11/21,12:58:00,Flyinge_30_A3,Brachytron_pratense,Mature,1,,0,0,45,2021,NA,NA
6/11/21,12:58:00,Flyinge_30_A3,Brachytron_pratense,Mature,,,0,NA,45,2021,NA,NA
6/11/21,12:58:00,Flyinge_30_A3,Brachytron_pratense,Mature,,,0,NA,45,2021,NA,NA
6/11/21,12:58:00,Flyinge_30_A3,Brachytron_pratense,Mature,,,0,NA,45,2021,NA,NA
6/11/21,12:58:00,Flyinge_30_A3,Brachytron_pratense,Mature,,,0,NA,45,2021,NA,NA
6/11/21,12:58:00,Flyinge_30_A3,Brachytron_pratense,Mature,,,0,NA,45,2021,NA,NA
6/11/21,12:58:00,Flyinge_30_A3,Brachytron_pratense,Mature,,,0,NA,45,2021,NA,NA
6/11/21,12:58:00,Flyinge_30_A3,Brachytron_pratense,Mature,,,0,NA,45,2021,NA,NA
6/11/21,12:58:00,Flyinge_30_A3,Brachytron_pratense,Mature,,,0,NA,45,2021,NA,NA
6/11/21,12:58:00,Flyinge_30_A3,Brachytron_pratense,Mature,,,0,NA,45,2021,NA,NA
6/11/21,12:58:00,Flyinge_30_A3,Platycnemis_pennipes,Mature,1,,1,0,45,2021,NA,NA
6/11/21,12:58:00,Flyinge_30_A3,Platycnemis_pennipes,Mature,0,Gynochrome,1,0,45,2021,NA,NA
6/11/21,12:58:00,Flyinge_30_A3,Anax_imperator,Mature,,,0,NA,45,2021,NA,NA
6/11/21,12:58:00,Flyinge_30_A3,Coenagrion_pulchellum,Mature,1,,1,1,45,2021,NA,NA
6/11/21,12:58:00,Flyinge_30_A3,Coenagrion_pulchellum,Mature,0,Gynochrome,1,NA,45,2021,NA,NA
6/11/21,12:58:00,Flyinge_30_A3,Aeshna_isoceles,Mature,,,0,NA,45,2021,NA,NA
6/11/21,12:58:00,Flyinge_30_A3,Aeshna_isoceles,Mature,,,0,NA,45,2021,NA,NA
6/11/21,12:58:00,Flyinge_30_A3,Aeshna_isoceles,Mature,,,0,NA,45,2021,NA,NA
6/11/21,12:58:00,Flyinge_30_A3,Aeshna_isoceles,Mature,,,0,NA,45,2021,NA,NA
6/11/21,12:58:00,Flyinge_30_A3,Aeshna_isoceles,Mature,,,0,NA,45,2021,NA,NA
6/11/21,12:58:00,Flyinge_30_A3,Aeshna_isoceles,Mature,,,0,NA,45,2021,NA,NA
6/11/21,12:58:00,Flyinge_30_A3,Aeshna_isoceles,Mature,,,0,NA,45,2021,NA,NA
6/11/21,12:58:00,Flyinge_30_A3,Aeshna_isoceles,Mature,,,0,NA,45,2021,NA,NA
6/11/21,12:58:00,Flyinge_30_A3,Erythromma_najas,Mature,0,Gynochrome,1,85,45,2021,NA,NA
6/11/21,12:58:00,Flyinge_30_A3,Erythromma_najas,Mature,1,,1,0,45,2021,NA,NA
6/11/21,12:58:00,Flyinge_30_A3,Coenagrion_pulchellum,Immature,1,,0,0,45,2021,NA,NA
6/11/21,12:58:00,Flyinge_30_A3,Platycnemis_pennipes,Mature,1,,0,0,45,2021,NA,NA
6/11/21,12:58:00,Flyinge_30_A3,Coenagrion_pulchellum,Mature,1,,0,0,45,2021,NA,NA
6/11/21,12:58:00,Flyinge_30_A3,Coenagrion_pulchellum,Teneral,0,,0,34,45,2021,NA,NA
6/11/21,12:58:00,Flyinge_30_A3,Coenagrion_pulchellum,Mature,1,,0,8,45,2021,NA,NA
6/11/21,12:58:00,Flyinge_30_A3,Coenagrion_pulchellum,Mature,1,,0,0,45,2021,NA,NA
6/11/21,12:58:00,Flyinge_30_A3,Coenagrion_pulchellum,Mature,1,,0,0,45,2021,NA,NA
6/11/21,12:58:00,Flyinge_30_A3,Coenagrion_pulchellum,Mature,1,,0,1,45,2021,NA,NA
6/11/21,12:58:00,Flyinge_30_A3,Coenagrion_pulchellum,Mature,1,,0,3,45,2021,NA,NA
6/11/21,12:58:00,Flyinge_30_A3,Coenagrion_pulchellum,Immature,1,,0,0,45,2021,NA,NA
6/11/21,12:58:00,Flyinge_30_A3,Coenagrion_pulchellum,Mature,1,,0,34,45,2021,NA,NA
6/11/21,12:58:00,Flyinge_30_A3,Coenagrion_pulchellum,Immature,1,,0,19,45,2021,NA,NA
6/11/21,12:58:00,Flyinge_30_A3,Coenagrion_pulchellum,Mature,1,,0,3,45,2021,NA,NA
6/11/21,12:58:00,Flyinge_30_A3,Coenagrion_pulchellum,Mature,1,,0,1,45,2021,NA,NA
6/11/21,12:58:00,Flyinge_30_A3,Coenagrion_pulchellum,Mature,1,,0,1,45,2021,NA,NA
6/11/21,12:58:00,Flyinge_30_A3,Coenagrion_pulchellum,Mature,1,,0,32,45,2021,NA,NA
6/11/21,12:58:00,Flyinge_30_A3,Coenagrion_pulchellum,Mature,1,,0,1,45,2021,NA,NA
6/11/21,12:58:00,Flyinge_30_A3,Calopteryx_splendens,Mature,1,,0,0,45,2021,NA,NA
6/11/21,12:58:00,Flyinge_30_A3,Coenagrion_pulchellum,Mature,1,,0,0,45,2021,NA,NA
6/11/21,12:58:00,Flyinge_30_A3,Coenagrion_pulchellum,Mature,1,,0,0,45,2021,NA,NA
6/11/21,12:58:00,Flyinge_30_A3,Coenagrion_pulchellum,Mature,1,,0,37,45,2021,NA,NA
6/11/21,12:58:00,Flyinge_30_A3,Platycnemis_pennipes,Teneral,1,,0,5,45,2021,NA,NA
6/11/21,12:58:00,Flyinge_30_A3,Coenagrion_pulchellum,Mature,1,,0,26,45,2021,NA,NA
6/11/21,12:58:00,Flyinge_30_A3,Coenagrion_pulchellum,Mature,1,,0,0,45,2021,NA,NA
6/11/21,12:58:00,Flyinge_30_A3,Coenagrion_pulchellum,Mature,1,,0,1,45,2021,NA,NA
6/11/21,12:58:00,Flyinge_30_A3,Coenagrion_pulchellum,Mature,1,,0,0,45,2021,NA,NA
6/11/21,12:58:00,Flyinge_30_A3,Coenagrion_pulchellum,Mature,1,,0,3,45,2021,NA,NA
6/11/21,12:58:00,Flyinge_30_A3,Calopteryx_splendens,Mature,1,,0,1,45,2021,NA,NA
6/11/21,12:58:00,Flyinge_30_A3,Calopteryx_splendens,Immature,1,,0,0,45,2021,NA,NA
6/11/21,12:58:00,Flyinge_30_A3,Calopteryx_splendens,Immature,1,,0,0,45,2021,NA,NA
6/11/21,12:58:00,Flyinge_30_A3,Coenagrion_pulchellum,Mature,1,,0,0,45,2021,NA,NA
6/11/21,12:58:00,Flyinge_30_A3,Erythromma_najas,Mature,0,Gynochrome,1,NA,45,2021,NA,NA
6/11/21,12:58:00,Flyinge_30_A3,Erythromma_najas,Mature,1,,1,NA,45,2021,NA,NA
6/11/21,12:58:00,Flyinge_30_A3,Erythromma_najas,Mature,1,,0,NA,45,2021,NA,NA
6/11/21,12:58:00,Flyinge_30_A3,Erythromma_najas,Mature,1,,0,NA,45,2021,NA,NA
6/11/21,12:58:00,Flyinge_30_A3,Calopteryx_splendens,NA,1,,0,NA,45,2021,NA,NA
6/11/21,12:58:00,Flyinge_30_A3,Calopteryx_splendens,NA,1,,0,NA,45,2021,NA,NA
6/11/21,12:58:00,Flyinge_30_A3,Calopteryx_splendens,NA,1,,0,NA,45,2021,NA,NA
6/11/21,12:58:00,Flyinge_30_A3,Calopteryx_splendens,NA,1,,0,NA,45,2021,NA,NA
6/11/21,12:58:00,Flyinge_30_A3,Calopteryx_splendens,NA,1,,0,NA,45,2021,NA,NA
6/11/21,12:58:00,Flyinge_30_A3,Calopteryx_splendens,NA,1,,0,NA,45,2021,NA,NA
6/11/21,12:58:00,Flyinge_30_A3,Calopteryx_splendens,NA,1,,0,NA,45,2021,NA,NA
6/11/21,12:58:00,Flyinge_30_A3,Calopteryx_splendens,NA,1,,0,NA,45,2021,NA,NA
6/11/21,12:58:00,Flyinge_30_A3,Calopteryx_splendens,NA,1,,0,NA,45,2021,NA,NA
6/11/21,12:58:00,Flyinge_30_A3,Calopteryx_splendens,NA,1,,0,NA,45,2021,NA,NA
6/11/21,12:58:00,Flyinge_30_A3,Calopteryx_splendens,NA,1,,0,NA,45,2021,NA,NA
6/11/21,12:58:00,Flyinge_30_A3,Calopteryx_splendens,NA,1,,0,NA,45,2021,NA,NA
6/11/21,12:58:00,Flyinge_30_A3,Calopteryx_splendens,NA,1,,0,NA,45,2021,NA,NA
6/11/21,12:58:00,Flyinge_30_A3,Calopteryx_splendens,NA,1,,0,NA,45,2021,NA,NA
6/11/21,12:58:00,Flyinge_30_A3,Calopteryx_splendens,NA,1,,0,NA,45,2021,NA,NA
6/11/21,12:58:00,Flyinge_30_A3,Calopteryx_splendens,NA,1,,0,NA,45,2021,NA,NA
6/11/21,12:58:00,Flyinge_30_A3,Calopteryx_splendens,NA,1,,0,NA,45,2021,NA,NA
6/11/21,12:58:00,Flyinge_30_A3,Calopteryx_splendens,NA,1,,0,NA,45,2021,NA,NA
6/11/21,12:58:00,Flyinge_30_A3,Calopteryx_splendens,NA,1,,0,NA,45,2021,NA,NA
6/11/21,12:58:00,Flyinge_30_A3,Calopteryx_splendens,NA,1,,0,NA,45,2021,NA,NA
6/11/21,12:58:00,Flyinge_30_A3,Calopteryx_splendens,NA,1,,0,NA,45,2021,NA,NA
6/11/21,12:58:00,Flyinge_30_A3,Calopteryx_splendens,NA,1,,0,NA,45,2021,NA,NA
6/11/21,12:58:00,Flyinge_30_A3,Calopteryx_splendens,NA,1,,0,NA,45,2021,NA,NA
6/11/21,12:58:00,Flyinge_30_A3,Calopteryx_splendens,NA,1,,0,NA,45,2021,NA,NA
6/11/21,12:58:00,Flyinge_30_A3,Calopteryx_splendens,NA,1,,0,NA,45,2021,NA,NA
6/11/21,12:58:00,Flyinge_30_A3,Calopteryx_splendens,NA,1,,0,NA,45,2021,NA,NA
6/11/21,12:58:00,Flyinge_30_A3,Calopteryx_splendens,NA,1,,0,NA,45,2021,NA,NA
6/11/21,12:58:00,Flyinge_30_A3,Calopteryx_splendens,NA,1,,0,NA,45,2021,NA,NA
6/11/21,12:58:00,Flyinge_30_A3,Calopteryx_splendens,NA,1,,0,NA,45,2021,NA,NA
6/11/21,12:58:00,Flyinge_30_A3,Calopteryx_splendens,NA,1,,0,NA,45,2021,NA,NA
6/11/21,12:58:00,Flyinge_30_A3,Calopteryx_splendens,NA,0,Gynochrome,0,NA,45,2021,NA,NA
6/11/21,12:58:00,Flyinge_30_A3,Calopteryx_splendens,NA,0,Gynochrome,0,NA,45,2021,NA,NA
6/11/21,12:58:00,Flyinge_30_A3,Calopteryx_splendens,NA,0,Gynochrome,0,NA,45,2021,NA,NA
6/11/21,12:58:00,Flyinge_30_A3,Calopteryx_splendens,NA,0,Gynochrome,0,NA,45,2021,NA,NA
6/11/21,12:58:00,Flyinge_30_A3,Calopteryx_splendens,NA,0,Gynochrome,0,NA,45,2021,NA,NA
6/11/21,12:58:00,Flyinge_30_A3,Calopteryx_splendens,NA,0,Gynochrome,0,NA,45,2021,NA,NA
6/11/21,12:58:00,Flyinge_30_A3,Calopteryx_splendens,NA,0,Gynochrome,0,NA,45,2021,NA,NA
6/11/21,12:58:00,Flyinge_30_A3,Calopteryx_splendens,NA,0,Gynochrome,0,NA,45,2021,NA,NA
6/11/21,12:58:00,Flyinge_30_A3,Calopteryx_splendens,NA,0,Gynochrome,0,NA,45,2021,NA,NA
6/11/21,12:58:00,Flyinge_30_A3,Calopteryx_splendens,NA,0,Gynochrome,0,NA,45,2021,NA,NA
6/13/21,11:04:00,Genarp,Coenagrion_pulchellum,Mature,1,,1,0,50,2021,NA,NA
6/13/21,11:04:00,Genarp,Coenagrion_pulchellum,Mature,1,,1,1,50,2021,NA,NA
6/13/21,11:04:00,Genarp,Coenagrion_pulchellum,Mature,0,Androchrome,1,0,50,2021,NA,NA
6/13/21,11:04:00,Genarp,Coenagrion_pulchellum,Mature,0,Androchrome,1,0,50,2021,NA,NA
6/13/21,11:04:00,Genarp,Coenagrion_pulchellum,Mature,1,,1,0,50,2021,NA,NA
6/13/21,11:04:00,Genarp,Coenagrion_pulchellum,Mature,0,Gynochrome,1,2,50,2021,NA,NA
6/13/21,11:04:00,Genarp,Coenagrion_pulchellum,Mature,0,Gynochrome,1,1,50,2021,NA,NA
6/13/21,11:04:00,Genarp,Coenagrion_pulchellum,Mature,1,,1,0,50,2021,NA,NA
6/13/21,11:04:00,Genarp,Coenagrion_pulchellum,Mature,0,Gynochrome,1,2,50,2021,NA,NA
6/13/21,11:04:00,Genarp,Coenagrion_pulchellum,Mature,0,Gynochrome,1,2,50,2021,NA,NA
6/13/21,11:04:00,Genarp,Coenagrion_puella,Mature,1,,1,0,50,2021,NA,NA
6/13/21,11:04:00,Genarp,Coenagrion_puella,Mature,0,Gynochrome,1,1,50,2021,NA,NA
6/13/21,11:04:00,Genarp,Coenagrion_pulchellum,Mature,1,,1,1,50,2021,NA,NA
6/13/21,11:04:00,Genarp,Coenagrion_pulchellum,Mature,1,,1,1,50,2021,NA,NA
6/13/21,11:04:00,Genarp,Coenagrion_puella,Mature,1,,1,0,50,2021,NA,NA
6/13/21,11:04:00,Genarp,Coenagrion_puella,Mature,0,Gynochrome,1,0,50,2021,NA,NA
6/13/21,11:04:00,Genarp,Coenagrion_pulchellum,Mature,0,Gynochrome,1,10,50,2021,NA,NA
6/13/21,11:04:00,Genarp,Coenagrion_puella,Mature,1,,1,0,50,2021,NA,NA
6/13/21,11:04:00,Genarp,Brachytron_pratense,Mature,1,,0,0,50,2021,NA,NA
6/13/21,11:04:00,Genarp,Coenagrion_pulchellum,Mature,1,,1,52,50,2021,NA,NA
6/13/21,11:04:00,Genarp,Coenagrion_pulchellum,NA,1,,1,NA,50,2021,NA,NA
6/13/21,11:04:00,Genarp,Coenagrion_pulchellum,Mature,0,Gynochrome,1,8,50,2021,NA,NA
6/13/21,11:04:00,Genarp,Coenagrion_pulchellum,Mature,1,,1,0,50,2021,NA,NA
6/13/21,11:04:00,Genarp,Coenagrion_pulchellum,Mature,1,,1,0,50,2021,NA,NA
6/13/21,11:04:00,Genarp,Coenagrion_pulchellum,Mature,0,Gynochrome,1,NA,50,2021,NA,NA
6/13/21,11:04:00,Genarp,Coenagrion_pulchellum,Mature,1,,1,10,50,2021,NA,NA
6/13/21,11:04:00,Genarp,Coenagrion_pulchellum,Mature,0,Gynochrome,1,0,50,2021,NA,NA
6/13/21,11:04:00,Genarp,Coenagrion_pulchellum,Mature,1,,1,18,50,2021,NA,NA
6/13/21,11:04:00,Genarp,Coenagrion_pulchellum,Mature,0,Gynochrome,1,1,50,2021,NA,NA
6/13/21,11:04:00,Genarp,Coenagrion_pulchellum,Mature,1,,1,1,50,2021,NA,NA
6/13/21,11:04:00,Genarp,Coenagrion_pulchellum,Mature,0,Gynochrome,1,0,50,2021,NA,NA
6/13/21,11:04:00,Genarp,Coenagrion_pulchellum,Mature,0,Gynochrome,1,2,50,2021,NA,NA
6/13/21,11:04:00,Genarp,Coenagrion_pulchellum,Mature,1,,1,0,50,2021,NA,NA
6/13/21,11:04:00,Genarp,Enallagma_cyathigerum,Teneral,1,,0,2,50,2021,NA,NA
6/13/21,11:04:00,Genarp,Coenagrion_pulchellum,Mature,0,Gynochrome,0,0,50,2021,NA,NA
6/13/21,11:04:00,Genarp,Coenagrion_pulchellum,Mature,1,,0,14,50,2021,NA,NA
6/13/21,11:04:00,Genarp,Coenagrion_pulchellum,Mature,1,,0,0,50,2021,NA,NA
6/13/21,11:04:00,Genarp,Coenagrion_pulchellum,Mature,1,,0,1,50,2021,NA,NA
6/13/21,11:04:00,Genarp,Enallagma_cyathigerum,Mature,1,,0,0,50,2021,NA,NA
6/13/21,11:04:00,Genarp,Coenagrion_puella,Mature,1,,0,0,50,2021,NA,NA
6/13/21,11:04:00,Genarp,Coenagrion_pulchellum,Mature,0,Gynochrome,0,5,50,2021,NA,NA
6/13/21,11:04:00,Genarp,Coenagrion_puella,Mature,1,,0,0,50,2021,NA,NA
6/13/21,11:04:00,Genarp,Coenagrion_pulchellum,Mature,1,,0,0,50,2021,NA,NA
6/13/21,11:04:00,Genarp,Coenagrion_pulchellum,Mature,1,,0,0,50,2021,NA,NA
6/13/21,11:04:00,Genarp,Coenagrion_pulchellum,Mature,1,,0,0,50,2021,NA,NA
6/13/21,11:04:00,Genarp,Coenagrion_pulchellum,Mature,1,,0,1,50,2021,NA,NA
6/13/21,11:04:00,Genarp,Coenagrion_puella,Mature,1,,0,2,50,2021,NA,NA
6/13/21,11:04:00,Genarp,Coenagrion_pulchellum,Mature,1,,0,0,50,2021,NA,NA
6/13/21,11:04:00,Genarp,Coenagrion_puella,Mature,1,,0,0,50,2021,NA,NA
6/13/21,11:04:00,Genarp,Coenagrion_pulchellum,Mature,1,,0,0,50,2021,NA,NA
6/13/21,11:04:00,Genarp,Coenagrion_pulchellum,Mature,1,,0,5,50,2021,NA,NA
6/13/21,11:04:00,Genarp,Coenagrion_pulchellum,Mature,1,,0,35,50,2021,NA,NA
6/13/21,11:04:00,Genarp,Coenagrion_pulchellum,Mature,1,,0,0,50,2021,NA,NA
6/13/21,11:04:00,Genarp,Coenagrion_pulchellum,Mature,1,,0,0,50,2021,NA,NA
6/13/21,11:04:00,Genarp,Coenagrion_pulchellum,Mature,1,,0,24,50,2021,NA,NA
6/13/21,11:04:00,Genarp,Coenagrion_pulchellum,Mature,1,,0,0,50,2021,NA,NA
6/13/21,11:04:00,Genarp,Erythromma_najas,Mature,1,,0,4,50,2021,NA,NA
6/13/21,11:04:00,Genarp,Coenagrion_pulchellum,Mature,1,,0,0,50,2021,NA,NA
6/13/21,11:04:00,Genarp,Coenagrion_pulchellum,Mature,0,Gynochrome,0,2,50,2021,NA,NA
6/13/21,11:04:00,Genarp,Erythromma_najas,Mature,1,,0,2,50,2021,NA,NA
6/13/21,11:04:00,Genarp,Coenagrion_pulchellum,Mature,1,,0,12,50,2021,NA,NA
6/13/21,11:04:00,Genarp,Coenagrion_pulchellum,Mature,1,,0,9,50,2021,NA,NA
6/13/21,11:04:00,Genarp,Coenagrion_pulchellum,Mature,1,,0,8,50,2021,NA,NA
6/13/21,11:04:00,Genarp,Erythromma_najas,Immature,0,Gynochrome,0,0,50,2021,NA,NA
6/13/21,11:04:00,Genarp,Coenagrion_pulchellum,Mature,1,,0,0,50,2021,NA,NA
6/13/21,11:04:00,Genarp,Erythromma_najas,Mature,1,,0,1,50,2021,NA,NA
6/13/21,11:04:00,Genarp,Coenagrion_puella,Immature,1,,0,1,50,2021,NA,NA
6/13/21,11:04:00,Genarp,Coenagrion_pulchellum,Mature,0,Gynochrome,0,0,50,2021,NA,NA
6/13/21,11:04:00,Genarp,Coenagrion_pulchellum,Mature,1,,0,0,50,2021,NA,NA
6/13/21,11:04:00,Genarp,Coenagrion_pulchellum,Immature,1,,0,2,50,2021,NA,NA
6/14/21,14:38:00,Lunnarp,Anax_imperator,Mature,1,,0,NA,50,2021,NA,NA
6/14/21,14:38:00,Lunnarp,Libellula_quadrimaculata,NA,,,0,NA,50,2021,NA,NA
6/14/21,14:38:00,Lunnarp,Libellula_depressa,Mature,1,,0,NA,50,2021,NA,NA
6/14/21,14:38:00,Lunnarp,Libellula_depressa,Mature,1,,0,NA,50,2021,NA,NA
6/14/21,14:38:00,Lunnarp,Libellula_depressa,Mature,1,,0,NA,50,2021,NA,NA
6/14/21,14:38:00,Lunnarp,Libellula_depressa,Mature,1,,0,NA,50,2021,NA,NA
6/14/21,14:38:00,Lunnarp,Orthetrum_cancellatum,Mature,1,,0,NA,50,2021,NA,NA
6/14/21,14:38:00,Lunnarp,Calopteryx_splendens,NA,0,Gynochrome,0,NA,50,2021,NA,NA
6/14/21,14:38:00,Lunnarp,Coenagrion_puella,Mature,0,Androchrome,1,2,50,2021,NA,NA
6/14/21,14:38:00,Lunnarp,Coenagrion_puella,Mature,1,,1,0,50,2021,NA,NA
6/14/21,14:38:00,Lunnarp,Enallagma_cyathigerum,Mature,1,,1,0,50,2021,NA,NA
6/14/21,14:38:00,Lunnarp,Enallagma_cyathigerum,Mature,0,Gynochrome,1,0,50,2021,NA,NA
6/14/21,14:38:00,Lunnarp,Coenagrion_puella,Mature,1,,0,0,50,2021,NA,NA
6/14/21,14:38:00,Lunnarp,Enallagma_cyathigerum,Mature,1,,0,0,50,2021,NA,NA
6/14/21,14:38:00,Lunnarp,Enallagma_cyathigerum,Mature,0,Gynochrome,1,0,50,2021,NA,NA
6/14/21,14:38:00,Lunnarp,Coenagrion_puella,Mature,1,,0,0,50,2021,NA,NA
6/14/21,14:38:00,Lunnarp,Enallagma_cyathigerum,Mature,1,,0,1,50,2021,NA,NA
6/14/21,14:38:00,Lunnarp,Coenagrion_pulchellum,Immature,0,Gynochrome,0,7,50,2021,NA,NA
6/14/21,14:38:00,Lunnarp,Enallagma_cyathigerum,Teneral,1,,0,0,50,2021,NA,NA
6/14/21,14:38:00,Lunnarp,Enallagma_cyathigerum,Teneral,0,,0,0,50,2021,NA,NA
6/14/21,14:38:00,Lunnarp,Coenagrion_puella,Immature,1,,0,1,50,2021,NA,NA
6/14/21,14:38:00,Lunnarp,Coenagrion_puella,Mature,1,,0,1,50,2021,NA,NA
6/14/21,14:38:00,Lunnarp,Coenagrion_puella,Mature,1,,0,0,50,2021,NA,NA
6/14/21,14:38:00,Lunnarp,Calopteryx_splendens,Immature,0,Gynochrome,0,0,50,2021,NA,NA
6/14/21,14:38:00,Lunnarp,Coenagrion_pulchellum,Mature,1,,0,0,50,2021,NA,NA
6/14/21,14:38:00,Lunnarp,Coenagrion_puella,Mature,1,,0,0,50,2021,NA,NA
6/14/21,14:38:00,Lunnarp,Coenagrion_puella,Immature,1,,0,0,50,2021,NA,NA
6/14/21,14:38:00,Lunnarp,Coenagrion_pulchellum,Mature,1,,0,8,50,2021,NA,NA
6/14/21,14:38:00,Lunnarp,Coenagrion_pulchellum,Mature,1,,0,0,50,2021,NA,NA
6/14/21,14:38:00,Lunnarp,Coenagrion_puella,Mature,1,,0,0,50,2021,NA,NA
6/14/21,14:38:00,Lunnarp,Coenagrion_puella,Mature,1,,0,3,50,2021,NA,NA
6/14/21,14:38:00,Lunnarp,Coenagrion_puella,Mature,1,,0,0,50,2021,NA,NA
6/14/21,14:38:00,Lunnarp,Coenagrion_pulchellum,Mature,1,,0,0,50,2021,NA,NA
6/14/21,14:38:00,Lunnarp,Coenagrion_puella,Mature,1,,0,1,50,2021,NA,NA
6/14/21,14:38:00,Lunnarp,Coenagrion_pulchellum,Mature,1,,0,0,50,2021,NA,NA
6/14/21,14:38:00,Lunnarp,Enallagma_cyathigerum,Mature,0,Gynochrome,0,0,50,2021,NA,NA
6/14/21,14:38:00,Lunnarp,Ischnura_pumilio,Immature,1,,0,0,50,2021,NA,NA
6/14/21,14:38:00,Lunnarp,Coenagrion_pulchellum,Immature,0,Gynochrome,0,30,50,2021,NA,NA
6/15/21,10:30:00,Vombs_Bruksgard,Calopteryx_splendens,Mature,1,,0,NA,75,2021,NA,NA
6/15/21,10:30:00,Vombs_Bruksgard,Calopteryx_splendens,Mature,1,,0,NA,75,2021,NA,NA
6/15/21,10:30:00,Vombs_Bruksgard,Calopteryx_splendens,Mature,1,,0,NA,75,2021,NA,NA
6/15/21,10:30:00,Vombs_Bruksgard,Cordulia_aenea,Mature,1,,0,NA,75,2021,NA,NA
6/15/21,10:30:00,Vombs_Bruksgard,Cordulia_aenea,Mature,1,,0,NA,75,2021,NA,NA
6/15/21,10:30:00,Vombs_Bruksgard,Cordulia_aenea,Mature,1,,0,NA,75,2021,NA,NA
6/15/21,10:30:00,Vombs_Bruksgard,Cordulia_aenea,Mature,1,,0,NA,75,2021,NA,NA
6/15/21,10:30:00,Vombs_Bruksgard,Cordulia_aenea,Mature,1,,0,NA,75,2021,NA,NA
6/15/21,10:30:00,Vombs_Bruksgard,Cordulia_aenea,Mature,1,,0,NA,75,2021,NA,NA
6/15/21,10:30:00,Vombs_Bruksgard,Cordulia_aenea,Mature,1,,0,NA,75,2021,NA,NA
6/15/21,10:30:00,Vombs_Bruksgard,Leucorrhinia_pectoralis,Mature,1,,0,NA,75,2021,NA,NA
6/15/21,10:30:00,Vombs_Bruksgard,Leucorrhinia_pectoralis,Mature,1,,0,NA,75,2021,NA,NA
6/15/21,10:30:00,Vombs_Bruksgard,Libellula_quadrimaculata,Mature,,,0,NA,75,2021,NA,NA
6/15/21,10:30:00,Vombs_Bruksgard,Libellula_quadrimaculata,Mature,,,0,NA,75,2021,NA,NA
6/15/21,10:30:00,Vombs_Bruksgard,Libellula_quadrimaculata,Mature,,,0,NA,75,2021,NA,NA
6/15/21,10:30:00,Vombs_Bruksgard,Libellula_quadrimaculata,Mature,,,0,NA,75,2021,NA,NA
6/15/21,10:30:00,Vombs_Bruksgard,Libellula_quadrimaculata,Mature,,,0,NA,75,2021,NA,NA
6/15/21,10:30:00,Vombs_Bruksgard,Libellula_quadrimaculata,Mature,,,0,NA,75,2021,NA,NA
6/15/21,10:30:00,Vombs_Bruksgard,Libellula_quadrimaculata,Mature,,,0,NA,75,2021,NA,NA
6/15/21,10:30:00,Vombs_Bruksgard,Libellula_quadrimaculata,Mature,,,0,NA,75,2021,NA,NA
6/15/21,10:30:00,Vombs_Bruksgard,Libellula_quadrimaculata,Mature,,,0,NA,75,2021,NA,NA
6/15/21,10:30:00,Vombs_Bruksgard,Libellula_quadrimaculata,Mature,,,0,NA,75,2021,NA,NA
6/15/21,10:30:00,Vombs_Bruksgard,Libellula_quadrimaculata,Mature,,,0,NA,75,2021,NA,NA
6/15/21,10:30:00,Vombs_Bruksgard,Libellula_quadrimaculata,Mature,,,0,NA,75,2021,NA,NA
6/15/21,10:30:00,Vombs_Bruksgard,Libellula_quadrimaculata,Mature,,,0,NA,75,2021,NA,NA
6/15/21,10:30:00,Vombs_Bruksgard,Libellula_quadrimaculata,Mature,,,0,NA,75,2021,NA,NA
6/15/21,10:30:00,Vombs_Bruksgard,Libellula_quadrimaculata,Mature,,,0,NA,75,2021,NA,NA
6/15/21,10:30:00,Vombs_Bruksgard,Libellula_quadrimaculata,Mature,,,0,NA,75,2021,NA,NA
6/15/21,10:30:00,Vombs_Bruksgard,Libellula_quadrimaculata,Mature,,,0,NA,75,2021,NA,NA
6/15/21,10:30:00,Vombs_Bruksgard,Libellula_quadrimaculata,Mature,,,0,NA,75,2021,NA,NA
6/15/21,10:30:00,Vombs_Bruksgard,Libellula_quadrimaculata,Mature,,,0,NA,75,2021,NA,NA
6/15/21,10:30:00,Vombs_Bruksgard,Libellula_quadrimaculata,Mature,,,0,NA,75,2021,NA,NA
6/15/21,10:30:00,Vombs_Bruksgard,Libellula_quadrimaculata,Mature,,,0,NA,75,2021,NA,NA
6/15/21,10:30:00,Vombs_Bruksgard,Libellula_quadrimaculata,Mature,,,0,NA,75,2021,NA,NA
6/15/21,10:30:00,Vombs_Bruksgard,Libellula_quadrimaculata,Mature,,,0,NA,75,2021,NA,NA
6/15/21,10:30:00,Vombs_Bruksgard,Libellula_quadrimaculata,Mature,,,0,NA,75,2021,NA,NA
6/15/21,10:30:00,Vombs_Bruksgard,Libellula_quadrimaculata,Mature,,,0,NA,75,2021,NA,NA
6/15/21,10:30:00,Vombs_Bruksgard,Libellula_quadrimaculata,Mature,,,0,NA,75,2021,NA,NA
6/15/21,10:30:00,Vombs_Bruksgard,Libellula_quadrimaculata,Mature,,,0,NA,75,2021,NA,NA
6/15/21,10:30:00,Vombs_Bruksgard,Libellula_quadrimaculata,Mature,,,0,NA,75,2021,NA,NA
6/15/21,10:30:00,Vombs_Bruksgard,Libellula_quadrimaculata,Mature,,,0,NA,75,2021,NA,NA
6/15/21,10:30:00,Vombs_Bruksgard,Libellula_quadrimaculata,Mature,,,0,NA,75,2021,NA,NA
6/15/21,10:30:00,Vombs_Bruksgard,Libellula_quadrimaculata,Mature,1,,0,0,75,2021,NA,NA
6/15/21,10:30:00,Vombs_Bruksgard,Cordulia_aenea,Mature,1,,0,0,75,2021,NA,NA
6/15/21,10:30:00,Vombs_Bruksgard,Libellula_quadrimaculata,Mature,1,,0,0,75,2021,NA,NA
6/15/21,10:30:00,Vombs_Bruksgard,Libellula_quadrimaculata,Mature,1,,0,0,75,2021,NA,NA
6/15/21,10:30:00,Vombs_Bruksgard,Orthetrum_cancellatum,Immature,0,,0,0,75,2021,NA,NA
6/15/21,10:30:00,Vombs_Bruksgard,Enallagma_cyathigerum,Mature,1,,1,21,75,2021,NA,NA
6/15/21,10:30:00,Vombs_Bruksgard,Enallagma_cyathigerum,Mature,0,Gynochrome,1,126,75,2021,NA,NA
6/15/21,10:30:00,Vombs_Bruksgard,Enallagma_cyathigerum,Mature,0,Gynochrome,1,0,75,2021,NA,NA
6/15/21,10:30:00,Vombs_Bruksgard,Enallagma_cyathigerum,Mature,1,,0,3,75,2021,NA,NA
6/15/21,10:30:00,Vombs_Bruksgard,Enallagma_cyathigerum,Mature,1,,1,3,75,2021,NA,NA
6/15/21,10:30:00,Vombs_Bruksgard,Enallagma_cyathigerum,Immature,1,,0,91,75,2021,NA,NA
6/15/21,10:30:00,Vombs_Bruksgard,Enallagma_cyathigerum,Immature,1,,0,3,75,2021,NA,NA
6/15/21,10:30:00,Vombs_Bruksgard,Enallagma_cyathigerum,Immature,0,Gynochrome,0,17,75,2021,NA,NA
6/15/21,10:30:00,Vombs_Bruksgard,Enallagma_cyathigerum,Teneral,0,,0,20,75,2021,NA,NA
6/15/21,10:30:00,Vombs_Bruksgard,Enallagma_cyathigerum,Mature,1,,0,2,75,2021,NA,NA
6/15/21,10:30:00,Vombs_Bruksgard,Coenagrion_pulchellum,Mature,1,,0,0,75,2021,NA,NA
6/15/21,10:30:00,Vombs_Bruksgard,Coenagrion_puella,Mature,1,,0,0,75,2021,NA,NA
6/15/21,10:30:00,Vombs_Bruksgard,Enallagma_cyathigerum,Mature,1,,0,12,75,2021,NA,NA
6/15/21,10:30:00,Vombs_Bruksgard,Enallagma_cyathigerum,Immature,1,,0,1,75,2021,NA,NA
6/15/21,10:30:00,Vombs_Bruksgard,Coenagrion_puella,Immature,1,,0,58,75,2021,NA,NA
6/15/21,10:30:00,Vombs_Bruksgard,Enallagma_cyathigerum,Mature,1,,0,5,75,2021,NA,NA
6/15/21,10:30:00,Vombs_Bruksgard,Coenagrion_puella,Immature,1,,0,0,75,2021,NA,NA
6/15/21,10:30:00,Vombs_Bruksgard,Coenagrion_puella,Teneral,1,,0,51,75,2021,NA,NA
6/15/21,10:30:00,Vombs_Bruksgard,Enallagma_cyathigerum,Mature,1,,0,19,75,2021,NA,NA
6/15/21,10:30:00,Vombs_Bruksgard,Coenagrion_pulchellum,Mature,1,,0,1,75,2021,NA,NA
6/15/21,10:30:00,Vombs_Bruksgard,Enallagma_cyathigerum,Mature,1,,0,3,75,2021,NA,NA
6/15/21,10:30:00,Vombs_Bruksgard,Enallagma_cyathigerum,Immature,1,,0,2,75,2021,NA,NA
6/15/21,10:30:00,Vombs_Bruksgard,Coenagrion_puella,Mature,1,,0,4,75,2021,NA,NA
6/15/21,10:30:00,Vombs_Bruksgard,Enallagma_cyathigerum,Teneral,1,,0,30,75,2021,NA,NA
6/15/21,10:30:00,Vombs_Bruksgard,Coenagrion_puella,Mature,1,,0,1,75,2021,NA,NA
6/15/21,10:30:00,Vombs_Bruksgard,Enallagma_cyathigerum,Immature,1,,0,0,75,2021,NA,NA
6/15/21,10:30:00,Vombs_Bruksgard,Coenagrion_puella,Mature,1,,0,1,75,2021,NA,NA
6/15/21,10:30:00,Vombs_Bruksgard,Enallagma_cyathigerum,Teneral,1,,0,47,75,2021,NA,NA
6/15/21,10:30:00,Vombs_Bruksgard,Enallagma_cyathigerum,Teneral,0,,0,35,75,2021,NA,NA
6/15/21,10:30:00,Vombs_Bruksgard,Enallagma_cyathigerum,Mature,1,,0,1,75,2021,NA,NA
6/15/21,10:30:00,Vombs_Bruksgard,Enallagma_cyathigerum,Mature,1,,0,1,75,2021,NA,NA
6/15/21,10:30:00,Vombs_Bruksgard,Coenagrion_pulchellum,Immature,1,,0,2,75,2021,NA,NA
6/15/21,10:30:00,Vombs_Bruksgard,Enallagma_cyathigerum,Immature,1,,0,0,75,2021,NA,NA
6/15/21,10:30:00,Vombs_Bruksgard,Coenagrion_puella,Mature,1,,0,1,75,2021,NA,NA
6/15/21,10:30:00,Vombs_Bruksgard,Enallagma_cyathigerum,Mature,1,,0,0,75,2021,NA,NA
6/15/21,10:30:00,Vombs_Bruksgard,Coenagrion_pulchellum,Immature,0,Gynochrome,0,86,75,2021,NA,NA
6/15/21,10:30:00,Vombs_Bruksgard,Coenagrion_puella,Mature,1,,0,4,75,2021,NA,NA
6/15/21,10:30:00,Vombs_Bruksgard,Coenagrion_puella,Immature,1,,0,6,75,2021,NA,NA
6/15/21,10:30:00,Vombs_Bruksgard,Enallagma_cyathigerum,Teneral,1,,0,56,75,2021,NA,NA
6/15/21,10:30:00,Vombs_Bruksgard,Coenagrion_puella,Teneral,1,,0,64,75,2021,NA,NA
6/15/21,10:30:00,Vombs_Bruksgard,Enallagma_cyathigerum,Immature,1,,0,0,75,2021,NA,NA
6/15/21,10:30:00,Vombs_Bruksgard,Coenagrion_puella,Immature,1,,0,2,75,2021,NA,NA
6/15/21,10:30:00,Vombs_Bruksgard,Enallagma_cyathigerum,Immature,1,,0,3,75,2021,NA,NA
6/15/21,10:30:00,Vombs_Bruksgard,Coenagrion_puella,Immature,1,,0,0,75,2021,NA,NA
6/15/21,10:30:00,Vombs_Bruksgard,Lestes_dryas,Immature,0,Gynochrome,0,0,75,2021,NA,NA
6/15/21,10:30:00,Vombs_Bruksgard,Enallagma_cyathigerum,Mature,1,,0,0,75,2021,NA,NA
6/15/21,10:30:00,Vombs_Bruksgard,Coenagrion_puella,Mature,1,,0,18,75,2021,NA,NA
6/15/21,10:30:00,Vombs_Bruksgard,Coenagrion_puella,Teneral,0,,0,61,75,2021,NA,NA
6/15/21,10:30:00,Vombs_Bruksgard,Enallagma_cyathigerum,Immature,0,Gynochrome,0,70,75,2021,NA,NA
6/15/21,10:30:00,Vombs_Bruksgard,Coenagrion_puella,Teneral,0,,0,57,75,2021,NA,NA
6/16/21,10:33:00,Sovdemolla,Cordulia_aenea,Mature,1,,0,NA,45,2021,NA,NA
6/16/21,10:33:00,Sovdemolla,Gomphus_vulgatissimus,Mature,,,0,NA,45,2021,NA,NA
6/16/21,10:33:00,Sovdemolla,Pyrrhosoma_nymphula,Mature,1,,0,0,45,2021,NA,NA
6/16/21,10:33:00,Sovdemolla,Pyrrhosoma_nymphula,Mature,1,,0,0,45,2021,NA,NA
6/16/21,10:33:00,Sovdemolla,Platycnemis_pennipes,Teneral,0,,0,0,45,2021,NA,NA
6/16/21,10:33:00,Sovdemolla,Pyrrhosoma_nymphula,Mature,1,,0,0,45,2021,NA,NA
6/16/21,10:33:00,Sovdemolla,Platycnemis_pennipes,Immature,1,,0,0,45,2021,NA,NA
6/16/21,10:33:00,Sovdemolla,Coenagrion_puella,Mature,1,,0,0,45,2021,NA,NA
6/16/21,10:33:00,Sovdemolla,Coenagrion_puella,Mature,1,,0,0,45,2021,NA,NA
6/16/21,10:33:00,Sovdemolla,Calopteryx_splendens,Immature,1,,0,0,45,2021,NA,NA
6/16/21,10:33:00,Sovdemolla,Calopteryx_splendens,Mature,1,,0,0,45,2021,NA,NA
6/16/21,10:33:00,Sovdemolla,Calopteryx_splendens,Mature,1,,0,0,45,2021,NA,NA
6/16/21,10:33:00,Sovdemolla,Calopteryx_splendens,Immature,1,,0,0,45,2021,NA,NA
6/16/21,10:33:00,Sovdemolla,Calopteryx_splendens,Immature,1,,0,0,45,2021,NA,NA
6/16/21,10:33:00,Sovdemolla,Calopteryx_splendens,Immature,1,,0,0,45,2021,NA,NA
6/16/21,10:33:00,Sovdemolla,Calopteryx_splendens,Mature,1,,0,0,45,2021,NA,NA
6/16/21,10:33:00,Sovdemolla,Calopteryx_splendens,Immature,1,,0,0,45,2021,NA,NA
6/16/21,10:33:00,Sovdemolla,Calopteryx_splendens,Immature,1,,0,0,45,2021,NA,NA
6/16/21,10:33:00,Sovdemolla,Calopteryx_splendens,Mature,1,,0,0,45,2021,NA,NA
6/16/21,10:33:00,Sovdemolla,Calopteryx_splendens,Mature,1,,0,0,45,2021,NA,NA
6/16/21,10:33:00,Sovdemolla,Calopteryx_virgo,Mature,1,,0,0,45,2021,NA,NA
6/16/21,10:33:00,Sovdemolla,Calopteryx_virgo,Immature,1,,0,0,45,2021,NA,NA
6/16/21,10:33:00,Sovdemolla,Coenagrion_puella,Mature,1,,0,9,45,2021,NA,NA
6/16/21,10:33:00,Sovdemolla,Calopteryx_splendens,Mature,1,,0,0,45,2021,NA,NA
6/16/21,10:33:00,Sovdemolla,Calopteryx_splendens,Mature,0,Gynochrome,0,0,45,2021,NA,NA
6/16/21,10:33:00,Sovdemolla,Calopteryx_virgo,Mature,1,,0,0,45,2021,NA,NA
6/16/21,10:33:00,Sovdemolla,Calopteryx_virgo,Mature,1,,0,0,45,2021,NA,NA
6/16/21,10:33:00,Sovdemolla,Calopteryx_splendens,Mature,1,,0,0,45,2021,NA,NA
6/16/21,10:33:00,Sovdemolla,Calopteryx_splendens,Immature,1,,0,0,45,2021,NA,NA
6/16/21,10:33:00,Sovdemolla,Calopteryx_splendens,Immature,1,,0,0,45,2021,NA,NA
6/16/21,10:33:00,Sovdemolla,Calopteryx_splendens,Mature,1,,0,0,45,2021,NA,NA
6/16/21,10:33:00,Sovdemolla,Calopteryx_splendens,Immature,1,,0,0,45,2021,NA,NA
6/16/21,10:33:00,Sovdemolla,Calopteryx_splendens,Mature,1,,0,0,45,2021,NA,NA
6/16/21,10:33:00,Sovdemolla,Calopteryx_splendens,Mature,1,,0,0,45,2021,NA,NA
6/16/21,10:33:00,Sovdemolla,Calopteryx_splendens,Immature,1,,0,0,45,2021,NA,NA
6/16/21,10:33:00,Sovdemolla,Calopteryx_splendens,Immature,1,,0,0,45,2021,NA,NA
6/16/21,10:33:00,Sovdemolla,Calopteryx_virgo,Mature,1,,0,0,45,2021,NA,NA
6/16/21,10:33:00,Sovdemolla,Calopteryx_splendens,Mature,1,,0,0,45,2021,NA,NA
6/16/21,10:33:00,Sovdemolla,Calopteryx_splendens,Mature,1,,0,0,45,2021,NA,NA
6/16/21,10:33:00,Sovdemolla,Calopteryx_splendens,Immature,1,,0,0,45,2021,NA,NA
6/16/21,10:33:00,Sovdemolla,Calopteryx_splendens,Immature,1,,0,0,45,2021,NA,NA
6/16/21,10:33:00,Sovdemolla,Calopteryx_splendens,Mature,1,,0,0,45,2021,NA,NA
6/16/21,10:33:00,Sovdemolla,Calopteryx_virgo,Mature,1,,0,0,45,2021,NA,NA
6/16/21,10:33:00,Sovdemolla,Calopteryx_splendens,Mature,0,Gynochrome,0,0,45,2021,NA,NA
6/16/21,11:48:00,Ilstorp,Cordulia_aenea,Mature,,,0,NA,45,2021,NA,NA
6/16/21,11:48:00,Ilstorp,Aeshna_isoceles,Mature,,,0,NA,45,2021,NA,NA
6/16/21,11:48:00,Ilstorp,Aeshna_isoceles,Mature,,,0,NA,45,2021,NA,NA
6/16/21,11:48:00,Ilstorp,Aeshna_isoceles,Mature,,,0,NA,45,2021,NA,NA
6/16/21,11:48:00,Ilstorp,Anax_imperator,Mature,1,,0,NA,45,2021,NA,NA
6/16/21,11:48:00,Ilstorp,Anax_imperator,Mature,0,,0,NA,45,2021,NA,NA
6/16/21,11:48:00,Ilstorp,Brachytron_pratense,Mature,1,,0,NA,45,2021,NA,NA
6/16/21,11:48:00,Ilstorp,Brachytron_pratense,Mature,1,,0,NA,45,2021,NA,NA
6/16/21,11:48:00,Ilstorp,Brachytron_pratense,Mature,1,,0,NA,45,2021,NA,NA
6/16/21,11:48:00,Ilstorp,Brachytron_pratense,Mature,1,,0,NA,45,2021,NA,NA
6/16/21,11:48:00,Ilstorp,Brachytron_pratense,Mature,1,,0,NA,45,2021,NA,NA
6/16/21,11:48:00,Ilstorp,Orthetrum_cancellatum,Mature,1,,0,NA,45,2021,NA,NA
6/16/21,11:48:00,Ilstorp,Orthetrum_cancellatum,Mature,1,,0,NA,45,2021,NA,NA
6/16/21,11:48:00,Ilstorp,Orthetrum_cancellatum,Mature,,,0,NA,45,2021,NA,NA
6/16/21,11:48:00,Ilstorp,Orthetrum_cancellatum,Mature,,,0,NA,45,2021,NA,NA
6/16/21,11:48:00,Ilstorp,Orthetrum_cancellatum,Mature,,,0,NA,45,2021,NA,NA
6/16/21,11:48:00,Ilstorp,Libellula_quadrimaculata,Mature,,,0,NA,45,2021,NA,NA
6/16/21,11:48:00,Ilstorp,Libellula_quadrimaculata,Mature,,,0,NA,45,2021,NA,NA
6/16/21,11:48:00,Ilstorp,Libellula_quadrimaculata,Mature,,,0,NA,45,2021,NA,NA
6/16/21,11:48:00,Ilstorp,Libellula_quadrimaculata,Mature,,,0,NA,45,2021,NA,NA
6/16/21,11:48:00,Ilstorp,Calopteryx_splendens,Mature,1,,0,NA,45,2021,NA,NA
6/16/21,11:48:00,Ilstorp,Calopteryx_splendens,Mature,1,,0,NA,45,2021,NA,NA
6/16/21,11:48:00,Ilstorp,Calopteryx_splendens,Mature,1,,0,NA,45,2021,NA,NA
6/16/21,11:48:00,Ilstorp,Calopteryx_splendens,Mature,1,,0,NA,45,2021,NA,NA
6/16/21,11:48:00,Ilstorp,Calopteryx_splendens,Mature,1,,0,NA,45,2021,NA,NA
6/16/21,11:48:00,Ilstorp,Erythromma_najas,Mature,1,,0,NA,45,2021,NA,NA
6/16/21,11:48:00,Ilstorp,Coenagrion_puella,Mature,0,Gynochrome,1,5,45,2021,NA,NA
6/16/21,11:48:00,Ilstorp,Coenagrion_puella,NA,1,,1,NA,45,2021,NA,NA
6/16/21,11:48:00,Ilstorp,Coenagrion_puella,Mature,0,Androchrome,1,21,45,2021,NA,NA
6/16/21,11:48:00,Ilstorp,Coenagrion_puella,Mature,1,,1,0,45,2021,NA,NA
6/16/21,11:48:00,Ilstorp,Coenagrion_puella,Mature,0,Androchrome,1,3,45,2021,NA,NA
6/16/21,11:48:00,Ilstorp,Coenagrion_puella,Mature,1,,1,1,45,2021,NA,NA
6/16/21,11:48:00,Ilstorp,Enallagma_cyathigerum,Mature,1,,1,0,45,2021,NA,NA
6/16/21,11:48:00,Ilstorp,Enallagma_cyathigerum,Mature,0,Gynochrome,1,3,45,2021,NA,NA
6/16/21,11:48:00,Ilstorp,Enallagma_cyathigerum,Mature,1,,0,NA,45,2021,NA,NA
6/16/21,11:48:00,Ilstorp,Coenagrion_puella,Mature,1,,0,26,45,2021,NA,NA
6/16/21,11:48:00,Ilstorp,Enallagma_cyathigerum,Mature,1,,0,0,45,2021,NA,NA
6/16/21,11:48:00,Ilstorp,Enallagma_cyathigerum,Mature,1,,0,0,45,2021,NA,NA
6/16/21,11:48:00,Ilstorp,Enallagma_cyathigerum,Mature,1,,0,0,45,2021,NA,NA
6/16/21,11:48:00,Ilstorp,Coenagrion_puella,Mature,1,,0,5,45,2021,NA,NA
6/16/21,11:48:00,Ilstorp,Coenagrion_puella,Mature,1,,0,1,45,2021,NA,NA
6/16/21,11:48:00,Ilstorp,Coenagrion_puella,Mature,1,,0,0,45,2021,NA,NA
6/16/21,11:48:00,Ilstorp,Coenagrion_puella,Mature,1,,0,2,45,2021,NA,NA
6/16/21,11:48:00,Ilstorp,Coenagrion_puella,Mature,1,,0,1,45,2021,NA,NA
6/16/21,11:48:00,Ilstorp,Enallagma_cyathigerum,Mature,1,,0,56,45,2021,NA,NA
6/16/21,11:48:00,Ilstorp,Coenagrion_puella,Mature,1,,0,7,45,2021,NA,NA
6/16/21,11:48:00,Ilstorp,Coenagrion_puella,Mature,1,,0,0,45,2021,NA,NA
6/16/21,11:48:00,Ilstorp,Enallagma_cyathigerum,Mature,1,,0,0,45,2021,NA,NA
6/16/21,11:48:00,Ilstorp,Enallagma_cyathigerum,Mature,1,,0,4,45,2021,NA,NA
6/16/21,11:48:00,Ilstorp,Coenagrion_puella,Mature,1,,0,2,45,2021,NA,NA
6/16/21,11:48:00,Ilstorp,Coenagrion_puella,Mature,1,,0,1,45,2021,NA,NA
6/16/21,11:48:00,Ilstorp,Coenagrion_puella,Mature,1,,0,5,45,2021,NA,NA
6/16/21,11:48:00,Ilstorp,Coenagrion_puella,Mature,1,,0,1,45,2021,NA,NA
6/16/21,11:48:00,Ilstorp,Coenagrion_puella,Mature,1,,0,1,45,2021,NA,NA
6/16/21,11:48:00,Ilstorp,Enallagma_cyathigerum,Mature,1,,0,0,45,2021,NA,NA
6/16/21,11:48:00,Ilstorp,Coenagrion_puella,Immature,1,,0,0,45,2021,NA,NA
6/16/21,11:48:00,Ilstorp,Coenagrion_puella,Mature,1,,0,0,45,2021,NA,NA
6/16/21,11:48:00,Ilstorp,Coenagrion_puella,Mature,1,,0,1,45,2021,NA,NA
6/16/21,11:48:00,Ilstorp,Coenagrion_puella,Immature,1,,0,0,45,2021,NA,NA
6/16/21,11:48:00,Ilstorp,Enallagma_cyathigerum,Mature,1,,0,1,45,2021,NA,NA
6/16/21,11:48:00,Ilstorp,Coenagrion_puella,Mature,1,,0,0,45,2021,NA,NA
6/16/21,11:48:00,Ilstorp,Coenagrion_puella,Mature,1,,0,NA,45,2021,NA,NA
6/16/21,11:48:00,Ilstorp,Enallagma_cyathigerum,Mature,1,,0,1,45,2021,NA,NA
6/16/21,11:48:00,Ilstorp,Enallagma_cyathigerum,Immature,1,,0,0,45,2021,NA,NA
6/16/21,11:48:00,Ilstorp,Coenagrion_puella,Mature,1,,0,0,45,2021,NA,NA
6/16/21,11:48:00,Ilstorp,Coenagrion_puella,Mature,1,,0,0,45,2021,NA,NA
6/16/21,11:48:00,Ilstorp,Enallagma_cyathigerum,Mature,1,,0,0,45,2021,NA,NA
6/16/21,11:48:00,Ilstorp,Enallagma_cyathigerum,Mature,1,,0,1,45,2021,NA,NA
6/16/21,11:48:00,Ilstorp,Coenagrion_puella,Mature,1,,0,0,45,2021,NA,NA
6/16/21,11:48:00,Ilstorp,Coenagrion_puella,Mature,1,,0,0,45,2021,NA,NA
6/16/21,11:48:00,Ilstorp,Coenagrion_puella,Mature,1,,0,0,45,2021,NA,NA
6/16/21,11:48:00,Ilstorp,Brachytron_pratense,Mature,1,,0,0,45,2021,NA,NA
6/16/21,15:59:00,Gunnesbo,Orthetrum_cancellatum,Mature,1,,1,NA,60,2021,NA,NA
6/16/21,15:59:00,Gunnesbo,Orthetrum_cancellatum,Mature,0,Gynochrome,1,NA,60,2021,NA,NA
6/16/21,15:59:00,Gunnesbo,Orthetrum_cancellatum,Mature,1,,0,NA,60,2021,NA,NA
6/16/21,15:59:00,Gunnesbo,Orthetrum_cancellatum,Mature,1,,0,NA,60,2021,NA,NA
6/16/21,15:59:00,Gunnesbo,Orthetrum_cancellatum,Mature,1,,0,NA,60,2021,NA,NA
6/16/21,15:59:00,Gunnesbo,Orthetrum_cancellatum,Mature,1,,0,NA,60,2021,NA,NA
6/16/21,15:59:00,Gunnesbo,Orthetrum_cancellatum,Mature,1,,0,NA,60,2021,NA,NA
6/16/21,15:59:00,Gunnesbo,Enallagma_cyathigerum,Mature,1,,0,0,60,2021,NA,NA
6/16/21,15:59:00,Gunnesbo,Coenagrion_pulchellum,Mature,1,,0,0,60,2021,NA,NA
6/16/21,15:59:00,Gunnesbo,Enallagma_cyathigerum,Mature,1,,0,0,60,2021,NA,NA
6/16/21,15:59:00,Gunnesbo,Orthetrum_cancellatum,Mature,1,,1,NA,60,2021,NA,NA
6/16/21,15:59:00,Gunnesbo,Orthetrum_cancellatum,Mature,0,Gynochrome,1,NA,60,2021,NA,NA
6/17/21,10:57:00,Holmeja,Coenagrion_puella,Immature,1,,1,0,90,2021,NA,NA
6/17/21,10:57:00,Holmeja,Coenagrion_puella,Mature,1,,1,0,90,2021,NA,NA
6/17/21,10:57:00,Holmeja,Coenagrion_puella,Mature,0,Gynochrome,1,2,90,2021,NA,NA
6/17/21,10:57:00,Holmeja,Coenagrion_puella,Immature,0,Gynochrome,1,52,90,2021,NA,NA
6/17/21,10:57:00,Holmeja,Coenagrion_puella,Mature,0,Gynochrome,1,16,90,2021,NA,NA
6/17/21,10:57:00,Holmeja,Coenagrion_puella,Mature,1,,1,0,90,2021,NA,NA
6/17/21,10:57:00,Holmeja,Coenagrion_puella,Mature,1,,1,24,90,2021,NA,NA
6/17/21,10:57:00,Holmeja,Coenagrion_puella,Mature,0,Androchrome,1,0,90,2021,NA,NA
6/17/21,10:57:00,Holmeja,Coenagrion_puella,Mature,1,,0,0,90,2021,NA,NA
6/17/21,10:57:00,Holmeja,Coenagrion_puella,Mature,1,,1,0,90,2021,NA,NA
6/17/21,10:57:00,Holmeja,Coenagrion_puella,Immature,1,,0,0,90,2021,NA,NA
6/17/21,10:57:00,Holmeja,Coenagrion_puella,Mature,0,Gynochrome,1,48,90,2021,NA,NA
6/17/21,10:57:00,Holmeja,Coenagrion_puella,Mature,0,Gynochrome,1,91,90,2021,NA,NA
6/17/21,10:57:00,Holmeja,Coenagrion_puella,Immature,1,,0,0,90,2021,NA,NA
6/17/21,10:57:00,Holmeja,Coenagrion_puella,Mature,1,,0,0,90,2021,NA,NA
6/17/21,10:57:00,Holmeja,Coenagrion_puella,Immature,1,,0,15,90,2021,NA,NA
6/17/21,10:57:00,Holmeja,Coenagrion_puella,Mature,1,,0,46,90,2021,NA,NA
6/17/21,10:57:00,Holmeja,Coenagrion_puella,Mature,1,,0,31,90,2021,NA,NA
6/17/21,10:57:00,Holmeja,Lestes_sponsa,Immature,1,,0,0,90,2021,NA,NA
6/17/21,10:57:00,Holmeja,Lestes_sponsa,Immature,1,,0,0,90,2021,NA,NA
6/17/21,10:57:00,Holmeja,Coenagrion_puella,Immature,1,,0,7,90,2021,NA,NA
6/17/21,10:57:00,Holmeja,Coenagrion_puella,Mature,1,,0,46,90,2021,NA,NA
6/17/21,10:57:00,Holmeja,Coenagrion_puella,Mature,1,,0,0,90,2021,NA,NA
6/17/21,10:57:00,Holmeja,Coenagrion_puella,Immature,1,,0,52,90,2021,NA,NA
6/17/21,10:57:00,Holmeja,Coenagrion_puella,Immature,1,,0,42,90,2021,NA,NA
6/17/21,10:57:00,Holmeja,Coenagrion_puella,Mature,1,,0,0,90,2021,NA,NA
6/17/21,10:57:00,Holmeja,Coenagrion_puella,Immature,1,,0,0,90,2021,NA,NA
6/17/21,10:57:00,Holmeja,Coenagrion_puella,Immature,1,,0,3,90,2021,NA,NA
6/17/21,10:57:00,Holmeja,Coenagrion_puella,Mature,1,,0,0,90,2021,NA,NA
6/17/21,10:57:00,Holmeja,Coenagrion_puella,Immature,1,,0,3,90,2021,NA,NA
6/17/21,10:57:00,Holmeja,Lestes_sponsa,Immature,1,,0,0,90,2021,NA,NA
6/17/21,10:57:00,Holmeja,Coenagrion_puella,Mature,1,,0,0,90,2021,NA,NA
6/17/21,10:57:00,Holmeja,Coenagrion_puella,Mature,1,,0,0,90,2021,NA,NA
6/17/21,10:57:00,Holmeja,Coenagrion_hastulatum,Mature,1,,0,1,90,2021,NA,NA
6/17/21,10:57:00,Holmeja,Lestes_dryas,Immature,1,,0,0,90,2021,NA,NA
6/17/21,10:57:00,Holmeja,Coenagrion_puella,Mature,1,,0,1,90,2021,NA,NA
6/17/21,10:57:00,Holmeja,Lestes_dryas,Mature,1,,0,3,90,2021,NA,NA
6/17/21,10:57:00,Holmeja,Lestes_sponsa,Teneral,1,,0,0,90,2021,NA,NA
6/17/21,10:57:00,Holmeja,Coenagrion_puella,Immature,1,,0,5,90,2021,NA,NA
6/17/21,10:57:00,Holmeja,Coenagrion_puella,Mature,1,,0,3,90,2021,NA,NA
6/17/21,10:57:00,Holmeja,Lestes_dryas,Immature,1,,0,0,90,2021,NA,NA
6/17/21,10:57:00,Holmeja,Coenagrion_puella,Immature,1,,0,9,90,2021,NA,NA
6/17/21,10:57:00,Holmeja,Coenagrion_puella,Immature,1,,0,0,90,2021,NA,NA
6/17/21,10:57:00,Holmeja,Coenagrion_puella,Mature,1,,0,1,90,2021,NA,NA
6/17/21,10:57:00,Holmeja,Coenagrion_puella,Mature,1,,0,0,90,2021,NA,NA
6/17/21,10:57:00,Holmeja,Lestes_dryas,Mature,0,,0,0,90,2021,NA,NA
6/17/21,10:57:00,Holmeja,Coenagrion_puella,Immature,1,,0,0,90,2021,NA,NA
6/17/21,10:57:00,Holmeja,Lestes_dryas,Immature,1,,0,0,90,2021,NA,NA
6/17/21,10:57:00,Holmeja,Coenagrion_puella,Mature,1,,0,0,90,2021,NA,NA
6/17/21,10:57:00,Holmeja,Coenagrion_puella,Immature,1,,0,3,90,2021,NA,NA
6/17/21,10:57:00,Holmeja,Coenagrion_puella,Mature,1,,0,1,90,2021,NA,NA
6/17/21,10:57:00,Holmeja,Coenagrion_puella,Mature,1,,0,NA,90,2021,NA,NA
6/17/21,10:57:00,Holmeja,Coenagrion_puella,Mature,1,,0,0,90,2021,NA,NA
6/17/21,10:57:00,Holmeja,Coenagrion_puella,Immature,1,,0,1,90,2021,NA,NA
6/17/21,10:57:00,Holmeja,Coenagrion_puella,Immature,1,,0,24,90,2021,NA,NA
6/17/21,10:57:00,Holmeja,Coenagrion_puella,Immature,1,,0,39,90,2021,NA,NA
6/17/21,10:57:00,Holmeja,Coenagrion_puella,Immature,1,,0,18,90,2021,NA,NA
6/17/21,10:57:00,Holmeja,Coenagrion_puella,Mature,1,,0,0,90,2021,NA,NA
6/17/21,10:57:00,Holmeja,Coenagrion_puella,Mature,1,,0,0,90,2021,NA,NA
6/17/21,10:57:00,Holmeja,Lestes_dryas,Immature,1,,0,0,90,2021,NA,NA
6/17/21,10:57:00,Holmeja,Coenagrion_puella,Immature,1,,0,0,90,2021,NA,NA
6/17/21,10:57:00,Holmeja,Coenagrion_puella,Immature,1,,0,28,90,2021,NA,NA
6/17/21,10:57:00,Holmeja,Lestes_dryas,Immature,1,,0,0,90,2021,NA,NA
6/17/21,10:57:00,Holmeja,Coenagrion_puella,Mature,1,,0,0,90,2021,NA,NA
6/17/21,10:57:00,Holmeja,Lestes_dryas,Immature,1,,0,0,90,2021,NA,NA
6/17/21,10:57:00,Holmeja,Coenagrion_puella,Immature,1,,0,0,90,2021,NA,NA
6/17/21,10:57:00,Holmeja,Lestes_dryas,Mature,0,,0,0,90,2021,NA,NA
6/17/21,10:57:00,Holmeja,Coenagrion_puella,Mature,0,Gynochrome,0,1,90,2021,NA,NA
6/17/21,10:57:00,Holmeja,Lestes_sponsa,Teneral,0,,0,0,90,2021,NA,NA
6/17/21,10:57:00,Holmeja,Lestes_dryas,Immature,0,,0,0,90,2021,NA,NA
6/17/21,10:57:00,Holmeja,Enallagma_cyathigerum,Mature,1,,0,NA,90,2021,NA,NA
6/17/21,10:57:00,Holmeja,Lestes_dryas,Immature,0,Gynochrome,0,0,90,2021,NA,NA
6/17/21,10:57:00,Holmeja,Lestes_dryas,Immature,0,,0,0,90,2021,NA,NA
6/17/21,10:57:00,Holmeja,Coenagrion_puella,Mature,1,,0,2,90,2021,NA,NA
6/17/21,10:57:00,Holmeja,Coenagrion_puella,Mature,1,,0,1,90,2021,NA,NA
6/17/21,10:57:00,Holmeja,Lestes_sponsa,Immature,0,,0,0,90,2021,NA,NA
6/17/21,10:57:00,Holmeja,Coenagrion_puella,Mature,1,,0,0,90,2021,NA,NA
6/17/21,10:57:00,Holmeja,Coenagrion_puella,Mature,1,,0,0,90,2021,NA,NA
6/17/21,10:57:00,Holmeja,Lestes_dryas,Immature,0,,0,0,90,2021,NA,NA
6/17/21,10:57:00,Holmeja,Leucorrhinia_dubia,Mature,1,,0,0,90,2021,NA,NA
6/17/21,10:57:00,Holmeja,Coenagrion_puella,Immature,1,,0,60,90,2021,NA,NA
6/17/21,10:57:00,Holmeja,Cordulia_aenea,Mature,1,,0,0,90,2021,NA,NA
6/17/21,10:57:00,Holmeja,Orthetrum_cancellatum,Mature,0,,0,0,90,2021,NA,NA
6/17/21,10:57:00,Holmeja,Leucorrhinia_pectoralis,Mature,1,,0,0,90,2021,NA,NA
6/17/21,10:57:00,Holmeja,Leucorrhinia_pectoralis,Mature,1,,0,0,90,2021,NA,NA
6/17/21,10:57:00,Holmeja,Leucorrhinia_dubia,Mature,1,,0,1,90,2021,NA,NA
6/17/21,10:57:00,Holmeja,Libellula_quadrimaculata,Mature,1,,0,0,90,2021,NA,NA
6/17/21,10:57:00,Holmeja,Leucorrhinia_dubia,Immature,1,,0,0,90,2021,NA,NA
6/17/21,10:57:00,Holmeja,Leucorrhinia_dubia,Immature,1,,0,0,90,2021,NA,NA
6/17/21,10:57:00,Holmeja,Leucorrhinia_dubia,Mature,1,,1,0,90,2021,NA,NA
6/17/21,10:57:00,Holmeja,Leucorrhinia_dubia,Mature,0,Gynochrome,1,0,90,2021,NA,NA
6/17/21,10:57:00,Holmeja,Anax_imperator,Mature,1,,0,0,90,2021,NA,NA
6/17/21,10:57:00,Holmeja,Anax_imperator,Mature,1,,0,NA,90,2021,NA,NA
6/17/21,10:57:00,Holmeja,Anax_imperator,Mature,1,,0,NA,90,2021,NA,NA
6/17/21,10:57:00,Holmeja,Anax_imperator,Mature,1,,0,NA,90,2021,NA,NA
6/17/21,10:57:00,Holmeja,Libellula_quadrimaculata,Mature,,,0,NA,90,2021,NA,NA
6/17/21,10:57:00,Holmeja,Libellula_quadrimaculata,Mature,,,0,NA,90,2021,NA,NA
6/17/21,10:57:00,Holmeja,Libellula_quadrimaculata,Mature,,,0,NA,90,2021,NA,NA
6/17/21,10:57:00,Holmeja,Libellula_quadrimaculata,Mature,,,0,NA,90,2021,NA,NA
6/17/21,10:57:00,Holmeja,Libellula_quadrimaculata,Mature,,,0,NA,90,2021,NA,NA
6/17/21,10:57:00,Holmeja,Libellula_quadrimaculata,Mature,,,0,NA,90,2021,NA,NA
6/17/21,10:57:00,Holmeja,Libellula_quadrimaculata,Mature,,,0,NA,90,2021,NA,NA
6/17/21,10:57:00,Holmeja,Libellula_quadrimaculata,Mature,,,0,NA,90,2021,NA,NA
6/17/21,10:57:00,Holmeja,Libellula_quadrimaculata,Mature,,,0,NA,90,2021,NA,NA
6/17/21,10:57:00,Holmeja,Libellula_quadrimaculata,Mature,,,0,NA,90,2021,NA,NA
6/17/21,10:57:00,Holmeja,Libellula_quadrimaculata,Mature,,,0,NA,90,2021,NA,NA
6/17/21,10:57:00,Holmeja,Libellula_quadrimaculata,Mature,,,0,NA,90,2021,NA,NA
6/17/21,10:57:00,Holmeja,Libellula_quadrimaculata,Mature,,,0,NA,90,2021,NA,NA
6/17/21,10:57:00,Holmeja,Libellula_quadrimaculata,Mature,,,0,NA,90,2021,NA,NA
6/17/21,10:57:00,Holmeja,Libellula_quadrimaculata,Mature,,,0,NA,90,2021,NA,NA
6/17/21,10:57:00,Holmeja,Libellula_quadrimaculata,Mature,,,0,NA,90,2021,NA,NA
6/17/21,10:57:00,Holmeja,Libellula_quadrimaculata,Mature,,,0,NA,90,2021,NA,NA
6/17/21,10:57:00,Holmeja,Libellula_quadrimaculata,Mature,,,0,NA,90,2021,NA,NA
6/17/21,10:57:00,Holmeja,Libellula_quadrimaculata,Mature,,,0,NA,90,2021,NA,NA
6/17/21,10:57:00,Holmeja,Libellula_quadrimaculata,Mature,,,0,NA,90,2021,NA,NA
6/17/21,10:57:00,Holmeja,Cordulia_aenea,Mature,1,,0,NA,90,2021,NA,NA
6/17/21,10:57:00,Holmeja,Cordulia_aenea,Mature,1,,0,NA,90,2021,NA,NA
6/17/21,10:57:00,Holmeja,Cordulia_aenea,Mature,1,,0,NA,90,2021,NA,NA
6/17/21,10:57:00,Holmeja,Leucorrhinia_dubia,Mature,1,,1,NA,90,2021,NA,NA
6/17/21,10:57:00,Holmeja,Leucorrhinia_dubia,Mature,1,,1,NA,90,2021,NA,NA
6/17/21,10:57:00,Holmeja,Leucorrhinia_dubia,Mature,1,,1,NA,90,2021,NA,NA
6/17/21,10:57:00,Holmeja,Leucorrhinia_dubia,Mature,1,,1,NA,90,2021,NA,NA
6/17/21,10:57:00,Holmeja,Leucorrhinia_dubia,Mature,1,,1,NA,90,2021,NA,NA
6/17/21,10:57:00,Holmeja,Leucorrhinia_dubia,Mature,0,Gynochrome,1,NA,90,2021,NA,NA
6/17/21,10:57:00,Holmeja,Leucorrhinia_dubia,Mature,0,Gynochrome,1,NA,90,2021,NA,NA
6/17/21,10:57:00,Holmeja,Leucorrhinia_dubia,Mature,0,Gynochrome,1,NA,90,2021,NA,NA
6/17/21,10:57:00,Holmeja,Leucorrhinia_dubia,Mature,0,Gynochrome,1,NA,90,2021,NA,NA
6/17/21,10:57:00,Holmeja,Leucorrhinia_dubia,Mature,0,Gynochrome,1,NA,90,2021,NA,NA
6/17/21,10:57:00,Holmeja,Leucorrhinia_pectoralis,Mature,1,,0,NA,90,2021,NA,NA
6/17/21,10:57:00,Holmeja,Leucorrhinia_pectoralis,Mature,1,,0,NA,90,2021,NA,NA
6/17/21,10:57:00,Holmeja,Leucorrhinia_pectoralis,Mature,1,,0,NA,90,2021,NA,NA
6/17/21,10:57:00,Holmeja,Leucorrhinia_pectoralis,Mature,1,,0,NA,90,2021,NA,NA
6/17/21,10:57:00,Holmeja,Leucorrhinia_pectoralis,Mature,1,,0,NA,90,2021,NA,NA
6/17/21,10:57:00,Holmeja,Leucorrhinia_pectoralis,Mature,1,,0,NA,90,2021,NA,NA
6/17/21,10:57:00,Holmeja,Leucorrhinia_pectoralis,Mature,1,,0,NA,90,2021,NA,NA
6/17/21,10:57:00,Holmeja,Leucorrhinia_pectoralis,Mature,1,,0,NA,90,2021,NA,NA
6/17/21,10:57:00,Holmeja,Leucorrhinia_pectoralis,Mature,1,,0,NA,90,2021,NA,NA
6/17/21,10:57:00,Holmeja,Leucorrhinia_pectoralis,Mature,1,,0,NA,90,2021,NA,NA
6/17/21,10:57:00,Holmeja,Leucorrhinia_pectoralis,Mature,1,,0,NA,90,2021,NA,NA
6/17/21,10:57:00,Holmeja,Leucorrhinia_pectoralis,Mature,1,,0,NA,90,2021,NA,NA
6/17/21,10:57:00,Holmeja,Leucorrhinia_pectoralis,Mature,1,,0,NA,90,2021,NA,NA
6/17/21,10:57:00,Holmeja,Leucorrhinia_dubia,Mature,1,,0,NA,90,2021,NA,NA
6/17/21,10:57:00,Holmeja,Leucorrhinia_dubia,Mature,1,,0,NA,90,2021,NA,NA
6/17/21,10:57:00,Holmeja,Leucorrhinia_dubia,Mature,1,,0,NA,90,2021,NA,NA
6/17/21,10:57:00,Holmeja,Leucorrhinia_dubia,Mature,1,,0,NA,90,2021,NA,NA
6/17/21,10:57:00,Holmeja,Leucorrhinia_dubia,Mature,1,,0,NA,90,2021,NA,NA
6/17/21,10:57:00,Holmeja,Leucorrhinia_dubia,Mature,1,,0,NA,90,2021,NA,NA
6/17/21,10:57:00,Holmeja,Leucorrhinia_dubia,Mature,1,,0,NA,90,2021,NA,NA
6/17/21,10:57:00,Holmeja,Leucorrhinia_dubia,Mature,1,,0,NA,90,2021,NA,NA
6/17/21,10:57:00,Holmeja,Leucorrhinia_dubia,Mature,1,,0,NA,90,2021,NA,NA
6/17/21,10:57:00,Holmeja,Leucorrhinia_dubia,Mature,1,,0,NA,90,2021,NA,NA
6/17/21,10:57:00,Holmeja,Leucorrhinia_dubia,Mature,1,,0,NA,90,2021,NA,NA
6/17/21,10:57:00,Holmeja,Leucorrhinia_dubia,Mature,1,,0,NA,90,2021,NA,NA
6/17/21,10:57:00,Holmeja,Leucorrhinia_dubia,Mature,1,,0,NA,90,2021,NA,NA
6/17/21,10:57:00,Holmeja,Leucorrhinia_dubia,Mature,1,,0,NA,90,2021,NA,NA
6/17/21,10:57:00,Holmeja,Leucorrhinia_dubia,Mature,1,,0,NA,90,2021,NA,NA
6/17/21,10:57:00,Holmeja,Leucorrhinia_dubia,Mature,1,,0,NA,90,2021,NA,NA
6/17/21,10:57:00,Holmeja,Leucorrhinia_dubia,Mature,1,,0,NA,90,2021,NA,NA
6/17/21,10:57:00,Holmeja,Leucorrhinia_dubia,Mature,1,,0,NA,90,2021,NA,NA
6/17/21,10:57:00,Holmeja,Leucorrhinia_dubia,Mature,1,,0,NA,90,2021,NA,NA
6/17/21,10:57:00,Holmeja,Leucorrhinia_dubia,Mature,1,,0,NA,90,2021,NA,NA
6/17/21,10:57:00,Holmeja,Leucorrhinia_dubia,Mature,1,,0,NA,90,2021,NA,NA
6/17/21,10:57:00,Holmeja,Leucorrhinia_dubia,Mature,1,,0,NA,90,2021,NA,NA
6/17/21,10:57:00,Holmeja,Leucorrhinia_dubia,Mature,1,,0,NA,90,2021,NA,NA
6/17/21,10:57:00,Holmeja,Leucorrhinia_dubia,Mature,1,,0,NA,90,2021,NA,NA
6/17/21,10:57:00,Holmeja,Leucorrhinia_dubia,Mature,1,,0,NA,90,2021,NA,NA
6/17/21,10:57:00,Holmeja,Leucorrhinia_dubia,Mature,1,,0,NA,90,2021,NA,NA
6/17/21,10:57:00,Holmeja,Leucorrhinia_dubia,Mature,1,,0,NA,90,2021,NA,NA
6/17/21,10:57:00,Holmeja,Leucorrhinia_dubia,Mature,1,,0,NA,90,2021,NA,NA
6/17/21,10:57:00,Holmeja,Leucorrhinia_dubia,Mature,1,,0,NA,90,2021,NA,NA
6/17/21,10:57:00,Holmeja,Leucorrhinia_dubia,Mature,1,,0,NA,90,2021,NA,NA
6/17/21,10:57:00,Holmeja,Leucorrhinia_dubia,Mature,1,,0,NA,90,2021,NA,NA
6/17/21,10:57:00,Holmeja,Leucorrhinia_dubia,Mature,1,,0,NA,90,2021,NA,NA
6/17/21,10:57:00,Holmeja,Leucorrhinia_dubia,Mature,1,,0,NA,90,2021,NA,NA
6/17/21,10:57:00,Holmeja,Leucorrhinia_dubia,Mature,1,,0,NA,90,2021,NA,NA
6/17/21,10:57:00,Holmeja,Leucorrhinia_dubia,Mature,1,,0,NA,90,2021,NA,NA
6/17/21,10:57:00,Holmeja,Leucorrhinia_dubia,Mature,1,,0,NA,90,2021,NA,NA
6/17/21,10:57:00,Holmeja,Leucorrhinia_dubia,Mature,1,,0,NA,90,2021,NA,NA
6/17/21,15:30:00,Vombs_Vattenverk,Anax_imperator,Mature,1,,0,NA,40,2021,NA,NA
6/17/21,15:30:00,Vombs_Vattenverk,Orthetrum_cancellatum,Mature,1,,0,NA,40,2021,NA,NA
6/17/21,15:30:00,Vombs_Vattenverk,Orthetrum_cancellatum,Mature,1,,0,NA,40,2021,NA,NA
6/17/21,15:30:00,Vombs_Vattenverk,Orthetrum_cancellatum,Mature,1,,0,NA,40,2021,NA,NA
6/17/21,15:30:00,Vombs_Vattenverk,Orthetrum_cancellatum,Mature,1,,0,NA,40,2021,NA,NA
6/17/21,15:30:00,Vombs_Vattenverk,Gomphus_vulgatissimus,Mature,1,,0,0,40,2021,NA,NA
6/17/21,15:30:00,Vombs_Vattenverk,Enallagma_cyathigerum,Mature,1,,1,1,40,2021,NA,NA
6/17/21,15:30:00,Vombs_Vattenverk,Enallagma_cyathigerum,Mature,0,Gynochrome,1,4,40,2021,NA,NA
6/17/21,15:30:00,Vombs_Vattenverk,Enallagma_cyathigerum,Mature,1,,1,0,40,2021,NA,NA
6/17/21,15:30:00,Vombs_Vattenverk,Enallagma_cyathigerum,Mature,0,Gynochrome,1,0,40,2021,NA,NA
6/17/21,15:30:00,Vombs_Vattenverk,Enallagma_cyathigerum,Mature,0,Gynochrome,1,35,40,2021,NA,NA
6/17/21,15:30:00,Vombs_Vattenverk,Enallagma_cyathigerum,Mature,1,,1,0,40,2021,NA,NA
6/17/21,15:30:00,Vombs_Vattenverk,Enallagma_cyathigerum,Mature,1,,1,0,40,2021,NA,NA
6/17/21,15:30:00,Vombs_Vattenverk,Enallagma_cyathigerum,Mature,0,Androchrome,1,36,40,2021,NA,NA
6/17/21,15:30:00,Vombs_Vattenverk,Enallagma_cyathigerum,Mature,1,,1,0,40,2021,NA,NA
6/17/21,15:30:00,Vombs_Vattenverk,Enallagma_cyathigerum,Mature,0,Gynochrome,1,1,40,2021,NA,NA
6/17/21,15:30:00,Vombs_Vattenverk,Enallagma_cyathigerum,Mature,1,,1,0,40,2021,NA,NA
6/17/21,15:30:00,Vombs_Vattenverk,Enallagma_cyathigerum,Mature,0,Gynochrome,1,3,40,2021,NA,NA
6/17/21,15:30:00,Vombs_Vattenverk,Enallagma_cyathigerum,Mature,1,,1,0,40,2021,NA,NA
6/17/21,15:30:00,Vombs_Vattenverk,Enallagma_cyathigerum,Mature,0,Gynochrome,1,1,40,2021,NA,NA
6/17/21,15:30:00,Vombs_Vattenverk,Enallagma_cyathigerum,Mature,1,,0,0,40,2021,NA,NA
6/17/21,15:30:00,Vombs_Vattenverk,Enallagma_cyathigerum,Mature,1,,0,0,40,2021,NA,NA
6/17/21,15:30:00,Vombs_Vattenverk,Coenagrion_puella,Mature,1,,0,3,40,2021,NA,NA
6/17/21,15:30:00,Vombs_Vattenverk,Coenagrion_pulchellum,Mature,1,,0,8,40,2021,NA,NA
6/17/21,15:30:00,Vombs_Vattenverk,Enallagma_cyathigerum,Mature,1,,0,0,40,2021,NA,NA
6/17/21,15:30:00,Vombs_Vattenverk,Coenagrion_puella,Mature,1,,0,2,40,2021,NA,NA
6/17/21,15:30:00,Vombs_Vattenverk,Enallagma_cyathigerum,Mature,1,,0,0,40,2021,NA,NA
6/17/21,15:30:00,Vombs_Vattenverk,Enallagma_cyathigerum,Mature,1,,0,2,40,2021,NA,NA
6/17/21,15:30:00,Vombs_Vattenverk,Enallagma_cyathigerum,Mature,1,,0,0,40,2021,NA,NA
6/17/21,15:30:00,Vombs_Vattenverk,Enallagma_cyathigerum,Mature,1,,0,3,40,2021,NA,NA
6/17/21,15:30:00,Vombs_Vattenverk,Enallagma_cyathigerum,Mature,1,,0,0,40,2021,NA,NA
6/17/21,15:30:00,Vombs_Vattenverk,Enallagma_cyathigerum,Mature,1,,0,1,40,2021,NA,NA
6/17/21,15:30:00,Vombs_Vattenverk,Enallagma_cyathigerum,Immature,0,Gynochrome,0,5,40,2021,NA,NA
6/17/21,15:30:00,Vombs_Vattenverk,Enallagma_cyathigerum,Mature,1,,0,0,40,2021,NA,NA
6/17/21,15:30:00,Vombs_Vattenverk,Enallagma_cyathigerum,Mature,1,,0,0,40,2021,NA,NA
6/17/21,15:30:00,Vombs_Vattenverk,Enallagma_cyathigerum,Mature,1,,0,0,40,2021,NA,NA
6/17/21,15:30:00,Vombs_Vattenverk,Enallagma_cyathigerum,Mature,1,,0,0,40,2021,NA,NA
6/17/21,15:30:00,Vombs_Vattenverk,Enallagma_cyathigerum,Mature,1,,0,25,40,2021,NA,NA
6/17/21,15:30:00,Vombs_Vattenverk,Enallagma_cyathigerum,Mature,1,,0,0,40,2021,NA,NA
6/17/21,15:30:00,Vombs_Vattenverk,Enallagma_cyathigerum,Mature,0,Gynochrome,0,4,40,2021,NA,NA
6/17/21,15:30:00,Vombs_Vattenverk,Enallagma_cyathigerum,Mature,1,,0,9,40,2021,NA,NA
6/17/21,15:30:00,Vombs_Vattenverk,Enallagma_cyathigerum,Mature,1,,0,43,40,2021,NA,NA
6/17/21,15:30:00,Vombs_Vattenverk,Enallagma_cyathigerum,Mature,1,,0,0,40,2021,NA,NA
6/17/21,15:30:00,Vombs_Vattenverk,Enallagma_cyathigerum,Mature,1,,0,0,40,2021,NA,NA
6/17/21,15:30:00,Vombs_Vattenverk,Enallagma_cyathigerum,Mature,1,,0,0,40,2021,NA,NA
6/17/21,15:30:00,Vombs_Vattenverk,Enallagma_cyathigerum,Mature,1,,0,0,40,2021,NA,NA
6/18/21,9:39:00,Hoje_A_14,Orthetrum_cancellatum,Mature,1,,1,NA,30,2021,NA,NA
6/18/21,9:39:00,Hoje_A_14,Orthetrum_cancellatum,Mature,0,,1,NA,30,2021,NA,NA
6/18/21,9:39:00,Hoje_A_14,Anax_imperator,Mature,1,,0,NA,30,2021,NA,NA
6/18/21,9:39:00,Hoje_A_14,Orthetrum_cancellatum,Mature,1,,0,NA,30,2021,NA,NA
6/18/21,9:39:00,Hoje_A_14,Orthetrum_cancellatum,Mature,1,,0,NA,30,2021,NA,NA
6/18/21,9:39:00,Hoje_A_14,Enallagma_cyathigerum,Mature,1,,1,0,30,2021,NA,NA
6/18/21,9:39:00,Hoje_A_14,Enallagma_cyathigerum,Mature,0,Gynochrome,1,0,30,2021,NA,NA
6/18/21,9:39:00,Hoje_A_14,Coenagrion_pulchellum,Mature,1,,0,0,30,2021,NA,NA
6/18/21,9:39:00,Hoje_A_14,Coenagrion_pulchellum,Mature,1,,0,0,30,2021,NA,NA
6/18/21,9:39:00,Hoje_A_14,Coenagrion_pulchellum,Mature,0,Gynochrome,0,0,30,2021,NA,NA
6/18/21,9:39:00,Hoje_A_14,Coenagrion_pulchellum,Mature,1,,0,0,30,2021,NA,NA
6/18/21,9:39:00,Hoje_A_14,Enallagma_cyathigerum,Mature,1,,0,0,30,2021,NA,NA
6/18/21,9:39:00,Hoje_A_14,Coenagrion_pulchellum,Mature,1,,0,0,30,2021,NA,NA
6/18/21,9:39:00,Hoje_A_14,Coenagrion_pulchellum,Mature,1,,0,0,30,2021,NA,NA
6/18/21,9:39:00,Hoje_A_14,Coenagrion_pulchellum,Mature,0,Gynochrome,1,8,30,2021,NA,NA
6/18/21,9:39:00,Hoje_A_14,Coenagrion_pulchellum,Mature,1,,1,49,30,2021,NA,NA
6/18/21,9:39:00,Hoje_A_14,Enallagma_cyathigerum,Mature,0,Androchrome,1,0,30,2021,NA,NA
6/18/21,9:39:00,Hoje_A_14,Enallagma_cyathigerum,Mature,1,,1,0,30,2021,NA,NA
6/18/21,9:39:00,Hoje_A_14,Enallagma_cyathigerum,Mature,1,,1,0,30,2021,NA,NA
6/18/21,9:39:00,Hoje_A_14,Enallagma_cyathigerum,Mature,0,Gynochrome,1,0,30,2021,NA,NA
6/18/21,9:39:00,Hoje_A_14,Enallagma_cyathigerum,Mature,1,,1,0,30,2021,NA,NA
6/18/21,9:39:00,Hoje_A_14,Enallagma_cyathigerum,Mature,1,,0,0,30,2021,NA,NA
6/18/21,9:39:00,Hoje_A_14,Coenagrion_pulchellum,Mature,1,,0,27,30,2021,NA,NA
6/18/21,9:39:00,Hoje_A_14,Coenagrion_pulchellum,Mature,1,,0,0,30,2021,NA,NA
6/18/21,9:39:00,Hoje_A_14,Coenagrion_pulchellum,Mature,1,,0,0,30,2021,NA,NA
6/18/21,9:39:00,Hoje_A_14,Coenagrion_pulchellum,Mature,1,,0,29,30,2021,NA,NA
6/18/21,9:39:00,Hoje_A_14,Anax_imperator,Mature,1,,0,NA,30,2021,NA,NA
6/18/21,9:39:00,Hoje_A_14,Aeshna_isoceles,Mature,,,0,NA,30,2021,NA,NA
6/18/21,11:14:00,Hoje_A_6,Anax_imperator,Mature,1,,0,NA,30,2021,NA,NA
6/18/21,11:14:00,Hoje_A_6,Anax_imperator,Mature,1,,0,NA,30,2021,NA,NA
6/18/21,11:14:00,Hoje_A_6,Erythromma_najas,Mature,1,,0,NA,30,2021,NA,NA
6/18/21,11:14:00,Hoje_A_6,Coenagrion_puella,Mature,0,Androchrome,1,26,30,2021,NA,NA
6/18/21,11:14:00,Hoje_A_6,Coenagrion_puella,Mature,1,,1,1,30,2021,NA,NA
6/18/21,11:14:00,Hoje_A_6,Coenagrion_pulchellum,Mature,1,,1,1,30,2021,NA,NA
6/18/21,11:14:00,Hoje_A_6,Coenagrion_pulchellum,Mature,0,Gynochrome,1,7,30,2021,NA,NA
6/18/21,11:14:00,Hoje_A_6,Coenagrion_pulchellum,Mature,1,,1,3,30,2021,NA,NA
6/18/21,11:14:00,Hoje_A_6,Coenagrion_pulchellum,Mature,0,Androchrome,1,25,30,2021,NA,NA
6/18/21,11:14:00,Hoje_A_6,Coenagrion_pulchellum,Mature,1,,0,0,30,2021,NA,NA
6/18/21,11:14:00,Hoje_A_6,Coenagrion_puella,Mature,1,,0,0,30,2021,NA,NA
6/18/21,11:14:00,Hoje_A_6,Enallagma_cyathigerum,Mature,1,,0,0,30,2021,NA,NA
6/18/21,11:14:00,Hoje_A_6,Coenagrion_puella,Mature,1,,0,0,30,2021,NA,NA
6/18/21,11:14:00,Hoje_A_6,Enallagma_cyathigerum,Mature,1,,0,5,30,2021,NA,NA
6/18/21,11:14:00,Hoje_A_6,Enallagma_cyathigerum,Mature,1,,0,9,30,2021,NA,NA
6/18/21,11:14:00,Hoje_A_6,Enallagma_cyathigerum,Mature,1,,0,NA,30,2021,NA,NA
6/18/21,11:14:00,Hoje_A_6,Coenagrion_puella,Mature,1,,0,0,30,2021,NA,NA
6/18/21,11:14:00,Hoje_A_6,Coenagrion_puella,Mature,1,,0,0,30,2021,NA,NA
6/18/21,11:14:00,Hoje_A_6,Enallagma_cyathigerum,Mature,1,,0,9,30,2021,NA,NA
6/18/21,11:14:00,Hoje_A_6,Enallagma_cyathigerum,Mature,1,,0,0,30,2021,NA,NA
6/18/21,11:14:00,Hoje_A_6,Enallagma_cyathigerum,Mature,1,,0,0,30,2021,NA,NA
6/18/21,11:14:00,Hoje_A_6,Coenagrion_puella,Mature,1,,0,1,30,2021,NA,NA
6/18/21,11:14:00,Hoje_A_6,Coenagrion_puella,Mature,1,,0,0,30,2021,NA,NA
6/18/21,11:14:00,Hoje_A_6,Coenagrion_pulchellum,Mature,1,,0,1,30,2021,NA,NA
6/18/21,11:14:00,Hoje_A_6,Enallagma_cyathigerum,Mature,1,,0,2,30,2021,NA,NA
6/18/21,11:14:00,Hoje_A_6,Enallagma_cyathigerum,Mature,1,,0,2,30,2021,NA,NA
6/18/21,11:14:00,Hoje_A_6,Enallagma_cyathigerum,Mature,1,,0,1,30,2021,NA,NA
6/18/21,11:14:00,Hoje_A_6,Enallagma_cyathigerum,Mature,1,,0,4,30,2021,NA,NA
6/18/21,11:14:00,Hoje_A_6,Enallagma_cyathigerum,Teneral,0,,0,0,30,2021,NA,NA
6/18/21,11:14:00,Hoje_A_6,Erythromma_viridulum,Teneral,0,,0,1,30,2021,NA,NA
6/18/21,11:14:00,Hoje_A_6,Coenagrion_pulchellum,Mature,1,,0,0,30,2021,NA,NA
6/18/21,11:14:00,Hoje_A_6,Coenagrion_puella,Mature,1,,0,8,30,2021,NA,NA
6/18/21,11:14:00,Hoje_A_6,Enallagma_cyathigerum,Teneral,0,,0,2,30,2021,NA,NA
6/18/21,11:14:00,Hoje_A_6,Enallagma_cyathigerum,Teneral,0,,0,10,30,2021,NA,NA
6/18/21,11:14:00,Hoje_A_6,Enallagma_cyathigerum,Teneral,0,,0,4,30,2021,NA,NA
6/18/21,11:14:00,Hoje_A_6,Erythromma_viridulum,Teneral,0,,0,20,30,2021,NA,NA
6/18/21,11:14:00,Hoje_A_6,Enallagma_cyathigerum,Mature,1,,0,10,30,2021,NA,NA
6/18/21,11:14:00,Hoje_A_6,Enallagma_cyathigerum,Mature,1,,0,8,30,2021,NA,NA
6/18/21,11:14:00,Hoje_A_6,Coenagrion_pulchellum,Mature,1,,0,0,30,2021,NA,NA
6/18/21,11:14:00,Hoje_A_6,Coenagrion_pulchellum,Mature,1,,0,0,30,2021,NA,NA
6/18/21,11:14:00,Hoje_A_6,Enallagma_cyathigerum,Mature,1,,0,0,30,2021,NA,NA
6/18/21,11:14:00,Hoje_A_6,Coenagrion_puella,Mature,1,,0,2,30,2021,NA,NA
6/18/21,11:14:00,Hoje_A_6,Enallagma_cyathigerum,Mature,1,,0,6,30,2021,NA,NA
6/18/21,11:14:00,Hoje_A_6,Coenagrion_puella,Mature,1,,0,3,30,2021,NA,NA
6/18/21,11:14:00,Hoje_A_6,Coenagrion_puella,Mature,1,,0,0,30,2021,NA,NA
6/18/21,11:14:00,Hoje_A_6,Enallagma_cyathigerum,Mature,1,,0,17,30,2021,NA,NA
6/18/21,11:14:00,Hoje_A_6,Enallagma_cyathigerum,Mature,1,,0,6,30,2021,NA,NA
6/18/21,11:14:00,Hoje_A_6,Coenagrion_pulchellum,Mature,1,,0,0,30,2021,NA,NA
6/18/21,11:14:00,Hoje_A_6,Enallagma_cyathigerum,Mature,1,,0,7,30,2021,NA,NA
6/18/21,11:14:00,Hoje_A_6,Erythromma_najas,Mature,1,,0,NA,30,2021,NA,NA
6/18/21,11:14:00,Hoje_A_6,Erythromma_viridulum,Mature,0,Gynochrome,0,31,30,2021,NA,NA
6/18/21,11:14:00,Hoje_A_6,Enallagma_cyathigerum,Mature,1,,0,0,30,2021,NA,NA
6/18/21,11:14:00,Hoje_A_6,Coenagrion_pulchellum,Mature,1,,0,11,30,2021,NA,NA
6/19/21,14:25:00,Krutladan,Anax_imperator,Mature,,,0,NA,45,2021,NA,NA
6/19/21,14:25:00,Krutladan,Libellula_quadrimaculata,Mature,,,0,NA,45,2021,NA,NA
6/19/21,14:25:00,Krutladan,Libellula_quadrimaculata,Mature,,,0,NA,45,2021,NA,NA
6/19/21,14:25:00,Krutladan,Orthetrum_cancellatum,Mature,1,,0,NA,45,2021,NA,NA
6/19/21,14:25:00,Krutladan,Orthetrum_cancellatum,Mature,1,,0,NA,45,2021,NA,NA
6/19/21,14:25:00,Krutladan,Orthetrum_cancellatum,Mature,1,,0,NA,45,2021,NA,NA
6/19/21,14:25:00,Krutladan,Orthetrum_cancellatum,Mature,1,,0,NA,45,2021,NA,NA
6/19/21,14:25:00,Krutladan,Orthetrum_cancellatum,Mature,1,,0,NA,45,2021,NA,NA
6/19/21,14:25:00,Krutladan,Orthetrum_cancellatum,Mature,1,,0,NA,45,2021,NA,NA
6/19/21,14:25:00,Krutladan,Orthetrum_cancellatum,Mature,1,,0,NA,45,2021,NA,NA
6/19/21,14:25:00,Krutladan,Enallagma_cyathigerum,Mature,1,,1,0,45,2021,NA,NA
6/19/21,14:25:00,Krutladan,Enallagma_cyathigerum,Mature,1,,1,0,45,2021,NA,NA
6/19/21,14:25:00,Krutladan,Enallagma_cyathigerum,Mature,0,Androchrome,1,0,45,2021,NA,NA
6/19/21,14:25:00,Krutladan,Enallagma_cyathigerum,Mature,0,Gynochrome,1,0,45,2021,NA,NA
6/19/21,14:25:00,Krutladan,Enallagma_cyathigerum,Mature,0,Gynochrome,1,0,45,2021,NA,NA
6/19/21,14:25:00,Krutladan,Enallagma_cyathigerum,Mature,1,,1,0,45,2021,NA,NA
6/19/21,14:25:00,Krutladan,Enallagma_cyathigerum,Mature,1,,0,0,45,2021,NA,NA
6/19/21,14:25:00,Krutladan,Enallagma_cyathigerum,Mature,1,,1,0,45,2021,NA,NA
6/19/21,14:25:00,Krutladan,Enallagma_cyathigerum,Mature,0,Gynochrome,1,0,45,2021,NA,NA
6/19/21,14:25:00,Krutladan,Enallagma_cyathigerum,Mature,1,,1,0,45,2021,NA,NA
6/19/21,14:25:00,Krutladan,Enallagma_cyathigerum,Mature,0,Gynochrome,1,0,45,2021,NA,NA
6/19/21,14:25:00,Krutladan,Enallagma_cyathigerum,Mature,1,,0,0,45,2021,NA,NA
6/19/21,14:25:00,Krutladan,Enallagma_cyathigerum,Mature,1,,0,0,45,2021,NA,NA
6/19/21,14:25:00,Krutladan,Enallagma_cyathigerum,Immature,1,,0,0,45,2021,NA,NA
6/19/21,14:25:00,Krutladan,Enallagma_cyathigerum,Teneral,1,,0,0,45,2021,NA,NA
6/19/21,14:25:00,Krutladan,Enallagma_cyathigerum,Teneral,0,,0,0,45,2021,NA,NA
6/19/21,14:25:00,Krutladan,Enallagma_cyathigerum,Mature,1,,0,0,45,2021,NA,NA
6/19/21,14:25:00,Krutladan,Enallagma_cyathigerum,Immature,1,,0,0,45,2021,NA,NA
6/19/21,14:25:00,Krutladan,Enallagma_cyathigerum,Teneral,1,,0,0,45,2021,NA,NA
6/19/21,14:25:00,Krutladan,Enallagma_cyathigerum,Teneral,1,,0,0,45,2021,NA,NA
6/19/21,14:25:00,Krutladan,Enallagma_cyathigerum,Teneral,0,,0,0,45,2021,NA,NA
6/19/21,14:25:00,Krutladan,Enallagma_cyathigerum,Teneral,0,,0,0,45,2021,NA,NA
6/19/21,14:25:00,Krutladan,Enallagma_cyathigerum,Mature,1,,0,0,45,2021,NA,NA
6/19/21,14:25:00,Krutladan,Enallagma_cyathigerum,Teneral,1,,0,0,45,2021,NA,NA
6/19/21,14:25:00,Krutladan,Enallagma_cyathigerum,Mature,1,,0,0,45,2021,NA,NA
6/19/21,14:25:00,Krutladan,Enallagma_cyathigerum,Teneral,1,,0,0,45,2021,NA,NA
6/19/21,14:25:00,Krutladan,Enallagma_cyathigerum,Immature,1,,0,0,45,2021,NA,NA
6/19/21,14:25:00,Krutladan,Enallagma_cyathigerum,Immature,0,,0,0,45,2021,NA,NA
6/19/21,14:25:00,Krutladan,Enallagma_cyathigerum,Mature,1,,0,0,45,2021,NA,NA
6/19/21,14:25:00,Krutladan,Enallagma_cyathigerum,Mature,1,,0,0,45,2021,NA,NA
6/19/21,14:25:00,Krutladan,Enallagma_cyathigerum,Teneral,1,,0,0,45,2021,NA,NA
6/19/21,14:25:00,Krutladan,Enallagma_cyathigerum,Mature,1,,0,0,45,2021,NA,NA
6/19/21,14:25:00,Krutladan,Enallagma_cyathigerum,Mature,0,Gynochrome,0,0,45,2021,NA,NA
6/19/21,14:25:00,Krutladan,Enallagma_cyathigerum,Mature,1,,0,0,45,2021,NA,NA
6/19/21,14:25:00,Krutladan,Enallagma_cyathigerum,Mature,1,,0,0,45,2021,NA,NA
6/19/21,14:25:00,Krutladan,Enallagma_cyathigerum,Mature,1,,0,0,45,2021,NA,NA
6/19/21,14:25:00,Krutladan,Enallagma_cyathigerum,Teneral,1,,0,0,45,2021,NA,NA
6/19/21,14:25:00,Krutladan,Enallagma_cyathigerum,Teneral,1,,0,0,45,2021,NA,NA
6/19/21,14:25:00,Krutladan,Enallagma_cyathigerum,Teneral,1,,0,0,45,2021,NA,NA
6/19/21,14:25:00,Krutladan,Enallagma_cyathigerum,Mature,1,,0,0,45,2021,NA,NA
6/19/21,14:25:00,Krutladan,Enallagma_cyathigerum,Mature,1,,0,0,45,2021,NA,NA
6/19/21,14:25:00,Krutladan,Enallagma_cyathigerum,Mature,1,,0,0,45,2021,NA,NA
6/19/21,14:25:00,Krutladan,Enallagma_cyathigerum,Mature,1,,0,0,45,2021,NA,NA
6/19/21,14:25:00,Krutladan,Enallagma_cyathigerum,Mature,1,,0,0,45,2021,NA,NA
6/19/21,14:25:00,Krutladan,Enallagma_cyathigerum,Teneral,1,,0,0,45,2021,NA,NA
6/19/21,14:25:00,Krutladan,Enallagma_cyathigerum,Teneral,1,,0,0,45,2021,NA,NA
6/19/21,14:25:00,Krutladan,Enallagma_cyathigerum,Immature,0,,0,0,45,2021,NA,NA
6/19/21,14:25:00,Krutladan,Enallagma_cyathigerum,Mature,1,,0,0,45,2021,NA,NA
6/19/21,14:25:00,Krutladan,Enallagma_cyathigerum,Teneral,1,,0,0,45,2021,NA,NA
6/19/21,14:25:00,Krutladan,Enallagma_cyathigerum,Mature,1,,0,0,45,2021,NA,NA
6/19/21,14:25:00,Krutladan,Enallagma_cyathigerum,Mature,1,,0,0,45,2021,NA,NA
6/19/21,14:25:00,Krutladan,Enallagma_cyathigerum,Teneral,1,,0,0,45,2021,NA,NA
6/19/21,14:25:00,Krutladan,Enallagma_cyathigerum,Teneral,1,,0,0,45,2021,NA,NA
6/19/21,14:25:00,Krutladan,Enallagma_cyathigerum,Immature,1,,0,0,45,2021,NA,NA
6/19/21,14:25:00,Krutladan,Enallagma_cyathigerum,Mature,1,,0,0,45,2021,NA,NA
6/19/21,14:25:00,Krutladan,Enallagma_cyathigerum,Teneral,1,,0,0,45,2021,NA,NA
6/19/21,14:25:00,Krutladan,Enallagma_cyathigerum,Immature,1,,0,0,45,2021,NA,NA
6/19/21,14:25:00,Krutladan,Enallagma_cyathigerum,Mature,1,,0,0,45,2021,NA,NA
6/19/21,14:25:00,Krutladan,Enallagma_cyathigerum,Immature,1,,0,0,45,2021,NA,NA
6/19/21,14:25:00,Krutladan,Enallagma_cyathigerum,Mature,1,,0,0,45,2021,NA,NA
6/20/21,9:42:00,IKEA,Libellula_quadrimaculata,Teneral,,,0,NA,60,2021,NA,NA
6/20/21,9:42:00,IKEA,Sympetrum_vulgatum,Teneral,0,,0,0,60,2021,NA,NA
6/20/21,9:42:00,IKEA,Sympetrum_vulgatum,Teneral,0,,0,0,60,2021,NA,NA
6/20/21,9:42:00,IKEA,Lestes_dryas,Mature,1,,0,0,60,2021,NA,NA
6/20/21,9:42:00,IKEA,Libellula_quadrimaculata,Teneral,1,,0,0,60,2021,NA,NA
6/20/21,9:42:00,IKEA,Sympetrum_vulgatum,Teneral,0,,0,0,60,2021,NA,NA
6/20/21,9:42:00,IKEA,Sympetrum_vulgatum,Teneral,0,,0,0,60,2021,NA,NA
6/20/21,9:42:00,IKEA,Sympetrum_vulgatum,Teneral,0,,0,0,60,2021,NA,NA
6/20/21,9:42:00,IKEA,Sympetrum_vulgatum,Teneral,0,,0,0,60,2021,NA,NA
6/20/21,9:42:00,IKEA,Coenagrion_puella,Mature,1,,1,0,60,2021,NA,NA
6/20/21,9:42:00,IKEA,Coenagrion_puella,Mature,0,Androchrome,1,0,60,2021,NA,NA
6/20/21,9:42:00,IKEA,Ischnura_pumilio,Mature,1,,0,0,60,2021,NA,NA
6/20/21,9:42:00,IKEA,Ischnura_pumilio,Mature,1,,0,0,60,2021,NA,NA
6/20/21,9:42:00,IKEA,Coenagrion_puella,Mature,1,,0,0,60,2021,NA,NA
6/20/21,9:42:00,IKEA,Coenagrion_puella,Immature,1,,0,1,60,2021,NA,NA
6/20/21,9:42:00,IKEA,Ischnura_pumilio,Mature,1,,0,0,60,2021,NA,NA
6/20/21,9:42:00,IKEA,Coenagrion_pulchellum,Mature,1,,0,0,60,2021,NA,NA
6/20/21,9:42:00,IKEA,Coenagrion_puella,Mature,1,,0,0,60,2021,NA,NA
6/20/21,9:42:00,IKEA,Coenagrion_pulchellum,Mature,1,,0,0,60,2021,NA,NA
6/20/21,9:42:00,IKEA,Ischnura_pumilio,Immature,1,,0,0,60,2021,NA,NA
6/20/21,9:42:00,IKEA,Sympetrum_vulgatum,Teneral,,,0,NA,60,2021,NA,NA
6/20/21,9:42:00,IKEA,Sympetrum_vulgatum,Teneral,,,0,NA,60,2021,NA,NA
6/20/21,9:42:00,IKEA,Sympetrum_vulgatum,Teneral,,,0,NA,60,2021,NA,NA
6/20/21,10:52:00,Bunkeflostrand,Anax_imperator,Mature,1,,0,NA,60,2021,NA,NA
6/20/21,10:52:00,Bunkeflostrand,Orthetrum_cancellatum,Mature,1,,0,NA,60,2021,NA,NA
6/20/21,10:52:00,Bunkeflostrand,Orthetrum_cancellatum,Mature,1,,0,NA,60,2021,NA,NA
6/20/21,10:52:00,Bunkeflostrand,Orthetrum_cancellatum,Mature,1,,0,NA,60,2021,NA,NA
6/20/21,10:52:00,Bunkeflostrand,Orthetrum_cancellatum,Mature,1,,0,NA,60,2021,NA,NA
6/20/21,10:52:00,Bunkeflostrand,Orthetrum_cancellatum,Mature,1,,0,NA,60,2021,NA,NA
6/20/21,10:52:00,Bunkeflostrand,Libellula_quadrimaculata,Mature,,,0,NA,60,2021,NA,NA
6/20/21,10:52:00,Bunkeflostrand,Libellula_quadrimaculata,Mature,,,0,NA,60,2021,NA,NA
6/20/21,10:52:00,Bunkeflostrand,Libellula_quadrimaculata,Mature,,,0,NA,60,2021,NA,NA
6/20/21,10:52:00,Bunkeflostrand,Libellula_quadrimaculata,Mature,,,0,NA,60,2021,NA,NA
6/20/21,10:52:00,Bunkeflostrand,Libellula_quadrimaculata,Mature,,,0,NA,60,2021,NA,NA
6/20/21,10:52:00,Bunkeflostrand,Coenagrion_pulchellum,Mature,1,,1,0,60,2021,NA,NA
6/20/21,10:52:00,Bunkeflostrand,Coenagrion_pulchellum,Mature,0,Androchrome,1,0,60,2021,NA,NA
6/20/21,10:52:00,Bunkeflostrand,Sympetrum_vulgatum,Teneral,0,,0,0,60,2021,NA,NA
6/20/21,10:52:00,Bunkeflostrand,Sympetrum_vulgatum,Teneral,1,,0,0,60,2021,NA,NA
6/20/21,10:52:00,Bunkeflostrand,Sympetrum_vulgatum,Teneral,0,,0,0,60,2021,NA,NA
6/20/21,10:52:00,Bunkeflostrand,Coenagrion_pulchellum,Mature,1,,0,0,60,2021,NA,NA
6/20/21,10:52:00,Bunkeflostrand,Sympetrum_vulgatum,Teneral,0,,0,0,60,2021,NA,NA
6/20/21,10:52:00,Bunkeflostrand,Orthetrum_coerulescens,Mature,1,,0,0,60,2021,NA,NA
6/20/21,10:52:00,Bunkeflostrand,Ischnura_pumilio,Mature,1,,0,0,60,2021,NA,NA
6/20/21,10:52:00,Bunkeflostrand,Coenagrion_pulchellum,Mature,1,,0,0,60,2021,NA,NA
6/20/21,10:52:00,Bunkeflostrand,Coenagrion_pulchellum,Immature,1,,0,2,60,2021,NA,NA
6/20/21,10:52:00,Bunkeflostrand,Coenagrion_pulchellum,Mature,1,,0,0,60,2021,NA,NA
6/20/21,10:52:00,Bunkeflostrand,Coenagrion_pulchellum,Mature,1,,0,0,60,2021,NA,NA
6/20/21,10:52:00,Bunkeflostrand,Coenagrion_pulchellum,Mature,1,,0,0,60,2021,NA,NA
6/20/21,10:52:00,Bunkeflostrand,Coenagrion_pulchellum,Mature,1,,0,0,60,2021,NA,NA
6/20/21,10:52:00,Bunkeflostrand,Ischnura_pumilio,Teneral,0,,0,0,60,2021,NA,NA
6/20/21,10:52:00,Bunkeflostrand,Coenagrion_pulchellum,Immature,1,,0,0,60,2021,NA,NA
6/20/21,10:52:00,Bunkeflostrand,Coenagrion_pulchellum,Mature,1,,0,0,60,2021,NA,NA
6/20/21,10:52:00,Bunkeflostrand,Coenagrion_pulchellum,Immature,1,,0,1,60,2021,NA,NA
6/20/21,10:52:00,Bunkeflostrand,Ischnura_pumilio,Immature,1,,0,0,60,2021,NA,NA
6/20/21,10:52:00,Bunkeflostrand,Ischnura_pumilio,Teneral,1,,0,0,60,2021,NA,NA
6/20/21,10:52:00,Bunkeflostrand,Coenagrion_pulchellum,Mature,1,,0,0,60,2021,NA,NA
6/20/21,10:52:00,Bunkeflostrand,Coenagrion_pulchellum,Mature,1,,0,0,60,2021,NA,NA
6/20/21,10:52:00,Bunkeflostrand,Coenagrion_pulchellum,Immature,1,,0,0,60,2021,NA,NA
6/22/21,10:06:00,Borgeby,Orthetrum_cancellatum,Mature,1,,0,NA,54,2021,NA,NA
6/22/21,10:06:00,Borgeby,Orthetrum_cancellatum,Mature,1,,0,NA,54,2021,NA,NA
6/22/21,10:06:00,Borgeby,Orthetrum_cancellatum,Mature,1,,0,NA,54,2021,NA,NA
6/22/21,10:06:00,Borgeby,Orthetrum_cancellatum,Mature,1,,0,NA,54,2021,NA,NA
6/22/21,10:06:00,Borgeby,Orthetrum_cancellatum,Mature,1,,0,NA,54,2021,NA,NA
6/22/21,10:06:00,Borgeby,Orthetrum_cancellatum,Mature,1,,0,NA,54,2021,NA,NA
6/22/21,10:06:00,Borgeby,Orthetrum_cancellatum,Mature,1,,0,NA,54,2021,NA,NA
6/22/21,10:06:00,Borgeby,Orthetrum_cancellatum,Mature,1,,0,NA,54,2021,NA,NA
6/22/21,10:06:00,Borgeby,Calopteryx_splendens,Mature,0,,0,NA,54,2021,NA,NA
6/22/21,10:06:00,Borgeby,Calopteryx_splendens,Immature,0,,0,0,54,2021,NA,NA
6/22/21,10:06:00,Borgeby,Enallagma_cyathigerum,Mature,0,Androchrome,1,0,54,2021,NA,NA
6/22/21,10:06:00,Borgeby,Enallagma_cyathigerum,Mature,1,,1,NA,54,2021,NA,NA
6/22/21,10:06:00,Borgeby,Lestes_sponsa,Immature,0,Gynochrome,0,0,54,2021,NA,NA
6/22/21,10:06:00,Borgeby,Lestes_sponsa,Immature,1,,0,0,54,2021,NA,NA
6/22/21,10:06:00,Borgeby,Enallagma_cyathigerum,Mature,1,,0,0,54,2021,NA,NA
6/22/21,10:06:00,Borgeby,Enallagma_cyathigerum,Mature,1,,0,0,54,2021,NA,NA
6/22/21,10:06:00,Borgeby,Enallagma_cyathigerum,Mature,1,,0,0,54,2021,NA,NA
6/22/21,10:06:00,Borgeby,Coenagrion_pulchellum,Mature,1,,0,0,54,2021,NA,NA
6/22/21,10:06:00,Borgeby,Coenagrion_pulchellum,Mature,1,,0,1,54,2021,NA,NA
6/22/21,10:06:00,Borgeby,Enallagma_cyathigerum,Mature,1,,0,1,54,2021,NA,NA
6/22/21,10:06:00,Borgeby,Lestes_sponsa,Immature,0,Gynochrome,0,0,54,2021,NA,NA
6/22/21,10:06:00,Borgeby,Enallagma_cyathigerum,Mature,1,,0,0,54,2021,NA,NA
6/22/21,10:06:00,Borgeby,Lestes_sponsa,Immature,1,,0,0,54,2021,NA,NA
6/22/21,10:06:00,Borgeby,Enallagma_cyathigerum,Mature,1,,0,0,54,2021,NA,NA
6/22/21,10:06:00,Borgeby,Enallagma_cyathigerum,Mature,1,,0,2,54,2021,NA,NA
6/22/21,10:06:00,Borgeby,Coenagrion_pulchellum,Mature,1,,0,0,54,2021,NA,NA
6/22/21,10:06:00,Borgeby,Lestes_sponsa,Immature,1,,0,0,54,2021,NA,NA
6/22/21,10:06:00,Borgeby,Coenagrion_pulchellum,Mature,1,,0,0,54,2021,NA,NA
6/22/21,10:06:00,Borgeby,Coenagrion_puella,Mature,1,,0,0,54,2021,NA,NA
6/22/21,10:06:00,Borgeby,Coenagrion_pulchellum,Mature,1,,0,0,54,2021,NA,NA
6/22/21,10:06:00,Borgeby,Enallagma_cyathigerum,Mature,1,,0,1,54,2021,NA,NA
6/22/21,10:06:00,Borgeby,Enallagma_cyathigerum,Mature,1,,0,0,54,2021,NA,NA
6/22/21,10:06:00,Borgeby,Coenagrion_pulchellum,Mature,1,,0,0,54,2021,NA,NA
6/22/21,10:06:00,Borgeby,Coenagrion_pulchellum,Mature,1,,0,0,54,2021,NA,NA
6/22/21,10:06:00,Borgeby,Coenagrion_pulchellum,Mature,1,,0,0,54,2021,NA,NA
6/22/21,10:06:00,Borgeby,Coenagrion_pulchellum,Mature,1,,0,1,54,2021,NA,NA
6/22/21,10:06:00,Borgeby,Enallagma_cyathigerum,Mature,1,,0,0,54,2021,NA,NA
6/22/21,10:06:00,Borgeby,Enallagma_cyathigerum,Mature,1,,0,0,54,2021,NA,NA
6/22/21,10:06:00,Borgeby,Enallagma_cyathigerum,Mature,1,,0,3,54,2021,NA,NA
6/22/21,10:06:00,Borgeby,Enallagma_cyathigerum,Mature,1,,0,0,54,2021,NA,NA
6/22/21,10:06:00,Borgeby,Enallagma_cyathigerum,Mature,1,,0,0,54,2021,NA,NA
6/22/21,10:06:00,Borgeby,Lestes_sponsa,Immature,1,,0,0,54,2021,NA,NA
6/22/21,10:06:00,Borgeby,Lestes_sponsa,Immature,1,,0,0,54,2021,NA,NA
6/22/21,10:06:00,Borgeby,Coenagrion_pulchellum,Mature,0,Gynochrome,0,3,54,2021,NA,NA
6/22/21,10:06:00,Borgeby,Coenagrion_puella,Mature,1,,0,0,54,2021,NA,NA
6/22/21,10:06:00,Borgeby,Coenagrion_pulchellum,Mature,1,,0,0,54,2021,NA,NA
6/22/21,10:06:00,Borgeby,Coenagrion_pulchellum,Mature,1,,0,0,54,2021,NA,NA
6/22/21,10:06:00,Borgeby,Coenagrion_pulchellum,Teneral,1,,0,8,54,2021,NA,NA
6/22/21,12:52:00,Flackarp,Anax_imperator,Mature,1,,0,NA,90,2021,NA,NA
6/22/21,12:52:00,Flackarp,Anax_imperator,Mature,1,,0,NA,90,2021,NA,NA
6/22/21,12:52:00,Flackarp,Anax_imperator,Mature,0,Gynochrome,0,NA,90,2021,NA,NA
6/22/21,12:52:00,Flackarp,Orthetrum_cancellatum,Mature,1,,0,NA,90,2021,NA,NA
6/22/21,12:52:00,Flackarp,Orthetrum_cancellatum,Mature,1,,0,NA,90,2021,NA,NA
6/22/21,12:52:00,Flackarp,Erythromma_najas,Mature,1,,0,NA,90,2021,NA,NA
6/22/21,12:52:00,Flackarp,Coenagrion_puella,Mature,1,,1,NA,90,2021,NA,NA
6/22/21,12:52:00,Flackarp,Coenagrion_puella,Mature,0,Gynochrome,1,12,90,2021,NA,NA
6/22/21,12:52:00,Flackarp,Coenagrion_puella,Mature,0,Gynochrome,1,3,90,2021,NA,NA
6/22/21,12:52:00,Flackarp,Calopteryx_splendens,Mature,1,,1,NA,90,2021,NA,NA
6/22/21,12:52:00,Flackarp,Calopteryx_splendens,Mature,0,Gynochrome,1,0,90,2021,NA,NA
6/22/21,12:52:00,Flackarp,Sympetrum_sanguineum,Teneral,0,,0,0,90,2021,NA,NA
6/22/21,12:52:00,Flackarp,Sympetrum_sanguineum,Teneral,1,,0,0,90,2021,NA,NA
6/22/21,12:52:00,Flackarp,Sympetrum_sanguineum,Teneral,1,,0,0,90,2021,NA,NA
6/22/21,12:52:00,Flackarp,Coenagrion_puella,Mature,1,,0,0,90,2021,NA,NA
6/22/21,12:52:00,Flackarp,Coenagrion_puella,Mature,1,,0,2,90,2021,NA,NA
6/22/21,12:52:00,Flackarp,Coenagrion_puella,Mature,1,,0,2,90,2021,NA,NA
6/22/21,12:52:00,Flackarp,Coenagrion_puella,Mature,1,,0,0,90,2021,NA,NA
6/22/21,12:52:00,Flackarp,Coenagrion_pulchellum,Mature,1,,0,0,90,2021,NA,NA
6/22/21,12:52:00,Flackarp,Coenagrion_puella,Mature,1,,0,0,90,2021,NA,NA
6/22/21,12:52:00,Flackarp,Coenagrion_pulchellum,Mature,1,,0,0,90,2021,NA,NA
6/22/21,12:52:00,Flackarp,Erythromma_najas,Teneral,0,,0,0,90,2021,NA,NA
6/22/21,12:52:00,Flackarp,Coenagrion_puella,Mature,1,,0,0,90,2021,NA,NA
6/22/21,12:52:00,Flackarp,Enallagma_cyathigerum,Mature,1,,0,10,90,2021,NA,NA
6/22/21,12:52:00,Flackarp,Coenagrion_puella,Mature,1,,0,0,90,2021,NA,NA
6/22/21,12:52:00,Flackarp,Coenagrion_puella,Mature,1,,0,2,90,2021,NA,NA
6/22/21,12:52:00,Flackarp,Coenagrion_puella,Mature,1,,0,0,90,2021,NA,NA
6/22/21,12:52:00,Flackarp,Coenagrion_puella,Mature,1,,0,0,90,2021,NA,NA
6/22/21,12:52:00,Flackarp,Coenagrion_pulchellum,Mature,1,,0,0,90,2021,NA,NA
6/22/21,12:52:00,Flackarp,Coenagrion_puella,Mature,1,,0,1,90,2021,NA,NA
6/22/21,12:52:00,Flackarp,Coenagrion_puella,Mature,1,,0,0,90,2021,NA,NA
6/22/21,12:52:00,Flackarp,Coenagrion_puella,Mature,1,,0,5,90,2021,NA,NA
6/22/21,12:52:00,Flackarp,Coenagrion_pulchellum,Mature,1,,0,0,90,2021,NA,NA
6/22/21,12:52:00,Flackarp,Coenagrion_puella,Mature,1,,0,0,90,2021,NA,NA
6/22/21,12:52:00,Flackarp,Calopteryx_splendens,Mature,1,,0,0,90,2021,NA,NA
6/22/21,12:52:00,Flackarp,Calopteryx_splendens,Mature,1,,0,0,90,2021,NA,NA
6/22/21,12:52:00,Flackarp,Calopteryx_splendens,Teneral,0,,0,0,90,2021,NA,NA
6/22/21,12:52:00,Flackarp,Calopteryx_splendens,Mature,1,,0,0,90,2021,NA,NA
6/22/21,12:52:00,Flackarp,Calopteryx_splendens,Mature,1,,0,0,90,2021,NA,NA
6/22/21,12:52:00,Flackarp,Calopteryx_splendens,Mature,1,,0,0,90,2021,NA,NA
6/22/21,12:52:00,Flackarp,Calopteryx_splendens,Mature,1,,0,0,90,2021,NA,NA
6/22/21,12:52:00,Flackarp,Calopteryx_splendens,Mature,1,,0,0,90,2021,NA,NA
6/22/21,12:52:00,Flackarp,Calopteryx_splendens,Mature,1,,0,0,90,2021,NA,NA
6/22/21,12:52:00,Flackarp,Calopteryx_splendens,Mature,0,Gynochrome,0,0,90,2021,NA,NA
6/22/21,12:52:00,Flackarp,Calopteryx_splendens,Immature,1,,0,0,90,2021,NA,NA
6/22/21,12:52:00,Flackarp,Calopteryx_splendens,Mature,1,,0,0,90,2021,NA,NA
6/22/21,12:52:00,Flackarp,Calopteryx_splendens,Immature,1,,0,0,90,2021,NA,NA
6/22/21,12:52:00,Flackarp,Calopteryx_splendens,Mature,1,,0,0,90,2021,NA,NA
6/22/21,12:52:00,Flackarp,Calopteryx_splendens,Mature,1,,0,0,90,2021,NA,NA
6/22/21,12:52:00,Flackarp,Calopteryx_splendens,NA,0,Gynochrome,0,NA,90,2021,NA,NA
6/22/21,12:52:00,Flackarp,Calopteryx_splendens,Mature,0,Gynochrome,0,0,90,2021,NA,NA
6/22/21,12:52:00,Flackarp,Calopteryx_splendens,Mature,1,,0,0,90,2021,NA,NA
6/22/21,12:52:00,Flackarp,Calopteryx_splendens,Mature,1,,0,0,90,2021,NA,NA
6/22/21,12:52:00,Flackarp,Calopteryx_splendens,Immature,0,Gynochrome,0,0,90,2021,NA,NA
6/22/21,12:52:00,Flackarp,Calopteryx_splendens,Mature,1,,0,0,90,2021,NA,NA
6/22/21,12:52:00,Flackarp,Calopteryx_splendens,Mature,1,,0,0,90,2021,NA,NA
6/22/21,12:52:00,Flackarp,Calopteryx_splendens,Immature,1,,0,0,90,2021,NA,NA
6/22/21,12:52:00,Flackarp,Calopteryx_splendens,Mature,1,,0,0,90,2021,NA,NA
6/22/21,12:52:00,Flackarp,Calopteryx_splendens,Mature,0,Gynochrome,0,0,90,2021,NA,NA
6/22/21,12:52:00,Flackarp,Calopteryx_splendens,Mature,1,,0,0,90,2021,NA,NA
6/22/21,12:52:00,Flackarp,Calopteryx_splendens,Mature,1,,0,0,90,2021,NA,NA
6/22/21,12:52:00,Flackarp,Calopteryx_splendens,Mature,1,,0,0,90,2021,NA,NA
6/22/21,12:52:00,Flackarp,Calopteryx_splendens,Immature,1,,0,0,90,2021,NA,NA
6/22/21,12:52:00,Flackarp,Calopteryx_splendens,Immature,1,,0,0,90,2021,NA,NA
6/22/21,12:52:00,Flackarp,Calopteryx_splendens,Immature,0,Gynochrome,0,0,90,2021,NA,NA
6/22/21,12:52:00,Flackarp,Calopteryx_splendens,Immature,0,Gynochrome,0,0,90,2021,NA,NA
6/22/21,12:52:00,Flackarp,Calopteryx_splendens,Immature,1,,0,0,90,2021,NA,NA
6/22/21,12:52:00,Flackarp,Erythromma_najas,Mature,1,,0,NA,90,2021,NA,NA
6/22/21,12:52:00,Flackarp,Erythromma_najas,Mature,1,,0,NA,90,2021,NA,NA
6/22/21,12:52:00,Flackarp,Erythromma_najas,Mature,1,,0,NA,90,2021,NA,NA
6/22/21,12:52:00,Flackarp,Erythromma_najas,Mature,1,,0,NA,90,2021,NA,NA
6/22/21,12:52:00,Flackarp,Erythromma_najas,Mature,1,,0,NA,90,2021,NA,NA
6/22/21,12:52:00,Flackarp,Erythromma_najas,Mature,1,,0,NA,90,2021,NA,NA
6/22/21,12:52:00,Flackarp,Erythromma_najas,Mature,1,,0,NA,90,2021,NA,NA
6/22/21,12:52:00,Flackarp,Erythromma_najas,Mature,1,,0,NA,90,2021,NA,NA
6/22/21,12:52:00,Flackarp,Erythromma_najas,Mature,1,,0,NA,90,2021,NA,NA
6/22/21,12:52:00,Flackarp,Erythromma_najas,Mature,1,,0,NA,90,2021,NA,NA
6/22/21,12:52:00,Flackarp,Erythromma_najas,Mature,1,,0,NA,90,2021,NA,NA
6/22/21,12:52:00,Flackarp,Erythromma_najas,Mature,1,,0,NA,90,2021,NA,NA
6/22/21,12:52:00,Flackarp,Erythromma_najas,Mature,1,,0,NA,90,2021,NA,NA
6/22/21,12:52:00,Flackarp,Erythromma_najas,Mature,1,,0,NA,90,2021,NA,NA
6/22/21,12:52:00,Flackarp,Erythromma_najas,Mature,1,,0,NA,90,2021,NA,NA
6/22/21,12:52:00,Flackarp,Erythromma_najas,Mature,1,,0,NA,90,2021,NA,NA
6/22/21,12:52:00,Flackarp,Erythromma_najas,Mature,1,,0,NA,90,2021,NA,NA
6/22/21,12:52:00,Flackarp,Erythromma_najas,Mature,1,,0,NA,90,2021,NA,NA
6/22/21,12:52:00,Flackarp,Erythromma_najas,Mature,1,,0,NA,90,2021,NA,NA
6/22/21,12:52:00,Flackarp,Erythromma_najas,Mature,1,,0,NA,90,2021,NA,NA
6/22/21,12:52:00,Flackarp,Erythromma_najas,Mature,1,,0,NA,90,2021,NA,NA
6/22/21,12:52:00,Flackarp,Erythromma_najas,Mature,1,,0,NA,90,2021,NA,NA
6/22/21,12:52:00,Flackarp,Erythromma_najas,Mature,1,,0,NA,90,2021,NA,NA
6/22/21,12:52:00,Flackarp,Erythromma_najas,Mature,1,,0,NA,90,2021,NA,NA
6/22/21,12:52:00,Flackarp,Erythromma_najas,Mature,1,,0,NA,90,2021,NA,NA
6/22/21,12:52:00,Flackarp,Erythromma_najas,Mature,1,,0,NA,90,2021,NA,NA
6/22/21,12:52:00,Flackarp,Erythromma_najas,Mature,1,,0,NA,90,2021,NA,NA
6/22/21,12:52:00,Flackarp,Erythromma_najas,Mature,1,,0,NA,90,2021,NA,NA
6/22/21,12:52:00,Flackarp,Erythromma_najas,Mature,1,,0,NA,90,2021,NA,NA
6/22/21,12:52:00,Flackarp,Erythromma_najas,Mature,1,,0,NA,90,2021,NA,NA
6/22/21,12:52:00,Flackarp,Erythromma_najas,Mature,1,,0,NA,90,2021,NA,NA
6/22/21,12:52:00,Flackarp,Erythromma_najas,Mature,1,,0,NA,90,2021,NA,NA
6/22/21,12:52:00,Flackarp,Erythromma_najas,Mature,1,,0,NA,90,2021,NA,NA
6/22/21,12:52:00,Flackarp,Erythromma_najas,Mature,1,,0,NA,90,2021,NA,NA
6/22/21,12:52:00,Flackarp,Erythromma_najas,Mature,1,,0,NA,90,2021,NA,NA
6/22/21,12:52:00,Flackarp,Calopteryx_splendens,Mature,1,,0,NA,90,2021,NA,NA
6/22/21,12:52:00,Flackarp,Calopteryx_splendens,Mature,1,,0,NA,90,2021,NA,NA
6/22/21,12:52:00,Flackarp,Calopteryx_splendens,Mature,1,,0,NA,90,2021,NA,NA
6/22/21,12:52:00,Flackarp,Calopteryx_splendens,Mature,1,,0,NA,90,2021,NA,NA
6/22/21,12:52:00,Flackarp,Calopteryx_splendens,Mature,1,,0,NA,90,2021,NA,NA
6/22/21,12:52:00,Flackarp,Calopteryx_splendens,Mature,1,,0,NA,90,2021,NA,NA
6/22/21,12:52:00,Flackarp,Calopteryx_splendens,Mature,1,,0,NA,90,2021,NA,NA
6/22/21,12:52:00,Flackarp,Calopteryx_splendens,Mature,1,,0,NA,90,2021,NA,NA
6/22/21,12:52:00,Flackarp,Calopteryx_splendens,Mature,1,,0,NA,90,2021,NA,NA
6/22/21,12:52:00,Flackarp,Calopteryx_splendens,Mature,1,,0,NA,90,2021,NA,NA
6/22/21,12:52:00,Flackarp,Calopteryx_splendens,Mature,1,,0,NA,90,2021,NA,NA
6/22/21,12:52:00,Flackarp,Calopteryx_splendens,Mature,1,,0,NA,90,2021,NA,NA
6/22/21,12:52:00,Flackarp,Calopteryx_splendens,Mature,1,,0,NA,90,2021,NA,NA
6/22/21,12:52:00,Flackarp,Calopteryx_splendens,Mature,1,,0,NA,90,2021,NA,NA
6/22/21,12:52:00,Flackarp,Calopteryx_splendens,Mature,1,,0,NA,90,2021,NA,NA
6/22/21,12:52:00,Flackarp,Calopteryx_splendens,Mature,1,,0,NA,90,2021,NA,NA
6/22/21,12:52:00,Flackarp,Calopteryx_splendens,Mature,1,,0,NA,90,2021,NA,NA
6/22/21,12:52:00,Flackarp,Calopteryx_splendens,Mature,1,,0,NA,90,2021,NA,NA
6/22/21,12:52:00,Flackarp,Calopteryx_splendens,Mature,1,,0,NA,90,2021,NA,NA
6/22/21,12:52:00,Flackarp,Calopteryx_splendens,Mature,1,,0,NA,90,2021,NA,NA
6/22/21,12:52:00,Flackarp,Calopteryx_splendens,Mature,1,,0,NA,90,2021,NA,NA
6/22/21,12:52:00,Flackarp,Calopteryx_splendens,Mature,1,,0,NA,90,2021,NA,NA
6/22/21,12:52:00,Flackarp,Calopteryx_splendens,Mature,1,,0,NA,90,2021,NA,NA
6/22/21,12:52:00,Flackarp,Calopteryx_splendens,Mature,1,,0,NA,90,2021,NA,NA
6/22/21,12:52:00,Flackarp,Calopteryx_splendens,Mature,1,,0,NA,90,2021,NA,NA
6/22/21,12:52:00,Flackarp,Calopteryx_splendens,Mature,1,,0,NA,90,2021,NA,NA
6/22/21,12:52:00,Flackarp,Calopteryx_splendens,Mature,1,,0,NA,90,2021,NA,NA
6/22/21,12:52:00,Flackarp,Calopteryx_splendens,Mature,1,,0,NA,90,2021,NA,NA
6/22/21,12:52:00,Flackarp,Calopteryx_splendens,Mature,1,,0,NA,90,2021,NA,NA
6/22/21,12:52:00,Flackarp,Calopteryx_splendens,Mature,1,,0,NA,90,2021,NA,NA
6/22/21,12:52:00,Flackarp,Calopteryx_splendens,Mature,1,,0,NA,90,2021,NA,NA
6/22/21,12:52:00,Flackarp,Calopteryx_splendens,Mature,1,,0,NA,90,2021,NA,NA
6/22/21,12:52:00,Flackarp,Calopteryx_splendens,Mature,1,,0,NA,90,2021,NA,NA
6/22/21,12:52:00,Flackarp,Calopteryx_splendens,Mature,1,,0,NA,90,2021,NA,NA
6/22/21,12:52:00,Flackarp,Calopteryx_splendens,Mature,1,,0,NA,90,2021,NA,NA
6/22/21,12:52:00,Flackarp,Calopteryx_splendens,Mature,1,,0,NA,90,2021,NA,NA
6/22/21,12:52:00,Flackarp,Calopteryx_splendens,Mature,1,,0,NA,90,2021,NA,NA
6/22/21,12:52:00,Flackarp,Calopteryx_splendens,Mature,1,,0,NA,90,2021,NA,NA
6/22/21,12:52:00,Flackarp,Calopteryx_splendens,Mature,1,,0,NA,90,2021,NA,NA
6/22/21,12:52:00,Flackarp,Calopteryx_splendens,Mature,1,,0,NA,90,2021,NA,NA
6/22/21,12:52:00,Flackarp,Calopteryx_splendens,Mature,1,,0,NA,90,2021,NA,NA
6/22/21,12:52:00,Flackarp,Calopteryx_splendens,Mature,1,,0,NA,90,2021,NA,NA
6/22/21,12:52:00,Flackarp,Calopteryx_splendens,Mature,1,,0,NA,90,2021,NA,NA
6/22/21,12:52:00,Flackarp,Calopteryx_splendens,Mature,1,,0,NA,90,2021,NA,NA
6/22/21,12:52:00,Flackarp,Calopteryx_splendens,Mature,1,,0,NA,90,2021,NA,NA
6/22/21,12:52:00,Flackarp,Calopteryx_splendens,Mature,1,,0,NA,90,2021,NA,NA
6/22/21,12:52:00,Flackarp,Calopteryx_splendens,Mature,1,,0,NA,90,2021,NA,NA
6/22/21,12:52:00,Flackarp,Calopteryx_splendens,Mature,1,,0,NA,90,2021,NA,NA
6/22/21,12:52:00,Flackarp,Calopteryx_splendens,Mature,0,,0,NA,90,2021,NA,NA
6/22/21,12:52:00,Flackarp,Calopteryx_splendens,Mature,0,,0,NA,90,2021,NA,NA
6/22/21,12:52:00,Flackarp,Calopteryx_splendens,Mature,0,,0,NA,90,2021,NA,NA
6/22/21,12:52:00,Flackarp,Calopteryx_splendens,Mature,0,,0,NA,90,2021,NA,NA
6/22/21,12:52:00,Flackarp,Calopteryx_splendens,Mature,0,,0,NA,90,2021,NA,NA
6/22/21,12:52:00,Flackarp,Calopteryx_splendens,Mature,0,,0,NA,90,2021,NA,NA
6/22/21,12:52:00,Flackarp,Calopteryx_splendens,Mature,0,,0,NA,90,2021,NA,NA
6/22/21,12:52:00,Flackarp,Calopteryx_splendens,Mature,0,,0,NA,90,2021,NA,NA
6/22/21,12:52:00,Flackarp,Calopteryx_splendens,Mature,0,,0,NA,90,2021,NA,NA
6/22/21,12:52:00,Flackarp,Calopteryx_splendens,Mature,0,,0,NA,90,2021,NA,NA
6/22/21,12:52:00,Flackarp,Calopteryx_splendens,Mature,0,,0,NA,90,2021,NA,NA
6/22/21,12:52:00,Flackarp,Calopteryx_splendens,Mature,0,,0,NA,90,2021,NA,NA
6/22/21,12:52:00,Flackarp,Calopteryx_splendens,Mature,0,,0,NA,90,2021,NA,NA
6/22/21,12:52:00,Flackarp,Calopteryx_splendens,Mature,0,,0,NA,90,2021,NA,NA
6/22/21,12:52:00,Flackarp,Calopteryx_splendens,Mature,0,,0,NA,90,2021,NA,NA
6/22/21,12:52:00,Flackarp,Libellula_quadrimaculata,Mature,0,,0,NA,90,2021,NA,NA
6/22/21,12:52:00,Flackarp,Libellula_quadrimaculata,Mature,0,,0,NA,90,2021,NA,NA
6/22/21,14:31:00,Rabydammen,Anax_imperator,NA,0,Gynochrome,0,NA,55,2021,NA,NA
6/22/21,14:31:00,Rabydammen,Anax_imperator,NA,0,Gynochrome,0,NA,55,2021,NA,NA
6/22/21,14:31:00,Rabydammen,Anax_imperator,NA,1,,0,NA,55,2021,NA,NA
6/22/21,14:31:00,Rabydammen,Anax_imperator,NA,1,,0,NA,55,2021,NA,NA
6/22/21,14:31:00,Rabydammen,Anax_imperator,NA,1,,0,NA,55,2021,NA,NA
6/22/21,14:31:00,Rabydammen,Libellula_quadrimaculata,NA,1,,0,NA,55,2021,NA,NA
6/22/21,14:31:00,Rabydammen,Orthetrum_cancellatum,NA,1,,0,NA,55,2021,NA,NA
6/22/21,14:31:00,Rabydammen,Erythromma_viridulum,Mature,1,,0,1,55,2021,NA,NA
6/22/21,14:31:00,Rabydammen,Enallagma_cyathigerum,Mature,1,,0,14,55,2021,NA,NA
6/22/21,14:31:00,Rabydammen,Enallagma_cyathigerum,Mature,1,,0,1,55,2021,NA,NA
6/22/21,14:31:00,Rabydammen,Enallagma_cyathigerum,Teneral,1,,0,0,55,2021,NA,NA
6/22/21,14:31:00,Rabydammen,Enallagma_cyathigerum,Mature,1,,0,5,55,2021,NA,NA
6/22/21,14:31:00,Rabydammen,Coenagrion_pulchellum,Mature,1,,0,NA,55,2021,NA,NA
6/22/21,14:31:00,Rabydammen,Enallagma_cyathigerum,Mature,1,,0,4,55,2021,NA,NA
6/22/21,14:31:00,Rabydammen,Enallagma_cyathigerum,Mature,1,,0,20,55,2021,NA,NA
6/22/21,14:31:00,Rabydammen,Erythromma_viridulum,Teneral,1,,0,0,55,2021,NA,NA
6/22/21,14:31:00,Rabydammen,Coenagrion_puella,Mature,1,,0,0,55,2021,NA,NA
6/22/21,14:31:00,Rabydammen,Coenagrion_puella,Mature,1,,0,0,55,2021,NA,NA
6/22/21,14:31:00,Rabydammen,Coenagrion_puella,Immature,1,,0,0,55,2021,NA,NA
6/22/21,14:31:00,Rabydammen,Erythromma_viridulum,Teneral,1,,0,0,55,2021,NA,NA
6/22/21,14:31:00,Rabydammen,Coenagrion_puella,Immature,1,,0,2,55,2021,NA,NA
6/22/21,14:31:00,Rabydammen,Erythromma_viridulum,Teneral,0,,0,0,55,2021,NA,NA
6/22/21,14:31:00,Rabydammen,Erythromma_viridulum,Teneral,0,,0,0,55,2021,NA,NA
6/22/21,14:31:00,Rabydammen,Coenagrion_puella,Mature,1,,0,0,55,2021,NA,NA
6/22/21,14:31:00,Rabydammen,Erythromma_viridulum,Teneral,0,,0,0,55,2021,NA,NA
6/22/21,14:31:00,Rabydammen,Coenagrion_puella,Mature,1,,0,0,55,2021,NA,NA
6/22/21,14:31:00,Rabydammen,Enallagma_cyathigerum,Mature,1,,0,7,55,2021,NA,NA
6/22/21,14:31:00,Rabydammen,Coenagrion_puella,Mature,1,,0,0,55,2021,NA,NA
6/22/21,14:31:00,Rabydammen,Enallagma_cyathigerum,Mature,1,,0,1,55,2021,NA,NA
6/22/21,14:31:00,Rabydammen,Coenagrion_puella,Mature,0,Gynochrome,1,6,55,2021,NA,NA
6/22/21,14:31:00,Rabydammen,Coenagrion_puella,Mature,1,,1,4,55,2021,NA,NA
6/23/21,10:13:00,Lomma_Kyrkdamm,Anax_imperator,Mature,1,,0,NA,60,2021,NA,NA
6/23/21,10:13:00,Lomma_Kyrkdamm,Orthetrum_cancellatum,Mature,1,,0,NA,60,2021,NA,NA
6/23/21,10:13:00,Lomma_Kyrkdamm,Orthetrum_cancellatum,Mature,1,,0,NA,60,2021,NA,NA
6/23/21,10:13:00,Lomma_Kyrkdamm,Orthetrum_cancellatum,Mature,1,,0,NA,60,2021,NA,NA
6/23/21,10:13:00,Lomma_Kyrkdamm,Coenagrion_pulchellum,Mature,1,,1,0,60,2021,NA,NA
6/23/21,10:13:00,Lomma_Kyrkdamm,Coenagrion_pulchellum,Mature,0,Androchrome,1,13,60,2021,NA,NA
6/23/21,10:13:00,Lomma_Kyrkdamm,Enallagma_cyathigerum,Mature,1,,1,4,60,2021,NA,NA
6/23/21,10:13:00,Lomma_Kyrkdamm,Enallagma_cyathigerum,Mature,0,Gynochrome,1,5,60,2021,NA,NA
6/23/21,10:13:00,Lomma_Kyrkdamm,Erythromma_viridulum,Mature,1,,0,0,60,2021,NA,NA
6/23/21,10:13:00,Lomma_Kyrkdamm,Erythromma_viridulum,Mature,1,,0,0,60,2021,NA,NA
6/23/21,10:13:00,Lomma_Kyrkdamm,Enallagma_cyathigerum,Mature,1,,0,6,60,2021,NA,NA
6/23/21,10:13:00,Lomma_Kyrkdamm,Erythromma_viridulum,Mature,1,,0,10,60,2021,NA,NA
6/23/21,10:13:00,Lomma_Kyrkdamm,Enallagma_cyathigerum,Teneral,0,,0,18,60,2021,NA,NA
6/23/21,10:13:00,Lomma_Kyrkdamm,Enallagma_cyathigerum,Mature,1,,0,4,60,2021,NA,NA
6/23/21,10:13:00,Lomma_Kyrkdamm,Erythromma_viridulum,Mature,1,,0,0,60,2021,NA,NA
6/23/21,10:13:00,Lomma_Kyrkdamm,Enallagma_cyathigerum,Mature,1,,0,2,60,2021,NA,NA
6/23/21,10:13:00,Lomma_Kyrkdamm,Enallagma_cyathigerum,Mature,1,,0,10,60,2021,NA,NA
6/23/21,10:13:00,Lomma_Kyrkdamm,Enallagma_cyathigerum,Mature,0,Androchrome,0,10,60,2021,NA,NA
6/23/21,10:13:00,Lomma_Kyrkdamm,Erythromma_viridulum,Immature,1,,0,0,60,2021,NA,NA
6/23/21,10:13:00,Lomma_Kyrkdamm,Coenagrion_pulchellum,Mature,1,,1,0,60,2021,NA,NA
6/23/21,10:13:00,Lomma_Kyrkdamm,Enallagma_cyathigerum,Mature,1,,0,6,60,2021,NA,NA
6/23/21,10:13:00,Lomma_Kyrkdamm,Enallagma_cyathigerum,Mature,1,,0,1,60,2021,NA,NA
6/23/21,10:13:00,Lomma_Kyrkdamm,Enallagma_cyathigerum,Mature,1,,0,3,60,2021,NA,NA
6/23/21,10:13:00,Lomma_Kyrkdamm,Enallagma_cyathigerum,Mature,1,,0,4,60,2021,NA,NA
6/23/21,10:13:00,Lomma_Kyrkdamm,Coenagrion_pulchellum,Mature,1,,0,3,60,2021,NA,NA
6/23/21,10:13:00,Lomma_Kyrkdamm,Enallagma_cyathigerum,Mature,1,,0,0,60,2021,NA,NA
6/23/21,10:13:00,Lomma_Kyrkdamm,Coenagrion_pulchellum,Mature,1,,0,1,60,2021,NA,NA
6/23/21,10:13:00,Lomma_Kyrkdamm,Coenagrion_pulchellum,Mature,1,,0,0,60,2021,NA,NA
6/23/21,10:13:00,Lomma_Kyrkdamm,Coenagrion_pulchellum,Mature,1,,0,0,60,2021,NA,NA
6/23/21,10:13:00,Lomma_Kyrkdamm,Erythromma_viridulum,Teneral,1,,0,36,60,2021,NA,NA
6/23/21,10:13:00,Lomma_Kyrkdamm,Erythromma_viridulum,Teneral,0,,0,0,60,2021,NA,NA
6/23/21,10:13:00,Lomma_Kyrkdamm,Erythromma_viridulum,Teneral,0,,0,6,60,2021,NA,NA
6/23/21,10:13:00,Lomma_Kyrkdamm,Erythromma_viridulum,Teneral,0,,0,0,60,2021,NA,NA
6/23/21,10:13:00,Lomma_Kyrkdamm,Erythromma_viridulum,Teneral,0,,0,0,60,2021,NA,NA
6/23/21,10:13:00,Lomma_Kyrkdamm,Erythromma_viridulum,Teneral,0,,0,0,60,2021,NA,NA
6/23/21,10:13:00,Lomma_Kyrkdamm,Erythromma_viridulum,Teneral,0,,0,0,60,2021,NA,NA
6/23/21,10:13:00,Lomma_Kyrkdamm,Erythromma_viridulum,Teneral,0,,0,0,60,2021,NA,NA
6/23/21,10:13:00,Lomma_Kyrkdamm,Erythromma_viridulum,Teneral,1,,0,2,60,2021,NA,NA
6/23/21,10:13:00,Lomma_Kyrkdamm,Erythromma_viridulum,Teneral,0,,0,0,60,2021,NA,NA
6/23/21,10:13:00,Lomma_Kyrkdamm,Enallagma_cyathigerum,Mature,1,,0,11,60,2021,NA,NA
6/23/21,10:13:00,Lomma_Kyrkdamm,Erythromma_viridulum,Mature,1,,0,2,60,2021,NA,NA
6/23/21,10:13:00,Lomma_Kyrkdamm,Enallagma_cyathigerum,Mature,1,,0,5,60,2021,NA,NA
6/23/21,10:13:00,Lomma_Kyrkdamm,Enallagma_cyathigerum,Mature,1,,0,0,60,2021,NA,NA
6/23/21,10:13:00,Lomma_Kyrkdamm,Enallagma_cyathigerum,Mature,1,,0,23,60,2021,NA,NA
6/23/21,10:13:00,Lomma_Kyrkdamm,Enallagma_cyathigerum,Mature,1,,0,2,60,2021,NA,NA
6/23/21,10:13:00,Lomma_Kyrkdamm,Coenagrion_pulchellum,Mature,1,,0,1,60,2021,NA,NA
6/23/21,10:13:00,Lomma_Kyrkdamm,Erythromma_viridulum,Teneral,1,,0,14,60,2021,NA,NA
6/23/21,10:13:00,Lomma_Kyrkdamm,Enallagma_cyathigerum,Teneral,0,,0,10,60,2021,NA,NA
6/23/21,10:13:00,Lomma_Kyrkdamm,Erythromma_viridulum,Teneral,0,,0,15,60,2021,NA,NA
6/23/21,10:13:00,Lomma_Kyrkdamm,Erythromma_viridulum,Teneral,0,,0,0,60,2021,NA,NA
6/23/21,10:13:00,Lomma_Kyrkdamm,Erythromma_viridulum,Teneral,0,,0,6,60,2021,NA,NA
6/23/21,10:13:00,Lomma_Kyrkdamm,Erythromma_viridulum,Teneral,0,,0,2,60,2021,NA,NA
6/23/21,10:13:00,Lomma_Kyrkdamm,Sympetrum_sanguineum,Teneral,0,,0,NA,60,2021,NA,NA
6/23/21,10:13:00,Lomma_Kyrkdamm,Sympetrum_striolatum,Teneral,0,,0,NA,60,2021,NA,NA
6/23/21,14:54:00,Flyinge_30_A1,Aeshna_isoceles,Mature,,,0,NA,60,2021,NA,NA
6/23/21,14:54:00,Flyinge_30_A1,Aeshna_isoceles,Mature,,,0,NA,60,2021,NA,NA
6/23/21,14:54:00,Flyinge_30_A1,Aeshna_isoceles,Mature,,,0,NA,60,2021,NA,NA
6/23/21,14:54:00,Flyinge_30_A1,Aeshna_isoceles,Mature,,,0,NA,60,2021,NA,NA
6/23/21,14:54:00,Flyinge_30_A1,Aeshna_isoceles,Mature,,,0,NA,60,2021,NA,NA
6/23/21,14:54:00,Flyinge_30_A1,Aeshna_isoceles,Mature,,,0,NA,60,2021,NA,NA
6/23/21,14:54:00,Flyinge_30_A1,Aeshna_isoceles,Mature,,,0,NA,60,2021,NA,NA
6/23/21,14:54:00,Flyinge_30_A1,Aeshna_isoceles,Mature,,,0,NA,60,2021,NA,NA
6/23/21,14:54:00,Flyinge_30_A1,Calopteryx_splendens,Mature,1,,0,NA,60,2021,NA,NA
6/23/21,14:54:00,Flyinge_30_A1,Calopteryx_splendens,Mature,1,,0,NA,60,2021,NA,NA
6/23/21,14:54:00,Flyinge_30_A1,Calopteryx_splendens,Mature,1,,0,NA,60,2021,NA,NA
6/23/21,14:54:00,Flyinge_30_A1,Calopteryx_splendens,Mature,1,,0,NA,60,2021,NA,NA
6/23/21,14:54:00,Flyinge_30_A1,Calopteryx_splendens,Mature,1,,0,NA,60,2021,NA,NA
6/23/21,14:54:00,Flyinge_30_A1,Calopteryx_splendens,Mature,1,,0,NA,60,2021,NA,NA
6/23/21,14:54:00,Flyinge_30_A1,Calopteryx_splendens,Mature,1,,0,NA,60,2021,NA,NA
6/23/21,14:54:00,Flyinge_30_A1,Calopteryx_splendens,Mature,1,,0,NA,60,2021,NA,NA
6/23/21,14:54:00,Flyinge_30_A1,Calopteryx_splendens,Mature,1,,0,NA,60,2021,NA,NA
6/23/21,14:54:00,Flyinge_30_A1,Calopteryx_splendens,Mature,1,,0,NA,60,2021,NA,NA
6/23/21,14:54:00,Flyinge_30_A1,Calopteryx_splendens,Mature,1,,0,NA,60,2021,NA,NA
6/23/21,14:54:00,Flyinge_30_A1,Calopteryx_splendens,Mature,1,,0,NA,60,2021,NA,NA
6/23/21,14:54:00,Flyinge_30_A1,Calopteryx_splendens,Mature,1,,0,NA,60,2021,NA,NA
6/23/21,14:54:00,Flyinge_30_A1,Calopteryx_splendens,Mature,1,,0,NA,60,2021,NA,NA
6/23/21,14:54:00,Flyinge_30_A1,Calopteryx_splendens,Mature,1,,0,NA,60,2021,NA,NA
6/23/21,14:54:00,Flyinge_30_A1,Calopteryx_splendens,Mature,1,,0,NA,60,2021,NA,NA
6/23/21,14:54:00,Flyinge_30_A1,Calopteryx_splendens,Mature,1,,0,NA,60,2021,NA,NA
6/23/21,14:54:00,Flyinge_30_A1,Calopteryx_splendens,Mature,1,,0,NA,60,2021,NA,NA
6/23/21,14:54:00,Flyinge_30_A1,Calopteryx_splendens,Mature,1,,0,NA,60,2021,NA,NA
6/23/21,14:54:00,Flyinge_30_A1,Calopteryx_splendens,Mature,1,,0,NA,60,2021,NA,NA
6/23/21,14:54:00,Flyinge_30_A1,Calopteryx_splendens,Mature,1,,0,NA,60,2021,NA,NA
6/23/21,14:54:00,Flyinge_30_A1,Calopteryx_splendens,Mature,1,,0,NA,60,2021,NA,NA
6/23/21,14:54:00,Flyinge_30_A1,Calopteryx_splendens,Mature,1,,0,NA,60,2021,NA,NA
6/23/21,14:54:00,Flyinge_30_A1,Calopteryx_splendens,Mature,1,,0,NA,60,2021,NA,NA
6/23/21,14:54:00,Flyinge_30_A1,Calopteryx_splendens,Mature,1,,0,NA,60,2021,NA,NA
6/23/21,14:54:00,Flyinge_30_A1,Calopteryx_splendens,Mature,1,,0,NA,60,2021,NA,NA
6/23/21,14:54:00,Flyinge_30_A1,Calopteryx_splendens,Mature,1,,0,NA,60,2021,NA,NA
6/23/21,14:54:00,Flyinge_30_A1,Calopteryx_splendens,Mature,1,,0,NA,60,2021,NA,NA
6/23/21,14:54:00,Flyinge_30_A1,Calopteryx_splendens,Mature,1,,0,NA,60,2021,NA,NA
6/23/21,14:54:00,Flyinge_30_A1,Calopteryx_splendens,Mature,1,,0,NA,60,2021,NA,NA
6/23/21,14:54:00,Flyinge_30_A1,Calopteryx_splendens,Mature,1,,0,NA,60,2021,NA,NA
6/23/21,14:54:00,Flyinge_30_A1,Calopteryx_splendens,Mature,0,Gynochrome,0,NA,60,2021,NA,NA
6/23/21,14:54:00,Flyinge_30_A1,Calopteryx_splendens,Mature,0,Gynochrome,0,NA,60,2021,NA,NA
6/23/21,14:54:00,Flyinge_30_A1,Calopteryx_splendens,Mature,0,Gynochrome,0,NA,60,2021,NA,NA
6/23/21,14:54:00,Flyinge_30_A1,Calopteryx_splendens,Mature,0,Gynochrome,0,NA,60,2021,NA,NA
6/23/21,14:54:00,Flyinge_30_A1,Calopteryx_splendens,Mature,0,Gynochrome,0,NA,60,2021,NA,NA
6/23/21,14:54:00,Flyinge_30_A1,Calopteryx_splendens,Mature,0,Gynochrome,0,NA,60,2021,NA,NA
6/23/21,14:54:00,Flyinge_30_A1,Calopteryx_splendens,Mature,0,Gynochrome,0,NA,60,2021,NA,NA
6/23/21,14:54:00,Flyinge_30_A1,Calopteryx_splendens,Mature,0,Gynochrome,0,NA,60,2021,NA,NA
6/23/21,14:54:00,Flyinge_30_A1,Calopteryx_splendens,Mature,0,Gynochrome,0,NA,60,2021,NA,NA
6/23/21,14:54:00,Flyinge_30_A1,Calopteryx_splendens,Mature,0,Gynochrome,0,NA,60,2021,NA,NA
6/23/21,14:54:00,Flyinge_30_A1,Calopteryx_splendens,Mature,0,Gynochrome,0,NA,60,2021,NA,NA
6/23/21,14:54:00,Flyinge_30_A1,Platycnemis_pennipes,Mature,0,Gynochrome,1,0,60,2021,NA,NA
6/23/21,14:54:00,Flyinge_30_A1,Platycnemis_pennipes,Mature,1,,1,0,60,2021,NA,NA
6/23/21,14:54:00,Flyinge_30_A1,Coenagrion_pulchellum,Mature,1,,0,6,60,2021,NA,NA
6/23/21,14:54:00,Flyinge_30_A1,Platycnemis_pennipes,Mature,0,Gynochrome,0,2,60,2021,NA,NA
6/23/21,14:54:00,Flyinge_30_A1,Platycnemis_pennipes,Mature,1,,0,0,60,2021,NA,NA
6/23/21,14:54:00,Flyinge_30_A1,Platycnemis_pennipes,Mature,0,Gynochrome,0,3,60,2021,NA,NA
6/23/21,14:54:00,Flyinge_30_A1,Platycnemis_pennipes,Mature,0,Gynochrome,0,0,60,2021,NA,NA
6/23/21,14:54:00,Flyinge_30_A1,Coenagrion_pulchellum,Mature,1,,0,0,60,2021,NA,NA
6/23/21,14:54:00,Flyinge_30_A1,Platycnemis_pennipes,Mature,1,,0,0,60,2021,NA,NA
6/23/21,14:54:00,Flyinge_30_A1,Calopteryx_splendens,Immature,1,,0,19,60,2021,NA,NA
6/23/21,14:54:00,Flyinge_30_A1,Coenagrion_pulchellum,Mature,1,,0,3,60,2021,NA,NA
6/23/21,14:54:00,Flyinge_30_A1,Calopteryx_splendens,Mature,1,,0,17,60,2021,NA,NA
6/23/21,14:54:00,Flyinge_30_A1,Coenagrion_pulchellum,Mature,1,,0,1,60,2021,NA,NA
6/23/21,14:54:00,Flyinge_30_A1,Coenagrion_pulchellum,Mature,1,,0,0,60,2021,NA,NA
6/23/21,14:54:00,Flyinge_30_A1,Platycnemis_pennipes,Mature,1,,0,0,60,2021,NA,NA
6/23/21,14:54:00,Flyinge_30_A1,Platycnemis_pennipes,Mature,1,,0,0,60,2021,NA,NA
6/23/21,14:54:00,Flyinge_30_A1,Coenagrion_pulchellum,Mature,1,,0,0,60,2021,NA,NA
6/23/21,14:54:00,Flyinge_30_A1,Coenagrion_pulchellum,Mature,0,Gynochrome,0,0,60,2021,NA,NA
6/23/21,14:54:00,Flyinge_30_A1,Coenagrion_pulchellum,Mature,1,,0,2,60,2021,NA,NA
6/23/21,14:54:00,Flyinge_30_A1,Platycnemis_pennipes,Mature,0,Gynochrome,0,2,60,2021,NA,NA
6/23/21,14:54:00,Flyinge_30_A1,Platycnemis_pennipes,Mature,1,,0,0,60,2021,NA,NA
6/23/21,14:54:00,Flyinge_30_A1,Platycnemis_pennipes,Mature,1,,0,0,60,2021,NA,NA
6/23/21,14:54:00,Flyinge_30_A1,Coenagrion_pulchellum,Mature,1,,0,0,60,2021,NA,NA
6/23/21,14:54:00,Flyinge_30_A1,Coenagrion_pulchellum,Mature,1,,0,NA,60,2021,NA,NA
6/23/21,14:54:00,Flyinge_30_A1,Coenagrion_pulchellum,Mature,1,,0,1,60,2021,NA,NA
6/23/21,14:54:00,Flyinge_30_A1,Coenagrion_pulchellum,Immature,0,Gynochrome,0,16,60,2021,NA,NA
6/23/21,14:54:00,Flyinge_30_A1,Coenagrion_pulchellum,Mature,1,,0,0,60,2021,NA,NA
6/23/21,14:54:00,Flyinge_30_A1,Coenagrion_pulchellum,Mature,1,,0,0,60,2021,NA,NA
6/23/21,14:54:00,Flyinge_30_A1,Coenagrion_pulchellum,Mature,1,,0,0,60,2021,NA,NA
6/23/21,14:54:00,Flyinge_30_A1,Coenagrion_pulchellum,Mature,1,,0,0,60,2021,NA,NA
6/23/21,14:54:00,Flyinge_30_A1,Coenagrion_pulchellum,Mature,1,,0,0,60,2021,NA,NA
6/23/21,14:54:00,Flyinge_30_A1,Coenagrion_pulchellum,Mature,0,Androchrome,0,12,60,2021,NA,NA
6/23/21,14:54:00,Flyinge_30_A1,Coenagrion_pulchellum,Mature,0,Gynochrome,0,8,60,2021,NA,NA
6/23/21,14:54:00,Flyinge_30_A1,Coenagrion_pulchellum,Mature,1,,0,1,60,2021,NA,NA
6/23/21,14:54:00,Flyinge_30_A1,Coenagrion_pulchellum,Mature,1,,0,0,60,2021,NA,NA
6/23/21,14:54:00,Flyinge_30_A1,Platycnemis_pennipes,Mature,0,Gynochrome,0,0,60,2021,NA,NA
6/23/21,14:54:00,Flyinge_30_A1,Coenagrion_pulchellum,Mature,1,,0,2,60,2021,NA,NA
6/23/21,14:54:00,Flyinge_30_A1,Coenagrion_pulchellum,Mature,1,,0,1,60,2021,NA,NA
6/23/21,14:54:00,Flyinge_30_A1,Coenagrion_pulchellum,Mature,1,,0,0,60,2021,NA,NA
6/23/21,14:54:00,Flyinge_30_A1,Coenagrion_pulchellum,Mature,1,,0,0,60,2021,NA,NA
6/23/21,14:54:00,Flyinge_30_A1,Enallagma_cyathigerum,Mature,1,,0,0,60,2021,NA,NA
6/23/21,14:54:00,Flyinge_30_A1,Platycnemis_pennipes,Mature,1,,0,0,60,2021,NA,NA
6/23/21,14:54:00,Flyinge_30_A1,Platycnemis_pennipes,Mature,1,,0,0,60,2021,NA,NA
6/23/21,14:54:00,Flyinge_30_A1,Coenagrion_pulchellum,Mature,1,,0,0,60,2021,NA,NA
6/23/21,14:54:00,Flyinge_30_A1,Platycnemis_pennipes,Mature,1,,0,0,60,2021,NA,NA
6/23/21,14:54:00,Flyinge_30_A1,Coenagrion_pulchellum,Mature,1,,0,0,60,2021,NA,NA
6/23/21,14:54:00,Flyinge_30_A1,Platycnemis_pennipes,Mature,1,,0,0,60,2021,NA,NA
6/23/21,14:54:00,Flyinge_30_A1,Platycnemis_pennipes,Mature,1,,0,0,60,2021,NA,NA
6/23/21,14:54:00,Flyinge_30_A1,Coenagrion_pulchellum,Mature,1,,0,0,60,2021,NA,NA
6/23/21,14:54:00,Flyinge_30_A1,Erythromma_najas,Mature,0,Gynochrome,0,5,60,2021,NA,NA
6/23/21,14:54:00,Flyinge_30_A1,Platycnemis_pennipes,Mature,1,,0,5,60,2021,NA,NA
6/23/21,14:54:00,Flyinge_30_A1,Coenagrion_pulchellum,Mature,1,,0,2,60,2021,NA,NA
6/23/21,14:54:00,Flyinge_30_A1,Coenagrion_pulchellum,Mature,0,Gynochrome,0,6,60,2021,NA,NA
6/23/21,14:54:00,Flyinge_30_A1,Platycnemis_pennipes,Mature,1,,0,0,60,2021,NA,NA
6/23/21,14:54:00,Flyinge_30_A1,Coenagrion_pulchellum,Mature,0,Gynochrome,0,7,60,2021,NA,NA
6/23/21,14:54:00,Flyinge_30_A1,Coenagrion_pulchellum,Immature,1,,0,19,60,2021,NA,NA
6/23/21,14:54:00,Flyinge_30_A1,Coenagrion_pulchellum,Mature,1,,0,0,60,2021,NA,NA
6/23/21,14:54:00,Flyinge_30_A1,Platycnemis_pennipes,Mature,1,,0,0,60,2021,NA,NA
6/23/21,14:54:00,Flyinge_30_A1,Coenagrion_pulchellum,Mature,1,,0,NA,60,2021,NA,NA
6/23/21,14:54:00,Flyinge_30_A1,Coenagrion_pulchellum,Mature,0,Gynochrome,0,7,60,2021,NA,NA
6/23/21,14:54:00,Flyinge_30_A1,Coenagrion_pulchellum,Immature,1,,0,3,60,2021,NA,NA
6/23/21,14:54:00,Flyinge_30_A1,Platycnemis_pennipes,Mature,1,,0,0,60,2021,NA,NA
6/23/21,14:54:00,Flyinge_30_A1,Platycnemis_pennipes,Mature,1,,0,0,60,2021,NA,NA
6/23/21,14:54:00,Flyinge_30_A1,Platycnemis_pennipes,Mature,1,,0,0,60,2021,NA,NA
6/23/21,14:54:00,Flyinge_30_A1,Coenagrion_pulchellum,Mature,1,,0,0,60,2021,NA,NA
6/23/21,14:54:00,Flyinge_30_A1,Coenagrion_pulchellum,Mature,1,,0,10,60,2021,NA,NA
6/23/21,14:54:00,Flyinge_30_A1,Platycnemis_pennipes,Mature,1,,0,4,60,2021,NA,NA
6/23/21,14:54:00,Flyinge_30_A1,Coenagrion_pulchellum,Mature,1,,0,0,60,2021,NA,NA
6/23/21,14:54:00,Flyinge_30_A1,Coenagrion_pulchellum,Mature,1,,0,0,60,2021,NA,NA
6/23/21,14:54:00,Flyinge_30_A1,Platycnemis_pennipes,Mature,0,Gynochrome,0,1,60,2021,NA,NA
6/23/21,14:54:00,Flyinge_30_A1,Coenagrion_puella,Mature,1,,0,4,60,2021,NA,NA
6/23/21,14:54:00,Flyinge_30_A1,Coenagrion_pulchellum,Mature,1,,0,0,60,2021,NA,NA
6/23/21,14:54:00,Flyinge_30_A1,Coenagrion_pulchellum,Mature,1,,0,1,60,2021,NA,NA
6/23/21,14:54:00,Flyinge_30_A1,Platycnemis_pennipes,Mature,1,,0,1,60,2021,NA,NA
6/23/21,14:54:00,Flyinge_30_A1,Coenagrion_pulchellum,Mature,1,,0,2,60,2021,NA,NA
6/23/21,14:54:00,Flyinge_30_A1,Coenagrion_pulchellum,Mature,1,,0,2,60,2021,NA,NA
6/23/21,14:54:00,Flyinge_30_A1,Platycnemis_pennipes,Mature,0,Gynochrome,0,0,60,2021,NA,NA
6/23/21,14:54:00,Flyinge_30_A1,Coenagrion_pulchellum,Immature,1,,0,3,60,2021,NA,NA
6/23/21,14:54:00,Flyinge_30_A1,Coenagrion_pulchellum,Mature,1,,0,0,60,2021,NA,NA
6/23/21,14:54:00,Flyinge_30_A1,Coenagrion_pulchellum,Mature,1,,0,7,60,2021,NA,NA
6/23/21,14:54:00,Flyinge_30_A1,Coenagrion_pulchellum,Mature,1,,0,1,60,2021,NA,NA
6/23/21,14:54:00,Flyinge_30_A1,Coenagrion_pulchellum,Mature,1,,0,0,60,2021,NA,NA
6/23/21,14:54:00,Flyinge_30_A1,Coenagrion_puella,Mature,0,Gynochrome,0,1,60,2021,NA,NA
6/23/21,14:54:00,Flyinge_30_A1,Coenagrion_pulchellum,Teneral,0,,0,16,60,2021,NA,NA
6/23/21,14:54:00,Flyinge_30_A3,Coenagrion_pulchellum,Teneral,1,,0,5,60,2021,NA,NA
6/23/21,14:54:00,Flyinge_30_A3,Platycnemis_pennipes,Mature,0,,0,0,60,2021,NA,NA
6/23/21,14:54:00,Flyinge_30_A3,Platycnemis_pennipes,Mature,1,,0,0,60,2021,NA,NA
6/23/21,14:54:00,Flyinge_30_A3,Coenagrion_pulchellum,Mature,1,,0,0,60,2021,NA,NA
6/23/21,14:54:00,Flyinge_30_A3,Coenagrion_pulchellum,Mature,1,,0,1,60,2021,NA,NA
6/23/21,14:54:00,Flyinge_30_A3,Platycnemis_pennipes,Mature,1,,0,0,60,2021,NA,NA
6/23/21,14:54:00,Flyinge_30_A3,Coenagrion_puella,Mature,0,Gynochrome,0,3,60,2021,NA,NA
6/23/21,14:54:00,Flyinge_30_A3,Calopteryx_splendens,Mature,1,,0,0,60,2021,NA,NA
6/23/21,14:54:00,Flyinge_30_A3,Coenagrion_pulchellum,Mature,1,,0,45,60,2021,NA,NA
6/23/21,14:54:00,Flyinge_30_A3,Coenagrion_pulchellum,Mature,1,,0,0,60,2021,NA,NA
6/23/21,14:54:00,Flyinge_30_A3,Coenagrion_pulchellum,Mature,0,Gynochrome,0,0,60,2021,NA,NA
6/23/21,14:54:00,Flyinge_30_A3,Coenagrion_pulchellum,Mature,1,,0,0,60,2021,NA,NA
6/23/21,14:54:00,Flyinge_30_A3,Coenagrion_pulchellum,Mature,0,Gynochrome,0,0,60,2021,NA,NA
6/23/21,14:54:00,Flyinge_30_A3,Coenagrion_pulchellum,Teneral,1,,0,4,60,2021,NA,NA
6/23/21,14:54:00,Flyinge_30_A3,Platycnemis_pennipes,Mature,1,,0,0,60,2021,NA,NA
6/23/21,14:54:00,Flyinge_30_A3,Calopteryx_splendens,Mature,1,,0,0,60,2021,NA,NA
6/23/21,14:54:00,Flyinge_30_A3,Calopteryx_splendens,Mature,0,,0,0,60,2021,NA,NA
6/23/21,14:54:00,Flyinge_30_A3,Coenagrion_pulchellum,Mature,1,,0,0,60,2021,NA,NA
6/23/21,14:54:00,Flyinge_30_A3,Coenagrion_pulchellum,Mature,1,,0,0,60,2021,NA,NA
6/23/21,14:54:00,Flyinge_30_A3,Coenagrion_pulchellum,Mature,1,,0,0,60,2021,NA,NA
6/23/21,14:54:00,Flyinge_30_A3,Coenagrion_pulchellum,Mature,1,,0,0,60,2021,NA,NA
6/23/21,14:54:00,Flyinge_30_A3,Coenagrion_pulchellum,Mature,0,Gynochrome,0,2,60,2021,NA,NA
6/23/21,14:54:00,Flyinge_30_A3,Coenagrion_pulchellum,Immature,0,Gynochrome,0,0,60,2021,NA,NA
6/23/21,14:54:00,Flyinge_30_A3,Coenagrion_pulchellum,Mature,1,,0,0,60,2021,NA,NA
6/23/21,14:54:00,Flyinge_30_A3,Erythromma_najas,Mature,1,,0,14,60,2021,NA,NA
6/23/21,14:54:00,Flyinge_30_A3,Coenagrion_pulchellum,Mature,1,,0,1,60,2021,NA,NA
6/23/21,14:54:00,Flyinge_30_A3,Coenagrion_pulchellum,Mature,1,,0,0,60,2021,NA,NA
6/23/21,14:54:00,Flyinge_30_A3,Coenagrion_pulchellum,Immature,1,,0,12,60,2021,NA,NA
6/23/21,14:54:00,Flyinge_30_A3,Coenagrion_pulchellum,Mature,1,,0,0,60,2021,NA,NA
6/23/21,14:54:00,Flyinge_30_A3,Coenagrion_pulchellum,Mature,1,,0,0,60,2021,NA,NA
6/23/21,14:54:00,Flyinge_30_A3,Coenagrion_pulchellum,Mature,0,Gynochrome,0,6,60,2021,NA,NA
6/23/21,14:54:00,Flyinge_30_A3,Erythromma_viridulum,Teneral,0,,0,0,60,2021,NA,NA
6/23/21,14:54:00,Flyinge_30_A3,Coenagrion_pulchellum,Mature,1,,0,6,60,2021,NA,NA
6/23/21,14:54:00,Flyinge_30_A3,Coenagrion_pulchellum,Mature,1,,0,0,60,2021,NA,NA
6/23/21,14:54:00,Flyinge_30_A3,Coenagrion_pulchellum,Mature,1,,0,0,60,2021,NA,NA
6/23/21,14:54:00,Flyinge_30_A3,Platycnemis_pennipes,Mature,1,,0,0,60,2021,NA,NA
6/23/21,14:54:00,Flyinge_30_A3,Coenagrion_pulchellum,Mature,0,Gynochrome,0,11,60,2021,NA,NA
6/23/21,14:54:00,Flyinge_30_A3,Coenagrion_pulchellum,Mature,1,,0,0,60,2021,NA,NA
6/23/21,14:54:00,Flyinge_30_A3,Coenagrion_pulchellum,Mature,1,,0,32,60,2021,NA,NA
6/23/21,14:54:00,Flyinge_30_A3,Coenagrion_pulchellum,Mature,1,,0,0,60,2021,NA,NA
6/23/21,14:54:00,Flyinge_30_A3,Coenagrion_pulchellum,Mature,1,,0,0,60,2021,NA,NA
6/23/21,14:54:00,Flyinge_30_A3,Platycnemis_pennipes,Mature,1,,0,1,60,2021,NA,NA
6/23/21,14:54:00,Flyinge_30_A3,Coenagrion_pulchellum,Mature,1,,0,4,60,2021,NA,NA
6/23/21,14:54:00,Flyinge_30_A3,Coenagrion_pulchellum,Mature,0,Gynochrome,0,14,60,2021,NA,NA
6/23/21,14:54:00,Flyinge_30_A3,Coenagrion_pulchellum,Mature,1,,0,0,60,2021,NA,NA
6/23/21,14:54:00,Flyinge_30_A3,Coenagrion_pulchellum,Immature,1,,0,23,60,2021,NA,NA
6/23/21,14:54:00,Flyinge_30_A3,Coenagrion_pulchellum,Mature,0,Androchrome,0,20,60,2021,NA,NA
6/23/21,14:54:00,Flyinge_30_A3,Coenagrion_pulchellum,Immature,1,,0,0,60,2021,NA,NA
6/23/21,14:54:00,Flyinge_30_A3,Calopteryx_splendens,Mature,1,,0,NA,60,2021,NA,NA
6/23/21,14:54:00,Flyinge_30_A3,Calopteryx_splendens,Mature,1,,0,NA,60,2021,NA,NA
6/23/21,14:54:00,Flyinge_30_A3,Calopteryx_splendens,Mature,1,,0,NA,60,2021,NA,NA
6/23/21,14:54:00,Flyinge_30_A3,Calopteryx_splendens,Mature,1,,0,NA,60,2021,NA,NA
6/23/21,14:54:00,Flyinge_30_A3,Calopteryx_splendens,Mature,1,,0,NA,60,2021,NA,NA
6/23/21,14:54:00,Flyinge_30_A3,Calopteryx_splendens,Mature,1,,0,NA,60,2021,NA,NA
6/23/21,14:54:00,Flyinge_30_A3,Calopteryx_splendens,Mature,1,,0,NA,60,2021,NA,NA
6/23/21,14:54:00,Flyinge_30_A3,Calopteryx_splendens,Mature,1,,0,NA,60,2021,NA,NA
6/23/21,14:54:00,Flyinge_30_A3,Calopteryx_splendens,Mature,1,,0,NA,60,2021,NA,NA
6/23/21,14:54:00,Flyinge_30_A3,Calopteryx_splendens,Mature,1,,0,NA,60,2021,NA,NA
6/23/21,14:54:00,Flyinge_30_A3,Calopteryx_splendens,Mature,1,,0,NA,60,2021,NA,NA
6/23/21,14:54:00,Flyinge_30_A3,Calopteryx_splendens,Mature,1,,0,NA,60,2021,NA,NA
6/23/21,14:54:00,Flyinge_30_A3,Calopteryx_splendens,Mature,1,,0,NA,60,2021,NA,NA
6/23/21,14:54:00,Flyinge_30_A3,Calopteryx_splendens,Mature,1,,0,NA,60,2021,NA,NA
6/23/21,14:54:00,Flyinge_30_A3,Calopteryx_splendens,Mature,1,,0,NA,60,2021,NA,NA
6/23/21,14:54:00,Flyinge_30_A3,Calopteryx_splendens,Mature,1,,0,NA,60,2021,NA,NA
6/23/21,14:54:00,Flyinge_30_A3,Calopteryx_splendens,Mature,1,,0,NA,60,2021,NA,NA
6/23/21,14:54:00,Flyinge_30_A3,Calopteryx_splendens,Mature,1,,0,NA,60,2021,NA,NA
6/23/21,14:54:00,Flyinge_30_A3,Calopteryx_splendens,Mature,1,,0,NA,60,2021,NA,NA
6/23/21,14:54:00,Flyinge_30_A3,Calopteryx_splendens,Mature,1,,0,NA,60,2021,NA,NA
6/23/21,14:54:00,Flyinge_30_A3,Calopteryx_splendens,Mature,0,,0,NA,60,2021,NA,NA
6/23/21,14:54:00,Flyinge_30_A3,Calopteryx_splendens,Mature,0,,0,NA,60,2021,NA,NA
6/23/21,14:54:00,Flyinge_30_A3,Calopteryx_splendens,Mature,0,,0,NA,60,2021,NA,NA
6/23/21,14:54:00,Flyinge_30_A3,Calopteryx_splendens,Mature,0,,0,NA,60,2021,NA,NA
6/23/21,14:54:00,Flyinge_30_A3,Calopteryx_splendens,Mature,0,,0,NA,60,2021,NA,NA
6/24/21,9:42:00,Lunnarp,Anax_imperator,Mature,1,,0,NA,40,2021,NA,NA
6/24/21,9:42:00,Lunnarp,Orthetrum_cancellatum,Mature,0,,0,NA,40,2021,NA,NA
6/24/21,9:42:00,Lunnarp,Orthetrum_cancellatum,Mature,1,,0,NA,40,2021,NA,NA
6/24/21,9:42:00,Lunnarp,Orthetrum_cancellatum,Mature,1,,0,NA,40,2021,NA,NA
6/24/21,9:42:00,Lunnarp,Orthetrum_cancellatum,Mature,1,,0,NA,40,2021,NA,NA
6/24/21,9:42:00,Lunnarp,Orthetrum_cancellatum,Mature,1,,0,NA,40,2021,NA,NA
6/24/21,9:42:00,Lunnarp,Orthetrum_cancellatum,Mature,1,,0,NA,40,2021,NA,NA
6/24/21,9:42:00,Lunnarp,Orthetrum_cancellatum,Teneral,,,0,NA,40,2021,NA,NA
6/24/21,9:42:00,Lunnarp,Libellula_depressa,Mature,1,,0,NA,40,2021,NA,NA
6/24/21,9:42:00,Lunnarp,Sympetrum_vulgatum,Teneral,1,,0,0,40,2021,NA,NA
6/24/21,9:42:00,Lunnarp,Sympetrum_vulgatum,Immature,0,,0,0,40,2021,NA,NA
6/24/21,9:42:00,Lunnarp,Sympetrum_vulgatum,Teneral,0,,0,0,40,2021,NA,NA
6/24/21,9:42:00,Lunnarp,Enallagma_cyathigerum,Mature,1,,1,3,40,2021,NA,NA
6/24/21,9:42:00,Lunnarp,Enallagma_cyathigerum,Mature,0,Gynochrome,1,0,40,2021,NA,NA
6/24/21,9:42:00,Lunnarp,Coenagrion_puella,Mature,1,,1,1,40,2021,NA,NA
6/24/21,9:42:00,Lunnarp,Coenagrion_puella,Mature,0,Gynochrome,1,2,40,2021,NA,NA
6/24/21,9:42:00,Lunnarp,Coenagrion_puella,Mature,1,,0,0,40,2021,NA,NA
6/24/21,9:42:00,Lunnarp,Coenagrion_puella,Mature,1,,0,0,40,2021,NA,NA
6/24/21,9:42:00,Lunnarp,Coenagrion_puella,Mature,1,,0,0,40,2021,NA,NA
6/24/21,9:42:00,Lunnarp,Coenagrion_puella,Mature,1,,0,0,40,2021,NA,NA
6/24/21,9:42:00,Lunnarp,Coenagrion_puella,Mature,1,,0,0,40,2021,NA,NA
6/24/21,9:42:00,Lunnarp,Coenagrion_puella,Mature,1,,0,0,40,2021,NA,NA
6/24/21,9:42:00,Lunnarp,Enallagma_cyathigerum,Mature,1,,0,0,40,2021,NA,NA
6/24/21,9:42:00,Lunnarp,Coenagrion_puella,Mature,1,,0,0,40,2021,NA,NA
6/24/21,9:42:00,Lunnarp,Coenagrion_puella,Mature,1,,0,0,40,2021,NA,NA
6/24/21,9:42:00,Lunnarp,Coenagrion_puella,Mature,1,,0,0,40,2021,NA,NA
6/24/21,9:42:00,Lunnarp,Coenagrion_puella,Mature,1,,0,0,40,2021,NA,NA
6/24/21,9:42:00,Lunnarp,Coenagrion_pulchellum,Mature,1,,0,1,40,2021,NA,NA
6/24/21,9:42:00,Lunnarp,Coenagrion_pulchellum,Mature,1,,0,0,40,2021,NA,NA
6/24/21,9:42:00,Lunnarp,Coenagrion_pulchellum,Mature,1,,0,0,40,2021,NA,NA
6/24/21,9:42:00,Lunnarp,Enallagma_cyathigerum,Teneral,0,,0,0,40,2021,NA,NA
6/28/21,9:36:00,Hoje_A_7,Coenagrion_pulchellum,Immature,1,,0,0,60,2021,NA,NA
6/28/21,9:36:00,Hoje_A_7,Libellula_quadrimaculata,Mature,1,,0,NA,60,2021,NA,NA
6/28/21,9:36:00,Hoje_A_7,Anax_imperator,Mature,1,,0,NA,60,2021,NA,NA
6/28/21,9:36:00,Hoje_A_7,Enallagma_cyathigerum,Mature,1,,0,0,60,2021,NA,NA
6/28/21,9:36:00,Hoje_A_7,Enallagma_cyathigerum,Mature,1,,0,0,60,2021,NA,NA
6/28/21,9:36:00,Hoje_A_7,Enallagma_cyathigerum,Mature,1,,0,0,60,2021,NA,NA
6/28/21,9:36:00,Hoje_A_7,Enallagma_cyathigerum,Mature,1,,0,0,60,2021,NA,NA
6/28/21,9:36:00,Hoje_A_7,Lestes_sponsa,Immature,1,,0,0,60,2021,NA,NA
6/28/21,9:36:00,Hoje_A_7,Coenagrion_pulchellum,Mature,1,,0,0,60,2021,NA,NA
6/28/21,9:36:00,Hoje_A_7,Enallagma_cyathigerum,Mature,1,,0,0,60,2021,NA,NA
6/28/21,9:36:00,Hoje_A_7,Coenagrion_pulchellum,Mature,1,,0,0,60,2021,NA,NA
6/28/21,9:36:00,Hoje_A_7,Coenagrion_pulchellum,Mature,1,,0,0,60,2021,NA,NA
6/28/21,9:36:00,Hoje_A_7,Enallagma_cyathigerum,Mature,1,,0,0,60,2021,NA,NA
6/28/21,9:36:00,Hoje_A_7,Coenagrion_pulchellum,Mature,1,,0,0,60,2021,NA,NA
6/28/21,9:36:00,Hoje_A_7,Coenagrion_pulchellum,Mature,1,,0,0,60,2021,NA,NA
6/28/21,9:36:00,Hoje_A_7,Coenagrion_pulchellum,Mature,1,,0,0,60,2021,NA,NA
6/28/21,11:39:00,Genarp,Calopteryx_splendens,Mature,1,,0,NA,45,2021,NA,NA
6/28/21,11:39:00,Genarp,Calopteryx_splendens,Mature,1,,0,NA,45,2021,NA,NA
6/28/21,11:39:00,Genarp,Orthetrum_cancellatum,Mature,1,,0,NA,45,2021,NA,NA
6/28/21,11:39:00,Genarp,Somatochlora_flavomaculata,Mature,1,,0,0,45,2021,NA,NA
6/28/21,11:39:00,Genarp,Coenagrion_pulchellum,Mature,0,Gynochrome,1,0,45,2021,NA,NA
6/28/21,11:39:00,Genarp,Coenagrion_pulchellum,Mature,1,,1,0,45,2021,NA,NA
6/28/21,11:39:00,Genarp,Coenagrion_pulchellum,Mature,1,,1,0,45,2021,NA,NA
6/28/21,11:39:00,Genarp,Coenagrion_pulchellum,Mature,0,Androchrome,1,0,45,2021,NA,NA
6/28/21,11:39:00,Genarp,Coenagrion_pulchellum,Mature,0,Gynochrome,1,9,45,2021,NA,NA
6/28/21,11:39:00,Genarp,Coenagrion_pulchellum,Mature,1,,1,0,45,2021,NA,NA
6/28/21,11:39:00,Genarp,Calopteryx_splendens,Mature,1,,0,0,45,2021,NA,NA
6/28/21,11:39:00,Genarp,Coenagrion_pulchellum,Mature,1,,0,0,45,2021,NA,NA
6/28/21,11:39:00,Genarp,Coenagrion_puella,Mature,1,,0,0,45,2021,NA,NA
6/28/21,11:39:00,Genarp,Enallagma_cyathigerum,Mature,1,,0,0,45,2021,NA,NA
6/28/21,11:39:00,Genarp,Coenagrion_pulchellum,Mature,1,,0,26,45,2021,NA,NA
6/28/21,11:39:00,Genarp,Coenagrion_pulchellum,Mature,1,,0,0,45,2021,NA,NA
6/28/21,11:39:00,Genarp,Coenagrion_pulchellum,Mature,1,,0,1,45,2021,NA,NA
6/28/21,11:39:00,Genarp,Coenagrion_pulchellum,Mature,1,,0,16,45,2021,NA,NA
6/28/21,11:39:00,Genarp,Coenagrion_pulchellum,Mature,1,,0,0,45,2021,NA,NA
6/28/21,11:39:00,Genarp,Coenagrion_pulchellum,Mature,1,,0,0,45,2021,NA,NA
6/28/21,11:39:00,Genarp,Coenagrion_pulchellum,Mature,1,,0,1,45,2021,NA,NA
6/28/21,11:39:00,Genarp,Coenagrion_pulchellum,Mature,1,,0,0,45,2021,NA,NA
6/28/21,11:39:00,Genarp,Coenagrion_pulchellum,Mature,1,,0,0,45,2021,NA,NA
6/28/21,11:39:00,Genarp,Coenagrion_pulchellum,Mature,1,,0,0,45,2021,NA,NA
6/28/21,11:39:00,Genarp,Coenagrion_pulchellum,Mature,1,,0,0,45,2021,NA,NA
6/28/21,11:39:00,Genarp,Coenagrion_puella,Mature,1,,0,0,45,2021,NA,NA
6/28/21,11:39:00,Genarp,Coenagrion_pulchellum,Mature,1,,0,NA,45,2021,NA,NA
6/28/21,11:39:00,Genarp,Coenagrion_pulchellum,Mature,0,Gynochrome,0,0,45,2021,NA,NA
6/28/21,11:39:00,Genarp,Coenagrion_pulchellum,Mature,1,,0,10,45,2021,NA,NA
6/28/21,11:39:00,Genarp,Coenagrion_pulchellum,Mature,1,,0,0,45,2021,NA,NA
6/28/21,11:39:00,Genarp,Coenagrion_pulchellum,Mature,1,,0,0,45,2021,NA,NA
6/28/21,11:39:00,Genarp,Coenagrion_pulchellum,Mature,1,,0,0,45,2021,NA,NA
6/28/21,11:39:00,Genarp,Coenagrion_pulchellum,Mature,1,,0,0,45,2021,NA,NA
6/28/21,11:39:00,Genarp,Coenagrion_pulchellum,Mature,1,,0,0,45,2021,NA,NA
6/28/21,11:39:00,Genarp,Coenagrion_puella,Mature,1,,0,0,45,2021,NA,NA
6/28/21,11:39:00,Genarp,Coenagrion_pulchellum,Mature,1,,0,0,45,2021,NA,NA
6/28/21,11:39:00,Genarp,Coenagrion_pulchellum,Mature,1,,0,0,45,2021,NA,NA
6/28/21,11:39:00,Genarp,Coenagrion_pulchellum,Mature,1,,0,0,45,2021,NA,NA
6/28/21,11:39:00,Genarp,Coenagrion_pulchellum,Mature,1,,0,0,45,2021,NA,NA
6/28/21,11:39:00,Genarp,Coenagrion_pulchellum,Mature,1,,0,0,45,2021,NA,NA
6/28/21,11:39:00,Genarp,Coenagrion_pulchellum,Mature,1,,0,NA,45,2021,NA,NA
6/28/21,11:39:00,Genarp,Coenagrion_pulchellum,Mature,1,,0,0,45,2021,NA,NA
6/28/21,11:39:00,Genarp,Coenagrion_pulchellum,Mature,1,,0,0,45,2021,NA,NA
6/28/21,11:39:00,Genarp,Coenagrion_pulchellum,Mature,1,,0,0,45,2021,NA,NA
6/28/21,11:39:00,Genarp,Coenagrion_pulchellum,Mature,1,,0,12,45,2021,NA,NA
6/28/21,11:39:00,Genarp,Coenagrion_pulchellum,Mature,1,,0,0,45,2021,NA,NA
6/28/21,11:39:00,Genarp,Coenagrion_pulchellum,Mature,1,,0,0,45,2021,NA,NA
6/28/21,11:39:00,Gunnesbo,Enallagma_cyathigerum,Mature,0,Gynochrome,1,13,40,2021,NA,NA
6/28/21,11:39:00,Gunnesbo,Enallagma_cyathigerum,Mature,1,,1,0,40,2021,NA,NA
6/28/21,11:39:00,Gunnesbo,Enallagma_cyathigerum,Mature,1,,1,0,40,2021,NA,NA
6/28/21,11:39:00,Gunnesbo,Enallagma_cyathigerum,Mature,0,Gynochrome,1,1,40,2021,NA,NA
6/28/21,11:39:00,Gunnesbo,Enallagma_cyathigerum,Mature,0,Androchrome,1,22,40,2021,NA,NA
6/28/21,11:39:00,Gunnesbo,Enallagma_cyathigerum,Mature,1,,1,0,40,2021,NA,NA
6/28/21,11:39:00,Gunnesbo,Enallagma_cyathigerum,Mature,0,Gynochrome,1,0,40,2021,NA,NA
6/28/21,11:39:00,Gunnesbo,Enallagma_cyathigerum,Mature,1,,1,0,40,2021,NA,NA
6/28/21,11:39:00,Gunnesbo,Enallagma_cyathigerum,Mature,1,,1,2,40,2021,NA,NA
6/28/21,11:39:00,Gunnesbo,Enallagma_cyathigerum,Mature,0,Gynochrome,1,0,40,2021,NA,NA
6/28/21,11:39:00,Gunnesbo,Enallagma_cyathigerum,Mature,1,,0,0,40,2021,NA,NA
6/28/21,11:39:00,Gunnesbo,Enallagma_cyathigerum,Mature,1,,0,0,40,2021,NA,NA
6/28/21,11:39:00,Gunnesbo,Enallagma_cyathigerum,Mature,1,,0,5,40,2021,NA,NA
6/28/21,11:39:00,Gunnesbo,Enallagma_cyathigerum,Mature,1,,0,0,40,2021,NA,NA
6/28/21,11:39:00,Gunnesbo,Enallagma_cyathigerum,Mature,1,,0,0,40,2021,NA,NA
6/28/21,11:39:00,Gunnesbo,Enallagma_cyathigerum,Immature,1,,0,3,40,2021,NA,NA
6/28/21,11:39:00,Gunnesbo,Enallagma_cyathigerum,Mature,1,,0,20,40,2021,NA,NA
6/28/21,11:39:00,Gunnesbo,Enallagma_cyathigerum,Mature,1,,0,10,40,2021,NA,NA
6/28/21,11:39:00,Gunnesbo,Orthetrum_cancellatum,Mature,1,,1,NA,40,2021,NA,NA
6/28/21,11:39:00,Gunnesbo,Orthetrum_cancellatum,Mature,1,,1,NA,40,2021,NA,NA
6/28/21,11:39:00,Gunnesbo,Orthetrum_cancellatum,Mature,1,,1,NA,40,2021,NA,NA
6/28/21,11:39:00,Gunnesbo,Orthetrum_cancellatum,Mature,0,Gynochrome,1,NA,40,2021,NA,NA
6/28/21,11:39:00,Gunnesbo,Orthetrum_cancellatum,Mature,0,Gynochrome,1,NA,40,2021,NA,NA
6/28/21,11:39:00,Gunnesbo,Orthetrum_cancellatum,Mature,0,Gynochrome,1,NA,40,2021,NA,NA
6/28/21,11:39:00,Gunnesbo,Orthetrum_cancellatum,Mature,0,Gynochrome,0,NA,40,2021,NA,NA
6/28/21,11:39:00,Gunnesbo,Orthetrum_cancellatum,Mature,0,Gynochrome,0,NA,40,2021,NA,NA
6/28/21,11:39:00,Gunnesbo,Orthetrum_cancellatum,Mature,1,,0,NA,40,2021,NA,NA
6/28/21,11:39:00,Gunnesbo,Orthetrum_cancellatum,Mature,1,,0,NA,40,2021,NA,NA
6/28/21,11:39:00,Gunnesbo,Orthetrum_cancellatum,Mature,1,,0,NA,40,2021,NA,NA
6/28/21,11:39:00,Gunnesbo,Orthetrum_cancellatum,Mature,1,,0,NA,40,2021,NA,NA
6/28/21,11:39:00,Gunnesbo,Orthetrum_cancellatum,Mature,1,,0,NA,40,2021,NA,NA
6/28/21,11:39:00,Gunnesbo,Orthetrum_cancellatum,Mature,1,,0,NA,40,2021,NA,NA
6/28/21,11:39:00,Gunnesbo,Orthetrum_cancellatum,Mature,1,,0,NA,40,2021,NA,NA
6/28/21,11:39:00,Gunnesbo,Orthetrum_cancellatum,Mature,1,,0,NA,40,2021,NA,NA
6/28/21,11:39:00,Gunnesbo,Orthetrum_cancellatum,Mature,1,,0,NA,40,2021,NA,NA
6/28/21,11:39:00,Gunnesbo,Orthetrum_cancellatum,Mature,1,,0,NA,40,2021,NA,NA
6/28/21,11:39:00,Gunnesbo,Orthetrum_cancellatum,Mature,1,,0,NA,40,2021,NA,NA
6/28/21,11:39:00,Gunnesbo,Orthetrum_cancellatum,Mature,1,,0,NA,40,2021,NA,NA
6/28/21,11:39:00,Gunnesbo,Orthetrum_cancellatum,Mature,1,,0,NA,40,2021,NA,NA
6/28/21,11:39:00,Gunnesbo,Orthetrum_cancellatum,Mature,1,,0,NA,40,2021,NA,NA
6/28/21,11:39:00,Gunnesbo,Orthetrum_cancellatum,Mature,1,,0,NA,40,2021,NA,NA
6/28/21,11:39:00,Gunnesbo,Orthetrum_cancellatum,Mature,1,,0,NA,40,2021,NA,NA
6/28/21,11:39:00,Gunnesbo,Orthetrum_cancellatum,Mature,1,,0,NA,40,2021,NA,NA
6/28/21,11:39:00,Gunnesbo,Orthetrum_cancellatum,Mature,1,,0,NA,40,2021,NA,NA
6/28/21,11:39:00,Gunnesbo,Orthetrum_cancellatum,Mature,1,,0,NA,40,2021,NA,NA
6/28/21,11:39:00,Gunnesbo,Orthetrum_cancellatum,Mature,1,,0,NA,40,2021,NA,NA
6/28/21,11:39:00,Gunnesbo,Orthetrum_cancellatum,Mature,1,,0,NA,40,2021,NA,NA
6/28/21,11:39:00,Gunnesbo,Orthetrum_cancellatum,Mature,1,,0,NA,40,2021,NA,NA
6/28/21,11:39:00,Gunnesbo,Orthetrum_cancellatum,Mature,1,,0,NA,40,2021,NA,NA
6/28/21,11:39:00,Gunnesbo,Orthetrum_cancellatum,Mature,1,,0,NA,40,2021,NA,NA
6/28/21,11:39:00,Gunnesbo,Orthetrum_cancellatum,Mature,1,,0,NA,40,2021,NA,NA
6/28/21,11:39:00,Gunnesbo,Orthetrum_cancellatum,Mature,1,,0,NA,40,2021,NA,NA
6/28/21,11:39:00,Gunnesbo,Orthetrum_cancellatum,Mature,1,,0,NA,40,2021,NA,NA
6/28/21,11:39:00,Gunnesbo,Libellula_quadrimaculata,Mature,1,,0,NA,40,2021,NA,NA
6/28/21,11:39:00,Gunnesbo,Libellula_depressa,Mature,1,,0,NA,40,2021,NA,NA
6/28/21,11:39:00,Gunnesbo,Anax_imperator,Mature,1,,0,NA,40,2021,NA,NA
6/28/21,11:39:00,Gunnesbo,Anax_imperator,Mature,1,,0,NA,40,2021,NA,NA
6/28/21,11:39:00,Gunnesbo,Aeshna_grandis,Mature,1,,0,NA,40,2021,NA,NA
6/28/21,11:39:00,Gunnesbo,Enallagma_cyathigerum,Mature,1,,0,NA,40,2021,NA,NA
6/28/21,11:39:00,Gunnesbo,Enallagma_cyathigerum,Mature,1,,0,NA,40,2021,NA,NA
6/28/21,11:39:00,Gunnesbo,Enallagma_cyathigerum,Mature,1,,0,NA,40,2021,NA,NA
6/28/21,11:39:00,Gunnesbo,Enallagma_cyathigerum,Mature,1,,0,NA,40,2021,NA,NA
6/28/21,11:39:00,Gunnesbo,Enallagma_cyathigerum,Mature,1,,0,NA,40,2021,NA,NA
6/28/21,11:39:00,Gunnesbo,Enallagma_cyathigerum,Mature,1,,0,NA,40,2021,NA,NA
6/28/21,11:39:00,Gunnesbo,Enallagma_cyathigerum,Mature,1,,0,NA,40,2021,NA,NA
6/28/21,11:39:00,Gunnesbo,Enallagma_cyathigerum,Mature,1,,0,NA,40,2021,NA,NA
6/28/21,11:39:00,Gunnesbo,Enallagma_cyathigerum,Mature,1,,0,NA,40,2021,NA,NA
6/28/21,11:39:00,Gunnesbo,Enallagma_cyathigerum,Mature,1,,0,NA,40,2021,NA,NA
6/28/21,11:39:00,Gunnesbo,Enallagma_cyathigerum,Mature,1,,0,NA,40,2021,NA,NA
6/28/21,11:39:00,Gunnesbo,Enallagma_cyathigerum,Mature,1,,0,NA,40,2021,NA,NA
6/28/21,11:39:00,Gunnesbo,Enallagma_cyathigerum,Mature,1,,0,NA,40,2021,NA,NA
6/28/21,11:39:00,Gunnesbo,Enallagma_cyathigerum,Mature,1,,0,NA,40,2021,NA,NA
6/28/21,11:39:00,Gunnesbo,Enallagma_cyathigerum,Mature,1,,0,NA,40,2021,NA,NA
6/28/21,11:39:00,Gunnesbo,Enallagma_cyathigerum,Mature,1,,0,NA,40,2021,NA,NA
6/28/21,11:39:00,Gunnesbo,Enallagma_cyathigerum,Mature,1,,0,NA,40,2021,NA,NA
6/28/21,11:39:00,Gunnesbo,Enallagma_cyathigerum,Mature,1,,0,NA,40,2021,NA,NA
6/28/21,11:39:00,Gunnesbo,Enallagma_cyathigerum,Mature,1,,0,NA,40,2021,NA,NA
6/28/21,11:39:00,Gunnesbo,Enallagma_cyathigerum,Mature,1,,0,NA,40,2021,NA,NA
6/28/21,11:39:00,Gunnesbo,Erythromma_najas,Mature,1,,0,NA,40,2021,NA,NA
6/28/21,11:39:00,Gunnesbo,Erythromma_najas,Mature,1,,0,NA,40,2021,NA,NA
6/28/21,11:39:00,Gunnesbo,Erythromma_najas,Mature,1,,0,NA,40,2021,NA,NA
6/28/21,11:39:00,Gunnesbo,Erythromma_najas,Mature,1,,0,NA,40,2021,NA,NA
6/28/21,11:39:00,Gunnesbo,Erythromma_najas,Mature,1,,0,NA,40,2021,NA,NA
6/28/21,11:39:00,Gunnesbo,Erythromma_najas,Mature,1,,0,NA,40,2021,NA,NA
6/28/21,11:39:00,Gunnesbo,Erythromma_najas,Mature,1,,0,NA,40,2021,NA,NA
6/28/21,11:39:00,Gunnesbo,Erythromma_najas,Mature,1,,0,NA,40,2021,NA,NA
6/29/21,9:50:00,Krutladan,Anax_imperator,Mature,1,,0,NA,45,2021,NA,NA
6/29/21,9:50:00,Krutladan,Anax_imperator,Mature,0,,0,NA,45,2021,NA,NA
6/29/21,9:50:00,Krutladan,Orthetrum_cancellatum,Mature,1,,0,NA,45,2021,NA,NA
6/29/21,9:50:00,Krutladan,Orthetrum_cancellatum,Mature,1,,0,NA,45,2021,NA,NA
6/29/21,9:50:00,Krutladan,Orthetrum_cancellatum,Mature,1,,0,NA,45,2021,NA,NA
6/29/21,9:50:00,Krutladan,Orthetrum_cancellatum,Mature,1,,0,NA,45,2021,NA,NA
6/29/21,9:50:00,Krutladan,Orthetrum_cancellatum,Mature,1,,0,NA,45,2021,NA,NA
6/29/21,9:50:00,Krutladan,Orthetrum_cancellatum,Mature,1,,0,NA,45,2021,NA,NA
6/29/21,9:50:00,Krutladan,Orthetrum_cancellatum,Mature,1,,0,NA,45,2021,NA,NA
6/29/21,9:50:00,Krutladan,Orthetrum_cancellatum,Mature,1,,0,NA,45,2021,NA,NA
6/29/21,9:50:00,Krutladan,Orthetrum_cancellatum,Mature,1,,0,NA,45,2021,NA,NA
6/29/21,9:50:00,Krutladan,Orthetrum_cancellatum,Mature,1,,0,NA,45,2021,NA,NA
6/29/21,9:50:00,Krutladan,Orthetrum_cancellatum,Mature,1,,0,NA,45,2021,NA,NA
6/29/21,9:50:00,Krutladan,Orthetrum_cancellatum,Mature,1,,0,NA,45,2021,NA,NA
6/29/21,9:50:00,Krutladan,Orthetrum_cancellatum,Mature,1,,0,NA,45,2021,NA,NA
6/29/21,9:50:00,Krutladan,Orthetrum_cancellatum,Mature,1,,0,NA,45,2021,NA,NA
6/29/21,9:50:00,Krutladan,Orthetrum_cancellatum,Mature,1,,0,NA,45,2021,NA,NA
6/29/21,9:50:00,Krutladan,Orthetrum_cancellatum,Mature,1,,1,NA,45,2021,NA,NA
6/29/21,9:50:00,Krutladan,Orthetrum_cancellatum,Mature,0,,1,NA,45,2021,NA,NA
6/29/21,9:50:00,Krutladan,Sympetrum_spp,Teneral,,,0,NA,45,2021,NA,NA
6/29/21,9:50:00,Krutladan,Enallagma_cyathigerum,Mature,0,Gynochrome,1,0,45,2021,NA,NA
6/29/21,9:50:00,Krutladan,Enallagma_cyathigerum,Mature,0,Gynochrome,1,0,45,2021,NA,NA
6/29/21,9:50:00,Krutladan,Enallagma_cyathigerum,Mature,1,,1,0,45,2021,NA,NA
6/29/21,9:50:00,Krutladan,Enallagma_cyathigerum,Immature,1,,1,0,45,2021,NA,NA
6/29/21,9:50:00,Krutladan,Enallagma_cyathigerum,Mature,0,Gynochrome,1,0,45,2021,NA,NA
6/29/21,9:50:00,Krutladan,Enallagma_cyathigerum,Mature,1,,1,0,45,2021,NA,NA
6/29/21,9:50:00,Krutladan,Enallagma_cyathigerum,Mature,1,,0,0,45,2021,NA,NA
6/29/21,9:50:00,Krutladan,Enallagma_cyathigerum,Mature,1,,0,0,45,2021,NA,NA
6/29/21,9:50:00,Krutladan,Enallagma_cyathigerum,Mature,1,,0,0,45,2021,NA,NA
6/29/21,9:50:00,Krutladan,Enallagma_cyathigerum,Mature,1,,0,0,45,2021,NA,NA
6/29/21,9:50:00,Krutladan,Enallagma_cyathigerum,Mature,1,,0,0,45,2021,NA,NA
6/29/21,9:50:00,Krutladan,Enallagma_cyathigerum,Mature,1,,0,0,45,2021,NA,NA
6/29/21,9:50:00,Krutladan,Enallagma_cyathigerum,Mature,1,,0,0,45,2021,NA,NA
6/29/21,9:50:00,Krutladan,Enallagma_cyathigerum,Mature,1,,0,0,45,2021,NA,NA
6/29/21,9:50:00,Krutladan,Enallagma_cyathigerum,Mature,1,,0,NA,45,2021,NA,NA
6/29/21,9:50:00,Krutladan,Enallagma_cyathigerum,Mature,1,,0,0,45,2021,NA,NA
6/29/21,9:50:00,Krutladan,Enallagma_cyathigerum,Mature,1,,0,0,45,2021,NA,NA
6/29/21,9:50:00,Krutladan,Enallagma_cyathigerum,Mature,1,,0,0,45,2021,NA,NA
6/29/21,9:50:00,Krutladan,Enallagma_cyathigerum,Mature,1,,0,0,45,2021,NA,NA
6/29/21,9:50:00,Krutladan,Enallagma_cyathigerum,Mature,1,,0,0,45,2021,NA,NA
6/29/21,9:50:00,Krutladan,Enallagma_cyathigerum,Mature,1,,0,0,45,2021,NA,NA
6/29/21,9:50:00,Krutladan,Enallagma_cyathigerum,Mature,1,,0,0,45,2021,NA,NA
6/29/21,9:50:00,Krutladan,Enallagma_cyathigerum,Mature,1,,0,0,45,2021,NA,NA
6/29/21,9:50:00,Krutladan,Enallagma_cyathigerum,Mature,1,,0,0,45,2021,NA,NA
6/29/21,9:50:00,Krutladan,Enallagma_cyathigerum,Immature,1,,0,0,45,2021,NA,NA
6/29/21,9:50:00,Krutladan,Enallagma_cyathigerum,Mature,1,,0,0,45,2021,NA,NA
6/29/21,9:50:00,Krutladan,Enallagma_cyathigerum,Mature,1,,0,0,45,2021,NA,NA
6/29/21,9:50:00,Krutladan,Enallagma_cyathigerum,Mature,1,,0,0,45,2021,NA,NA
6/29/21,9:50:00,Krutladan,Enallagma_cyathigerum,Mature,1,,0,0,45,2021,NA,NA
6/29/21,9:50:00,Krutladan,Enallagma_cyathigerum,Mature,1,,0,0,45,2021,NA,NA
6/29/21,9:50:00,Krutladan,Enallagma_cyathigerum,Immature,1,,0,0,45,2021,NA,NA
6/29/21,9:50:00,Krutladan,Enallagma_cyathigerum,Mature,1,,0,0,45,2021,NA,NA
6/29/21,9:50:00,Krutladan,Enallagma_cyathigerum,Mature,1,,0,0,45,2021,NA,NA
6/29/21,9:50:00,Krutladan,Enallagma_cyathigerum,Mature,1,,0,0,45,2021,NA,NA
6/29/21,9:50:00,Krutladan,Enallagma_cyathigerum,Mature,1,,0,0,45,2021,NA,NA
6/29/21,9:50:00,Krutladan,Enallagma_cyathigerum,Mature,1,,0,0,45,2021,NA,NA
6/29/21,9:50:00,Krutladan,Enallagma_cyathigerum,Immature,0,Gynochrome,0,0,45,2021,NA,NA
6/29/21,9:50:00,Krutladan,Enallagma_cyathigerum,Mature,1,,0,0,45,2021,NA,NA
6/29/21,9:50:00,Krutladan,Enallagma_cyathigerum,Mature,0,Gynochrome,0,0,45,2021,NA,NA
6/29/21,9:50:00,Krutladan,Enallagma_cyathigerum,Mature,1,,0,6,45,2021,NA,NA
6/29/21,9:50:00,Krutladan,Enallagma_cyathigerum,Mature,1,,0,0,45,2021,NA,NA
6/29/21,9:50:00,Krutladan,Enallagma_cyathigerum,Mature,1,,0,0,45,2021,NA,NA
6/29/21,9:50:00,Krutladan,Enallagma_cyathigerum,Mature,1,,0,0,45,2021,NA,NA
6/29/21,9:50:00,Krutladan,Enallagma_cyathigerum,Teneral,1,,0,0,45,2021,NA,NA
6/29/21,9:50:00,Krutladan,Enallagma_cyathigerum,Mature,1,,0,0,45,2021,NA,NA
6/29/21,9:50:00,Krutladan,Enallagma_cyathigerum,Mature,1,,0,0,45,2021,NA,NA
6/29/21,9:50:00,Krutladan,Enallagma_cyathigerum,Teneral,1,,0,0,45,2021,NA,NA
6/29/21,9:50:00,Krutladan,Enallagma_cyathigerum,Teneral,0,,0,0,45,2021,NA,NA
6/29/21,9:50:00,Krutladan,Enallagma_cyathigerum,Mature,1,,0,0,45,2021,NA,NA
6/29/21,9:50:00,Krutladan,Enallagma_cyathigerum,Teneral,0,,0,0,45,2021,NA,NA
6/29/21,9:50:00,Krutladan,Enallagma_cyathigerum,Mature,1,,0,0,45,2021,NA,NA
6/29/21,9:50:00,Krutladan,Enallagma_cyathigerum,Immature,0,,0,0,45,2021,NA,NA
6/29/21,9:50:00,Krutladan,Enallagma_cyathigerum,Mature,1,,0,0,45,2021,NA,NA
6/29/21,9:50:00,Krutladan,Enallagma_cyathigerum,Teneral,0,,0,1,45,2021,NA,NA
6/29/21,9:50:00,Krutladan,Enallagma_cyathigerum,Mature,1,,0,0,45,2021,NA,NA
6/29/21,9:50:00,Krutladan,Coenagrion_pulchellum,Mature,1,,0,0,45,2021,NA,NA
6/29/21,9:50:00,Krutladan,Enallagma_cyathigerum,Mature,1,,0,0,45,2021,NA,NA
6/29/21,9:50:00,Krutladan,Enallagma_cyathigerum,Mature,1,,0,0,45,2021,NA,NA
6/29/21,9:50:00,Krutladan,Enallagma_cyathigerum,Mature,1,,0,0,45,2021,NA,NA
6/29/21,9:50:00,Krutladan,Enallagma_cyathigerum,Immature,1,,0,0,45,2021,NA,NA
6/29/21,9:50:00,Krutladan,Enallagma_cyathigerum,Teneral,1,,0,0,45,2021,NA,NA
6/29/21,9:50:00,Krutladan,Enallagma_cyathigerum,Teneral,1,,0,0,45,2021,NA,NA
6/29/21,9:50:00,Krutladan,Enallagma_cyathigerum,Teneral,0,,0,0,45,2021,NA,NA
6/29/21,9:50:00,Krutladan,Enallagma_cyathigerum,Teneral,0,,0,0,45,2021,NA,NA
6/29/21,9:50:00,Krutladan,Enallagma_cyathigerum,Teneral,1,,0,0,45,2021,NA,NA
6/29/21,9:50:00,Krutladan,Enallagma_cyathigerum,Teneral,0,,0,0,45,2021,NA,NA
6/29/21,9:50:00,Krutladan,Enallagma_cyathigerum,Teneral,1,,0,0,45,2021,NA,NA
6/29/21,9:50:00,Krutladan,Enallagma_cyathigerum,Teneral,1,,0,0,45,2021,NA,NA
6/29/21,9:50:00,Krutladan,Enallagma_cyathigerum,Teneral,0,,0,0,45,2021,NA,NA
6/29/21,9:50:00,Krutladan,Enallagma_cyathigerum,Teneral,0,,0,0,45,2021,NA,NA
6/29/21,9:50:00,Krutladan,Enallagma_cyathigerum,Teneral,0,,0,0,45,2021,NA,NA
6/29/21,9:50:00,Krutladan,Enallagma_cyathigerum,Teneral,1,,0,0,45,2021,NA,NA
6/29/21,9:50:00,Krutladan,Calopteryx_splendens,Mature,1,,0,NA,45,2021,NA,NA
6/29/21,9:50:00,Krutladan,Calopteryx_splendens,Mature,1,,0,NA,45,2021,NA,NA
6/29/21,11:30:00,Vombs_Bruksgard,Leucorrhinia_pectoralis,Mature,1,,0,NA,60,2021,NA,NA
6/29/21,11:30:00,Vombs_Bruksgard,Aeshna_grandis,Mature,,,0,NA,60,2021,NA,NA
6/29/21,11:30:00,Vombs_Bruksgard,Aeshna_grandis,Mature,,,0,NA,60,2021,NA,NA
6/29/21,11:30:00,Vombs_Bruksgard,Orthetrum_cancellatum,Mature,0,Gynochrome,0,NA,60,2021,NA,NA
6/29/21,11:30:00,Vombs_Bruksgard,Coenagrion_puella,Mature,0,Gynochrome,1,13,60,2021,NA,NA
6/29/21,11:30:00,Vombs_Bruksgard,Coenagrion_puella,Mature,1,,1,1,60,2021,NA,NA
6/29/21,11:30:00,Vombs_Bruksgard,Coenagrion_puella,Mature,1,,1,0,60,2021,NA,NA
6/29/21,11:30:00,Vombs_Bruksgard,Coenagrion_puella,Mature,0,Gynochrome,1,14,60,2021,NA,NA
6/29/21,11:30:00,Vombs_Bruksgard,Enallagma_cyathigerum,Mature,0,Gynochrome,1,90,60,2021,NA,NA
6/29/21,11:30:00,Vombs_Bruksgard,Coenagrion_puella,Mature,1,,1,0,60,2021,NA,NA
6/29/21,11:30:00,Vombs_Bruksgard,Enallagma_cyathigerum,Mature,1,,1,4,60,2021,NA,NA
6/29/21,11:30:00,Vombs_Bruksgard,Coenagrion_puella,Mature,0,Gynochrome,1,41,60,2021,NA,NA
6/29/21,11:30:00,Vombs_Bruksgard,Coenagrion_puella,Mature,1,,1,0,60,2021,NA,NA
6/29/21,11:30:00,Vombs_Bruksgard,Coenagrion_puella,Mature,0,Androchrome,1,24,60,2021,NA,NA
6/29/21,11:30:00,Vombs_Bruksgard,Coenagrion_puella,Mature,0,Gynochrome,1,15,60,2021,NA,NA
6/29/21,11:30:00,Vombs_Bruksgard,Coenagrion_puella,Mature,1,,1,0,60,2021,NA,NA
6/29/21,11:30:00,Vombs_Bruksgard,Coenagrion_puella,Mature,1,,1,0,60,2021,NA,NA
6/29/21,11:30:00,Vombs_Bruksgard,Coenagrion_puella,Mature,1,,1,0,60,2021,NA,NA
6/29/21,11:30:00,Vombs_Bruksgard,Coenagrion_puella,Mature,0,Gynochrome,1,39,60,2021,NA,NA
6/29/21,11:30:00,Vombs_Bruksgard,Coenagrion_puella,Mature,0,Androchrome,1,14,60,2021,NA,NA
6/29/21,11:30:00,Vombs_Bruksgard,Enallagma_cyathigerum,Mature,1,,1,12,60,2021,NA,NA
6/29/21,11:30:00,Vombs_Bruksgard,Coenagrion_puella,Mature,1,,1,0,60,2021,NA,NA
6/29/21,11:30:00,Vombs_Bruksgard,Coenagrion_puella,Mature,0,Androchrome,1,16,60,2021,NA,NA
6/29/21,11:30:00,Vombs_Bruksgard,Coenagrion_puella,Mature,1,,1,1,60,2021,NA,NA
6/29/21,11:30:00,Vombs_Bruksgard,Enallagma_cyathigerum,Mature,0,Androchrome,1,22,60,2021,NA,NA
6/29/21,11:30:00,Vombs_Bruksgard,Coenagrion_puella,Mature,1,,1,36,60,2021,NA,NA
6/29/21,11:30:00,Vombs_Bruksgard,Coenagrion_puella,Mature,0,Androchrome,1,73,60,2021,NA,NA
6/29/21,11:30:00,Vombs_Bruksgard,Coenagrion_puella,Mature,1,,0,1,60,2021,NA,NA
6/29/21,11:30:00,Vombs_Bruksgard,Lestes_sponsa,Mature,0,Gynochrome,0,0,60,2021,NA,NA
6/29/21,11:30:00,Vombs_Bruksgard,Enallagma_cyathigerum,Mature,1,,0,40,60,2021,NA,NA
6/29/21,11:30:00,Vombs_Bruksgard,Coenagrion_puella,Mature,1,,0,1,60,2021,NA,NA
6/29/21,11:30:00,Vombs_Bruksgard,Coenagrion_puella,Teneral,0,,0,20,60,2021,NA,NA
6/29/21,11:30:00,Vombs_Bruksgard,Lestes_sponsa,Immature,0,Gynochrome,0,0,60,2021,NA,NA
6/29/21,11:30:00,Vombs_Bruksgard,Lestes_sponsa,Immature,0,Gynochrome,0,0,60,2021,NA,NA
6/29/21,11:30:00,Vombs_Bruksgard,Enallagma_cyathigerum,Mature,1,,0,0,60,2021,NA,NA
6/29/21,11:30:00,Vombs_Bruksgard,Coenagrion_puella,Mature,1,,0,0,60,2021,NA,NA
6/29/21,11:30:00,Vombs_Bruksgard,Coenagrion_puella,Mature,1,,0,0,60,2021,NA,NA
6/29/21,11:30:00,Vombs_Bruksgard,Coenagrion_puella,Mature,1,,0,6,60,2021,NA,NA
6/29/21,11:30:00,Vombs_Bruksgard,Lestes_sponsa,Immature,0,Gynochrome,0,0,60,2021,NA,NA
6/29/21,11:30:00,Vombs_Bruksgard,Lestes_sponsa,Immature,1,,0,0,60,2021,NA,NA
6/29/21,11:30:00,Vombs_Bruksgard,Enallagma_cyathigerum,Mature,1,,0,0,60,2021,NA,NA
6/29/21,11:30:00,Vombs_Bruksgard,Coenagrion_puella,Mature,1,,0,0,60,2021,NA,NA
6/29/21,11:30:00,Vombs_Bruksgard,Enallagma_cyathigerum,Mature,1,,0,3,60,2021,NA,NA
6/29/21,11:30:00,Vombs_Bruksgard,Lestes_sponsa,Immature,1,,0,0,60,2021,NA,NA
6/29/21,11:30:00,Vombs_Bruksgard,Enallagma_cyathigerum,Mature,1,,0,0,60,2021,NA,NA
6/29/21,11:30:00,Vombs_Bruksgard,Enallagma_cyathigerum,Mature,1,,0,5,60,2021,NA,NA
6/29/21,11:30:00,Vombs_Bruksgard,Coenagrion_pulchellum,Mature,1,,0,0,60,2021,NA,NA
6/29/21,11:30:00,Vombs_Bruksgard,Coenagrion_puella,Mature,1,,0,21,60,2021,NA,NA
6/29/21,11:30:00,Vombs_Bruksgard,Coenagrion_puella,Mature,1,,0,0,60,2021,NA,NA
6/29/21,11:30:00,Vombs_Bruksgard,Enallagma_cyathigerum,Mature,1,,0,0,60,2021,NA,NA
6/29/21,11:30:00,Vombs_Bruksgard,Enallagma_cyathigerum,Mature,1,,0,1,60,2021,NA,NA
6/29/21,11:30:00,Vombs_Bruksgard,Enallagma_cyathigerum,Mature,1,,0,3,60,2021,NA,NA
6/29/21,11:30:00,Vombs_Bruksgard,Lestes_dryas,Mature,1,,0,35,60,2021,NA,NA
6/29/21,11:30:00,Vombs_Bruksgard,Lestes_sponsa,Mature,1,,0,0,60,2021,NA,NA
6/29/21,11:30:00,Vombs_Bruksgard,Enallagma_cyathigerum,Immature,1,,0,50,60,2021,NA,NA
6/29/21,11:30:00,Vombs_Bruksgard,Enallagma_cyathigerum,Immature,1,,0,9,60,2021,NA,NA
6/29/21,11:30:00,Vombs_Bruksgard,Lestes_sponsa,Mature,0,Gynochrome,0,0,60,2021,NA,NA
6/29/21,11:30:00,Vombs_Bruksgard,Enallagma_cyathigerum,Immature,1,,0,49,60,2021,NA,NA
6/29/21,11:30:00,Vombs_Bruksgard,Lestes_sponsa,Mature,0,Gynochrome,0,0,60,2021,NA,NA
6/29/21,11:30:00,Vombs_Bruksgard,Enallagma_cyathigerum,Immature,1,,0,41,60,2021,NA,NA
6/29/21,11:30:00,Vombs_Bruksgard,Lestes_sponsa,Immature,0,Gynochrome,0,0,60,2021,NA,NA
6/29/21,11:30:00,Vombs_Bruksgard,Lestes_sponsa,Immature,0,Gynochrome,0,0,60,2021,NA,NA
6/29/21,11:30:00,Vombs_Bruksgard,Coenagrion_puella,Mature,1,,0,0,60,2021,NA,NA
6/29/21,11:30:00,Vombs_Bruksgard,Lestes_sponsa,Immature,0,Gynochrome,0,0,60,2021,NA,NA
6/29/21,11:30:00,Vombs_Bruksgard,Coenagrion_puella,Mature,1,,0,0,60,2021,NA,NA
6/29/21,11:30:00,Vombs_Bruksgard,Lestes_sponsa,Immature,0,Gynochrome,0,0,60,2021,NA,NA
6/29/21,11:30:00,Vombs_Bruksgard,Coenagrion_puella,Mature,1,,0,0,60,2021,NA,NA
6/29/21,11:30:00,Vombs_Bruksgard,Lestes_sponsa,Immature,1,,0,0,60,2021,NA,NA
6/29/21,11:30:00,Vombs_Bruksgard,Enallagma_cyathigerum,Mature,1,,0,8,60,2021,NA,NA
6/29/21,11:30:00,Vombs_Bruksgard,Enallagma_cyathigerum,Mature,1,,0,0,60,2021,NA,NA
6/29/21,11:30:00,Vombs_Bruksgard,Coenagrion_pulchellum,Mature,1,,0,0,60,2021,NA,NA
6/29/21,11:30:00,Vombs_Bruksgard,Coenagrion_puella,Mature,1,,0,0,60,2021,NA,NA
6/29/21,11:30:00,Vombs_Bruksgard,Lestes_sponsa,Immature,1,,0,0,60,2021,NA,NA
6/29/21,11:30:00,Vombs_Bruksgard,Coenagrion_puella,Mature,1,,0,0,60,2021,NA,NA
6/29/21,11:30:00,Vombs_Bruksgard,Coenagrion_puella,Mature,1,,0,0,60,2021,NA,NA
6/29/21,11:30:00,Vombs_Bruksgard,Lestes_sponsa,Immature,0,Gynochrome,0,0,60,2021,NA,NA
6/29/21,11:30:00,Vombs_Bruksgard,Lestes_sponsa,Immature,1,,0,0,60,2021,NA,NA
6/29/21,11:30:00,Vombs_Bruksgard,Lestes_sponsa,Immature,0,Gynochrome,0,0,60,2021,NA,NA
6/29/21,11:30:00,Vombs_Bruksgard,Lestes_sponsa,Immature,0,Gynochrome,0,0,60,2021,NA,NA
6/29/21,11:30:00,Vombs_Bruksgard,Coenagrion_puella,Mature,1,,0,0,60,2021,NA,NA
6/29/21,11:30:00,Vombs_Bruksgard,Enallagma_cyathigerum,Teneral,0,,0,76,60,2021,NA,NA
6/29/21,11:30:00,Vombs_Bruksgard,Libellula_quadrimaculata,Mature,0,Gynochrome,1,NA,60,2021,NA,NA
6/29/21,11:30:00,Vombs_Bruksgard,Libellula_quadrimaculata,Mature,1,,1,NA,60,2021,NA,NA
6/29/21,11:30:00,Vombs_Bruksgard,Libellula_quadrimaculata,Mature,1,,0,NA,60,2021,NA,NA
6/29/21,11:30:00,Vombs_Bruksgard,Libellula_quadrimaculata,Mature,1,,0,NA,60,2021,NA,NA
6/29/21,11:30:00,Vombs_Bruksgard,Libellula_quadrimaculata,Mature,1,,0,NA,60,2021,NA,NA
6/29/21,11:30:00,Vombs_Bruksgard,Libellula_quadrimaculata,Mature,1,,0,NA,60,2021,NA,NA
6/29/21,11:30:00,Vombs_Bruksgard,Libellula_quadrimaculata,Mature,1,,0,NA,60,2021,NA,NA
6/29/21,11:30:00,Vombs_Bruksgard,Libellula_quadrimaculata,Mature,1,,0,NA,60,2021,NA,NA
6/29/21,11:30:00,Vombs_Bruksgard,Libellula_quadrimaculata,Mature,1,,0,NA,60,2021,NA,NA
6/29/21,11:30:00,Vombs_Bruksgard,Libellula_quadrimaculata,Mature,1,,0,NA,60,2021,NA,NA
6/29/21,11:30:00,Vombs_Bruksgard,Libellula_quadrimaculata,Mature,1,,0,NA,60,2021,NA,NA
6/29/21,11:30:00,Vombs_Bruksgard,Libellula_quadrimaculata,Mature,1,,0,NA,60,2021,NA,NA
6/29/21,11:30:00,Vombs_Bruksgard,Libellula_quadrimaculata,Mature,1,,0,NA,60,2021,NA,NA
6/29/21,11:30:00,Vombs_Bruksgard,Libellula_quadrimaculata,Mature,1,,0,NA,60,2021,NA,NA
6/29/21,11:30:00,Vombs_Bruksgard,Libellula_quadrimaculata,Mature,1,,0,NA,60,2021,NA,NA
6/29/21,11:30:00,Vombs_Bruksgard,Libellula_quadrimaculata,Mature,1,,0,NA,60,2021,NA,NA
6/29/21,11:30:00,Vombs_Bruksgard,Libellula_quadrimaculata,Mature,1,,0,NA,60,2021,NA,NA
6/29/21,11:30:00,Vombs_Bruksgard,Libellula_quadrimaculata,Mature,1,,0,NA,60,2021,NA,NA
6/29/21,11:30:00,Vombs_Bruksgard,Libellula_quadrimaculata,Mature,1,,0,NA,60,2021,NA,NA
6/29/21,11:30:00,Vombs_Bruksgard,Libellula_quadrimaculata,Mature,1,,0,NA,60,2021,NA,NA
6/29/21,11:30:00,Vombs_Bruksgard,Libellula_quadrimaculata,Mature,1,,0,NA,60,2021,NA,NA
6/29/21,11:30:00,Vombs_Bruksgard,Libellula_quadrimaculata,Mature,1,,0,NA,60,2021,NA,NA
6/29/21,11:30:00,Vombs_Bruksgard,Libellula_quadrimaculata,Mature,1,,0,NA,60,2021,NA,NA
6/29/21,11:30:00,Vombs_Bruksgard,Libellula_quadrimaculata,Mature,1,,0,NA,60,2021,NA,NA
6/29/21,11:30:00,Vombs_Bruksgard,Libellula_quadrimaculata,Mature,1,,0,NA,60,2021,NA,NA
6/29/21,11:30:00,Vombs_Bruksgard,Libellula_quadrimaculata,Mature,1,,0,NA,60,2021,NA,NA
6/29/21,11:30:00,Vombs_Bruksgard,Libellula_quadrimaculata,Mature,1,,0,NA,60,2021,NA,NA
6/29/21,11:30:00,Vombs_Bruksgard,Libellula_quadrimaculata,Mature,1,,0,NA,60,2021,NA,NA
6/29/21,11:30:00,Vombs_Bruksgard,Libellula_quadrimaculata,Mature,1,,0,NA,60,2021,NA,NA
6/29/21,11:30:00,Vombs_Bruksgard,Libellula_quadrimaculata,Mature,1,,0,NA,60,2021,NA,NA
6/29/21,11:30:00,Vombs_Bruksgard,Libellula_quadrimaculata,Mature,1,,0,NA,60,2021,NA,NA
6/29/21,11:30:00,Vombs_Bruksgard,Libellula_quadrimaculata,Mature,1,,0,NA,60,2021,NA,NA
6/29/21,11:30:00,Vombs_Bruksgard,Libellula_quadrimaculata,Mature,1,,0,NA,60,2021,NA,NA
6/29/21,11:30:00,Vombs_Bruksgard,Libellula_quadrimaculata,Mature,1,,0,NA,60,2021,NA,NA
6/29/21,11:30:00,Vombs_Bruksgard,Libellula_quadrimaculata,Mature,1,,0,NA,60,2021,NA,NA
6/29/21,11:30:00,Vombs_Bruksgard,Libellula_quadrimaculata,Mature,1,,0,NA,60,2021,NA,NA
6/29/21,11:30:00,Vombs_Bruksgard,Libellula_quadrimaculata,Mature,1,,0,NA,60,2021,NA,NA
6/29/21,11:30:00,Vombs_Bruksgard,Libellula_quadrimaculata,Mature,1,,0,NA,60,2021,NA,NA
6/29/21,11:30:00,Vombs_Bruksgard,Libellula_quadrimaculata,Mature,1,,0,NA,60,2021,NA,NA
6/29/21,11:30:00,Vombs_Bruksgard,Libellula_quadrimaculata,Mature,1,,0,NA,60,2021,NA,NA
6/29/21,11:30:00,Vombs_Bruksgard,Libellula_quadrimaculata,Mature,1,,0,NA,60,2021,NA,NA
6/29/21,11:30:00,Vombs_Bruksgard,Libellula_quadrimaculata,Mature,1,,0,NA,60,2021,NA,NA
6/29/21,11:30:00,Vombs_Bruksgard,Libellula_quadrimaculata,Mature,1,,0,NA,60,2021,NA,NA
6/29/21,11:30:00,Vombs_Bruksgard,Libellula_quadrimaculata,Mature,1,,0,NA,60,2021,NA,NA
6/29/21,11:30:00,Vombs_Bruksgard,Libellula_quadrimaculata,Mature,1,,0,NA,60,2021,NA,NA
6/29/21,11:30:00,Vombs_Bruksgard,Libellula_quadrimaculata,Mature,1,,0,NA,60,2021,NA,NA
6/29/21,11:30:00,Vombs_Bruksgard,Libellula_quadrimaculata,Mature,1,,0,NA,60,2021,NA,NA
6/29/21,11:30:00,Vombs_Bruksgard,Libellula_quadrimaculata,Mature,1,,0,NA,60,2021,NA,NA
6/29/21,11:30:00,Vombs_Bruksgard,Libellula_quadrimaculata,Mature,1,,0,NA,60,2021,NA,NA
6/29/21,11:30:00,Vombs_Bruksgard,Libellula_quadrimaculata,Mature,1,,0,NA,60,2021,NA,NA
6/29/21,11:30:00,Vombs_Bruksgard,Libellula_quadrimaculata,Mature,1,,0,NA,60,2021,NA,NA
6/29/21,11:30:00,Vombs_Bruksgard,Libellula_quadrimaculata,Mature,1,,0,NA,60,2021,NA,NA
6/29/21,11:30:00,Vombs_Bruksgard,Libellula_quadrimaculata,Mature,1,,0,NA,60,2021,NA,NA
6/29/21,11:30:00,Vombs_Bruksgard,Libellula_quadrimaculata,Mature,1,,0,NA,60,2021,NA,NA
6/29/21,11:30:00,Vombs_Bruksgard,Libellula_quadrimaculata,Mature,1,,0,NA,60,2021,NA,NA
6/29/21,11:30:00,Vombs_Bruksgard,Libellula_quadrimaculata,Mature,1,,0,NA,60,2021,NA,NA
6/29/21,11:30:00,Vombs_Bruksgard,Libellula_quadrimaculata,Mature,1,,0,NA,60,2021,NA,NA
6/29/21,11:30:00,Vombs_Bruksgard,Libellula_quadrimaculata,Mature,1,,0,NA,60,2021,NA,NA
6/29/21,11:30:00,Vombs_Bruksgard,Libellula_quadrimaculata,Mature,1,,0,NA,60,2021,NA,NA
6/29/21,11:30:00,Vombs_Bruksgard,Libellula_quadrimaculata,Mature,1,,0,NA,60,2021,NA,NA
6/29/21,11:30:00,Vombs_Bruksgard,Libellula_quadrimaculata,Mature,1,,0,NA,60,2021,NA,NA
6/29/21,11:30:00,Vombs_Bruksgard,Libellula_quadrimaculata,Mature,1,,0,NA,60,2021,NA,NA
6/29/21,11:30:00,Vombs_Bruksgard,Libellula_quadrimaculata,Mature,1,,0,NA,60,2021,NA,NA
6/29/21,11:30:00,Vombs_Bruksgard,Libellula_quadrimaculata,Mature,1,,0,NA,60,2021,NA,NA
6/29/21,11:30:00,Vombs_Bruksgard,Libellula_quadrimaculata,Mature,1,,0,NA,60,2021,NA,NA
6/29/21,16:18:00,Vombs_Vattenverk,Enallagma_cyathigerum,Mature,0,Gynochrome,1,7,40,2021,NA,NA
6/29/21,16:18:00,Vombs_Vattenverk,Enallagma_cyathigerum,Mature,1,,1,53,40,2021,NA,NA
6/29/21,16:18:00,Vombs_Vattenverk,Enallagma_cyathigerum,Mature,1,,0,0,40,2021,NA,NA
6/29/21,16:18:00,Vombs_Vattenverk,Enallagma_cyathigerum,Mature,1,,0,0,40,2021,NA,NA
6/29/21,16:18:00,Vombs_Vattenverk,Enallagma_cyathigerum,Mature,1,,0,0,40,2021,NA,NA
6/29/21,16:18:00,Vombs_Vattenverk,Enallagma_cyathigerum,Mature,1,,0,0,40,2021,NA,NA
6/29/21,16:18:00,Vombs_Vattenverk,Enallagma_cyathigerum,Mature,1,,0,0,40,2021,NA,NA
6/29/21,16:18:00,Vombs_Vattenverk,Enallagma_cyathigerum,Mature,1,,0,0,40,2021,NA,NA
6/29/21,16:18:00,Vombs_Vattenverk,Enallagma_cyathigerum,Mature,1,,0,2,40,2021,NA,NA
6/29/21,16:18:00,Vombs_Vattenverk,Enallagma_cyathigerum,Mature,1,,0,33,40,2021,NA,NA
6/29/21,16:18:00,Vombs_Vattenverk,Enallagma_cyathigerum,Mature,1,,0,3,40,2021,NA,NA
6/29/21,16:18:00,Vombs_Vattenverk,Enallagma_cyathigerum,Mature,1,,0,9,40,2021,NA,NA
6/29/21,16:18:00,Vombs_Vattenverk,Enallagma_cyathigerum,Immature,1,,0,78,40,2021,NA,NA
6/29/21,16:18:00,Vombs_Vattenverk,Enallagma_cyathigerum,Mature,1,,0,0,40,2021,NA,NA
6/29/21,16:18:00,Vombs_Vattenverk,Enallagma_cyathigerum,Mature,1,,0,0,40,2021,NA,NA
6/29/21,16:18:00,Vombs_Vattenverk,Enallagma_cyathigerum,Teneral,1,,0,0,40,2021,NA,NA
6/29/21,16:18:00,Vombs_Vattenverk,Enallagma_cyathigerum,Mature,1,,0,0,40,2021,NA,NA
6/29/21,16:18:00,Vombs_Vattenverk,Enallagma_cyathigerum,Mature,1,,0,0,40,2021,NA,NA
6/29/21,16:18:00,Vombs_Vattenverk,Enallagma_cyathigerum,Mature,1,,0,0,40,2021,NA,NA
6/29/21,16:18:00,Vombs_Vattenverk,Enallagma_cyathigerum,Mature,1,,0,0,40,2021,NA,NA
6/29/21,16:18:00,Vombs_Vattenverk,Enallagma_cyathigerum,Mature,1,,0,1,40,2021,NA,NA
6/29/21,16:18:00,Vombs_Vattenverk,Enallagma_cyathigerum,Mature,1,,0,4,40,2021,NA,NA
6/29/21,16:18:00,Vombs_Vattenverk,Enallagma_cyathigerum,Mature,1,,0,34,40,2021,NA,NA
6/29/21,16:18:00,Vombs_Vattenverk,Enallagma_cyathigerum,Mature,1,,0,2,40,2021,NA,NA
6/29/21,16:18:00,Vombs_Vattenverk,Enallagma_cyathigerum,Mature,1,,0,0,40,2021,NA,NA
6/29/21,16:18:00,Vombs_Vattenverk,Enallagma_cyathigerum,Mature,1,,0,0,40,2021,NA,NA
6/29/21,16:18:00,Vombs_Vattenverk,Enallagma_cyathigerum,Mature,1,,0,0,40,2021,NA,NA
6/29/21,16:18:00,Vombs_Vattenverk,Enallagma_cyathigerum,Mature,1,,0,11,40,2021,NA,NA
6/29/21,16:18:00,Vombs_Vattenverk,Enallagma_cyathigerum,Mature,1,,0,0,40,2021,NA,NA
6/29/21,16:18:00,Vombs_Vattenverk,Enallagma_cyathigerum,Mature,1,,0,4,40,2021,NA,NA
6/29/21,16:18:00,Vombs_Vattenverk,Enallagma_cyathigerum,Mature,1,,0,0,40,2021,NA,NA
6/29/21,16:18:00,Vombs_Vattenverk,Enallagma_cyathigerum,Mature,1,,0,0,40,2021,NA,NA
6/29/21,16:18:00,Vombs_Vattenverk,Enallagma_cyathigerum,Mature,1,,0,0,40,2021,NA,NA
6/29/21,16:18:00,Vombs_Vattenverk,Enallagma_cyathigerum,Mature,1,,0,0,40,2021,NA,NA
6/29/21,16:18:00,Vombs_Vattenverk,Enallagma_cyathigerum,Mature,1,,0,0,40,2021,NA,NA
6/29/21,16:18:00,Vombs_Vattenverk,Enallagma_cyathigerum,Mature,1,,0,0,40,2021,NA,NA
6/29/21,16:18:00,Vombs_Vattenverk,Enallagma_cyathigerum,Mature,1,,0,0,40,2021,NA,NA
6/29/21,16:18:00,Vombs_Vattenverk,Enallagma_cyathigerum,Mature,1,,0,0,40,2021,NA,NA
6/29/21,16:18:00,Vombs_Vattenverk,Enallagma_cyathigerum,Mature,1,,0,0,40,2021,NA,NA
6/29/21,16:18:00,Vombs_Vattenverk,Enallagma_cyathigerum,Mature,1,,0,10,40,2021,NA,NA
6/29/21,16:18:00,Vombs_Vattenverk,Enallagma_cyathigerum,Mature,1,,0,0,40,2021,NA,NA
6/29/21,16:18:00,Vombs_Vattenverk,Enallagma_cyathigerum,Mature,1,,0,0,40,2021,NA,NA
6/29/21,16:18:00,Vombs_Vattenverk,Enallagma_cyathigerum,Mature,0,Gynochrome,0,0,40,2021,NA,NA
6/29/21,16:18:00,Vombs_Vattenverk,Enallagma_cyathigerum,Mature,1,,0,0,40,2021,NA,NA
6/29/21,16:18:00,Vombs_Vattenverk,Enallagma_cyathigerum,Mature,1,,0,21,40,2021,NA,NA
6/29/21,16:18:00,Vombs_Vattenverk,Aeshna_isoceles,Mature,1,,0,0,40,2021,NA,NA
6/29/21,16:18:00,Vombs_Vattenverk,Anax_imperator,Mature,1,,0,0,40,2021,NA,NA
6/29/21,16:18:00,Vombs_Vattenverk,Anax_imperator,Mature,1,,0,0,40,2021,NA,NA
6/29/21,16:18:00,Vombs_Vattenverk,Anax_imperator,Mature,1,,0,0,40,2021,NA,NA
6/29/21,16:18:00,Vombs_Vattenverk,Anax_imperator,Mature,1,,0,0,40,2021,NA,NA
6/29/21,16:18:00,Vombs_Vattenverk,Anax_imperator,Mature,1,,0,0,40,2021,NA,NA
6/29/21,16:18:00,Vombs_Vattenverk,Anax_imperator,Mature,1,,0,0,40,2021,NA,NA
6/29/21,16:18:00,Vombs_Vattenverk,Orthetrum_cancellatum,Mature,1,,0,0,40,2021,NA,NA
6/29/21,16:18:00,Vombs_Vattenverk,Orthetrum_cancellatum,Mature,1,,0,0,40,2021,NA,NA
6/29/21,16:18:00,Vombs_Vattenverk,Orthetrum_cancellatum,Mature,1,,0,0,40,2021,NA,NA
6/29/21,16:18:00,Vombs_Vattenverk,Orthetrum_cancellatum,Mature,1,,0,0,40,2021,NA,NA
6/29/21,16:18:00,Vombs_Vattenverk,Orthetrum_cancellatum,Mature,1,,0,0,40,2021,NA,NA
6/29/21,16:18:00,Vombs_Vattenverk,Orthetrum_cancellatum,Mature,1,,0,0,40,2021,NA,NA
6/29/21,16:18:00,Vombs_Vattenverk,Orthetrum_cancellatum,Mature,1,,0,0,40,2021,NA,NA
6/29/21,16:18:00,Vombs_Vattenverk,Orthetrum_cancellatum,Mature,1,,0,0,40,2021,NA,NA
6/29/21,16:18:00,Vombs_Vattenverk,Orthetrum_cancellatum,Mature,1,,0,0,40,2021,NA,NA
6/29/21,16:18:00,Vombs_Vattenverk,Orthetrum_cancellatum,Mature,1,,0,0,40,2021,NA,NA
6/29/21,16:18:00,Vombs_Vattenverk,Orthetrum_cancellatum,Mature,1,,0,0,40,2021,NA,NA
6/29/21,16:18:00,Vombs_Vattenverk,Orthetrum_cancellatum,Mature,1,,0,0,40,2021,NA,NA
6/29/21,16:18:00,Vombs_Vattenverk,Orthetrum_cancellatum,Mature,1,,0,0,40,2021,NA,NA
6/29/21,16:18:00,Vombs_Vattenverk,Orthetrum_cancellatum,Mature,1,,0,0,40,2021,NA,NA
6/29/21,16:18:00,Vombs_Vattenverk,Orthetrum_cancellatum,Mature,1,,0,0,40,2021,NA,NA
6/29/21,16:18:00,Vombs_Vattenverk,Orthetrum_cancellatum,Mature,1,,0,0,40,2021,NA,NA
6/29/21,16:18:00,Vombs_Vattenverk,Orthetrum_cancellatum,Mature,1,,0,0,40,2021,NA,NA
6/29/21,16:18:00,Vombs_Vattenverk,Orthetrum_cancellatum,Mature,1,,0,0,40,2021,NA,NA
6/29/21,16:18:00,Vombs_Vattenverk,Orthetrum_cancellatum,Mature,1,,0,0,40,2021,NA,NA
6/29/21,16:18:00,Vombs_Vattenverk,Orthetrum_cancellatum,Mature,1,,0,0,40,2021,NA,NA
6/29/21,16:18:00,Vombs_Vattenverk,Orthetrum_cancellatum,Mature,1,,0,0,40,2021,NA,NA
6/29/21,16:18:00,Vombs_Vattenverk,Orthetrum_cancellatum,Mature,1,,0,0,40,2021,NA,NA
6/29/21,16:18:00,Vombs_Vattenverk,Orthetrum_cancellatum,Mature,1,,0,0,40,2021,NA,NA
6/29/21,16:18:00,Vombs_Vattenverk,Orthetrum_cancellatum,Mature,1,,0,0,40,2021,NA,NA
6/29/21,16:18:00,Vombs_Vattenverk,Orthetrum_cancellatum,Mature,1,,0,0,40,2021,NA,NA
6/29/21,16:18:00,Vombs_Vattenverk,Orthetrum_cancellatum,Mature,1,,0,0,40,2021,NA,NA
6/29/21,16:18:00,Vombs_Vattenverk,Orthetrum_cancellatum,Mature,1,,0,0,40,2021,NA,NA
7/3/21,10:35:00,Sovdemolla,Somatochlora_metallica,Mature,,,0,NA,45,2021,NA,NA
7/3/21,10:35:00,Sovdemolla,Somatochlora_metallica,Mature,,,0,NA,45,2021,NA,NA
7/3/21,10:35:00,Sovdemolla,Calopteryx_virgo,Mature,0,Gynochrome,0,NA,45,2021,NA,NA
7/3/21,10:35:00,Sovdemolla,Calopteryx_virgo,Mature,0,Gynochrome,0,NA,45,2021,NA,NA
7/3/21,10:35:00,Sovdemolla,Platycnemis_pennipes,Mature,1,,0,NA,45,2021,NA,NA
7/3/21,10:35:00,Sovdemolla,Platycnemis_pennipes,Mature,1,,1,NA,45,2021,NA,NA
7/3/21,10:35:00,Sovdemolla,Platycnemis_pennipes,Mature,0,Gynochrome,1,NA,45,2021,NA,NA
7/3/21,10:35:00,Sovdemolla,Platycnemis_pennipes,Mature,0,Gynochrome,1,NA,45,2021,NA,NA
7/3/21,10:35:00,Sovdemolla,Platycnemis_pennipes,Mature,1,,1,NA,45,2021,NA,NA
7/3/21,10:35:00,Sovdemolla,Calopteryx_virgo,Mature,1,,0,NA,45,2021,NA,NA
7/3/21,10:35:00,Sovdemolla,Calopteryx_splendens,Mature,0,Gynochrome,0,NA,45,2021,NA,NA
7/3/21,10:35:00,Sovdemolla,Platycnemis_pennipes,Mature,1,,0,NA,45,2021,NA,NA
7/3/21,10:35:00,Sovdemolla,Platycnemis_pennipes,Mature,1,,0,NA,45,2021,NA,NA
7/3/21,10:35:00,Sovdemolla,Calopteryx_virgo,Mature,0,Gynochrome,0,NA,45,2021,NA,NA
7/3/21,10:35:00,Sovdemolla,Calopteryx_virgo,Mature,1,,0,NA,45,2021,NA,NA
7/3/21,10:35:00,Sovdemolla,Calopteryx_splendens,Mature,1,,0,NA,45,2021,NA,NA
7/3/21,10:35:00,Sovdemolla,Calopteryx_splendens,Mature,0,Gynochrome,0,NA,45,2021,NA,NA
7/3/21,10:35:00,Sovdemolla,Calopteryx_splendens,Mature,1,,0,NA,45,2021,NA,NA
7/3/21,10:35:00,Sovdemolla,Calopteryx_splendens,Mature,1,,0,NA,45,2021,NA,NA
7/3/21,10:35:00,Sovdemolla,Calopteryx_splendens,Mature,0,Gynochrome,0,NA,45,2021,NA,NA
7/3/21,10:35:00,Sovdemolla,Calopteryx_splendens,Mature,1,,0,NA,45,2021,NA,NA
7/3/21,10:35:00,Sovdemolla,Calopteryx_splendens,Mature,1,,0,NA,45,2021,NA,NA
7/3/21,10:35:00,Sovdemolla,Calopteryx_splendens,Mature,0,Gynochrome,0,NA,45,2021,NA,NA
7/3/21,10:35:00,Sovdemolla,Platycnemis_pennipes,Mature,1,,0,NA,45,2021,NA,NA
7/3/21,10:35:00,Sovdemolla,Calopteryx_splendens,Mature,0,Gynochrome,0,NA,45,2021,NA,NA
7/3/21,10:35:00,Sovdemolla,Calopteryx_splendens,Mature,1,,0,NA,45,2021,NA,NA
7/3/21,10:35:00,Sovdemolla,Calopteryx_splendens,Mature,1,,0,NA,45,2021,NA,NA
7/3/21,10:35:00,Sovdemolla,Calopteryx_splendens,Mature,1,,0,NA,45,2021,NA,NA
7/3/21,10:35:00,Sovdemolla,Calopteryx_splendens,Immature,0,Gynochrome,0,NA,45,2021,NA,NA
7/3/21,10:35:00,Sovdemolla,Calopteryx_splendens,Mature,1,,0,NA,45,2021,NA,NA
7/3/21,10:35:00,Sovdemolla,Calopteryx_virgo,Mature,1,,0,NA,45,2021,NA,NA
7/3/21,10:35:00,Sovdemolla,Calopteryx_splendens,Mature,1,,0,NA,45,2021,NA,NA
7/3/21,10:35:00,Sovdemolla,Calopteryx_splendens,Mature,1,,0,NA,45,2021,NA,NA
7/3/21,10:35:00,Sovdemolla,Platycnemis_pennipes,Mature,1,,0,NA,45,2021,NA,NA
7/3/21,10:35:00,Sovdemolla,Platycnemis_pennipes,Mature,1,,0,NA,45,2021,NA,NA
7/3/21,10:35:00,Sovdemolla,Calopteryx_splendens,Mature,0,Gynochrome,0,NA,45,2021,NA,NA
7/3/21,10:35:00,Sovdemolla,Calopteryx_splendens,Mature,1,,0,NA,45,2021,NA,NA
7/3/21,10:35:00,Sovdemolla,Platycnemis_pennipes,Mature,0,Gynochrome,0,NA,45,2021,NA,NA
7/3/21,10:35:00,Sovdemolla,Calopteryx_splendens,Mature,1,,0,NA,45,2021,NA,NA
7/3/21,10:35:00,Sovdemolla,Platycnemis_pennipes,Immature,0,Gynochrome,0,NA,45,2021,NA,NA
7/3/21,10:35:00,Sovdemolla,Calopteryx_splendens,Mature,1,,0,NA,45,2021,NA,NA
7/3/21,10:35:00,Sovdemolla,Calopteryx_splendens,Mature,0,Gynochrome,0,NA,45,2021,NA,NA
7/3/21,10:35:00,Sovdemolla,Platycnemis_pennipes,Teneral,0,,0,NA,45,2021,NA,NA
7/3/21,10:35:00,Sovdemolla,Platycnemis_pennipes,Mature,1,,0,NA,45,2021,NA,NA
7/3/21,10:35:00,Sovdemolla,Platycnemis_pennipes,Mature,1,,0,NA,45,2021,NA,NA
7/3/21,10:35:00,Sovdemolla,Calopteryx_splendens,Mature,1,,0,NA,45,2021,NA,NA
7/3/21,10:35:00,Sovdemolla,Platycnemis_pennipes,Mature,1,,0,NA,45,2021,NA,NA
7/3/21,10:35:00,Sovdemolla,Calopteryx_splendens,Mature,1,,0,NA,45,2021,NA,NA
7/3/21,10:35:00,Sovdemolla,Calopteryx_splendens,Mature,0,Gynochrome,0,NA,45,2021,NA,NA
7/3/21,10:35:00,Sovdemolla,Platycnemis_pennipes,Mature,0,Gynochrome,0,NA,45,2021,NA,NA
7/3/21,10:35:00,Sovdemolla,Calopteryx_splendens,Mature,1,,0,NA,45,2021,NA,NA
7/3/21,10:35:00,Sovdemolla,Calopteryx_splendens,Mature,1,,0,NA,45,2021,NA,NA
7/3/21,10:35:00,Sovdemolla,Calopteryx_splendens,Mature,1,,0,NA,45,2021,NA,NA
7/3/21,10:35:00,Sovdemolla,Calopteryx_splendens,Mature,1,,0,NA,45,2021,NA,NA
7/3/21,10:35:00,Sovdemolla,Calopteryx_splendens,Mature,1,,0,NA,45,2021,NA,NA
7/3/21,10:35:00,Sovdemolla,Calopteryx_splendens,Mature,1,,0,NA,45,2021,NA,NA
7/3/21,10:35:00,Sovdemolla,Calopteryx_splendens,Mature,1,,0,NA,45,2021,NA,NA
7/3/21,10:35:00,Sovdemolla,Calopteryx_splendens,Mature,1,,0,NA,45,2021,NA,NA
7/3/21,10:35:00,Sovdemolla,Calopteryx_splendens,Mature,0,Gynochrome,0,NA,45,2021,NA,NA
7/3/21,10:35:00,Sovdemolla,Calopteryx_splendens,Mature,1,,0,NA,45,2021,NA,NA
7/3/21,10:35:00,Sovdemolla,Calopteryx_splendens,Mature,1,,0,NA,45,2021,NA,NA
7/3/21,10:35:00,Sovdemolla,Calopteryx_splendens,Mature,1,,0,NA,45,2021,NA,NA
7/3/21,11:46:00,Ilstorp,Orthetrum_cancellatum,Mature,1,,0,NA,60,2021,NA,NA
7/3/21,11:46:00,Ilstorp,Libellula_quadrimaculata,Mature,,,0,NA,60,2021,NA,NA
7/3/21,11:46:00,Ilstorp,Somatochlora_metallica,Mature,,,0,NA,60,2021,NA,NA
7/3/21,11:46:00,Ilstorp,Somatochlora_metallica,Mature,,,0,NA,60,2021,NA,NA
7/3/21,11:46:00,Ilstorp,Somatochlora_metallica,Mature,,,0,NA,60,2021,NA,NA
7/3/21,11:46:00,Ilstorp,Sympetrum_sanguineum,Mature,0,Gynochrome,0,0,60,2021,NA,NA
7/3/21,11:46:00,Ilstorp,Sympetrum_sanguineum,Teneral,0,,0,0,60,2021,NA,NA
7/3/21,11:46:00,Ilstorp,Enallagma_cyathigerum,Mature,1,,0,4,60,2021,NA,NA
7/3/21,11:46:00,Ilstorp,Enallagma_cyathigerum,Mature,1,,0,1,60,2021,NA,NA
7/3/21,11:46:00,Ilstorp,Enallagma_cyathigerum,Mature,1,,0,0,60,2021,NA,NA
7/3/21,11:46:00,Ilstorp,Enallagma_cyathigerum,Mature,1,,0,8,60,2021,NA,NA
7/3/21,11:46:00,Ilstorp,Enallagma_cyathigerum,Mature,1,,0,1,60,2021,NA,NA
7/3/21,11:46:00,Ilstorp,Enallagma_cyathigerum,Mature,1,,0,1,60,2021,NA,NA
7/3/21,11:46:00,Ilstorp,Enallagma_cyathigerum,Mature,1,,0,1,60,2021,NA,NA
7/3/21,11:46:00,Ilstorp,Enallagma_cyathigerum,Mature,1,,0,10,60,2021,NA,NA
7/3/21,11:46:00,Ilstorp,Coenagrion_puella,Mature,1,,0,0,60,2021,NA,NA
7/3/21,11:46:00,Ilstorp,Enallagma_cyathigerum,Mature,1,,0,0,60,2021,NA,NA
7/3/21,11:46:00,Ilstorp,Enallagma_cyathigerum,Mature,1,,0,1,60,2021,NA,NA
7/3/21,11:46:00,Ilstorp,Enallagma_cyathigerum,Mature,1,,0,0,60,2021,NA,NA
7/3/21,11:46:00,Ilstorp,Enallagma_cyathigerum,Mature,1,,0,0,60,2021,NA,NA
7/3/21,11:46:00,Ilstorp,Enallagma_cyathigerum,Mature,1,,0,3,60,2021,NA,NA
7/3/21,11:46:00,Ilstorp,Enallagma_cyathigerum,Mature,1,,0,0,60,2021,NA,NA
7/3/21,11:46:00,Ilstorp,Enallagma_cyathigerum,Mature,1,,0,8,60,2021,NA,NA
7/3/21,11:46:00,Ilstorp,Enallagma_cyathigerum,Mature,1,,0,0,60,2021,NA,NA
7/3/21,11:46:00,Ilstorp,Anax_imperator,Mature,1,,0,NA,60,2021,NA,NA
7/3/21,15:05:00,Holmeja,Aeshna_grandis,Mature,,,0,NA,60,2021,NA,NA
7/3/21,15:05:00,Holmeja,Leucorrhinia_dubia,Mature,1,,0,NA,60,2021,NA,NA
7/3/21,15:05:00,Holmeja,Leucorrhinia_pectoralis,Mature,1,,0,NA,60,2021,NA,NA
7/3/21,15:05:00,Holmeja,Leucorrhinia_pectoralis,Mature,1,,0,NA,60,2021,NA,NA
7/3/21,15:05:00,Holmeja,Leucorrhinia_dubia,Mature,1,,0,NA,60,2021,NA,NA
7/3/21,15:05:00,Holmeja,Leucorrhinia_dubia,Mature,1,,0,NA,60,2021,NA,NA
7/3/21,15:05:00,Holmeja,Leucorrhinia_dubia,Mature,1,,0,NA,60,2021,NA,NA
7/3/21,15:05:00,Holmeja,Leucorrhinia_dubia,Mature,1,,0,NA,60,2021,NA,NA
7/3/21,15:05:00,Holmeja,Leucorrhinia_dubia,Mature,1,,0,NA,60,2021,NA,NA
7/3/21,15:05:00,Holmeja,Leucorrhinia_dubia,Mature,1,,0,NA,60,2021,NA,NA
7/3/21,15:05:00,Holmeja,Leucorrhinia_dubia,Mature,1,,0,NA,60,2021,NA,NA
7/3/21,15:05:00,Holmeja,Leucorrhinia_dubia,Mature,1,,0,NA,60,2021,NA,NA
7/3/21,15:05:00,Holmeja,Leucorrhinia_dubia,Mature,1,,0,NA,60,2021,NA,NA
7/3/21,15:05:00,Holmeja,Libellula_quadrimaculata,Mature,,,0,NA,60,2021,NA,NA
7/3/21,15:05:00,Holmeja,Libellula_quadrimaculata,Mature,,,0,NA,60,2021,NA,NA
7/3/21,15:05:00,Holmeja,Libellula_quadrimaculata,Mature,,,0,NA,60,2021,NA,NA
7/3/21,15:05:00,Holmeja,Libellula_quadrimaculata,Mature,,,0,NA,60,2021,NA,NA
7/3/21,15:05:00,Holmeja,Libellula_quadrimaculata,Mature,,,0,NA,60,2021,NA,NA
7/3/21,15:05:00,Holmeja,Libellula_quadrimaculata,Mature,,,0,NA,60,2021,NA,NA
7/3/21,15:05:00,Holmeja,Libellula_quadrimaculata,Mature,,,0,NA,60,2021,NA,NA
7/3/21,15:05:00,Holmeja,Libellula_quadrimaculata,Mature,,,0,NA,60,2021,NA,NA
7/3/21,15:05:00,Holmeja,Libellula_quadrimaculata,Mature,,,0,NA,60,2021,NA,NA
7/3/21,15:05:00,Holmeja,Libellula_quadrimaculata,Mature,,,0,NA,60,2021,NA,NA
7/3/21,15:05:00,Holmeja,Libellula_quadrimaculata,Mature,,,0,NA,60,2021,NA,NA
7/3/21,15:05:00,Holmeja,Libellula_quadrimaculata,Mature,,,0,NA,60,2021,NA,NA
7/3/21,15:05:00,Holmeja,Libellula_quadrimaculata,Mature,,,0,NA,60,2021,NA,NA
7/3/21,15:05:00,Holmeja,Libellula_quadrimaculata,Mature,,,0,NA,60,2021,NA,NA
7/3/21,15:05:00,Holmeja,Libellula_quadrimaculata,Mature,,,0,NA,60,2021,NA,NA
7/3/21,15:05:00,Holmeja,Libellula_quadrimaculata,Mature,,,0,NA,60,2021,NA,NA
7/3/21,15:05:00,Holmeja,Libellula_quadrimaculata,Mature,,,0,NA,60,2021,NA,NA
7/3/21,15:05:00,Holmeja,Libellula_quadrimaculata,Mature,,,0,NA,60,2021,NA,NA
7/3/21,15:05:00,Holmeja,Libellula_quadrimaculata,Mature,,,0,NA,60,2021,NA,NA
7/3/21,15:05:00,Holmeja,Libellula_quadrimaculata,Mature,,,0,NA,60,2021,NA,NA
7/3/21,15:05:00,Holmeja,Libellula_quadrimaculata,Mature,,,0,NA,60,2021,NA,NA
7/3/21,15:05:00,Holmeja,Libellula_quadrimaculata,Mature,,,0,NA,60,2021,NA,NA
7/3/21,15:05:00,Holmeja,Libellula_quadrimaculata,Mature,,,0,NA,60,2021,NA,NA
7/3/21,15:05:00,Holmeja,Libellula_quadrimaculata,Mature,,,0,NA,60,2021,NA,NA
7/3/21,15:05:00,Holmeja,Libellula_quadrimaculata,Mature,,,0,NA,60,2021,NA,NA
7/3/21,15:05:00,Holmeja,Libellula_quadrimaculata,Mature,,,0,NA,60,2021,NA,NA
7/3/21,15:05:00,Holmeja,Libellula_quadrimaculata,Mature,,,0,NA,60,2021,NA,NA
7/3/21,15:05:00,Holmeja,Libellula_quadrimaculata,Mature,,,0,NA,60,2021,NA,NA
7/3/21,15:05:00,Holmeja,Libellula_quadrimaculata,Mature,,,0,NA,60,2021,NA,NA
7/3/21,15:05:00,Holmeja,Libellula_quadrimaculata,Mature,,,0,NA,60,2021,NA,NA
7/3/21,15:05:00,Holmeja,Libellula_quadrimaculata,Mature,1,,1,NA,60,2021,NA,NA
7/3/21,15:05:00,Holmeja,Libellula_quadrimaculata,Mature,0,,1,NA,60,2021,NA,NA
7/3/21,15:05:00,Holmeja,Lestes_dryas,Mature,0,,1,NA,60,2021,NA,NA
7/3/21,15:05:00,Holmeja,Lestes_dryas,Mature,1,,1,0,60,2021,NA,NA
7/3/21,15:05:00,Holmeja,Lestes_dryas,Mature,0,Gynochrome,1,0,60,2021,NA,NA
7/3/21,15:05:00,Holmeja,Coenagrion_puella,Mature,0,Gynochrome,1,6,60,2021,NA,NA
7/3/21,15:05:00,Holmeja,Lestes_dryas,Mature,0,Gynochrome,1,0,60,2021,NA,NA
7/3/21,15:05:00,Holmeja,Coenagrion_puella,Mature,1,,1,0,60,2021,NA,NA
7/3/21,15:05:00,Holmeja,Coenagrion_puella,Mature,1,,1,0,60,2021,NA,NA
7/3/21,15:05:00,Holmeja,Leucorrhinia_dubia,Mature,1,,0,0,60,2021,NA,NA
7/3/21,15:05:00,Holmeja,Coenagrion_puella,Mature,0,Gynochrome,1,9,60,2021,NA,NA
7/3/21,15:05:00,Holmeja,Lestes_dryas,Mature,1,,1,0,60,2021,NA,NA
7/3/21,15:05:00,Holmeja,Libellula_quadrimaculata,Mature,1,,0,0,60,2021,NA,NA
7/3/21,15:05:00,Holmeja,Sympetrum_sanguineum,Teneral,0,,0,0,60,2021,NA,NA
7/3/21,15:05:00,Holmeja,Leucorrhinia_dubia,Mature,1,,0,0,60,2021,NA,NA
7/3/21,15:05:00,Holmeja,Sympetrum_danae,Immature,0,,0,0,60,2021,NA,NA
7/3/21,15:05:00,Holmeja,Sympetrum_danae,Teneral,1,,0,0,60,2021,NA,NA
7/3/21,15:05:00,Holmeja,Leucorrhinia_dubia,Mature,1,,0,0,60,2021,NA,NA
7/3/21,15:05:00,Holmeja,Lestes_dryas,Immature,0,Gynochrome,0,0,60,2021,NA,NA
7/3/21,15:05:00,Holmeja,Sympetrum_sanguineum,Teneral,0,,0,0,60,2021,NA,NA
7/3/21,15:05:00,Holmeja,Sympetrum_danae,Mature,1,,0,0,60,2021,NA,NA
7/3/21,15:05:00,Holmeja,Sympetrum_danae,Mature,1,,0,0,60,2021,NA,NA
7/3/21,15:05:00,Holmeja,Sympetrum_sanguineum,Immature,1,,0,0,60,2021,NA,NA
7/3/21,15:05:00,Holmeja,Lestes_dryas,Mature,1,,0,1,60,2021,NA,NA
7/3/21,15:05:00,Holmeja,Sympetrum_sanguineum,Teneral,0,,0,0,60,2021,NA,NA
7/3/21,15:05:00,Holmeja,Coenagrion_puella,Mature,1,,0,1,60,2021,NA,NA
7/3/21,15:05:00,Holmeja,Lestes_dryas,Mature,1,,0,0,60,2021,NA,NA
7/3/21,15:05:00,Holmeja,Sympetrum_sanguineum,Mature,1,,0,1,60,2021,NA,NA
7/3/21,15:05:00,Holmeja,Lestes_dryas,Mature,1,,0,8,60,2021,NA,NA
7/3/21,15:05:00,Holmeja,Lestes_dryas,Mature,1,,0,0,60,2021,NA,NA
7/3/21,15:05:00,Holmeja,Lestes_virens,Immature,1,,0,0,60,2021,NA,NA
7/3/21,15:05:00,Holmeja,Sympetrum_danae,Mature,0,Gynochrome,0,0,60,2021,NA,NA
7/3/21,15:05:00,Holmeja,Lestes_dryas,Mature,1,,0,0,60,2021,NA,NA
7/3/21,15:05:00,Holmeja,Lestes_dryas,Mature,1,,0,0,60,2021,NA,NA
7/3/21,15:05:00,Holmeja,Coenagrion_puella,Mature,1,,0,0,60,2021,NA,NA
7/3/21,15:05:00,Holmeja,Lestes_virens,Immature,1,,0,0,60,2021,NA,NA
7/3/21,15:05:00,Holmeja,Lestes_virens,Mature,1,,0,0,60,2021,NA,NA
7/3/21,15:05:00,Holmeja,Lestes_sponsa,Mature,1,,0,0,60,2021,NA,NA
7/3/21,15:05:00,Holmeja,Lestes_virens,Mature,0,,0,0,60,2021,NA,NA
7/3/21,15:05:00,Holmeja,Lestes_dryas,Mature,1,,0,0,60,2021,NA,NA
7/3/21,15:05:00,Holmeja,Lestes_dryas,Mature,1,,0,0,60,2021,NA,NA
7/3/21,15:05:00,Holmeja,Lestes_virens,Immature,0,,0,0,60,2021,NA,NA
7/3/21,15:05:00,Holmeja,Lestes_virens,Immature,1,,0,0,60,2021,NA,NA
7/3/21,15:05:00,Holmeja,Coenagrion_pulchellum,Mature,1,,0,1,60,2021,NA,NA
7/3/21,15:05:00,Holmeja,Lestes_virens,Immature,0,,0,0,60,2021,NA,NA
7/3/21,15:05:00,Holmeja,Lestes_dryas,Mature,1,,0,0,60,2021,NA,NA
7/3/21,15:05:00,Holmeja,Lestes_virens,Mature,0,,0,0,60,2021,NA,NA
7/3/21,15:05:00,Holmeja,Lestes_virens,Immature,1,,0,0,60,2021,NA,NA
7/3/21,15:05:00,Holmeja,Lestes_virens,Immature,0,,0,0,60,2021,NA,NA
7/3/21,15:05:00,Holmeja,Lestes_dryas,Mature,1,,0,0,60,2021,NA,NA
7/3/21,15:05:00,Holmeja,Lestes_dryas,Mature,0,Gynochrome,0,1,60,2021,NA,NA
7/3/21,15:05:00,Holmeja,Lestes_dryas,Mature,1,,0,0,60,2021,NA,NA
7/3/21,15:05:00,Holmeja,Sympetrum_sanguineum,Immature,0,,0,0,60,2021,NA,NA
7/3/21,15:05:00,Holmeja,Lestes_dryas,Mature,1,,0,0,60,2021,NA,NA
7/3/21,15:05:00,Holmeja,Coenagrion_pulchellum,Mature,1,,0,1,60,2021,NA,NA
7/3/21,15:05:00,Holmeja,Sympetrum_sanguineum,Mature,1,,0,0,60,2021,NA,NA
7/3/21,15:05:00,Holmeja,Lestes_dryas,Mature,1,,0,0,60,2021,NA,NA
7/3/21,15:05:00,Holmeja,Lestes_dryas,Mature,1,,0,0,60,2021,NA,NA
7/3/21,15:05:00,Holmeja,Sympetrum_sanguineum,Mature,0,,0,0,60,2021,NA,NA
7/3/21,15:05:00,Holmeja,Lestes_dryas,Mature,1,,0,0,60,2021,NA,NA
7/3/21,15:05:00,Holmeja,Lestes_dryas,Mature,1,,0,0,60,2021,NA,NA
7/3/21,15:05:00,Holmeja,Lestes_virens,Immature,1,,0,0,60,2021,NA,NA
7/3/21,15:05:00,Holmeja,Lestes_dryas,Mature,1,,0,0,60,2021,NA,NA
7/3/21,15:05:00,Holmeja,Lestes_sponsa,Immature,1,,0,0,60,2021,NA,NA
7/3/21,15:05:00,Holmeja,Lestes_sponsa,Mature,1,,0,0,60,2021,NA,NA
7/3/21,15:05:00,Holmeja,Lestes_virens,Immature,0,Gynochrome,0,0,60,2021,NA,NA
7/3/21,15:05:00,Holmeja,Lestes_dryas,Mature,1,,0,1,60,2021,NA,NA
7/3/21,15:05:00,Holmeja,Lestes_dryas,Mature,0,,0,0,60,2021,NA,NA
7/3/21,15:05:00,Holmeja,Lestes_virens,Teneral,0,,0,0,60,2021,NA,NA
7/3/21,15:05:00,Holmeja,Lestes_dryas,Mature,1,,0,12,60,2021,NA,NA
7/3/21,15:05:00,Holmeja,Lestes_virens,Teneral,1,,0,0,60,2021,NA,NA
7/3/21,15:05:00,Holmeja,Lestes_dryas,Mature,1,,0,0,60,2021,NA,NA
7/3/21,15:05:00,Holmeja,Lestes_virens,Mature,1,,0,0,60,2021,NA,NA
7/3/21,15:05:00,Holmeja,Lestes_virens,Immature,0,,0,0,60,2021,NA,NA
7/3/21,15:05:00,Holmeja,Lestes_sponsa,Mature,1,,0,0,60,2021,NA,NA
7/3/21,15:05:00,Holmeja,Lestes_dryas,Mature,1,,0,0,60,2021,NA,NA
7/3/21,15:05:00,Holmeja,Lestes_dryas,Mature,1,,0,0,60,2021,NA,NA
7/3/21,15:05:00,Holmeja,Lestes_sponsa,Mature,0,Gynochrome,0,0,60,2021,NA,NA
7/3/21,15:05:00,Holmeja,Lestes_virens,Immature,0,,0,0,60,2021,NA,NA
7/3/21,15:05:00,Holmeja,Lestes_virens,Immature,1,,0,0,60,2021,NA,NA
7/3/21,15:05:00,Holmeja,Lestes_dryas,Mature,1,,0,12,60,2021,NA,NA
7/3/21,15:05:00,Holmeja,Lestes_virens,Immature,0,Gynochrome,0,0,60,2021,NA,NA
7/3/21,15:05:00,Holmeja,Lestes_virens,Immature,1,,0,0,60,2021,NA,NA
7/3/21,15:05:00,Holmeja,Lestes_sponsa,Mature,1,,0,0,60,2021,NA,NA
7/3/21,15:05:00,Holmeja,Lestes_sponsa,Mature,1,,0,0,60,2021,NA,NA
7/3/21,15:05:00,Holmeja,Lestes_dryas,Mature,1,,0,0,60,2021,NA,NA
7/3/21,15:05:00,Holmeja,Lestes_virens,Teneral,0,,0,0,60,2021,NA,NA
7/3/21,15:05:00,Holmeja,Lestes_dryas,Mature,1,,0,0,60,2021,NA,NA
7/3/21,15:05:00,Holmeja,Lestes_virens,Teneral,1,,0,0,60,2021,NA,NA
7/3/21,15:05:00,Holmeja,Lestes_dryas,Mature,1,,0,0,60,2021,NA,NA
7/4/21,10:02:00,Hoje_A_14,Orthetrum_cancellatum,Mature,1,,0,NA,40,2021,NA,NA
7/4/21,10:02:00,Hoje_A_14,Orthetrum_cancellatum,Mature,1,,0,NA,40,2021,NA,NA
7/4/21,10:02:00,Hoje_A_14,Coenagrion_pulchellum,Mature,1,,1,2,40,2021,NA,NA
7/4/21,10:02:00,Hoje_A_14,Coenagrion_pulchellum,Mature,0,Gynochrome,1,0,40,2021,NA,NA
7/4/21,10:02:00,Hoje_A_14,Coenagrion_pulchellum,Mature,0,Gynochrome,1,1,40,2021,NA,NA
7/4/21,10:02:00,Hoje_A_14,Coenagrion_pulchellum,Mature,1,,1,0,40,2021,NA,NA
7/4/21,10:02:00,Hoje_A_14,Coenagrion_pulchellum,Mature,1,,1,0,40,2021,NA,NA
7/4/21,10:02:00,Hoje_A_14,Coenagrion_pulchellum,Mature,1,,1,0,40,2021,NA,NA
7/4/21,10:02:00,Hoje_A_14,Coenagrion_pulchellum,Mature,0,Gynochrome,1,0,40,2021,NA,NA
7/4/21,10:02:00,Hoje_A_14,Coenagrion_pulchellum,Mature,0,Androchrome,1,3,40,2021,NA,NA
7/4/21,10:02:00,Hoje_A_14,Coenagrion_pulchellum,Mature,1,,0,4,40,2021,NA,NA
7/4/21,10:02:00,Hoje_A_14,Coenagrion_pulchellum,Mature,1,,0,0,40,2021,NA,NA
7/4/21,10:02:00,Hoje_A_14,Enallagma_cyathigerum,Mature,1,,0,0,40,2021,NA,NA
7/4/21,10:02:00,Hoje_A_14,Lestes_sponsa,Immature,1,,0,0,40,2021,NA,NA
7/4/21,10:02:00,Hoje_A_14,Lestes_sponsa,Immature,1,,0,0,40,2021,NA,NA
7/4/21,10:02:00,Hoje_A_14,Enallagma_cyathigerum,Mature,1,,0,1,40,2021,NA,NA
7/4/21,10:02:00,Hoje_A_14,Lestes_sponsa,Teneral,0,,0,0,40,2021,NA,NA
7/4/21,10:02:00,Hoje_A_14,Lestes_sponsa,Immature,0,Gynochrome,0,0,40,2021,NA,NA
7/4/21,10:02:00,Hoje_A_14,Lestes_sponsa,Mature,0,Gynochrome,0,0,40,2021,NA,NA
7/4/21,10:02:00,Hoje_A_14,Lestes_sponsa,Immature,0,Gynochrome,0,0,40,2021,NA,NA
7/4/21,10:02:00,Hoje_A_14,Enallagma_cyathigerum,Mature,1,,0,0,40,2021,NA,NA
7/4/21,10:02:00,Hoje_A_14,Lestes_sponsa,Immature,0,Gynochrome,0,0,40,2021,NA,NA
7/4/21,10:02:00,Hoje_A_14,Lestes_sponsa,Immature,1,,0,0,40,2021,NA,NA
7/4/21,10:02:00,Hoje_A_14,Lestes_sponsa,Immature,1,,0,0,40,2021,NA,NA
7/4/21,10:02:00,Hoje_A_14,Lestes_sponsa,Immature,1,,0,0,40,2021,NA,NA
7/4/21,10:02:00,Hoje_A_14,Lestes_sponsa,Mature,0,Gynochrome,0,0,40,2021,NA,NA
7/4/21,10:02:00,Hoje_A_14,Lestes_sponsa,Teneral,0,,0,0,40,2021,NA,NA
7/4/21,10:02:00,Hoje_A_14,Lestes_sponsa,Mature,0,Gynochrome,0,0,40,2021,NA,NA
7/4/21,10:02:00,Hoje_A_14,Lestes_sponsa,Immature,1,,0,0,40,2021,NA,NA
7/4/21,10:02:00,Hoje_A_14,Lestes_sponsa,Immature,1,,0,0,40,2021,NA,NA
7/4/21,10:02:00,Hoje_A_14,Lestes_sponsa,Mature,0,Gynochrome,0,0,40,2021,NA,NA
7/4/21,10:02:00,Hoje_A_14,Lestes_sponsa,Immature,0,Gynochrome,0,0,40,2021,NA,NA
7/4/21,10:02:00,Hoje_A_14,Lestes_sponsa,Immature,0,Gynochrome,0,0,40,2021,NA,NA
7/4/21,10:02:00,Hoje_A_14,Enallagma_cyathigerum,Mature,1,,0,2,40,2021,NA,NA
7/4/21,10:02:00,Hoje_A_14,Lestes_sponsa,Immature,0,Gynochrome,0,0,40,2021,NA,NA
7/4/21,10:02:00,Hoje_A_14,Lestes_sponsa,Immature,1,,0,0,40,2021,NA,NA
7/4/21,10:02:00,Hoje_A_14,Lestes_sponsa,Immature,0,Gynochrome,0,0,40,2021,NA,NA
7/4/21,10:02:00,Hoje_A_14,Coenagrion_pulchellum,Mature,1,,0,0,40,2021,NA,NA
7/4/21,10:02:00,Hoje_A_14,Lestes_sponsa,Mature,1,,0,0,40,2021,NA,NA
7/4/21,10:02:00,Hoje_A_14,Lestes_sponsa,Immature,1,,0,0,40,2021,NA,NA
7/4/21,10:02:00,Hoje_A_14,Lestes_sponsa,Immature,0,Gynochrome,0,0,40,2021,NA,NA
7/4/21,10:02:00,Hoje_A_14,Lestes_sponsa,Immature,1,,0,0,40,2021,NA,NA
7/4/21,10:02:00,Hoje_A_14,Coenagrion_pulchellum,Mature,1,,0,0,40,2021,NA,NA
7/4/21,10:02:00,Hoje_A_14,Lestes_sponsa,Mature,1,,0,0,40,2021,NA,NA
7/4/21,10:02:00,Hoje_A_14,Enallagma_cyathigerum,Mature,1,,0,0,40,2021,NA,NA
7/4/21,10:02:00,Hoje_A_14,Enallagma_cyathigerum,Immature,1,,0,5,40,2021,NA,NA
7/4/21,10:02:00,Hoje_A_14,Lestes_sponsa,Immature,1,,0,0,40,2021,NA,NA
7/4/21,10:02:00,Hoje_A_14,Lestes_sponsa,Immature,1,,0,0,40,2021,NA,NA
7/4/21,10:02:00,Hoje_A_14,Erythromma_viridulum,Immature,1,,0,7,40,2021,NA,NA
7/4/21,10:02:00,Hoje_A_14,Coenagrion_pulchellum,Immature,1,,0,0,40,2021,NA,NA
7/4/21,10:02:00,Hoje_A_14,Enallagma_cyathigerum,Mature,1,,0,0,40,2021,NA,NA
7/4/21,10:02:00,Hoje_A_14,Lestes_sponsa,Immature,1,,0,0,40,2021,NA,NA
7/4/21,10:02:00,Hoje_A_14,Lestes_sponsa,Immature,1,,0,0,40,2021,NA,NA
7/4/21,10:02:00,Hoje_A_14,Lestes_sponsa,Immature,1,,0,0,40,2021,NA,NA
7/4/21,10:02:00,Hoje_A_14,Coenagrion_pulchellum,Mature,1,,0,0,40,2021,NA,NA
7/4/21,10:02:00,Hoje_A_14,Lestes_sponsa,Mature,1,,0,0,40,2021,NA,NA
7/4/21,10:02:00,Hoje_A_14,Lestes_sponsa,Immature,0,,0,0,40,2021,NA,NA
7/4/21,10:02:00,Hoje_A_14,Coenagrion_pulchellum,Immature,1,,0,0,40,2021,NA,NA
7/4/21,10:02:00,Hoje_A_14,Lestes_sponsa,Immature,1,,0,0,40,2021,NA,NA
7/4/21,10:02:00,Hoje_A_14,Lestes_sponsa,Mature,1,,0,0,40,2021,NA,NA
7/4/21,10:02:00,Hoje_A_14,Coenagrion_pulchellum,Immature,1,,0,13,40,2021,NA,NA
7/4/21,10:02:00,Hoje_A_14,Lestes_sponsa,Immature,0,Gynochrome,0,0,40,2021,NA,NA
7/4/21,10:02:00,Hoje_A_14,Enallagma_cyathigerum,Mature,1,,0,0,40,2021,NA,NA
7/4/21,10:02:00,Hoje_A_14,Lestes_sponsa,Immature,1,,0,0,40,2021,NA,NA
7/4/21,10:02:00,Hoje_A_14,Lestes_sponsa,Immature,1,,0,0,40,2021,NA,NA
7/4/21,10:02:00,Hoje_A_14,Lestes_sponsa,Immature,0,Gynochrome,0,0,40,2021,NA,NA
7/4/21,10:02:00,Hoje_A_14,Lestes_sponsa,Immature,0,Gynochrome,0,0,40,2021,NA,NA
7/4/21,10:02:00,Hoje_A_14,Coenagrion_pulchellum,Immature,1,,0,0,40,2021,NA,NA
7/4/21,10:02:00,Hoje_A_14,Enallagma_cyathigerum,Mature,1,,0,0,40,2021,NA,NA
7/4/21,10:02:00,Hoje_A_14,Enallagma_cyathigerum,Mature,1,,0,0,40,2021,NA,NA
7/4/21,10:02:00,Hoje_A_14,Lestes_sponsa,Immature,1,,0,0,40,2021,NA,NA
7/4/21,10:02:00,Hoje_A_14,Lestes_sponsa,Immature,1,,0,0,40,2021,NA,NA
7/4/21,10:02:00,Hoje_A_14,Enallagma_cyathigerum,Mature,1,,0,1,40,2021,NA,NA
7/4/21,10:02:00,Hoje_A_14,Lestes_sponsa,Immature,1,,0,0,40,2021,NA,NA
7/4/21,10:02:00,Hoje_A_14,Enallagma_cyathigerum,Mature,1,,0,0,40,2021,NA,NA
7/4/21,10:02:00,Hoje_A_14,Lestes_sponsa,Mature,1,,0,0,40,2021,NA,NA
7/4/21,10:02:00,Hoje_A_14,Lestes_sponsa,Immature,1,,0,0,40,2021,NA,NA
7/4/21,10:02:00,Hoje_A_14,Lestes_sponsa,Immature,0,Gynochrome,0,0,40,2021,NA,NA
7/4/21,10:02:00,Hoje_A_14,Lestes_sponsa,Mature,1,,0,0,40,2021,NA,NA
7/4/21,10:02:00,Hoje_A_14,Lestes_sponsa,Mature,1,,0,0,40,2021,NA,NA
7/4/21,10:02:00,Hoje_A_14,Enallagma_cyathigerum,Immature,1,,0,0,40,2021,NA,NA
7/4/21,10:02:00,Hoje_A_14,Enallagma_cyathigerum,Mature,1,,0,4,40,2021,NA,NA
7/4/21,10:02:00,Hoje_A_14,Coenagrion_pulchellum,Mature,1,,0,0,40,2021,NA,NA
7/4/21,10:02:00,Hoje_A_14,Lestes_sponsa,Teneral,0,,0,0,40,2021,NA,NA
7/4/21,10:02:00,Hoje_A_14,Enallagma_cyathigerum,Mature,1,,0,0,40,2021,NA,NA
7/4/21,10:02:00,Hoje_A_14,Lestes_sponsa,Immature,0,Gynochrome,0,0,40,2021,NA,NA
7/4/21,10:02:00,Hoje_A_14,Lestes_sponsa,Teneral,1,,0,0,40,2021,NA,NA
7/4/21,10:02:00,Hoje_A_14,Lestes_sponsa,Teneral,0,,0,0,40,2021,NA,NA
7/4/21,10:02:00,Hoje_A_6,Coenagrion_puella,Mature,1,,1,0,40,2021,NA,NA
7/4/21,10:02:00,Hoje_A_6,Coenagrion_puella,Mature,0,Gynochrome,1,52,40,2021,NA,NA
7/4/21,10:02:00,Hoje_A_6,Enallagma_cyathigerum,Mature,1,,0,0,40,2021,NA,NA
7/4/21,10:02:00,Hoje_A_6,Enallagma_cyathigerum,Mature,1,,0,0,40,2021,NA,NA
7/4/21,10:02:00,Hoje_A_6,Lestes_sponsa,Immature,0,Gynochrome,0,0,40,2021,NA,NA
7/4/21,10:02:00,Hoje_A_6,Enallagma_cyathigerum,Mature,1,,0,0,40,2021,NA,NA
7/4/21,10:02:00,Hoje_A_6,Enallagma_cyathigerum,Mature,1,,0,3,40,2021,NA,NA
7/4/21,10:02:00,Hoje_A_6,Enallagma_cyathigerum,Mature,1,,0,1,40,2021,NA,NA
7/4/21,10:02:00,Hoje_A_6,Enallagma_cyathigerum,Mature,1,,0,0,40,2021,NA,NA
7/4/21,10:02:00,Hoje_A_6,Coenagrion_puella,Mature,1,,0,0,40,2021,NA,NA
7/4/21,10:02:00,Hoje_A_6,Enallagma_cyathigerum,Mature,1,,0,2,40,2021,NA,NA
7/4/21,10:02:00,Hoje_A_6,Enallagma_cyathigerum,Immature,1,,0,0,40,2021,NA,NA
7/4/21,10:02:00,Hoje_A_6,Enallagma_cyathigerum,Mature,1,,0,5,40,2021,NA,NA
7/4/21,10:02:00,Hoje_A_6,Enallagma_cyathigerum,Mature,1,,0,1,40,2021,NA,NA
7/4/21,10:02:00,Hoje_A_6,Lestes_sponsa,Teneral,0,,0,0,40,2021,NA,NA
7/4/21,10:02:00,Hoje_A_6,Lestes_sponsa,Mature,0,Gynochrome,0,18,40,2021,NA,NA
7/4/21,10:02:00,Hoje_A_6,Lestes_sponsa,Teneral,0,,0,0,40,2021,NA,NA
7/4/21,10:02:00,Hoje_A_6,Enallagma_cyathigerum,Mature,1,,0,5,40,2021,NA,NA
7/4/21,10:02:00,Hoje_A_6,Enallagma_cyathigerum,Mature,1,,0,0,40,2021,NA,NA
7/4/21,10:02:00,Hoje_A_6,Enallagma_cyathigerum,Mature,1,,0,1,40,2021,NA,NA
7/4/21,10:02:00,Hoje_A_6,Enallagma_cyathigerum,Mature,1,,0,0,40,2021,NA,NA
7/4/21,10:02:00,Hoje_A_6,Lestes_sponsa,Teneral,0,,0,48,40,2021,NA,NA
7/4/21,10:02:00,Hoje_A_6,Coenagrion_pulchellum,Mature,1,,0,0,40,2021,NA,NA
7/4/21,10:02:00,Hoje_A_6,Enallagma_cyathigerum,Mature,1,,0,8,40,2021,NA,NA
7/4/21,10:02:00,Hoje_A_6,Enallagma_cyathigerum,Mature,1,,0,0,40,2021,NA,NA
7/4/21,10:02:00,Hoje_A_6,Coenagrion_puella,Mature,1,,0,0,40,2021,NA,NA
7/4/21,10:02:00,Hoje_A_6,Enallagma_cyathigerum,Mature,1,,0,11,40,2021,NA,NA
7/4/21,10:02:00,Hoje_A_6,Lestes_sponsa,Mature,0,Gynochrome,0,0,40,2021,NA,NA
7/4/21,10:02:00,Hoje_A_6,Enallagma_cyathigerum,Mature,1,,0,2,40,2021,NA,NA
7/4/21,10:02:00,Hoje_A_6,Lestes_sponsa,Mature,0,Gynochrome,0,65,40,2021,NA,NA
7/4/21,10:02:00,Hoje_A_6,Enallagma_cyathigerum,Immature,1,,0,37,40,2021,NA,NA
7/4/21,10:02:00,Hoje_A_6,Coenagrion_pulchellum,Mature,0,Gynochrome,0,1,40,2021,NA,NA
7/4/21,10:02:00,Hoje_A_6,Enallagma_cyathigerum,Mature,1,,0,0,40,2021,NA,NA
7/4/21,10:02:00,Hoje_A_6,Enallagma_cyathigerum,Mature,1,,0,1,40,2021,NA,NA
7/4/21,10:02:00,Hoje_A_6,Coenagrion_puella,Mature,1,,0,7,40,2021,NA,NA
7/4/21,10:02:00,Hoje_A_6,Enallagma_cyathigerum,Immature,1,,0,0,40,2021,NA,NA
7/4/21,10:02:00,Hoje_A_6,Coenagrion_pulchellum,Mature,1,,0,4,40,2021,NA,NA
7/4/21,10:02:00,Hoje_A_6,Coenagrion_puella,Mature,1,,0,0,40,2021,NA,NA
7/4/21,10:02:00,Hoje_A_6,Enallagma_cyathigerum,Mature,1,,0,0,40,2021,NA,NA
7/4/21,10:02:00,Hoje_A_6,Enallagma_cyathigerum,Mature,1,,0,4,40,2021,NA,NA
7/4/21,10:02:00,Hoje_A_6,Coenagrion_pulchellum,Mature,1,,0,0,40,2021,NA,NA
7/4/21,10:02:00,Hoje_A_6,Enallagma_cyathigerum,Teneral,0,,0,0,40,2021,NA,NA
7/4/21,10:02:00,Hoje_A_6,Coenagrion_pulchellum,Immature,1,,0,10,40,2021,NA,NA
7/4/21,10:02:00,Hoje_A_6,Sympetrum_sanguineum,Immature,0,Gynochrome,0,0,40,2021,NA,NA
7/4/21,10:02:00,Hoje_A_6,Sympetrum_sanguineum,Immature,1,,0,NA,40,2021,NA,NA
7/4/21,10:02:00,Hoje_A_6,Sympetrum_sanguineum,Immature,1,,0,NA,40,2021,NA,NA
7/4/21,10:02:00,Hoje_A_6,Sympetrum_sanguineum,Immature,1,,0,NA,40,2021,NA,NA
7/4/21,10:02:00,Hoje_A_6,Sympetrum_sanguineum,Immature,1,,0,NA,40,2021,NA,NA
7/4/21,10:02:00,Hoje_A_6,Sympetrum_sanguineum,Immature,1,,0,NA,40,2021,NA,NA
7/4/21,10:02:00,Hoje_A_6,Sympetrum_sanguineum,Immature,1,,0,NA,40,2021,NA,NA
7/4/21,10:02:00,Hoje_A_6,Sympetrum_sanguineum,Immature,1,,0,NA,40,2021,NA,NA
7/4/21,10:02:00,Hoje_A_6,Sympetrum_sanguineum,Immature,1,,0,NA,40,2021,NA,NA
7/4/21,10:02:00,Flyinge_30_A1,Calopteryx_splendens,Immature,1,,0,0,40,2021,NA,NA
7/4/21,10:02:00,Flyinge_30_A1,Calopteryx_splendens,Immature,1,,0,0,40,2021,NA,NA
7/4/21,10:02:00,Flyinge_30_A1,Coenagrion_pulchellum,Mature,1,,0,0,40,2021,NA,NA
7/4/21,10:02:00,Flyinge_30_A1,Coenagrion_pulchellum,Immature,0,Gynochrome,0,1,40,2021,NA,NA
7/4/21,10:02:00,Flyinge_30_A1,Coenagrion_pulchellum,Mature,1,,0,0,40,2021,NA,NA
7/4/21,10:02:00,Flyinge_30_A1,Platycnemis_pennipes,Immature,0,Gynochrome,0,1,40,2021,NA,NA
7/4/21,10:02:00,Flyinge_30_A1,Coenagrion_pulchellum,Mature,1,,0,NA,40,2021,NA,NA
7/4/21,10:02:00,Flyinge_30_A1,Platycnemis_pennipes,Mature,1,,0,1,40,2021,NA,NA
7/4/21,10:02:00,Flyinge_30_A1,Coenagrion_pulchellum,Mature,1,,0,0,40,2021,NA,NA
7/4/21,10:02:00,Flyinge_30_A1,Coenagrion_pulchellum,Mature,1,,0,0,40,2021,NA,NA
7/4/21,10:02:00,Flyinge_30_A1,Coenagrion_pulchellum,Mature,1,,0,0,40,2021,NA,NA
7/4/21,10:02:00,Flyinge_30_A1,Platycnemis_pennipes,Mature,1,,0,1,40,2021,NA,NA
7/4/21,10:02:00,Flyinge_30_A1,Platycnemis_pennipes,Mature,1,,0,1,40,2021,NA,NA
7/4/21,10:02:00,Flyinge_30_A1,Coenagrion_puella,Mature,1,,0,0,40,2021,NA,NA
7/4/21,10:02:00,Flyinge_30_A1,Platycnemis_pennipes,Mature,1,,0,3,40,2021,NA,NA
7/4/21,10:02:00,Flyinge_30_A1,Coenagrion_pulchellum,Mature,1,,0,0,40,2021,NA,NA
7/4/21,10:02:00,Flyinge_30_A1,Coenagrion_pulchellum,Mature,1,,0,0,40,2021,NA,NA
7/4/21,10:02:00,Flyinge_30_A1,Coenagrion_pulchellum,Mature,1,,0,2,40,2021,NA,NA
7/4/21,10:02:00,Flyinge_30_A1,Coenagrion_pulchellum,Mature,1,,0,0,40,2021,NA,NA
7/4/21,10:02:00,Flyinge_30_A1,Coenagrion_pulchellum,Mature,1,,0,0,40,2021,NA,NA
7/4/21,10:02:00,Flyinge_30_A1,Erythromma_najas,Mature,0,Gynochrome,0,2,40,2021,NA,NA
7/4/21,10:02:00,Flyinge_30_A1,Coenagrion_pulchellum,Mature,0,Gynochrome,0,0,40,2021,NA,NA
7/4/21,10:02:00,Flyinge_30_A1,Coenagrion_pulchellum,Immature,1,,0,8,40,2021,NA,NA
7/4/21,10:02:00,Flyinge_30_A1,Platycnemis_pennipes,Mature,1,,0,0,40,2021,NA,NA
7/4/21,10:02:00,Flyinge_30_A1,Coenagrion_pulchellum,Mature,1,,0,8,40,2021,NA,NA
7/4/21,10:02:00,Flyinge_30_A1,Calopteryx_splendens,Mature,1,,0,NA,40,2021,NA,NA
7/4/21,10:02:00,Flyinge_30_A1,Calopteryx_splendens,Mature,1,,0,NA,40,2021,NA,NA
7/4/21,10:02:00,Flyinge_30_A1,Calopteryx_splendens,Mature,1,,0,NA,40,2021,NA,NA
7/4/21,10:02:00,Flyinge_30_A1,Calopteryx_splendens,Mature,1,,0,NA,40,2021,NA,NA
7/4/21,10:02:00,Flyinge_30_A1,Calopteryx_splendens,Mature,1,,0,NA,40,2021,NA,NA
7/4/21,10:02:00,Flyinge_30_A1,Calopteryx_splendens,Mature,1,,0,NA,40,2021,NA,NA
7/4/21,10:02:00,Flyinge_30_A1,Calopteryx_splendens,Mature,1,,0,NA,40,2021,NA,NA
7/4/21,10:02:00,Flyinge_30_A1,Calopteryx_splendens,Mature,1,,0,NA,40,2021,NA,NA
7/4/21,10:02:00,Flyinge_30_A1,Calopteryx_splendens,Mature,1,,0,NA,40,2021,NA,NA
7/4/21,10:02:00,Flyinge_30_A1,Calopteryx_splendens,Mature,1,,0,NA,40,2021,NA,NA
7/4/21,10:02:00,Flyinge_30_A1,Calopteryx_splendens,Mature,1,,0,NA,40,2021,NA,NA
7/4/21,10:02:00,Flyinge_30_A1,Calopteryx_splendens,Mature,1,,0,NA,40,2021,NA,NA
7/4/21,10:02:00,Flyinge_30_A1,Calopteryx_splendens,Mature,1,,0,NA,40,2021,NA,NA
7/4/21,10:02:00,Flyinge_30_A1,Calopteryx_splendens,Mature,1,,0,NA,40,2021,NA,NA
7/4/21,10:02:00,Flyinge_30_A1,Calopteryx_splendens,Mature,1,,0,NA,40,2021,NA,NA
7/4/21,10:02:00,Flyinge_30_A1,Calopteryx_splendens,Mature,1,,0,NA,40,2021,NA,NA
7/4/21,10:02:00,Flyinge_30_A1,Calopteryx_splendens,Mature,1,,0,NA,40,2021,NA,NA
7/4/21,10:02:00,Flyinge_30_A1,Calopteryx_splendens,Mature,1,,0,NA,40,2021,NA,NA
7/4/21,10:02:00,Flyinge_30_A1,Calopteryx_splendens,Mature,1,,0,NA,40,2021,NA,NA
7/4/21,10:02:00,Flyinge_30_A1,Calopteryx_splendens,Mature,1,,0,NA,40,2021,NA,NA
7/4/21,10:02:00,Flyinge_30_A1,Calopteryx_splendens,NA,1,,0,NA,40,2021,NA,NA
7/4/21,10:02:00,Flyinge_30_A1,Calopteryx_splendens,NA,1,,0,NA,40,2021,NA,NA
7/4/21,10:02:00,Flyinge_30_A1,Calopteryx_splendens,NA,1,,0,NA,40,2021,NA,NA
7/4/21,10:02:00,Flyinge_30_A1,Calopteryx_splendens,NA,1,,0,NA,40,2021,NA,NA
7/4/21,10:02:00,Flyinge_30_A1,Calopteryx_splendens,NA,1,,0,NA,40,2021,NA,NA
7/4/21,10:02:00,Flyinge_30_A1,Calopteryx_splendens,NA,1,,0,NA,40,2021,NA,NA
7/4/21,10:02:00,Flyinge_30_A1,Calopteryx_splendens,NA,1,,0,NA,40,2021,NA,NA
7/4/21,10:02:00,Flyinge_30_A1,Calopteryx_splendens,NA,1,,0,NA,40,2021,NA,NA
7/4/21,10:02:00,Flyinge_30_A1,Calopteryx_splendens,NA,1,,0,NA,40,2021,NA,NA
7/4/21,10:02:00,Flyinge_30_A1,Calopteryx_splendens,NA,1,,0,NA,40,2021,NA,NA
7/4/21,10:02:00,Flyinge_30_A3,Coenagrion_pulchellum,Mature,1,,1,0,40,2021,NA,NA
7/4/21,10:02:00,Flyinge_30_A3,Coenagrion_pulchellum,Mature,0,Gynochrome,1,2,40,2021,NA,NA
7/4/21,10:02:00,Flyinge_30_A3,Coenagrion_pulchellum,Mature,1,,0,0,40,2021,NA,NA
7/4/21,10:02:00,Flyinge_30_A3,Enallagma_cyathigerum,Mature,1,,0,0,40,2021,NA,NA
7/4/21,10:02:00,Flyinge_30_A3,Enallagma_cyathigerum,Mature,1,,0,0,40,2021,NA,NA
7/4/21,10:02:00,Flyinge_30_A3,Coenagrion_pulchellum,Mature,1,,0,0,40,2021,NA,NA
7/4/21,10:02:00,Flyinge_30_A3,Coenagrion_pulchellum,Mature,1,,0,0,40,2021,NA,NA
7/4/21,10:02:00,Flyinge_30_A3,Coenagrion_pulchellum,Mature,1,,0,0,40,2021,NA,NA
7/4/21,10:02:00,Flyinge_30_A3,Coenagrion_pulchellum,Mature,1,,0,2,40,2021,NA,NA
7/4/21,10:02:00,Flyinge_30_A3,Coenagrion_pulchellum,Mature,1,,0,NA,40,2021,NA,NA
7/4/21,10:02:00,Flyinge_30_A3,Coenagrion_pulchellum,Mature,1,,0,NA,40,2021,NA,NA
7/4/21,10:02:00,Flyinge_30_A3,Platycnemis_pennipes,Mature,1,,0,0,40,2021,NA,NA
7/4/21,10:02:00,Flyinge_30_A3,Coenagrion_pulchellum,Mature,1,,0,0,40,2021,NA,NA
7/4/21,10:02:00,Flyinge_30_A3,Coenagrion_pulchellum,Immature,0,,0,1,40,2021,NA,NA
7/4/21,10:02:00,Flyinge_30_A3,Coenagrion_pulchellum,Mature,1,,0,1,40,2021,NA,NA
7/4/21,10:02:00,Flyinge_30_A3,Coenagrion_pulchellum,Mature,1,,0,0,40,2021,NA,NA
7/4/21,10:02:00,Flyinge_30_A3,Coenagrion_pulchellum,Mature,1,,0,0,40,2021,NA,NA
7/4/21,10:02:00,Flyinge_30_A3,Brachytron_pratense,Mature,1,,0,NA,40,2021,NA,NA
7/4/21,10:02:00,Flyinge_30_A3,Orthetrum_cancellatum,Mature,1,,0,NA,40,2021,NA,NA
7/4/21,10:02:00,Flyinge_30_A3,Aeshna_isoceles,Mature,1,,0,NA,40,2021,NA,NA
7/4/21,10:02:00,Flyinge_30_A3,Calopteryx_splendens,Mature,1,,0,NA,40,2021,NA,NA
7/4/21,10:02:00,Flyinge_30_A3,Calopteryx_splendens,Mature,1,,0,NA,40,2021,NA,NA
7/4/21,10:02:00,Flyinge_30_A3,Calopteryx_splendens,Mature,1,,0,NA,40,2021,NA,NA
7/4/21,10:02:00,Flyinge_30_A3,Calopteryx_splendens,Mature,1,,0,NA,40,2021,NA,NA
7/4/21,10:02:00,Flyinge_30_A3,Calopteryx_splendens,Mature,1,,0,NA,40,2021,NA,NA
7/5/21,11:48:00,Genarp,Anax_imperator,Mature,1,,0,NA,40,2021,NA,NA
7/5/21,11:48:00,Genarp,Anax_imperator,Mature,1,,0,NA,40,2021,NA,NA
7/5/21,11:48:00,Genarp,Orthetrum_cancellatum,Mature,1,,0,NA,40,2021,NA,NA
7/5/21,11:48:00,Genarp,Orthetrum_cancellatum,Mature,1,,0,NA,40,2021,NA,NA
7/5/21,11:48:00,Genarp,Orthetrum_cancellatum,Mature,1,,0,NA,40,2021,NA,NA
7/5/21,11:48:00,Genarp,Orthetrum_cancellatum,Mature,1,,0,NA,40,2021,NA,NA
7/5/21,11:48:00,Genarp,Calopteryx_virgo,Mature,0,,0,0,40,2021,NA,NA
7/5/21,11:48:00,Genarp,Coenagrion_pulchellum,Mature,1,,1,0,40,2021,NA,NA
7/5/21,11:48:00,Genarp,Coenagrion_pulchellum,Mature,0,Gynochrome,1,0,40,2021,NA,NA
7/5/21,11:48:00,Genarp,Enallagma_cyathigerum,Mature,0,Gynochrome,0,0,40,2021,NA,NA
7/5/21,11:48:00,Genarp,Coenagrion_puella,Mature,1,,0,0,40,2021,NA,NA
7/5/21,11:48:00,Genarp,Coenagrion_pulchellum,Immature,0,Gynochrome,0,7,40,2021,NA,NA
7/5/21,11:48:00,Genarp,Enallagma_cyathigerum,Mature,1,,0,0,40,2021,NA,NA
7/5/21,11:48:00,Genarp,Coenagrion_pulchellum,Mature,1,,0,0,40,2021,NA,NA
7/5/21,11:48:00,Genarp,Coenagrion_puella,Mature,1,,0,0,40,2021,NA,NA
7/5/21,11:48:00,Genarp,Coenagrion_pulchellum,Mature,1,,0,0,40,2021,NA,NA
7/5/21,11:48:00,Genarp,Coenagrion_pulchellum,Mature,1,,0,0,40,2021,NA,NA
7/5/21,11:48:00,Genarp,Coenagrion_pulchellum,Immature,1,,0,0,40,2021,NA,NA
7/5/21,11:48:00,Genarp,Coenagrion_pulchellum,Mature,1,,0,0,40,2021,NA,NA
7/5/21,11:48:00,Genarp,Sympetrum_sanguineum,Immature,0,,0,0,40,2021,NA,NA
7/5/21,11:48:00,Genarp,Coenagrion_pulchellum,Mature,1,,0,0,40,2021,NA,NA
7/5/21,11:48:00,Genarp,Coenagrion_pulchellum,Mature,1,,0,1,40,2021,NA,NA
7/5/21,11:48:00,Genarp,Sympetrum_sanguineum,Immature,1,,0,0,40,2021,NA,NA
7/8/21,10:06:00,IKEA,Anax_imperator,Immature,1,,0,NA,60,2021,NA,NA
7/8/21,10:06:00,IKEA,Sympetrum_striolatum,Teneral,1,,0,0,60,2021,NA,NA
7/8/21,10:06:00,IKEA,Lestes_sponsa,Mature,1,,0,0,60,2021,NA,NA
7/8/21,11:01:00,Bunkeflostrand,Anax_imperator,Mature,1,,0,NA,60,2021,NA,NA
7/8/21,11:01:00,Bunkeflostrand,Anax_imperator,Mature,1,,0,NA,60,2021,NA,NA
7/8/21,11:01:00,Bunkeflostrand,Anax_imperator,Mature,1,,0,NA,60,2021,NA,NA
7/8/21,11:01:00,Bunkeflostrand,Orthetrum_cancellatum,Mature,1,,0,NA,60,2021,NA,NA
7/8/21,11:01:00,Bunkeflostrand,Libellula_quadrimaculata,Mature,,,0,NA,60,2021,NA,NA
7/8/21,11:01:00,Bunkeflostrand,Libellula_quadrimaculata,Mature,,,0,NA,60,2021,NA,NA
7/8/21,11:01:00,Bunkeflostrand,Libellula_quadrimaculata,Mature,,,0,NA,60,2021,NA,NA
7/8/21,11:01:00,Bunkeflostrand,Orthetrum_coerulescens,Mature,1,,0,NA,60,2021,NA,NA
7/8/21,11:01:00,Bunkeflostrand,Orthetrum_coerulescens,Mature,1,,0,NA,60,2021,NA,NA
7/8/21,11:01:00,Bunkeflostrand,Orthetrum_coerulescens,Mature,1,,0,NA,60,2021,NA,NA
7/8/21,11:01:00,Bunkeflostrand,Orthetrum_coerulescens,Mature,1,,0,NA,60,2021,NA,NA
7/8/21,11:01:00,Bunkeflostrand,Orthetrum_coerulescens,Mature,1,,0,NA,60,2021,NA,NA
7/8/21,11:01:00,Bunkeflostrand,Orthetrum_coerulescens,Mature,1,,0,NA,60,2021,NA,NA
7/8/21,11:01:00,Bunkeflostrand,Orthetrum_coerulescens,Mature,1,,0,NA,60,2021,NA,NA
7/8/21,11:01:00,Bunkeflostrand,Orthetrum_coerulescens,Mature,1,,0,NA,60,2021,NA,NA
7/8/21,11:01:00,Bunkeflostrand,Orthetrum_coerulescens,Mature,1,,0,NA,60,2021,NA,NA
7/8/21,11:01:00,Bunkeflostrand,Orthetrum_coerulescens,Mature,1,,0,NA,60,2021,NA,NA
7/8/21,11:01:00,Bunkeflostrand,Orthetrum_coerulescens,Mature,1,,1,NA,60,2021,NA,NA
7/8/21,11:01:00,Bunkeflostrand,Orthetrum_coerulescens,Mature,1,,1,NA,60,2021,NA,NA
7/8/21,11:01:00,Bunkeflostrand,Orthetrum_coerulescens,Mature,0,Gynochrome,1,NA,60,2021,NA,NA
7/8/21,11:01:00,Bunkeflostrand,Orthetrum_coerulescens,Mature,0,Gynochrome,1,NA,60,2021,NA,NA
7/8/21,11:01:00,Bunkeflostrand,Sympetrum_striolatum,Immature,0,Gynochrome,0,0,60,2021,NA,NA
7/8/21,11:01:00,Bunkeflostrand,Orthetrum_coerulescens,Mature,1,,0,0,60,2021,NA,NA
7/8/21,11:01:00,Bunkeflostrand,Ischnura_pumilio,Mature,0,Gynochrome,0,0,60,2021,NA,NA
7/8/21,11:01:00,Bunkeflostrand,Orthetrum_coerulescens,Mature,1,,0,0,60,2021,NA,NA
7/8/21,11:01:00,Bunkeflostrand,Sympetrum_striolatum,Teneral,1,,0,0,60,2021,NA,NA
7/8/21,11:01:00,Bunkeflostrand,Orthetrum_coerulescens,Teneral,0,,0,0,60,2021,NA,NA
7/8/21,11:01:00,Bunkeflostrand,Enallagma_cyathigerum,Mature,0,Gynochrome,1,0,60,2021,NA,NA
7/8/21,11:01:00,Bunkeflostrand,Orthetrum_coerulescens,Mature,1,,0,0,60,2021,NA,NA
7/8/21,11:01:00,Bunkeflostrand,Enallagma_cyathigerum,Mature,1,,1,0,60,2021,NA,NA
7/8/21,11:01:00,Bunkeflostrand,Ischnura_pumilio,Immature,1,,0,0,60,2021,NA,NA
7/8/21,11:01:00,Bunkeflostrand,Coenagrion_pulchellum,Mature,1,,0,0,60,2021,NA,NA
7/8/21,11:01:00,Bunkeflostrand,Ischnura_pumilio,Mature,1,,0,0,60,2021,NA,NA
7/8/21,11:01:00,Bunkeflostrand,Coenagrion_pulchellum,Mature,1,,0,0,60,2021,NA,NA
7/8/21,11:01:00,Bunkeflostrand,Coenagrion_pulchellum,Mature,1,,0,0,60,2021,NA,NA
7/8/21,11:01:00,Bunkeflostrand,Coenagrion_pulchellum,Mature,1,,0,0,60,2021,NA,NA
7/8/21,11:01:00,Borgeby,Libellula_depressa,Mature,1,,1,0,40,2021,NA,NA
7/8/21,11:01:00,Borgeby,Libellula_depressa,Mature,0,Androchrome,1,0,40,2021,NA,NA
7/8/21,11:01:00,Borgeby,Enallagma_cyathigerum,Mature,0,Gynochrome,1,0,40,2021,NA,NA
7/8/21,11:01:00,Borgeby,Enallagma_cyathigerum,Mature,1,,1,0,40,2021,NA,NA
7/8/21,11:01:00,Borgeby,Enallagma_cyathigerum,Mature,1,,0,4,40,2021,NA,NA
7/8/21,11:01:00,Borgeby,Lestes_sponsa,Mature,1,,0,0,40,2021,NA,NA
7/8/21,11:01:00,Borgeby,Lestes_sponsa,Mature,1,,0,0,40,2021,NA,NA
7/8/21,11:01:00,Borgeby,Lestes_sponsa,Mature,0,Gynochrome,0,0,40,2021,NA,NA
7/8/21,11:01:00,Borgeby,Enallagma_cyathigerum,Mature,1,,0,3,40,2021,NA,NA
7/8/21,11:01:00,Borgeby,Lestes_sponsa,Mature,1,,0,0,40,2021,NA,NA
7/8/21,11:01:00,Borgeby,Lestes_sponsa,Mature,1,,0,0,40,2021,NA,NA
7/8/21,11:01:00,Borgeby,Enallagma_cyathigerum,Mature,1,,0,0,40,2021,NA,NA
7/8/21,11:01:00,Borgeby,Lestes_sponsa,Mature,1,,0,0,40,2021,NA,NA
7/8/21,11:01:00,Borgeby,Enallagma_cyathigerum,Mature,1,,0,0,40,2021,NA,NA
7/8/21,11:01:00,Borgeby,Lestes_sponsa,Mature,1,,0,0,40,2021,NA,NA
7/8/21,11:01:00,Borgeby,Lestes_sponsa,Mature,1,,0,0,40,2021,NA,NA
7/8/21,11:01:00,Borgeby,Enallagma_cyathigerum,Mature,1,,0,1,40,2021,NA,NA
7/8/21,11:01:00,Borgeby,Lestes_sponsa,Mature,1,,0,0,40,2021,NA,NA
7/8/21,11:01:00,Borgeby,Lestes_sponsa,Mature,1,,0,0,40,2021,NA,NA
7/8/21,11:01:00,Borgeby,Coenagrion_pulchellum,Mature,1,,0,0,40,2021,NA,NA
7/8/21,11:01:00,Borgeby,Coenagrion_pulchellum,Mature,1,,0,0,40,2021,NA,NA
7/8/21,11:01:00,Borgeby,Lestes_sponsa,Mature,1,,0,0,40,2021,NA,NA
7/8/21,11:01:00,Borgeby,Enallagma_cyathigerum,Mature,1,,0,0,40,2021,NA,NA
7/8/21,11:01:00,Borgeby,Lestes_sponsa,Mature,1,,0,0,40,2021,NA,NA
7/8/21,11:01:00,Borgeby,Lestes_sponsa,Mature,1,,0,0,40,2021,NA,NA
7/8/21,11:01:00,Borgeby,Lestes_sponsa,Mature,1,,0,0,40,2021,NA,NA
7/8/21,11:01:00,Borgeby,Lestes_sponsa,Immature,1,,0,0,40,2021,NA,NA
7/8/21,11:01:00,Borgeby,Enallagma_cyathigerum,Mature,1,,0,0,40,2021,NA,NA
7/8/21,11:01:00,Borgeby,Enallagma_cyathigerum,Mature,1,,0,0,40,2021,NA,NA
7/8/21,11:01:00,Borgeby,Lestes_sponsa,Mature,1,,0,0,40,2021,NA,NA
7/8/21,11:01:00,Borgeby,Lestes_sponsa,Immature,1,,0,0,40,2021,NA,NA
7/8/21,11:01:00,Borgeby,Enallagma_cyathigerum,Mature,1,,0,0,40,2021,NA,NA
7/8/21,11:01:00,Borgeby,Lestes_sponsa,Mature,1,,0,0,40,2021,NA,NA
7/8/21,11:01:00,Borgeby,Lestes_sponsa,Mature,1,,0,0,40,2021,NA,NA
7/8/21,11:01:00,Borgeby,Enallagma_cyathigerum,Mature,1,,0,0,40,2021,NA,NA
7/8/21,11:01:00,Borgeby,Sympetrum_spp,Immature,1,,0,NA,40,2021,NA,NA
7/8/21,11:01:00,Borgeby,Sympetrum_spp,Immature,1,,0,NA,40,2021,NA,NA
7/8/21,11:01:00,Borgeby,Sympetrum_spp,Immature,1,,0,NA,40,2021,NA,NA
7/8/21,11:01:00,Borgeby,Sympetrum_spp,Immature,1,,0,NA,40,2021,NA,NA
7/8/21,11:01:00,Borgeby,Sympetrum_spp,Immature,1,,0,NA,40,2021,NA,NA
7/8/21,11:01:00,Borgeby,Sympetrum_spp,Immature,1,,0,NA,40,2021,NA,NA
7/8/21,11:01:00,Borgeby,Sympetrum_spp,Immature,1,,0,NA,40,2021,NA,NA
7/8/21,11:01:00,Borgeby,Sympetrum_spp,Immature,1,,0,NA,40,2021,NA,NA
7/8/21,11:01:00,Borgeby,Anax_imperator,Immature,1,,0,NA,40,2021,NA,NA
7/8/21,11:01:00,Borgeby,Orthetrum_cancellatum,Immature,1,,0,NA,40,2021,NA,NA
7/8/21,11:01:00,Borgeby,Orthetrum_cancellatum,Immature,1,,0,NA,40,2021,NA,NA
7/8/21,11:01:00,Borgeby,Orthetrum_cancellatum,Immature,1,,0,NA,40,2021,NA,NA
7/8/21,11:01:00,Flackarp,Erythromma_viridulum,Mature,1,,0,0,40,2021,NA,NA
7/8/21,11:01:00,Flackarp,Erythromma_viridulum,Mature,1,,0,0,40,2021,NA,NA
7/8/21,11:01:00,Flackarp,Erythromma_viridulum,Mature,1,,0,2,40,2021,NA,NA
7/8/21,11:01:00,Flackarp,Coenagrion_pulchellum,Mature,1,,0,0,40,2021,NA,NA
7/8/21,11:01:00,Flackarp,Erythromma_viridulum,Mature,1,,0,0,40,2021,NA,NA
7/8/21,11:01:00,Flackarp,Erythromma_viridulum,Mature,1,,0,0,40,2021,NA,NA
7/8/21,11:01:00,Flackarp,Erythromma_viridulum,Mature,1,,0,1,40,2021,NA,NA
7/8/21,11:01:00,Flackarp,Erythromma_viridulum,Mature,1,,0,0,40,2021,NA,NA
7/8/21,11:01:00,Flackarp,Erythromma_viridulum,Mature,1,,0,0,40,2021,NA,NA
7/8/21,11:01:00,Flackarp,Erythromma_viridulum,Mature,1,,0,0,40,2021,NA,NA
7/8/21,11:01:00,Flackarp,Erythromma_viridulum,Mature,1,,0,0,40,2021,NA,NA
7/8/21,11:01:00,Flackarp,Erythromma_viridulum,Mature,1,,0,0,40,2021,NA,NA
7/8/21,11:01:00,Flackarp,Calopteryx_splendens,Immature,1,,0,0,40,2021,NA,NA
7/8/21,11:01:00,Flackarp,Erythromma_viridulum,Mature,1,,0,0,40,2021,NA,NA
7/8/21,11:01:00,Flackarp,Erythromma_viridulum,Mature,1,,0,1,40,2021,NA,NA
7/8/21,11:01:00,Flackarp,Erythromma_viridulum,Mature,1,,0,0,40,2021,NA,NA
7/8/21,11:01:00,Flackarp,Erythromma_viridulum,Mature,1,,0,0,40,2021,NA,NA
7/8/21,11:01:00,Flackarp,Coenagrion_pulchellum,Mature,1,,0,0,40,2021,NA,NA
7/8/21,11:01:00,Flackarp,Erythromma_viridulum,Mature,1,,0,0,40,2021,NA,NA
7/8/21,11:01:00,Flackarp,Erythromma_viridulum,Mature,1,,0,3,40,2021,NA,NA
7/8/21,11:01:00,Flackarp,Calopteryx_splendens,Teneral,1,,0,0,40,2021,NA,NA
7/8/21,11:01:00,Flackarp,Erythromma_viridulum,Mature,1,,0,NA,40,2021,NA,NA
7/8/21,11:01:00,Flackarp,Erythromma_viridulum,Mature,1,,0,NA,40,2021,NA,NA
7/8/21,11:01:00,Flackarp,Erythromma_viridulum,Mature,1,,0,NA,40,2021,NA,NA
7/8/21,11:01:00,Flackarp,Erythromma_viridulum,Mature,1,,0,NA,40,2021,NA,NA
7/8/21,11:01:00,Flackarp,Erythromma_viridulum,Mature,1,,0,NA,40,2021,NA,NA
7/8/21,11:01:00,Flackarp,Erythromma_viridulum,Mature,1,,0,NA,40,2021,NA,NA
7/8/21,11:01:00,Flackarp,Erythromma_viridulum,Mature,1,,0,NA,40,2021,NA,NA
7/8/21,11:01:00,Flackarp,Erythromma_viridulum,Mature,1,,0,NA,40,2021,NA,NA
7/8/21,11:01:00,Flackarp,Erythromma_viridulum,Mature,1,,0,NA,40,2021,NA,NA
7/8/21,11:01:00,Flackarp,Erythromma_viridulum,Mature,1,,0,NA,40,2021,NA,NA
7/8/21,11:01:00,Flackarp,Erythromma_viridulum,Mature,1,,0,NA,40,2021,NA,NA
7/8/21,11:01:00,Flackarp,Erythromma_viridulum,Mature,1,,0,NA,40,2021,NA,NA
7/8/21,11:01:00,Flackarp,Erythromma_viridulum,Mature,1,,0,NA,40,2021,NA,NA
7/8/21,11:01:00,Flackarp,Erythromma_viridulum,Mature,1,,0,NA,40,2021,NA,NA
7/8/21,11:01:00,Flackarp,Erythromma_viridulum,Mature,1,,0,NA,40,2021,NA,NA
7/8/21,11:01:00,Flackarp,Erythromma_viridulum,Mature,1,,0,NA,40,2021,NA,NA
7/8/21,11:01:00,Flackarp,Erythromma_viridulum,Mature,1,,0,NA,40,2021,NA,NA
7/8/21,11:01:00,Flackarp,Erythromma_viridulum,Mature,1,,0,NA,40,2021,NA,NA
7/8/21,11:01:00,Flackarp,Erythromma_viridulum,Mature,1,,0,NA,40,2021,NA,NA
7/8/21,11:01:00,Flackarp,Erythromma_viridulum,Mature,1,,0,NA,40,2021,NA,NA
7/8/21,11:01:00,Flackarp,Erythromma_viridulum,Mature,1,,0,NA,40,2021,NA,NA
7/8/21,11:01:00,Flackarp,Erythromma_viridulum,Mature,1,,0,NA,40,2021,NA,NA
7/8/21,11:01:00,Flackarp,Erythromma_viridulum,Mature,1,,0,NA,40,2021,NA,NA
7/8/21,11:01:00,Flackarp,Erythromma_viridulum,Mature,1,,0,NA,40,2021,NA,NA
7/8/21,11:01:00,Flackarp,Erythromma_viridulum,Mature,1,,0,NA,40,2021,NA,NA
7/8/21,11:01:00,Flackarp,Erythromma_viridulum,Mature,1,,0,NA,40,2021,NA,NA
7/8/21,11:01:00,Flackarp,Erythromma_viridulum,Mature,1,,0,NA,40,2021,NA,NA
7/8/21,11:01:00,Flackarp,Erythromma_viridulum,Mature,1,,0,NA,40,2021,NA,NA
7/8/21,11:01:00,Flackarp,Erythromma_viridulum,Mature,1,,0,NA,40,2021,NA,NA
7/8/21,11:01:00,Flackarp,Erythromma_viridulum,Mature,1,,0,NA,40,2021,NA,NA
7/8/21,11:01:00,Flackarp,Erythromma_viridulum,Mature,1,,0,NA,40,2021,NA,NA
7/8/21,11:01:00,Flackarp,Erythromma_viridulum,Mature,1,,0,NA,40,2021,NA,NA
7/8/21,11:01:00,Flackarp,Erythromma_viridulum,Mature,1,,0,NA,40,2021,NA,NA
7/8/21,11:01:00,Flackarp,Erythromma_viridulum,Mature,1,,0,NA,40,2021,NA,NA
7/8/21,11:01:00,Flackarp,Erythromma_viridulum,Mature,1,,0,NA,40,2021,NA,NA
7/8/21,11:01:00,Flackarp,Erythromma_viridulum,Mature,1,,0,NA,40,2021,NA,NA
7/8/21,11:01:00,Flackarp,Erythromma_viridulum,Mature,1,,0,NA,40,2021,NA,NA
7/8/21,11:01:00,Flackarp,Erythromma_viridulum,Mature,1,,0,NA,40,2021,NA,NA
7/8/21,11:01:00,Flackarp,Erythromma_viridulum,Mature,1,,0,NA,40,2021,NA,NA
7/8/21,11:01:00,Flackarp,Erythromma_viridulum,Mature,1,,0,NA,40,2021,NA,NA
7/8/21,11:01:00,Flackarp,Erythromma_viridulum,Mature,1,,0,NA,40,2021,NA,NA
7/8/21,11:01:00,Flackarp,Erythromma_viridulum,Mature,1,,0,NA,40,2021,NA,NA
7/8/21,11:01:00,Flackarp,Erythromma_viridulum,Mature,1,,0,NA,40,2021,NA,NA
7/8/21,11:01:00,Flackarp,Erythromma_viridulum,Mature,1,,0,NA,40,2021,NA,NA
7/8/21,11:01:00,Flackarp,Erythromma_viridulum,Mature,1,,0,NA,40,2021,NA,NA
7/8/21,11:01:00,Flackarp,Erythromma_viridulum,Mature,1,,0,NA,40,2021,NA,NA
7/8/21,11:01:00,Flackarp,Erythromma_viridulum,Mature,1,,0,NA,40,2021,NA,NA
7/8/21,11:01:00,Flackarp,Erythromma_viridulum,Mature,1,,0,NA,40,2021,NA,NA
7/8/21,11:01:00,Flackarp,Erythromma_viridulum,Mature,1,,0,NA,40,2021,NA,NA
7/8/21,11:01:00,Flackarp,Erythromma_viridulum,Mature,1,,0,NA,40,2021,NA,NA
7/8/21,11:01:00,Flackarp,Erythromma_viridulum,Mature,1,,0,NA,40,2021,NA,NA
7/8/21,11:01:00,Flackarp,Erythromma_viridulum,Mature,1,,0,NA,40,2021,NA,NA
7/8/21,11:01:00,Flackarp,Erythromma_viridulum,Mature,1,,0,NA,40,2021,NA,NA
7/8/21,11:01:00,Flackarp,Erythromma_viridulum,Mature,1,,0,NA,40,2021,NA,NA
7/8/21,11:01:00,Flackarp,Erythromma_viridulum,Mature,1,,0,NA,40,2021,NA,NA
7/8/21,11:01:00,Flackarp,Erythromma_viridulum,Mature,1,,0,NA,40,2021,NA,NA
7/8/21,11:01:00,Flackarp,Erythromma_viridulum,Mature,1,,0,NA,40,2021,NA,NA
7/9/21,10:15:00,Lomma_Kyrkdamm,Erythromma_viridulum,Teneral,0,,0,0,45,2021,NA,NA
7/9/21,10:15:00,Lomma_Kyrkdamm,Enallagma_cyathigerum,Mature,1,,0,1,45,2021,NA,NA
7/9/21,10:15:00,Lomma_Kyrkdamm,Enallagma_cyathigerum,Mature,1,,0,13,45,2021,NA,NA
7/9/21,10:15:00,Lomma_Kyrkdamm,Enallagma_cyathigerum,Mature,1,,0,4,45,2021,NA,NA
7/9/21,10:15:00,Lomma_Kyrkdamm,Erythromma_viridulum,Mature,1,,0,0,45,2021,NA,NA
7/9/21,10:15:00,Lomma_Kyrkdamm,Enallagma_cyathigerum,Immature,0,Gynochrome,0,0,45,2021,NA,NA
7/9/21,10:15:00,Lomma_Kyrkdamm,Erythromma_viridulum,Teneral,0,,0,0,45,2021,NA,NA
7/9/21,10:15:00,Lomma_Kyrkdamm,Enallagma_cyathigerum,Immature,0,Gynochrome,0,0,45,2021,NA,NA
7/9/21,10:15:00,Lomma_Kyrkdamm,Erythromma_viridulum,Teneral,0,,0,0,45,2021,NA,NA
7/9/21,10:15:00,Lomma_Kyrkdamm,Coenagrion_pulchellum,Mature,1,,0,0,45,2021,NA,NA
7/9/21,10:15:00,Lomma_Kyrkdamm,Erythromma_viridulum,Mature,1,,0,5,45,2021,NA,NA
7/9/21,10:15:00,Lomma_Kyrkdamm,Sympetrum_spp,Teneral,,,0,NA,45,2021,NA,NA
7/9/21,10:15:00,Lomma_Kyrkdamm,Aeshna_grandis,Immature,,,0,NA,45,2021,NA,NA
7/9/21,10:15:00,Habo_Gard,Enallagma_cyathigerum,Immature,1,,0,4,30,2021,NA,NA
7/9/21,10:15:00,Habo_Gard,Somatochlora_metallica,Mature,1,,0,NA,30,2021,NA,NA
7/9/21,10:15:00,Habo_Gard,Somatochlora_metallica,Mature,1,,0,NA,30,2021,NA,NA
7/9/21,10:15:00,Habo_Gard,Somatochlora_metallica,Mature,1,,0,NA,30,2021,NA,NA
7/11/21,10:34:00,Lunnarp,Erythromma_viridulum,Mature,1,,0,0,50,2021,NA,NA
7/11/21,10:34:00,Lunnarp,Coenagrion_puella,Mature,1,,0,0,50,2021,NA,NA
7/11/21,10:34:00,Lunnarp,Erythromma_viridulum,Mature,1,,0,0,50,2021,NA,NA
7/11/21,10:34:00,Lunnarp,Coenagrion_puella,Mature,1,,0,0,50,2021,NA,NA
7/11/21,10:34:00,Lunnarp,Enallagma_cyathigerum,Mature,1,,0,NA,50,2021,NA,NA
7/11/21,10:34:00,Lunnarp,Lestes_sponsa,Mature,1,,0,0,50,2021,NA,NA
7/11/21,10:34:00,Lunnarp,Coenagrion_puella,Mature,1,,0,0,50,2021,NA,NA
7/11/21,10:34:00,Lunnarp,Erythromma_viridulum,Teneral,0,,0,0,50,2021,NA,NA
7/11/21,10:34:00,Lunnarp,Enallagma_cyathigerum,Mature,1,,0,0,50,2021,NA,NA
7/11/21,10:34:00,Lunnarp,Enallagma_cyathigerum,Mature,1,,0,0,50,2021,NA,NA
7/11/21,10:34:00,Lunnarp,Erythromma_viridulum,Mature,1,,0,0,50,2021,NA,NA
7/11/21,10:34:00,Lunnarp,Enallagma_cyathigerum,Mature,1,,0,0,50,2021,NA,NA
7/11/21,10:34:00,Lunnarp,Enallagma_cyathigerum,Mature,1,,0,0,50,2021,NA,NA
7/11/21,10:34:00,Lunnarp,Enallagma_cyathigerum,Mature,1,,0,0,50,2021,NA,NA
7/11/21,10:34:00,Lunnarp,Enallagma_cyathigerum,Mature,1,,0,0,50,2021,NA,NA
7/11/21,10:34:00,Lunnarp,Enallagma_cyathigerum,Mature,1,,0,0,50,2021,NA,NA
7/11/21,10:34:00,Lunnarp,Enallagma_cyathigerum,Mature,1,,0,0,50,2021,NA,NA
7/11/21,10:34:00,Lunnarp,Enallagma_cyathigerum,Mature,1,,0,0,50,2021,NA,NA
7/11/21,10:34:00,Lunnarp,Enallagma_cyathigerum,Mature,1,,0,0,50,2021,NA,NA
7/11/21,10:34:00,Lunnarp,Enallagma_cyathigerum,Mature,1,,0,0,50,2021,NA,NA
7/11/21,10:34:00,Lunnarp,Erythromma_viridulum,Mature,1,,0,0,50,2021,NA,NA
7/11/21,10:34:00,Lunnarp,Lestes_sponsa,Teneral,1,,0,0,50,2021,NA,NA
7/11/21,10:34:00,Lunnarp,Lestes_sponsa,Mature,1,,0,0,50,2021,NA,NA
7/11/21,10:34:00,Lunnarp,Erythromma_viridulum,Mature,1,,0,0,50,2021,NA,NA
7/11/21,10:34:00,Lunnarp,Erythromma_viridulum,Mature,1,,0,0,50,2021,NA,NA
7/11/21,10:34:00,Lunnarp,Lestes_sponsa,Mature,1,,0,0,50,2021,NA,NA
7/11/21,10:34:00,Lunnarp,Enallagma_cyathigerum,Mature,1,,0,0,50,2021,NA,NA
7/11/21,10:34:00,Lunnarp,Enallagma_cyathigerum,Mature,1,,0,0,50,2021,NA,NA
7/11/21,10:34:00,Lunnarp,Erythromma_viridulum,Mature,0,Gynochrome,0,3,50,2021,NA,NA
7/11/21,10:34:00,Lunnarp,Erythromma_viridulum,Mature,1,,0,0,50,2021,NA,NA
7/11/21,10:34:00,Lunnarp,Erythromma_viridulum,Mature,1,,0,0,50,2021,NA,NA
7/11/21,10:34:00,Lunnarp,Enallagma_cyathigerum,Mature,1,,0,0,50,2021,NA,NA
7/11/21,10:34:00,Lunnarp,Enallagma_cyathigerum,Mature,1,,0,0,50,2021,NA,NA
7/11/21,10:34:00,Lunnarp,Erythromma_viridulum,Mature,1,,0,0,50,2021,NA,NA
7/11/21,10:34:00,Lunnarp,Lestes_sponsa,Mature,1,,0,0,50,2021,NA,NA
7/11/21,10:34:00,Lunnarp,Enallagma_cyathigerum,Mature,1,,0,0,50,2021,NA,NA
7/11/21,10:34:00,Lunnarp,Enallagma_cyathigerum,Immature,1,,0,0,50,2021,NA,NA
7/11/21,10:34:00,Lunnarp,Lestes_sponsa,Immature,1,,0,0,50,2021,NA,NA
7/11/21,10:34:00,Lunnarp,Enallagma_cyathigerum,Mature,1,,0,3,50,2021,NA,NA
7/11/21,10:34:00,Lunnarp,Coenagrion_puella,Mature,1,,0,0,50,2021,NA,NA
7/11/21,10:34:00,Lunnarp,Lestes_sponsa,Mature,1,,0,0,50,2021,NA,NA
7/11/21,10:34:00,Lunnarp,Coenagrion_pulchellum,Mature,1,,0,5,50,2021,NA,NA
7/11/21,10:34:00,Lunnarp,Erythromma_viridulum,Mature,1,,0,1,50,2021,NA,NA
7/11/21,10:34:00,Lunnarp,Lestes_sponsa,Mature,1,,0,0,50,2021,NA,NA
7/11/21,10:34:00,Lunnarp,Lestes_sponsa,Mature,1,,0,0,50,2021,NA,NA
7/11/21,10:34:00,Lunnarp,Lestes_sponsa,Mature,1,,0,0,50,2021,NA,NA
7/11/21,10:34:00,Lunnarp,Lestes_sponsa,Mature,1,,0,0,50,2021,NA,NA
7/11/21,10:34:00,Lunnarp,Lestes_sponsa,Mature,1,,0,0,50,2021,NA,NA
7/11/21,10:34:00,Lunnarp,Coenagrion_puella,Mature,1,,0,0,50,2021,NA,NA
7/11/21,10:34:00,Lunnarp,Coenagrion_puella,Mature,1,,0,0,50,2021,NA,NA
7/11/21,10:34:00,Lunnarp,Lestes_sponsa,Mature,1,,0,0,50,2021,NA,NA
7/11/21,10:34:00,Lunnarp,Lestes_sponsa,Teneral,0,,0,0,50,2021,NA,NA
7/11/21,10:34:00,Lunnarp,Enallagma_cyathigerum,Immature,1,,0,1,50,2021,NA,NA
7/11/21,10:34:00,Lunnarp,Lestes_sponsa,Teneral,1,,0,0,50,2021,NA,NA
7/11/21,10:34:00,Lunnarp,Lestes_sponsa,Teneral,1,,0,0,50,2021,NA,NA
7/11/21,10:34:00,Lunnarp,Enallagma_cyathigerum,Mature,1,,1,0,50,2021,NA,NA
7/11/21,10:34:00,Lunnarp,Enallagma_cyathigerum,Mature,0,Gynochrome,1,0,50,2021,NA,NA
7/11/21,10:34:00,Lunnarp,Enallagma_cyathigerum,Mature,1,,1,0,50,2021,NA,NA
7/11/21,10:34:00,Lunnarp,Enallagma_cyathigerum,Mature,0,Androchrome,1,2,50,2021,NA,NA
7/11/21,10:34:00,Lunnarp,Enallagma_cyathigerum,Mature,1,,1,0,50,2021,NA,NA
7/11/21,10:34:00,Lunnarp,Enallagma_cyathigerum,Mature,0,Gynochrome,1,0,50,2021,NA,NA
7/11/21,10:34:00,Lunnarp,Coenagrion_pulchellum,Mature,1,,1,0,50,2021,NA,NA
7/11/21,10:34:00,Lunnarp,Coenagrion_pulchellum,Mature,0,Gynochrome,1,1,50,2021,NA,NA
7/11/21,10:34:00,Lunnarp,Erythromma_viridulum,Mature,1,,1,0,50,2021,NA,NA
7/11/21,10:34:00,Lunnarp,Enallagma_cyathigerum,Mature,1,,1,0,50,2021,NA,NA
7/11/21,10:34:00,Lunnarp,Enallagma_cyathigerum,Mature,0,Gynochrome,1,0,50,2021,NA,NA
7/11/21,10:34:00,Lunnarp,Enallagma_cyathigerum,Mature,1,,1,0,50,2021,NA,NA
7/11/21,10:34:00,Lunnarp,Enallagma_cyathigerum,Immature,0,Gynochrome,1,3,50,2021,NA,NA
7/11/21,10:34:00,Lunnarp,Anax_imperator,Mature,1,,0,NA,50,2021,NA,NA
7/11/21,10:34:00,Lunnarp,Anax_imperator,Mature,1,,0,NA,50,2021,NA,NA
7/11/21,10:34:00,Lunnarp,Anax_imperator,Mature,1,,0,NA,50,2021,NA,NA
7/11/21,10:34:00,Lunnarp,Anax_imperator,Mature,1,,0,NA,50,2021,NA,NA
7/11/21,10:34:00,Lunnarp,Anax_imperator,Mature,1,,0,NA,50,2021,NA,NA
7/11/21,10:34:00,Lunnarp,Anax_imperator,Mature,0,,0,NA,50,2021,NA,NA
7/11/21,10:34:00,Lunnarp,Anax_imperator,Mature,0,,0,NA,50,2021,NA,NA
7/11/21,10:34:00,Lunnarp,Libellula_quadrimaculata,Mature,1,,0,NA,50,2021,NA,NA
7/11/21,10:34:00,Lunnarp,Libellula_quadrimaculata,Mature,1,,0,NA,50,2021,NA,NA
7/11/21,10:34:00,Lunnarp,Libellula_quadrimaculata,Mature,1,,0,NA,50,2021,NA,NA
7/11/21,10:34:00,Lunnarp,Libellula_quadrimaculata,Mature,1,,0,NA,50,2021,NA,NA
7/11/21,10:34:00,Lunnarp,Libellula_quadrimaculata,Mature,1,,0,NA,50,2021,NA,NA
7/11/21,10:34:00,Lunnarp,Orthetrum_cancellatum,Mature,1,,0,NA,50,2021,NA,NA
7/11/21,10:34:00,Lunnarp,Orthetrum_cancellatum,Mature,1,,0,NA,50,2021,NA,NA
7/11/21,10:34:00,Lunnarp,Orthetrum_cancellatum,Mature,1,,0,NA,50,2021,NA,NA
7/11/21,10:34:00,Lunnarp,Orthetrum_cancellatum,Mature,1,,0,NA,50,2021,NA,NA
7/11/21,10:34:00,Lunnarp,Orthetrum_cancellatum,Mature,1,,0,NA,50,2021,NA,NA
7/11/21,10:34:00,Lunnarp,Orthetrum_cancellatum,Mature,1,,0,NA,50,2021,NA,NA
7/11/21,10:34:00,Lunnarp,Orthetrum_cancellatum,Mature,1,,0,NA,50,2021,NA,NA
7/11/21,10:34:00,Lunnarp,Orthetrum_cancellatum,Mature,1,,0,NA,50,2021,NA,NA
7/11/21,10:34:00,Lunnarp,Orthetrum_cancellatum,Mature,1,,0,NA,50,2021,NA,NA
7/11/21,10:34:00,Lunnarp,Orthetrum_cancellatum,Mature,1,,0,NA,50,2021,NA,NA
7/11/21,10:34:00,Lunnarp,Orthetrum_cancellatum,Mature,1,,0,NA,50,2021,NA,NA
7/11/21,10:34:00,Lunnarp,Orthetrum_cancellatum,Mature,1,,0,NA,50,2021,NA,NA
7/11/21,10:34:00,Lunnarp,Calopteryx_splendens,Mature,1,,0,NA,50,2021,NA,NA
7/11/21,10:34:00,Hoje_A_7,Enallagma_cyathigerum,Mature,1,,0,0,40,2021,NA,NA
7/11/21,10:34:00,Hoje_A_7,Erythromma_viridulum,Immature,1,,0,0,40,2021,NA,NA
7/11/21,10:34:00,Hoje_A_7,Anax_imperator,Mature,1,,0,NA,40,2021,NA,NA
7/11/21,10:34:00,Hoje_A_7,Anax_imperator,Mature,0,,0,NA,40,2021,NA,NA
7/11/21,10:34:00,Hoje_A_7,Aeshna_isoceles,Mature,1,,0,NA,40,2021,NA,NA
7/11/21,10:34:00,Hoje_A_7,Orthetrum_cancellatum,Mature,1,,0,NA,40,2021,NA,NA
7/11/21,10:34:00,Hoje_A_7,Calopteryx_splendens,Mature,1,,0,NA,40,2021,NA,NA
7/11/21,10:34:00,Hoje_A_7,Calopteryx_splendens,Mature,1,,0,NA,40,2021,NA,NA
7/11/21,10:34:00,Hoje_A_7,Calopteryx_splendens,NA,0,,0,NA,40,2021,NA,NA
7/11/21,10:34:00,Hoje_A_7,Somatochlora_metallica,Mature,1,,0,NA,40,2021,NA,NA
7/11/21,10:34:00,Hoje_A_7,Somatochlora_metallica,Mature,1,,0,NA,40,2021,NA,NA
7/11/21,10:34:00,Hoje_A_7,Erythromma_viridulum,Mature,1,,1,NA,40,2021,NA,NA
7/11/21,10:34:00,Hoje_A_7,Erythromma_viridulum,Mature,1,,1,NA,40,2021,NA,NA
7/11/21,10:34:00,Hoje_A_7,Erythromma_viridulum,Mature,1,,1,NA,40,2021,NA,NA
7/11/21,10:34:00,Hoje_A_7,Erythromma_viridulum,Mature,1,,1,NA,40,2021,NA,NA
7/11/21,10:34:00,Hoje_A_7,Erythromma_viridulum,Mature,1,,1,NA,40,2021,NA,NA
7/11/21,10:34:00,Hoje_A_7,Erythromma_viridulum,Mature,1,,1,NA,40,2021,NA,NA
7/11/21,10:34:00,Hoje_A_7,Erythromma_viridulum,Mature,1,,1,NA,40,2021,NA,NA
7/11/21,10:34:00,Hoje_A_7,Erythromma_viridulum,Mature,1,,1,NA,40,2021,NA,NA
7/11/21,10:34:00,Hoje_A_7,Erythromma_viridulum,Mature,1,,1,NA,40,2021,NA,NA
7/11/21,10:34:00,Hoje_A_7,Erythromma_viridulum,Mature,1,,1,NA,40,2021,NA,NA
7/11/21,10:34:00,Hoje_A_7,Erythromma_viridulum,Mature,1,,1,NA,40,2021,NA,NA
7/11/21,10:34:00,Hoje_A_7,Erythromma_viridulum,Mature,1,,1,NA,40,2021,NA,NA
7/11/21,10:34:00,Hoje_A_7,Erythromma_viridulum,Mature,1,,1,NA,40,2021,NA,NA
7/11/21,10:34:00,Hoje_A_7,Erythromma_viridulum,Mature,1,,1,NA,40,2021,NA,NA
7/11/21,10:34:00,Hoje_A_7,Erythromma_viridulum,Mature,1,,1,NA,40,2021,NA,NA
7/11/21,10:34:00,Hoje_A_7,Erythromma_viridulum,Mature,1,,1,NA,40,2021,NA,NA
7/11/21,10:34:00,Hoje_A_7,Erythromma_viridulum,Mature,1,,1,NA,40,2021,NA,NA
7/11/21,10:34:00,Hoje_A_7,Erythromma_viridulum,Mature,1,,1,NA,40,2021,NA,NA
7/11/21,10:34:00,Hoje_A_7,Erythromma_viridulum,Mature,1,,1,NA,40,2021,NA,NA
7/11/21,10:34:00,Hoje_A_7,Erythromma_viridulum,Mature,1,,1,NA,40,2021,NA,NA
7/11/21,10:34:00,Hoje_A_7,Erythromma_viridulum,Mature,1,,1,NA,40,2021,NA,NA
7/11/21,10:34:00,Hoje_A_7,Erythromma_viridulum,Mature,1,,1,NA,40,2021,NA,NA
7/11/21,10:34:00,Hoje_A_7,Erythromma_viridulum,Mature,1,,1,NA,40,2021,NA,NA
7/11/21,10:34:00,Hoje_A_7,Erythromma_viridulum,Mature,1,,1,NA,40,2021,NA,NA
7/11/21,10:34:00,Hoje_A_7,Erythromma_viridulum,Mature,1,,1,NA,40,2021,NA,NA
7/11/21,10:34:00,Hoje_A_7,Erythromma_viridulum,Mature,1,,1,NA,40,2021,NA,NA
7/11/21,10:34:00,Hoje_A_7,Erythromma_viridulum,Mature,1,,1,NA,40,2021,NA,NA
7/11/21,10:34:00,Hoje_A_7,Erythromma_viridulum,Mature,1,,1,NA,40,2021,NA,NA
7/11/21,10:34:00,Hoje_A_7,Erythromma_viridulum,Mature,1,,1,NA,40,2021,NA,NA
7/11/21,10:34:00,Hoje_A_7,Erythromma_viridulum,Mature,1,,1,NA,40,2021,NA,NA
7/11/21,10:34:00,Hoje_A_7,Erythromma_viridulum,Mature,1,,1,NA,40,2021,NA,NA
7/11/21,10:34:00,Hoje_A_7,Erythromma_viridulum,Mature,1,,1,NA,40,2021,NA,NA
7/11/21,10:34:00,Hoje_A_7,Erythromma_viridulum,Mature,1,,1,NA,40,2021,NA,NA
7/11/21,10:34:00,Hoje_A_7,Erythromma_viridulum,Mature,1,,1,NA,40,2021,NA,NA
7/11/21,10:34:00,Hoje_A_7,Erythromma_viridulum,Mature,1,,1,NA,40,2021,NA,NA
7/11/21,10:34:00,Hoje_A_7,Erythromma_viridulum,Mature,1,,1,NA,40,2021,NA,NA
7/11/21,10:34:00,Hoje_A_7,Erythromma_viridulum,Mature,1,,1,NA,40,2021,NA,NA
7/11/21,10:34:00,Hoje_A_7,Erythromma_viridulum,Mature,1,,1,NA,40,2021,NA,NA
7/11/21,10:34:00,Hoje_A_7,Erythromma_viridulum,Mature,1,,1,NA,40,2021,NA,NA
7/11/21,10:34:00,Hoje_A_7,Erythromma_viridulum,Mature,1,,1,NA,40,2021,NA,NA
7/11/21,10:34:00,Hoje_A_7,Erythromma_viridulum,Mature,1,,1,NA,40,2021,NA,NA
7/11/21,10:34:00,Hoje_A_7,Erythromma_viridulum,Mature,1,,1,NA,40,2021,NA,NA
7/11/21,10:34:00,Hoje_A_7,Erythromma_viridulum,Mature,1,,1,NA,40,2021,NA,NA
7/11/21,10:34:00,Hoje_A_7,Erythromma_viridulum,Mature,1,,1,NA,40,2021,NA,NA
7/11/21,10:34:00,Hoje_A_7,Erythromma_viridulum,Mature,1,,1,NA,40,2021,NA,NA
7/11/21,10:34:00,Hoje_A_7,Erythromma_viridulum,Mature,1,,1,NA,40,2021,NA,NA
7/11/21,10:34:00,Hoje_A_7,Erythromma_viridulum,Mature,1,,1,NA,40,2021,NA,NA
7/11/21,10:34:00,Hoje_A_7,Erythromma_viridulum,Mature,1,,1,NA,40,2021,NA,NA
7/11/21,10:34:00,Hoje_A_7,Erythromma_viridulum,Mature,1,,1,NA,40,2021,NA,NA
7/11/21,10:34:00,Hoje_A_7,Erythromma_viridulum,Mature,1,,1,NA,40,2021,NA,NA
7/11/21,10:34:00,Hoje_A_7,Erythromma_viridulum,Mature,1,,1,NA,40,2021,NA,NA
7/11/21,10:34:00,Hoje_A_7,Erythromma_viridulum,Mature,1,,1,NA,40,2021,NA,NA
7/11/21,10:34:00,Hoje_A_7,Erythromma_viridulum,Mature,1,,1,NA,40,2021,NA,NA
7/11/21,10:34:00,Hoje_A_7,Erythromma_viridulum,Mature,1,,1,NA,40,2021,NA,NA
7/11/21,10:34:00,Hoje_A_7,Erythromma_viridulum,Mature,1,,1,NA,40,2021,NA,NA
7/11/21,10:34:00,Hoje_A_7,Erythromma_viridulum,Mature,1,,1,NA,40,2021,NA,NA
7/11/21,10:34:00,Hoje_A_7,Erythromma_viridulum,Mature,1,,1,NA,40,2021,NA,NA
7/11/21,10:34:00,Hoje_A_7,Erythromma_viridulum,Mature,1,,1,NA,40,2021,NA,NA
7/11/21,10:34:00,Hoje_A_7,Erythromma_viridulum,Mature,1,,1,NA,40,2021,NA,NA
7/11/21,10:34:00,Hoje_A_7,Erythromma_viridulum,Mature,1,,1,NA,40,2021,NA,NA
7/11/21,10:34:00,Hoje_A_7,Erythromma_viridulum,Mature,1,,1,NA,40,2021,NA,NA
7/11/21,10:34:00,Hoje_A_7,Erythromma_viridulum,Mature,1,,1,NA,40,2021,NA,NA
7/11/21,10:34:00,Hoje_A_7,Erythromma_viridulum,Mature,1,,1,NA,40,2021,NA,NA
7/11/21,10:34:00,Hoje_A_7,Erythromma_viridulum,Mature,1,,1,NA,40,2021,NA,NA
7/11/21,10:34:00,Hoje_A_7,Erythromma_viridulum,Mature,1,,1,NA,40,2021,NA,NA
7/11/21,10:34:00,Hoje_A_7,Erythromma_viridulum,Mature,1,,1,NA,40,2021,NA,NA
7/11/21,10:34:00,Hoje_A_7,Erythromma_viridulum,Mature,1,,1,NA,40,2021,NA,NA
7/11/21,10:34:00,Hoje_A_7,Erythromma_viridulum,Mature,1,,1,NA,40,2021,NA,NA
7/11/21,10:34:00,Hoje_A_7,Erythromma_viridulum,Mature,1,,1,NA,40,2021,NA,NA
7/11/21,10:34:00,Hoje_A_7,Erythromma_viridulum,Mature,1,,1,NA,40,2021,NA,NA
7/11/21,10:34:00,Hoje_A_7,Erythromma_viridulum,Mature,1,,1,NA,40,2021,NA,NA
7/11/21,10:34:00,Hoje_A_7,Erythromma_viridulum,Mature,1,,1,NA,40,2021,NA,NA
7/11/21,10:34:00,Hoje_A_7,Erythromma_viridulum,Mature,1,,1,NA,40,2021,NA,NA
7/11/21,10:34:00,Hoje_A_7,Erythromma_viridulum,Mature,1,,1,NA,40,2021,NA,NA
7/11/21,10:34:00,Hoje_A_7,Erythromma_viridulum,Mature,1,,1,NA,40,2021,NA,NA
7/11/21,10:34:00,Hoje_A_7,Erythromma_viridulum,Mature,1,,1,NA,40,2021,NA,NA
7/11/21,10:34:00,Hoje_A_7,Erythromma_viridulum,Mature,1,,1,NA,40,2021,NA,NA
7/11/21,10:34:00,Hoje_A_7,Erythromma_viridulum,Mature,1,,1,NA,40,2021,NA,NA
7/11/21,10:34:00,Hoje_A_7,Erythromma_viridulum,Mature,1,,1,NA,40,2021,NA,NA
7/11/21,10:34:00,Hoje_A_7,Erythromma_viridulum,Mature,1,,1,NA,40,2021,NA,NA
7/11/21,10:34:00,Hoje_A_7,Erythromma_viridulum,Mature,1,,1,NA,40,2021,NA,NA
7/11/21,10:34:00,Hoje_A_7,Erythromma_viridulum,Mature,1,,1,NA,40,2021,NA,NA
7/11/21,10:34:00,Hoje_A_7,Erythromma_viridulum,Mature,1,,1,NA,40,2021,NA,NA
7/11/21,10:34:00,Hoje_A_7,Erythromma_viridulum,Mature,1,,1,NA,40,2021,NA,NA
7/11/21,10:34:00,Hoje_A_7,Erythromma_viridulum,Mature,1,,1,NA,40,2021,NA,NA
7/11/21,10:34:00,Hoje_A_7,Erythromma_viridulum,Mature,1,,1,NA,40,2021,NA,NA
7/11/21,10:34:00,Hoje_A_7,Erythromma_viridulum,Mature,1,,1,NA,40,2021,NA,NA
7/11/21,10:34:00,Hoje_A_7,Erythromma_viridulum,Mature,1,,1,NA,40,2021,NA,NA
7/11/21,10:34:00,Hoje_A_7,Erythromma_viridulum,Mature,1,,1,NA,40,2021,NA,NA
7/11/21,10:34:00,Hoje_A_7,Erythromma_viridulum,Mature,1,,1,NA,40,2021,NA,NA
7/11/21,10:34:00,Hoje_A_7,Erythromma_viridulum,Mature,1,,1,NA,40,2021,NA,NA
7/11/21,10:34:00,Hoje_A_7,Erythromma_viridulum,Mature,1,,1,NA,40,2021,NA,NA
7/11/21,10:34:00,Hoje_A_7,Erythromma_viridulum,Mature,1,,1,NA,40,2021,NA,NA
7/11/21,10:34:00,Hoje_A_7,Erythromma_viridulum,Mature,1,,1,NA,40,2021,NA,NA
7/11/21,10:34:00,Hoje_A_7,Erythromma_viridulum,Mature,1,,1,NA,40,2021,NA,NA
7/11/21,10:34:00,Hoje_A_7,Erythromma_viridulum,Mature,1,,1,NA,40,2021,NA,NA
7/11/21,10:34:00,Hoje_A_7,Erythromma_viridulum,Mature,1,,1,NA,40,2021,NA,NA
7/11/21,10:34:00,Hoje_A_7,Erythromma_viridulum,Mature,1,,1,NA,40,2021,NA,NA
7/11/21,10:34:00,Hoje_A_7,Erythromma_viridulum,Mature,1,,1,NA,40,2021,NA,NA
7/11/21,10:34:00,Hoje_A_7,Erythromma_viridulum,Mature,1,,1,NA,40,2021,NA,NA
7/11/21,10:34:00,Hoje_A_7,Erythromma_viridulum,Mature,1,,1,NA,40,2021,NA,NA
7/11/21,10:34:00,Hoje_A_7,Erythromma_viridulum,Mature,1,,1,NA,40,2021,NA,NA
7/11/21,10:34:00,Hoje_A_7,Erythromma_viridulum,Mature,1,,1,NA,40,2021,NA,NA
7/11/21,10:34:00,Hoje_A_7,Erythromma_viridulum,Mature,1,,1,NA,40,2021,NA,NA
7/11/21,10:34:00,Hoje_A_7,Erythromma_viridulum,Mature,1,,1,NA,40,2021,NA,NA
7/11/21,10:34:00,Hoje_A_7,Erythromma_viridulum,Mature,1,,1,NA,40,2021,NA,NA
7/11/21,10:34:00,Hoje_A_7,Erythromma_viridulum,Mature,1,,1,NA,40,2021,NA,NA
7/11/21,10:34:00,Hoje_A_7,Erythromma_viridulum,Mature,1,,1,NA,40,2021,NA,NA
7/11/21,10:34:00,Hoje_A_7,Erythromma_viridulum,Mature,1,,1,NA,40,2021,NA,NA
7/11/21,10:34:00,Hoje_A_7,Erythromma_viridulum,Mature,1,,1,NA,40,2021,NA,NA
7/11/21,10:34:00,Hoje_A_7,Erythromma_viridulum,Mature,1,,1,NA,40,2021,NA,NA
7/11/21,10:34:00,Hoje_A_7,Erythromma_viridulum,Mature,1,,1,NA,40,2021,NA,NA
7/11/21,10:34:00,Hoje_A_7,Erythromma_viridulum,Mature,1,,1,NA,40,2021,NA,NA
7/11/21,10:34:00,Hoje_A_7,Erythromma_viridulum,Mature,1,,1,NA,40,2021,NA,NA
7/11/21,10:34:00,Hoje_A_7,Erythromma_viridulum,Mature,1,,1,NA,40,2021,NA,NA
7/11/21,10:34:00,Hoje_A_7,Erythromma_viridulum,Mature,1,,1,NA,40,2021,NA,NA
7/11/21,10:34:00,Hoje_A_7,Erythromma_viridulum,Mature,1,,1,NA,40,2021,NA,NA
7/11/21,10:34:00,Hoje_A_7,Erythromma_viridulum,Mature,1,,1,NA,40,2021,NA,NA
7/11/21,10:34:00,Hoje_A_7,Erythromma_viridulum,Mature,1,,1,NA,40,2021,NA,NA
7/11/21,10:34:00,Hoje_A_7,Erythromma_viridulum,Mature,1,,1,NA,40,2021,NA,NA
7/11/21,10:34:00,Hoje_A_7,Erythromma_viridulum,Mature,1,,1,NA,40,2021,NA,NA
7/11/21,10:34:00,Hoje_A_7,Erythromma_viridulum,Mature,1,,1,NA,40,2021,NA,NA
7/11/21,10:34:00,Hoje_A_7,Erythromma_viridulum,Mature,0,,1,NA,40,2021,NA,NA
7/11/21,10:34:00,Hoje_A_7,Erythromma_viridulum,Mature,0,,1,NA,40,2021,NA,NA
7/11/21,10:34:00,Hoje_A_7,Erythromma_viridulum,Mature,0,,1,NA,40,2021,NA,NA
7/11/21,10:34:00,Hoje_A_7,Erythromma_viridulum,Mature,0,,1,NA,40,2021,NA,NA
7/11/21,10:34:00,Hoje_A_7,Erythromma_viridulum,Mature,0,,1,NA,40,2021,NA,NA
7/11/21,10:34:00,Hoje_A_7,Erythromma_viridulum,Mature,0,,1,NA,40,2021,NA,NA
7/11/21,10:34:00,Hoje_A_7,Erythromma_viridulum,Mature,0,,1,NA,40,2021,NA,NA
7/11/21,10:34:00,Hoje_A_7,Erythromma_viridulum,Mature,0,,1,NA,40,2021,NA,NA
7/11/21,10:34:00,Hoje_A_7,Erythromma_viridulum,Mature,0,,1,NA,40,2021,NA,NA
7/11/21,10:34:00,Hoje_A_7,Erythromma_viridulum,Mature,0,,1,NA,40,2021,NA,NA
7/11/21,10:34:00,Hoje_A_7,Erythromma_viridulum,Mature,0,,1,NA,40,2021,NA,NA
7/11/21,10:34:00,Hoje_A_7,Erythromma_viridulum,Mature,0,,1,NA,40,2021,NA,NA
7/11/21,10:34:00,Hoje_A_7,Erythromma_viridulum,Mature,0,,1,NA,40,2021,NA,NA
7/11/21,10:34:00,Hoje_A_7,Erythromma_viridulum,Mature,0,,1,NA,40,2021,NA,NA
7/11/21,10:34:00,Hoje_A_7,Erythromma_viridulum,Mature,0,,1,NA,40,2021,NA,NA
7/11/21,10:34:00,Hoje_A_7,Erythromma_viridulum,Mature,0,,1,NA,40,2021,NA,NA
7/11/21,10:34:00,Hoje_A_7,Erythromma_viridulum,Mature,0,,1,NA,40,2021,NA,NA
7/11/21,10:34:00,Hoje_A_7,Erythromma_viridulum,Mature,0,,1,NA,40,2021,NA,NA
7/11/21,10:34:00,Hoje_A_7,Erythromma_viridulum,Mature,0,,1,NA,40,2021,NA,NA
7/11/21,10:34:00,Hoje_A_7,Erythromma_viridulum,Mature,0,,1,NA,40,2021,NA,NA
7/11/21,10:34:00,Hoje_A_7,Erythromma_viridulum,Mature,0,,1,NA,40,2021,NA,NA
7/11/21,10:34:00,Hoje_A_7,Erythromma_viridulum,Mature,0,,1,NA,40,2021,NA,NA
7/11/21,10:34:00,Hoje_A_7,Erythromma_viridulum,Mature,0,,1,NA,40,2021,NA,NA
7/11/21,10:34:00,Hoje_A_7,Erythromma_viridulum,Mature,0,,1,NA,40,2021,NA,NA
7/11/21,10:34:00,Hoje_A_7,Erythromma_viridulum,Mature,0,,1,NA,40,2021,NA,NA
7/11/21,10:34:00,Hoje_A_7,Erythromma_viridulum,Mature,0,,1,NA,40,2021,NA,NA
7/11/21,10:34:00,Hoje_A_7,Erythromma_viridulum,Mature,0,,1,NA,40,2021,NA,NA
7/11/21,10:34:00,Hoje_A_7,Erythromma_viridulum,Mature,0,,1,NA,40,2021,NA,NA
7/11/21,10:34:00,Hoje_A_7,Erythromma_viridulum,Mature,0,,1,NA,40,2021,NA,NA
7/11/21,10:34:00,Hoje_A_7,Erythromma_viridulum,Mature,0,,1,NA,40,2021,NA,NA
7/11/21,10:34:00,Hoje_A_7,Erythromma_viridulum,Mature,0,,1,NA,40,2021,NA,NA
7/11/21,10:34:00,Hoje_A_7,Erythromma_viridulum,Mature,0,,1,NA,40,2021,NA,NA
7/11/21,10:34:00,Hoje_A_7,Erythromma_viridulum,Mature,0,,1,NA,40,2021,NA,NA
7/11/21,10:34:00,Hoje_A_7,Erythromma_viridulum,Mature,0,,1,NA,40,2021,NA,NA
7/11/21,10:34:00,Hoje_A_7,Erythromma_viridulum,Mature,0,,1,NA,40,2021,NA,NA
7/11/21,10:34:00,Hoje_A_7,Erythromma_viridulum,Mature,0,,1,NA,40,2021,NA,NA
7/11/21,10:34:00,Hoje_A_7,Erythromma_viridulum,Mature,0,,1,NA,40,2021,NA,NA
7/11/21,10:34:00,Hoje_A_7,Erythromma_viridulum,Mature,0,,1,NA,40,2021,NA,NA
7/11/21,10:34:00,Hoje_A_7,Erythromma_viridulum,Mature,0,,1,NA,40,2021,NA,NA
7/11/21,10:34:00,Hoje_A_7,Erythromma_viridulum,Mature,0,,1,NA,40,2021,NA,NA
7/11/21,10:34:00,Hoje_A_7,Erythromma_viridulum,Mature,0,,1,NA,40,2021,NA,NA
7/11/21,10:34:00,Hoje_A_7,Erythromma_viridulum,Mature,0,,1,NA,40,2021,NA,NA
7/11/21,10:34:00,Hoje_A_7,Erythromma_viridulum,Mature,0,,1,NA,40,2021,NA,NA
7/11/21,10:34:00,Hoje_A_7,Erythromma_viridulum,Mature,0,,1,NA,40,2021,NA,NA
7/11/21,10:34:00,Hoje_A_7,Erythromma_viridulum,Mature,0,,1,NA,40,2021,NA,NA
7/11/21,10:34:00,Hoje_A_7,Erythromma_viridulum,Mature,0,,1,NA,40,2021,NA,NA
7/11/21,10:34:00,Hoje_A_7,Erythromma_viridulum,Mature,0,,1,NA,40,2021,NA,NA
7/11/21,10:34:00,Hoje_A_7,Erythromma_viridulum,Mature,0,,1,NA,40,2021,NA,NA
7/11/21,10:34:00,Hoje_A_7,Erythromma_viridulum,Mature,0,,1,NA,40,2021,NA,NA
7/11/21,10:34:00,Hoje_A_7,Erythromma_viridulum,Mature,0,,1,NA,40,2021,NA,NA
7/11/21,10:34:00,Hoje_A_7,Erythromma_viridulum,Mature,0,,1,NA,40,2021,NA,NA
7/11/21,10:34:00,Hoje_A_7,Erythromma_viridulum,Mature,0,,1,NA,40,2021,NA,NA
7/11/21,10:34:00,Hoje_A_7,Erythromma_viridulum,Mature,0,,1,NA,40,2021,NA,NA
7/11/21,10:34:00,Hoje_A_7,Erythromma_viridulum,Mature,0,,1,NA,40,2021,NA,NA
7/11/21,10:34:00,Hoje_A_7,Erythromma_viridulum,Mature,0,,1,NA,40,2021,NA,NA
7/11/21,10:34:00,Hoje_A_7,Erythromma_viridulum,Mature,0,,1,NA,40,2021,NA,NA
7/11/21,10:34:00,Hoje_A_7,Erythromma_viridulum,Mature,0,,1,NA,40,2021,NA,NA
7/11/21,10:34:00,Hoje_A_7,Erythromma_viridulum,Mature,0,,1,NA,40,2021,NA,NA
7/11/21,10:34:00,Hoje_A_7,Erythromma_viridulum,Mature,0,,1,NA,40,2021,NA,NA
7/11/21,10:34:00,Hoje_A_7,Erythromma_viridulum,Mature,0,,1,NA,40,2021,NA,NA
7/11/21,10:34:00,Hoje_A_7,Erythromma_viridulum,Mature,0,,1,NA,40,2021,NA,NA
7/11/21,10:34:00,Hoje_A_7,Erythromma_viridulum,Mature,0,,1,NA,40,2021,NA,NA
7/11/21,10:34:00,Hoje_A_7,Erythromma_viridulum,Mature,0,,1,NA,40,2021,NA,NA
7/11/21,10:34:00,Hoje_A_7,Erythromma_viridulum,Mature,0,,1,NA,40,2021,NA,NA
7/11/21,10:34:00,Hoje_A_7,Erythromma_viridulum,Mature,0,,1,NA,40,2021,NA,NA
7/11/21,10:34:00,Hoje_A_7,Erythromma_viridulum,Mature,0,,1,NA,40,2021,NA,NA
7/11/21,10:34:00,Hoje_A_7,Erythromma_viridulum,Mature,0,,1,NA,40,2021,NA,NA
7/11/21,10:34:00,Hoje_A_7,Erythromma_viridulum,Mature,0,,1,NA,40,2021,NA,NA
7/11/21,10:34:00,Hoje_A_7,Erythromma_viridulum,Mature,0,,1,NA,40,2021,NA,NA
7/11/21,10:34:00,Hoje_A_7,Erythromma_viridulum,Mature,0,,1,NA,40,2021,NA,NA
7/11/21,10:34:00,Hoje_A_7,Erythromma_viridulum,Mature,0,,1,NA,40,2021,NA,NA
7/11/21,10:34:00,Hoje_A_7,Erythromma_viridulum,Mature,0,,1,NA,40,2021,NA,NA
7/11/21,10:34:00,Hoje_A_7,Erythromma_viridulum,Mature,0,,1,NA,40,2021,NA,NA
7/11/21,10:34:00,Hoje_A_7,Erythromma_viridulum,Mature,0,,1,NA,40,2021,NA,NA
7/11/21,10:34:00,Hoje_A_7,Erythromma_viridulum,Mature,0,,1,NA,40,2021,NA,NA
7/11/21,10:34:00,Hoje_A_7,Erythromma_viridulum,Mature,0,,1,NA,40,2021,NA,NA
7/11/21,10:34:00,Hoje_A_7,Erythromma_viridulum,Mature,0,,1,NA,40,2021,NA,NA
7/11/21,10:34:00,Hoje_A_7,Erythromma_viridulum,Mature,0,,1,NA,40,2021,NA,NA
7/11/21,10:34:00,Hoje_A_7,Erythromma_viridulum,Mature,0,,1,NA,40,2021,NA,NA
7/11/21,10:34:00,Hoje_A_7,Erythromma_viridulum,Mature,0,,1,NA,40,2021,NA,NA
7/11/21,10:34:00,Hoje_A_7,Erythromma_viridulum,Mature,0,,1,NA,40,2021,NA,NA
7/11/21,10:34:00,Hoje_A_7,Erythromma_viridulum,Mature,0,,1,NA,40,2021,NA,NA
7/11/21,10:34:00,Hoje_A_7,Erythromma_viridulum,Mature,0,,1,NA,40,2021,NA,NA
7/11/21,10:34:00,Hoje_A_7,Erythromma_viridulum,Mature,0,,1,NA,40,2021,NA,NA
7/11/21,10:34:00,Hoje_A_7,Erythromma_viridulum,Mature,0,,1,NA,40,2021,NA,NA
7/11/21,10:34:00,Hoje_A_7,Erythromma_viridulum,Mature,0,,1,NA,40,2021,NA,NA
7/11/21,10:34:00,Hoje_A_7,Erythromma_viridulum,Mature,0,,1,NA,40,2021,NA,NA
7/11/21,10:34:00,Hoje_A_7,Erythromma_viridulum,Mature,0,,1,NA,40,2021,NA,NA
7/11/21,10:34:00,Hoje_A_7,Erythromma_viridulum,Mature,0,,1,NA,40,2021,NA,NA
7/11/21,10:34:00,Hoje_A_7,Erythromma_viridulum,Mature,0,,1,NA,40,2021,NA,NA
7/11/21,10:34:00,Hoje_A_7,Erythromma_viridulum,Mature,0,,1,NA,40,2021,NA,NA
7/11/21,10:34:00,Hoje_A_7,Erythromma_viridulum,Mature,0,,1,NA,40,2021,NA,NA
7/11/21,10:34:00,Hoje_A_7,Erythromma_viridulum,Mature,0,,1,NA,40,2021,NA,NA
7/11/21,10:34:00,Hoje_A_7,Erythromma_viridulum,Mature,0,,1,NA,40,2021,NA,NA
7/11/21,10:34:00,Hoje_A_7,Erythromma_viridulum,Mature,0,,1,NA,40,2021,NA,NA
7/11/21,10:34:00,Hoje_A_7,Erythromma_viridulum,Mature,0,,1,NA,40,2021,NA,NA
7/11/21,10:34:00,Hoje_A_7,Erythromma_viridulum,Mature,0,,1,NA,40,2021,NA,NA
7/11/21,10:34:00,Hoje_A_7,Erythromma_viridulum,Mature,0,,1,NA,40,2021,NA,NA
7/11/21,10:34:00,Hoje_A_7,Erythromma_viridulum,Mature,0,,1,NA,40,2021,NA,NA
7/11/21,10:34:00,Hoje_A_7,Erythromma_viridulum,Mature,0,,1,NA,40,2021,NA,NA
7/11/21,10:34:00,Hoje_A_7,Erythromma_viridulum,Mature,0,,1,NA,40,2021,NA,NA
7/11/21,10:34:00,Hoje_A_7,Erythromma_viridulum,Mature,0,,1,NA,40,2021,NA,NA
7/11/21,10:34:00,Hoje_A_7,Erythromma_viridulum,Mature,0,,1,NA,40,2021,NA,NA
7/11/21,10:34:00,Hoje_A_7,Erythromma_viridulum,Mature,0,,1,NA,40,2021,NA,NA
7/11/21,10:34:00,Hoje_A_7,Erythromma_viridulum,Mature,0,,1,NA,40,2021,NA,NA
7/11/21,10:34:00,Hoje_A_7,Erythromma_viridulum,Mature,0,,1,NA,40,2021,NA,NA
7/11/21,10:34:00,Hoje_A_7,Erythromma_viridulum,Mature,0,,1,NA,40,2021,NA,NA
7/11/21,10:34:00,Hoje_A_7,Erythromma_viridulum,Mature,0,,1,NA,40,2021,NA,NA
7/11/21,10:34:00,Hoje_A_7,Erythromma_viridulum,Mature,0,,1,NA,40,2021,NA,NA
7/11/21,10:34:00,Hoje_A_7,Erythromma_viridulum,Mature,0,,1,NA,40,2021,NA,NA
7/11/21,10:34:00,Hoje_A_7,Erythromma_viridulum,Mature,0,,1,NA,40,2021,NA,NA
7/11/21,10:34:00,Hoje_A_7,Erythromma_viridulum,Mature,0,,1,NA,40,2021,NA,NA
7/11/21,10:34:00,Hoje_A_7,Erythromma_viridulum,Mature,0,,1,NA,40,2021,NA,NA
7/11/21,10:34:00,Hoje_A_7,Erythromma_viridulum,Mature,0,,1,NA,40,2021,NA,NA
7/11/21,10:34:00,Hoje_A_7,Erythromma_viridulum,Mature,0,,1,NA,40,2021,NA,NA
7/11/21,10:34:00,Hoje_A_7,Erythromma_viridulum,Mature,0,,1,NA,40,2021,NA,NA
7/11/21,10:34:00,Hoje_A_7,Erythromma_viridulum,Mature,0,,1,NA,40,2021,NA,NA
7/11/21,10:34:00,Hoje_A_7,Erythromma_viridulum,Mature,0,,1,NA,40,2021,NA,NA
7/11/21,10:34:00,Hoje_A_7,Erythromma_viridulum,Mature,0,,1,NA,40,2021,NA,NA
7/11/21,10:34:00,Hoje_A_7,Erythromma_viridulum,Mature,0,,1,NA,40,2021,NA,NA
7/11/21,10:34:00,Hoje_A_7,Erythromma_viridulum,Mature,0,,1,NA,40,2021,NA,NA
7/11/21,10:34:00,Hoje_A_7,Erythromma_viridulum,Mature,0,,1,NA,40,2021,NA,NA
7/11/21,10:34:00,Rabydammen,Enallagma_cyathigerum,Mature,1,,1,0,40,2021,NA,NA
7/11/21,10:34:00,Rabydammen,Enallagma_cyathigerum,Mature,0,Gynochrome,1,1,40,2021,NA,NA
7/11/21,10:34:00,Rabydammen,Enallagma_cyathigerum,Mature,0,Gynochrome,1,7,40,2021,NA,NA
7/11/21,10:34:00,Rabydammen,Enallagma_cyathigerum,Mature,1,,1,0,40,2021,NA,NA
7/11/21,10:34:00,Rabydammen,Enallagma_cyathigerum,Mature,0,Gynochrome,0,0,40,2021,NA,NA
7/11/21,10:34:00,Rabydammen,Enallagma_cyathigerum,Mature,1,,0,2,40,2021,NA,NA
7/11/21,10:34:00,Rabydammen,Enallagma_cyathigerum,Mature,1,,0,0,40,2021,NA,NA
7/11/21,10:34:00,Rabydammen,Erythromma_viridulum,Mature,1,,0,0,40,2021,NA,NA
7/11/21,10:34:00,Rabydammen,Enallagma_cyathigerum,Mature,1,,0,0,40,2021,NA,NA
7/11/21,10:34:00,Rabydammen,Enallagma_cyathigerum,Mature,1,,0,0,40,2021,NA,NA
7/11/21,10:34:00,Rabydammen,Erythromma_viridulum,Mature,1,,0,4,40,2021,NA,NA
7/11/21,10:34:00,Rabydammen,Erythromma_viridulum,Mature,1,,0,0,40,2021,NA,NA
7/11/21,10:34:00,Rabydammen,Erythromma_viridulum,Mature,1,,0,6,40,2021,NA,NA
7/11/21,10:34:00,Rabydammen,Enallagma_cyathigerum,Mature,1,,0,0,40,2021,NA,NA
7/11/21,10:34:00,Rabydammen,Erythromma_viridulum,Teneral,1,,0,0,40,2021,NA,NA
7/11/21,10:34:00,Rabydammen,Erythromma_viridulum,Teneral,0,,0,0,40,2021,NA,NA
7/11/21,10:34:00,Rabydammen,Enallagma_cyathigerum,Mature,1,,0,13,40,2021,NA,NA
7/11/21,10:34:00,Rabydammen,Enallagma_cyathigerum,Mature,1,,0,2,40,2021,NA,NA
7/11/21,10:34:00,Rabydammen,Enallagma_cyathigerum,Mature,0,Gynochrome,0,18,40,2021,NA,NA
7/11/21,10:34:00,Rabydammen,Erythromma_viridulum,Mature,0,Gynochrome,0,0,40,2021,NA,NA
7/11/21,10:34:00,Rabydammen,Enallagma_cyathigerum,Mature,1,,0,0,40,2021,NA,NA
7/11/21,10:34:00,Rabydammen,Erythromma_viridulum,Teneral,0,,0,0,40,2021,NA,NA
7/11/21,10:34:00,Rabydammen,Erythromma_viridulum,Mature,1,,0,0,40,2021,NA,NA
7/11/21,10:34:00,Rabydammen,Lestes_sponsa,Mature,1,,0,0,40,2021,NA,NA
7/11/21,10:34:00,Rabydammen,Enallagma_cyathigerum,Mature,1,,0,0,40,2021,NA,NA
7/11/21,10:34:00,Rabydammen,Enallagma_cyathigerum,Mature,1,,0,7,40,2021,NA,NA
7/11/21,10:34:00,Rabydammen,Enallagma_cyathigerum,Mature,1,,0,0,40,2021,NA,NA
7/11/21,10:34:00,Rabydammen,Erythromma_viridulum,Mature,1,,0,0,40,2021,NA,NA
7/11/21,10:34:00,Rabydammen,Erythromma_viridulum,Mature,1,,0,0,40,2021,NA,NA
7/11/21,10:34:00,Rabydammen,Lestes_sponsa,Mature,1,,0,0,40,2021,NA,NA
7/11/21,10:34:00,Rabydammen,Enallagma_cyathigerum,Mature,1,,0,3,40,2021,NA,NA
7/11/21,10:34:00,Rabydammen,Enallagma_cyathigerum,Teneral,1,,0,2,40,2021,NA,NA
7/11/21,10:34:00,Rabydammen,Erythromma_viridulum,Teneral,0,,0,0,40,2021,NA,NA
7/11/21,10:34:00,Rabydammen,Anax_imperator,Mature,0,,0,NA,40,2021,NA,NA
7/11/21,10:34:00,Rabydammen,Anax_imperator,Mature,1,,0,NA,40,2021,NA,NA
7/11/21,10:34:00,Rabydammen,Anax_imperator,Mature,1,,0,NA,40,2021,NA,NA
7/11/21,10:34:00,Rabydammen,Sympetrum_sanguineum,Mature,1,,0,NA,40,2021,NA,NA
7/11/21,10:34:00,Rabydammen,Libellula_quadrimaculata,Mature,1,,0,NA,40,2021,NA,NA
7/11/21,10:34:00,Rabydammen,Orthetrum_cancellatum,Mature,1,,0,NA,40,2021,NA,NA
7/11/21,10:34:00,Rabydammen,Orthetrum_cancellatum,Mature,1,,0,NA,40,2021,NA,NA
7/11/21,10:34:00,Rabydammen,Orthetrum_cancellatum,Mature,1,,0,NA,40,2021,NA,NA
7/11/21,10:34:00,Rabydammen,Orthetrum_cancellatum,Mature,1,,0,NA,40,2021,NA,NA
7/11/21,10:34:00,Rabydammen,Orthetrum_cancellatum,Mature,1,,0,NA,40,2021,NA,NA
7/11/21,10:34:00,Rabydammen,Orthetrum_cancellatum,Mature,1,,0,NA,40,2021,NA,NA
7/11/21,10:34:00,Rabydammen,Orthetrum_cancellatum,Mature,1,,0,NA,40,2021,NA,NA
7/11/21,10:34:00,Rabydammen,Orthetrum_cancellatum,Mature,1,,0,NA,40,2021,NA,NA
7/11/21,10:34:00,Rabydammen,Orthetrum_cancellatum,Mature,1,,0,NA,40,2021,NA,NA
7/11/21,10:34:00,Rabydammen,Orthetrum_cancellatum,Mature,1,,0,NA,40,2021,NA,NA
7/11/21,10:34:00,Rabydammen,Orthetrum_cancellatum,Mature,1,,0,NA,40,2021,NA,NA
7/11/21,10:34:00,Rabydammen,Orthetrum_cancellatum,Mature,1,,0,NA,40,2021,NA,NA
7/11/21,10:34:00,Rabydammen,Orthetrum_cancellatum,Mature,1,,1,NA,40,2021,NA,NA
7/11/21,10:34:00,Rabydammen,Orthetrum_cancellatum,Mature,0,,1,NA,40,2021,NA,NA
7/11/21,10:34:00,Rabydammen,Erythromma_viridulum,Mature,1,,0,NA,40,2021,NA,NA
7/11/21,10:34:00,Rabydammen,Erythromma_viridulum,Mature,1,,0,NA,40,2021,NA,NA
7/11/21,10:34:00,Rabydammen,Erythromma_viridulum,Mature,1,,0,NA,40,2021,NA,NA
7/11/21,10:34:00,Rabydammen,Erythromma_viridulum,Mature,1,,0,NA,40,2021,NA,NA
7/11/21,10:34:00,Rabydammen,Erythromma_viridulum,Mature,1,,0,NA,40,2021,NA,NA
7/11/21,10:34:00,Rabydammen,Erythromma_viridulum,Mature,1,,0,NA,40,2021,NA,NA
7/11/21,10:34:00,Rabydammen,Erythromma_viridulum,Mature,1,,0,NA,40,2021,NA,NA
7/11/21,10:34:00,Rabydammen,Erythromma_viridulum,Mature,1,,0,NA,40,2021,NA,NA
7/11/21,10:34:00,Rabydammen,Erythromma_viridulum,Mature,1,,0,NA,40,2021,NA,NA
7/11/21,10:34:00,Rabydammen,Erythromma_viridulum,Mature,1,,0,NA,40,2021,NA,NA
7/11/21,10:34:00,Rabydammen,Erythromma_viridulum,Mature,1,,0,NA,40,2021,NA,NA
7/11/21,10:34:00,Rabydammen,Erythromma_viridulum,Mature,1,,0,NA,40,2021,NA,NA
7/11/21,10:34:00,Rabydammen,Erythromma_viridulum,Mature,1,,0,NA,40,2021,NA,NA
7/11/21,10:34:00,Rabydammen,Erythromma_viridulum,Mature,1,,0,NA,40,2021,NA,NA
7/11/21,10:34:00,Rabydammen,Erythromma_viridulum,Mature,1,,0,NA,40,2021,NA,NA
7/11/21,10:34:00,Rabydammen,Erythromma_viridulum,Mature,1,,0,NA,40,2021,NA,NA
7/11/21,10:34:00,Rabydammen,Erythromma_viridulum,Mature,1,,0,NA,40,2021,NA,NA
7/11/21,10:34:00,Rabydammen,Erythromma_viridulum,Mature,1,,0,NA,40,2021,NA,NA
7/11/21,10:34:00,Rabydammen,Erythromma_viridulum,Mature,1,,0,NA,40,2021,NA,NA
7/11/21,10:34:00,Rabydammen,Erythromma_viridulum,Mature,1,,0,NA,40,2021,NA,NA
7/11/21,10:34:00,Rabydammen,Erythromma_viridulum,Mature,1,,0,NA,40,2021,NA,NA
7/11/21,10:34:00,Rabydammen,Erythromma_viridulum,Mature,1,,0,NA,40,2021,NA,NA
7/11/21,10:34:00,Rabydammen,Erythromma_viridulum,Mature,1,,0,NA,40,2021,NA,NA
7/11/21,10:34:00,Rabydammen,Erythromma_viridulum,Mature,1,,0,NA,40,2021,NA,NA
7/11/21,10:34:00,Rabydammen,Erythromma_viridulum,Mature,1,,0,NA,40,2021,NA,NA
7/11/21,10:34:00,Rabydammen,Erythromma_viridulum,Mature,1,,0,NA,40,2021,NA,NA
7/11/21,10:34:00,Rabydammen,Erythromma_viridulum,Mature,1,,0,NA,40,2021,NA,NA
7/12/21,10:25:00,Vombs_Vattenverk,Enallagma_cyathigerum,Mature,0,Gynochrome,1,NA,30,2021,NA,NA
7/12/21,10:25:00,Vombs_Vattenverk,Enallagma_cyathigerum,Mature,1,,1,0,30,2021,NA,NA
7/12/21,10:25:00,Vombs_Vattenverk,Enallagma_cyathigerum,Mature,0,Androchrome,1,0,30,2021,NA,NA
7/12/21,10:25:00,Vombs_Vattenverk,Enallagma_cyathigerum,Mature,1,,1,0,30,2021,NA,NA
7/12/21,10:25:00,Vombs_Vattenverk,Enallagma_cyathigerum,Mature,0,Gynochrome,1,4,30,2021,NA,NA
7/12/21,10:25:00,Vombs_Vattenverk,Enallagma_cyathigerum,Mature,1,,1,0,30,2021,NA,NA
7/12/21,10:25:00,Vombs_Vattenverk,Sympetrum_sanguineum,Mature,1,,0,0,30,2021,NA,NA
7/12/21,10:25:00,Vombs_Vattenverk,Sympetrum_striolatum,Teneral,0,,0,0,30,2021,NA,NA
7/12/21,10:25:00,Vombs_Vattenverk,Sympetrum_striolatum,Teneral,0,,0,0,30,2021,NA,NA
7/12/21,10:25:00,Vombs_Vattenverk,Enallagma_cyathigerum,Mature,1,,0,0,30,2021,NA,NA
7/12/21,10:25:00,Vombs_Vattenverk,Enallagma_cyathigerum,Mature,1,,0,0,30,2021,NA,NA
7/12/21,10:25:00,Vombs_Vattenverk,Enallagma_cyathigerum,Mature,1,,0,2,30,2021,NA,NA
7/12/21,10:25:00,Vombs_Vattenverk,Enallagma_cyathigerum,Mature,1,,0,0,30,2021,NA,NA
7/12/21,10:25:00,Vombs_Vattenverk,Enallagma_cyathigerum,Mature,1,,0,0,30,2021,NA,NA
7/12/21,10:25:00,Vombs_Vattenverk,Enallagma_cyathigerum,Immature,1,,0,0,30,2021,NA,NA
7/12/21,10:25:00,Vombs_Vattenverk,Enallagma_cyathigerum,Mature,1,,0,0,30,2021,NA,NA
7/12/21,10:25:00,Vombs_Vattenverk,Enallagma_cyathigerum,Mature,1,,0,1,30,2021,NA,NA
7/12/21,10:25:00,Vombs_Vattenverk,Enallagma_cyathigerum,Mature,1,,0,1,30,2021,NA,NA
7/12/21,10:25:00,Vombs_Vattenverk,Enallagma_cyathigerum,Mature,1,,0,0,30,2021,NA,NA
7/12/21,10:25:00,Vombs_Vattenverk,Enallagma_cyathigerum,Mature,1,,0,0,30,2021,NA,NA
7/12/21,10:25:00,Vombs_Vattenverk,Erythromma_viridulum,Mature,1,,0,0,30,2021,NA,NA
7/12/21,10:25:00,Vombs_Vattenverk,Enallagma_cyathigerum,Mature,1,,0,0,30,2021,NA,NA
7/12/21,10:25:00,Vombs_Vattenverk,Enallagma_cyathigerum,Mature,1,,0,0,30,2021,NA,NA
7/12/21,10:25:00,Vombs_Vattenverk,Coenagrion_pulchellum,Mature,1,,0,0,30,2021,NA,NA
7/12/21,10:25:00,Vombs_Vattenverk,Enallagma_cyathigerum,Mature,1,,0,0,30,2021,NA,NA
7/12/21,10:25:00,Vombs_Vattenverk,Enallagma_cyathigerum,Mature,1,,0,3,30,2021,NA,NA
7/12/21,10:25:00,Vombs_Vattenverk,Enallagma_cyathigerum,Mature,1,,0,0,30,2021,NA,NA
7/12/21,10:25:00,Vombs_Vattenverk,Enallagma_cyathigerum,Teneral,0,,0,4,30,2021,NA,NA
7/12/21,10:25:00,Vombs_Vattenverk,Orthetrum_cancellatum,Mature,1,,0,NA,30,2021,NA,NA
7/12/21,10:25:00,Vombs_Vattenverk,Orthetrum_cancellatum,Mature,1,,0,NA,30,2021,NA,NA
7/12/21,10:25:00,Vombs_Vattenverk,Orthetrum_cancellatum,Mature,1,,0,NA,30,2021,NA,NA
7/12/21,10:25:00,Vombs_Vattenverk,Orthetrum_cancellatum,Mature,1,,0,NA,30,2021,NA,NA
7/12/21,10:25:00,Vombs_Vattenverk,Orthetrum_cancellatum,Mature,1,,0,NA,30,2021,NA,NA
7/12/21,10:25:00,Vombs_Vattenverk,Orthetrum_cancellatum,Mature,1,,0,NA,30,2021,NA,NA
7/12/21,10:25:00,Vombs_Vattenverk,Orthetrum_cancellatum,Mature,1,,0,NA,30,2021,NA,NA
7/12/21,10:25:00,Vombs_Vattenverk,Orthetrum_cancellatum,Mature,1,,0,NA,30,2021,NA,NA
7/12/21,10:25:00,Vombs_Vattenverk,Orthetrum_cancellatum,Mature,1,,0,NA,30,2021,NA,NA
7/12/21,10:25:00,Vombs_Vattenverk,Orthetrum_cancellatum,Mature,1,,0,NA,30,2021,NA,NA
7/12/21,10:25:00,Vombs_Vattenverk,Orthetrum_cancellatum,Mature,1,,0,NA,30,2021,NA,NA
7/12/21,10:25:00,Vombs_Vattenverk,Orthetrum_cancellatum,Mature,1,,0,NA,30,2021,NA,NA
7/12/21,10:25:00,Vombs_Vattenverk,Orthetrum_cancellatum,Mature,1,,0,NA,30,2021,NA,NA
7/12/21,10:25:00,Vombs_Vattenverk,Orthetrum_cancellatum,Mature,1,,0,NA,30,2021,NA,NA
7/12/21,10:25:00,Vombs_Vattenverk,Anax_imperator,Mature,1,,0,NA,30,2021,NA,NA
7/12/21,10:25:00,Vombs_Vattenverk,Anax_imperator,Mature,1,,0,NA,30,2021,NA,NA
7/12/21,10:25:00,Vombs_Vattenverk,Anax_imperator,Mature,1,,0,NA,30,2021,NA,NA
7/12/21,10:25:00,Vombs_Vattenverk,Anax_imperator,Mature,1,,0,NA,30,2021,NA,NA
7/12/21,10:25:00,Vombs_Vattenverk,Aeshna_grandis,Mature,1,,0,NA,30,2021,NA,NA
7/12/21,10:25:00,Vombs_Vattenverk,Sympetrum_spp,Teneral,1,,0,NA,30,2021,NA,NA
7/12/21,10:25:00,Vombs_Vattenverk,Sympetrum_spp,Teneral,1,,0,NA,30,2021,NA,NA
7/12/21,10:25:00,Vombs_Vattenverk,Sympetrum_spp,Teneral,1,,0,NA,30,2021,NA,NA
7/12/21,10:25:00,Vombs_Bruksgard,Anax_imperator,Mature,1,,0,0,40,2021,NA,NA
7/12/21,10:25:00,Vombs_Bruksgard,Lestes_dryas,Immature,1,,0,0,40,2021,NA,NA
7/12/21,10:25:00,Vombs_Bruksgard,Lestes_sponsa,Mature,1,,0,0,40,2021,NA,NA
7/12/21,10:25:00,Vombs_Bruksgard,Lestes_sponsa,Immature,1,,0,0,40,2021,NA,NA
7/12/21,10:25:00,Vombs_Bruksgard,Lestes_sponsa,Mature,1,,0,0,40,2021,NA,NA
7/12/21,10:25:00,Vombs_Bruksgard,Lestes_sponsa,Immature,1,,0,0,40,2021,NA,NA
7/12/21,10:25:00,Vombs_Bruksgard,Lestes_sponsa,Mature,1,,0,0,40,2021,NA,NA
7/12/21,10:25:00,Vombs_Bruksgard,Lestes_sponsa,Mature,1,,0,0,40,2021,NA,NA
7/12/21,10:25:00,Vombs_Bruksgard,Lestes_sponsa,Mature,1,,0,0,40,2021,NA,NA
7/12/21,10:25:00,Vombs_Bruksgard,Lestes_sponsa,Mature,1,,0,0,40,2021,NA,NA
7/12/21,10:25:00,Vombs_Bruksgard,Lestes_virens,Teneral,0,,0,0,40,2021,NA,NA
7/12/21,10:25:00,Vombs_Bruksgard,Lestes_sponsa,Immature,1,,0,0,40,2021,NA,NA
7/12/21,10:25:00,Vombs_Bruksgard,Enallagma_cyathigerum,Mature,1,,0,0,40,2021,NA,NA
7/12/21,10:25:00,Vombs_Bruksgard,Enallagma_cyathigerum,Mature,1,,0,0,40,2021,NA,NA
7/12/21,10:25:00,Vombs_Bruksgard,Enallagma_cyathigerum,Mature,1,,0,0,40,2021,NA,NA
7/12/21,10:25:00,Vombs_Bruksgard,Lestes_virens,Teneral,1,,0,0,40,2021,NA,NA
7/12/21,10:25:00,Vombs_Bruksgard,Lestes_sponsa,Mature,1,,0,0,40,2021,NA,NA
7/12/21,10:25:00,Vombs_Bruksgard,Lestes_sponsa,Mature,1,,0,0,40,2021,NA,NA
7/12/21,10:25:00,Vombs_Bruksgard,Enallagma_cyathigerum,Mature,1,,0,5,40,2021,NA,NA
7/12/21,10:25:00,Vombs_Bruksgard,Enallagma_cyathigerum,Immature,1,,0,3,40,2021,NA,NA
7/12/21,10:25:00,Vombs_Bruksgard,Lestes_sponsa,Mature,1,,0,0,40,2021,NA,NA
7/12/21,10:25:00,Vombs_Bruksgard,Coenagrion_puella,Mature,1,,0,2,40,2021,NA,NA
7/12/21,10:25:00,Vombs_Bruksgard,Lestes_sponsa,Mature,1,,0,0,40,2021,NA,NA
7/12/21,10:25:00,Vombs_Bruksgard,Lestes_sponsa,Mature,1,,0,0,40,2021,NA,NA
7/12/21,10:25:00,Vombs_Bruksgard,Lestes_sponsa,Mature,1,,0,0,40,2021,NA,NA
7/12/21,10:25:00,Vombs_Bruksgard,Coenagrion_puella,Mature,0,Gynochrome,0,3,40,2021,NA,NA
7/12/21,10:25:00,Vombs_Bruksgard,Lestes_sponsa,Mature,1,,0,0,40,2021,NA,NA
7/12/21,10:25:00,Vombs_Bruksgard,Lestes_sponsa,Mature,1,,0,0,40,2021,NA,NA
7/12/21,10:25:00,Vombs_Bruksgard,Lestes_sponsa,Mature,1,,0,0,40,2021,NA,NA
7/12/21,10:25:00,Vombs_Bruksgard,Lestes_sponsa,Immature,1,,0,0,40,2021,NA,NA
7/12/21,10:25:00,Vombs_Bruksgard,Enallagma_cyathigerum,Mature,1,,0,0,40,2021,NA,NA
7/12/21,10:25:00,Vombs_Bruksgard,Enallagma_cyathigerum,Mature,1,,0,2,40,2021,NA,NA
7/12/21,10:25:00,Vombs_Bruksgard,Enallagma_cyathigerum,Mature,1,,0,1,40,2021,NA,NA
7/12/21,10:25:00,Vombs_Bruksgard,Sympetrum_sanguineum,Immature,1,,0,0,40,2021,NA,NA
7/12/21,10:25:00,Vombs_Bruksgard,Sympetrum_sanguineum,Mature,1,,0,0,40,2021,NA,NA
7/12/21,10:25:00,Vombs_Bruksgard,Sympetrum_sanguineum,Mature,1,,0,0,40,2021,NA,NA
7/12/21,10:25:00,Vombs_Bruksgard,Sympetrum_sanguineum,Immature,1,,0,0,40,2021,NA,NA
7/12/21,10:25:00,Vombs_Bruksgard,Sympetrum_striolatum,Immature,0,Gynochrome,0,0,40,2021,NA,NA
7/12/21,10:25:00,Vombs_Bruksgard,Sympetrum_sanguineum,Teneral,0,,0,0,40,2021,NA,NA
7/12/21,10:25:00,Vombs_Bruksgard,Sympetrum_sanguineum,Mature,1,,0,0,40,2021,NA,NA
7/12/21,10:25:00,Vombs_Bruksgard,Lestes_sponsa,Immature,1,,1,0,40,2021,NA,NA
7/12/21,10:25:00,Vombs_Bruksgard,Lestes_sponsa,Immature,0,Gynochrome,1,0,40,2021,NA,NA
7/12/21,10:25:00,Vombs_Bruksgard,Libellula_quadrimaculata,Mature,1,,0,NA,40,2021,NA,NA
7/12/21,10:25:00,Vombs_Bruksgard,Libellula_quadrimaculata,Mature,1,,0,NA,40,2021,NA,NA
7/12/21,10:25:00,Vombs_Bruksgard,Libellula_quadrimaculata,Mature,1,,0,NA,40,2021,NA,NA
7/12/21,10:25:00,Vombs_Bruksgard,Libellula_quadrimaculata,Mature,1,,0,NA,40,2021,NA,NA
7/12/21,10:25:00,Vombs_Bruksgard,Libellula_quadrimaculata,Mature,1,,0,NA,40,2021,NA,NA
7/12/21,10:25:00,Vombs_Bruksgard,Libellula_quadrimaculata,Mature,1,,0,NA,40,2021,NA,NA
7/12/21,10:25:00,Vombs_Bruksgard,Libellula_quadrimaculata,Mature,1,,0,NA,40,2021,NA,NA
7/12/21,10:25:00,Vombs_Bruksgard,Libellula_quadrimaculata,Mature,1,,0,NA,40,2021,NA,NA
7/12/21,10:25:00,Vombs_Bruksgard,Libellula_quadrimaculata,Mature,1,,0,NA,40,2021,NA,NA
7/12/21,10:25:00,Vombs_Bruksgard,Libellula_quadrimaculata,Mature,1,,0,NA,40,2021,NA,NA
7/12/21,10:25:00,Vombs_Bruksgard,Libellula_quadrimaculata,Mature,1,,0,NA,40,2021,NA,NA
7/12/21,10:25:00,Vombs_Bruksgard,Libellula_quadrimaculata,Mature,1,,0,NA,40,2021,NA,NA
7/12/21,10:25:00,Vombs_Bruksgard,Libellula_quadrimaculata,Mature,1,,0,NA,40,2021,NA,NA
7/12/21,10:25:00,Vombs_Bruksgard,Libellula_quadrimaculata,Mature,1,,0,NA,40,2021,NA,NA
7/12/21,10:25:00,Vombs_Bruksgard,Libellula_quadrimaculata,Mature,1,,0,NA,40,2021,NA,NA
7/12/21,10:25:00,Vombs_Bruksgard,Libellula_quadrimaculata,Mature,1,,0,NA,40,2021,NA,NA
7/12/21,10:25:00,Vombs_Bruksgard,Libellula_quadrimaculata,Mature,1,,0,NA,40,2021,NA,NA
7/12/21,10:25:00,Vombs_Bruksgard,Libellula_quadrimaculata,Mature,1,,0,NA,40,2021,NA,NA
7/12/21,10:25:00,Vombs_Bruksgard,Libellula_quadrimaculata,Mature,1,,0,NA,40,2021,NA,NA
7/12/21,10:25:00,Vombs_Bruksgard,Libellula_quadrimaculata,Mature,1,,0,NA,40,2021,NA,NA
7/12/21,10:25:00,Vombs_Bruksgard,Libellula_quadrimaculata,Mature,1,,0,NA,40,2021,NA,NA
7/12/21,10:25:00,Vombs_Bruksgard,Libellula_quadrimaculata,Mature,1,,0,NA,40,2021,NA,NA
7/12/21,10:25:00,Vombs_Bruksgard,Libellula_quadrimaculata,Mature,1,,0,NA,40,2021,NA,NA
7/12/21,10:25:00,Vombs_Bruksgard,Libellula_quadrimaculata,Mature,1,,0,NA,40,2021,NA,NA
7/12/21,10:25:00,Vombs_Bruksgard,Libellula_quadrimaculata,Mature,1,,0,NA,40,2021,NA,NA
7/12/21,10:25:00,Vombs_Bruksgard,Anax_imperator,Mature,1,,0,NA,40,2021,NA,NA
7/12/21,10:25:00,Vombs_Bruksgard,Sympetrum_sanguineum,Mature,1,,1,NA,40,2021,NA,NA
7/12/21,10:25:00,Vombs_Bruksgard,Sympetrum_sanguineum,Mature,1,,1,NA,40,2021,NA,NA
7/12/21,10:25:00,Vombs_Bruksgard,Sympetrum_sanguineum,Mature,0,,1,NA,40,2021,NA,NA
7/12/21,10:25:00,Vombs_Bruksgard,Sympetrum_sanguineum,Mature,0,,1,NA,40,2021,NA,NA
7/12/21,10:25:00,Vombs_Bruksgard,Sympetrum_sanguineum,Mature,1,,0,NA,40,2021,NA,NA
7/12/21,10:25:00,Vombs_Bruksgard,Sympetrum_sanguineum,Mature,1,,0,NA,40,2021,NA,NA
7/12/21,10:25:00,Vombs_Bruksgard,Sympetrum_sanguineum,Mature,1,,0,NA,40,2021,NA,NA
7/12/21,10:25:00,Vombs_Bruksgard,Sympetrum_sanguineum,Mature,1,,0,NA,40,2021,NA,NA
7/12/21,10:25:00,Vombs_Bruksgard,Sympetrum_sanguineum,Mature,1,,0,NA,40,2021,NA,NA
7/12/21,10:25:00,Vombs_Bruksgard,Sympetrum_sanguineum,Mature,1,,0,NA,40,2021,NA,NA
7/12/21,10:25:00,Vombs_Bruksgard,Sympetrum_sanguineum,Mature,1,,0,NA,40,2021,NA,NA
7/12/21,10:25:00,Vombs_Bruksgard,Sympetrum_sanguineum,Mature,1,,0,NA,40,2021,NA,NA
7/12/21,10:25:00,Vombs_Bruksgard,Sympetrum_sanguineum,Mature,1,,0,NA,40,2021,NA,NA
7/12/21,10:25:00,Vombs_Bruksgard,Sympetrum_sanguineum,Mature,1,,0,NA,40,2021,NA,NA
7/12/21,10:25:00,Vombs_Bruksgard,Somatochlora_metallica,Mature,1,,0,NA,40,2021,NA,NA
7/12/21,10:25:00,Vombs_Bruksgard,Somatochlora_metallica,Mature,1,,0,NA,40,2021,NA,NA
7/12/21,10:25:00,Vombs_Bruksgard,Orthetrum_cancellatum,Mature,1,,0,NA,40,2021,NA,NA
7/12/21,10:25:00,Vombs_Bruksgard,Orthetrum_cancellatum,Mature,1,,0,NA,40,2021,NA,NA
7/12/21,10:25:00,Vombs_Bruksgard,Orthetrum_cancellatum,Mature,1,,0,NA,40,2021,NA,NA
7/12/21,10:25:00,Gunnesbo,Erythromma_viridulum,Mature,0,Gynochrome,1,0,45,2021,NA,NA
7/12/21,10:25:00,Gunnesbo,Erythromma_viridulum,Immature,0,Gynochrome,1,0,45,2021,NA,NA
7/12/21,10:25:00,Gunnesbo,Erythromma_viridulum,Immature,1,,1,0,45,2021,NA,NA
7/12/21,10:25:00,Gunnesbo,Erythromma_viridulum,Immature,1,,1,0,45,2021,NA,NA
7/12/21,10:25:00,Gunnesbo,Erythromma_viridulum,Mature,0,Gynochrome,1,0,45,2021,NA,NA
7/12/21,10:25:00,Gunnesbo,Erythromma_viridulum,Mature,1,,1,0,45,2021,NA,NA
7/12/21,10:25:00,Gunnesbo,Erythromma_viridulum,Mature,0,Gynochrome,1,NA,45,2021,NA,NA
7/12/21,10:25:00,Gunnesbo,Erythromma_viridulum,Immature,1,,1,0,45,2021,NA,NA
7/12/21,10:25:00,Gunnesbo,Erythromma_viridulum,Immature,1,,1,1,45,2021,NA,NA
7/12/21,10:25:00,Gunnesbo,Enallagma_cyathigerum,Mature,1,,1,0,45,2021,NA,NA
7/12/21,10:25:00,Gunnesbo,Enallagma_cyathigerum,Mature,0,Gynochrome,1,0,45,2021,NA,NA
7/12/21,10:25:00,Gunnesbo,Erythromma_viridulum,Mature,1,,1,0,45,2021,NA,NA
7/12/21,10:25:00,Gunnesbo,Erythromma_viridulum,Mature,0,Gynochrome,1,NA,45,2021,NA,NA
7/12/21,10:25:00,Gunnesbo,Erythromma_viridulum,Immature,1,,0,0,45,2021,NA,NA
7/12/21,10:25:00,Gunnesbo,Erythromma_viridulum,Mature,1,,0,1,45,2021,NA,NA
7/12/21,10:25:00,Gunnesbo,Enallagma_cyathigerum,Mature,1,,0,1,45,2021,NA,NA
7/12/21,10:25:00,Gunnesbo,Erythromma_viridulum,Mature,0,Gynochrome,0,NA,45,2021,NA,NA
7/12/21,10:25:00,Gunnesbo,Erythromma_viridulum,Mature,1,,0,0,45,2021,NA,NA
7/12/21,10:25:00,Gunnesbo,Erythromma_viridulum,Immature,1,,0,1,45,2021,NA,NA
7/12/21,10:25:00,Gunnesbo,Erythromma_viridulum,Immature,1,,0,1,45,2021,NA,NA
7/12/21,10:25:00,Gunnesbo,Erythromma_viridulum,Mature,1,,0,0,45,2021,NA,NA
7/12/21,10:25:00,Gunnesbo,Enallagma_cyathigerum,Mature,1,,0,0,45,2021,NA,NA
7/12/21,10:25:00,Gunnesbo,Erythromma_viridulum,Mature,1,,0,0,45,2021,NA,NA
7/12/21,10:25:00,Gunnesbo,Erythromma_viridulum,Mature,1,,0,0,45,2021,NA,NA
7/12/21,10:25:00,Gunnesbo,Enallagma_cyathigerum,Mature,1,,0,0,45,2021,NA,NA
7/12/21,10:25:00,Gunnesbo,Erythromma_viridulum,Immature,1,,0,0,45,2021,NA,NA
7/12/21,10:25:00,Gunnesbo,Erythromma_viridulum,Mature,1,,0,NA,45,2021,NA,NA
7/12/21,10:25:00,Gunnesbo,Enallagma_cyathigerum,Mature,1,,0,0,45,2021,NA,NA
7/12/21,10:25:00,Gunnesbo,Erythromma_viridulum,Mature,1,,0,0,45,2021,NA,NA
7/12/21,10:25:00,Gunnesbo,Enallagma_cyathigerum,Mature,1,,0,0,45,2021,NA,NA
7/12/21,10:25:00,Gunnesbo,Erythromma_viridulum,Mature,1,,0,0,45,2021,NA,NA
7/12/21,10:25:00,Gunnesbo,Erythromma_viridulum,Mature,1,,0,0,45,2021,NA,NA
7/12/21,10:25:00,Gunnesbo,Erythromma_viridulum,Mature,1,,0,0,45,2021,NA,NA
7/12/21,10:25:00,Gunnesbo,Erythromma_viridulum,Mature,1,,0,0,45,2021,NA,NA
7/12/21,10:25:00,Gunnesbo,Erythromma_viridulum,Immature,1,,0,1,45,2021,NA,NA
7/12/21,10:25:00,Gunnesbo,Orthetrum_cancellatum,Mature,1,,0,0,45,2021,NA,NA
7/12/21,10:25:00,Gunnesbo,Orthetrum_cancellatum,Mature,1,,0,0,45,2021,NA,NA
7/12/21,10:25:00,Gunnesbo,Enallagma_cyathigerum,Mature,1,,0,1,45,2021,NA,NA
7/12/21,10:25:00,Gunnesbo,Enallagma_cyathigerum,Immature,1,,0,0,45,2021,NA,NA
7/12/21,10:25:00,Gunnesbo,Erythromma_viridulum,Mature,0,Gynochrome,0,0,45,2021,NA,NA
7/12/21,10:25:00,Gunnesbo,Enallagma_cyathigerum,Mature,1,,0,0,45,2021,NA,NA
7/12/21,10:25:00,Gunnesbo,Erythromma_viridulum,Mature,1,,0,0,45,2021,NA,NA
7/12/21,10:25:00,Gunnesbo,Enallagma_cyathigerum,Mature,1,,0,0,45,2021,NA,NA
7/12/21,10:25:00,Gunnesbo,Enallagma_cyathigerum,Mature,1,,0,0,45,2021,NA,NA
7/12/21,10:25:00,Gunnesbo,Erythromma_viridulum,Mature,1,,0,0,45,2021,NA,NA
7/12/21,10:25:00,Gunnesbo,Erythromma_viridulum,Immature,1,,0,0,45,2021,NA,NA
7/12/21,10:25:00,Gunnesbo,Enallagma_cyathigerum,Mature,1,,0,0,45,2021,NA,NA
7/12/21,10:25:00,Gunnesbo,Enallagma_cyathigerum,Mature,1,,0,0,45,2021,NA,NA
7/12/21,10:25:00,Gunnesbo,Erythromma_viridulum,Mature,1,,0,0,45,2021,NA,NA
7/12/21,10:25:00,Gunnesbo,Enallagma_cyathigerum,Mature,1,,1,NA,45,2021,NA,NA
7/12/21,10:25:00,Gunnesbo,Enallagma_cyathigerum,Mature,1,,1,NA,45,2021,NA,NA
7/12/21,10:25:00,Gunnesbo,Enallagma_cyathigerum,Mature,1,,1,NA,45,2021,NA,NA
7/12/21,10:25:00,Gunnesbo,Enallagma_cyathigerum,Mature,0,,1,NA,45,2021,NA,NA
7/12/21,10:25:00,Gunnesbo,Enallagma_cyathigerum,Mature,0,,1,NA,45,2021,NA,NA
7/12/21,10:25:00,Gunnesbo,Enallagma_cyathigerum,Mature,0,,1,NA,45,2021,NA,NA
7/12/21,10:25:00,Gunnesbo,Erythromma_viridulum,Mature,1,,1,NA,45,2021,NA,NA
7/12/21,10:25:00,Gunnesbo,Erythromma_viridulum,Mature,1,,1,NA,45,2021,NA,NA
7/12/21,10:25:00,Gunnesbo,Erythromma_viridulum,Mature,1,,1,NA,45,2021,NA,NA
7/12/21,10:25:00,Gunnesbo,Erythromma_viridulum,Mature,1,,1,NA,45,2021,NA,NA
7/12/21,10:25:00,Gunnesbo,Erythromma_viridulum,Mature,1,,1,NA,45,2021,NA,NA
7/12/21,10:25:00,Gunnesbo,Erythromma_viridulum,Mature,1,,1,NA,45,2021,NA,NA
7/12/21,10:25:00,Gunnesbo,Erythromma_viridulum,Mature,1,,1,NA,45,2021,NA,NA
7/12/21,10:25:00,Gunnesbo,Erythromma_viridulum,Mature,1,,1,NA,45,2021,NA,NA
7/12/21,10:25:00,Gunnesbo,Erythromma_viridulum,Mature,1,,1,NA,45,2021,NA,NA
7/12/21,10:25:00,Gunnesbo,Erythromma_viridulum,Mature,1,,1,NA,45,2021,NA,NA
7/12/21,10:25:00,Gunnesbo,Erythromma_viridulum,Mature,1,,1,NA,45,2021,NA,NA
7/12/21,10:25:00,Gunnesbo,Erythromma_viridulum,Mature,1,,1,NA,45,2021,NA,NA
7/12/21,10:25:00,Gunnesbo,Erythromma_viridulum,Mature,1,,1,NA,45,2021,NA,NA
7/12/21,10:25:00,Gunnesbo,Erythromma_viridulum,Mature,1,,1,NA,45,2021,NA,NA
7/12/21,10:25:00,Gunnesbo,Erythromma_viridulum,Mature,1,,1,NA,45,2021,NA,NA
7/12/21,10:25:00,Gunnesbo,Erythromma_viridulum,Mature,1,,1,NA,45,2021,NA,NA
7/12/21,10:25:00,Gunnesbo,Erythromma_viridulum,Mature,1,,1,NA,45,2021,NA,NA
7/12/21,10:25:00,Gunnesbo,Erythromma_viridulum,Mature,1,,1,NA,45,2021,NA,NA
7/12/21,10:25:00,Gunnesbo,Erythromma_viridulum,Mature,1,,1,NA,45,2021,NA,NA
7/12/21,10:25:00,Gunnesbo,Erythromma_viridulum,Mature,1,,1,NA,45,2021,NA,NA
7/12/21,10:25:00,Gunnesbo,Erythromma_viridulum,Mature,1,,1,NA,45,2021,NA,NA
7/12/21,10:25:00,Gunnesbo,Erythromma_viridulum,Mature,1,,1,NA,45,2021,NA,NA
7/12/21,10:25:00,Gunnesbo,Erythromma_viridulum,Mature,1,,1,NA,45,2021,NA,NA
7/12/21,10:25:00,Gunnesbo,Erythromma_viridulum,Mature,1,,1,NA,45,2021,NA,NA
7/12/21,10:25:00,Gunnesbo,Erythromma_viridulum,Mature,1,,1,NA,45,2021,NA,NA
7/12/21,10:25:00,Gunnesbo,Erythromma_viridulum,Mature,1,,1,NA,45,2021,NA,NA
7/12/21,10:25:00,Gunnesbo,Erythromma_viridulum,Mature,0,,1,NA,45,2021,NA,NA
7/12/21,10:25:00,Gunnesbo,Erythromma_viridulum,Mature,0,,1,NA,45,2021,NA,NA
7/12/21,10:25:00,Gunnesbo,Erythromma_viridulum,Mature,0,,1,NA,45,2021,NA,NA
7/12/21,10:25:00,Gunnesbo,Erythromma_viridulum,Mature,0,,1,NA,45,2021,NA,NA
7/12/21,10:25:00,Gunnesbo,Erythromma_viridulum,Mature,0,,1,NA,45,2021,NA,NA
7/12/21,10:25:00,Gunnesbo,Erythromma_viridulum,Mature,0,,1,NA,45,2021,NA,NA
7/12/21,10:25:00,Gunnesbo,Erythromma_viridulum,Mature,0,,1,NA,45,2021,NA,NA
7/12/21,10:25:00,Gunnesbo,Erythromma_viridulum,Mature,0,,1,NA,45,2021,NA,NA
7/12/21,10:25:00,Gunnesbo,Erythromma_viridulum,Mature,0,,1,NA,45,2021,NA,NA
7/12/21,10:25:00,Gunnesbo,Erythromma_viridulum,Mature,0,,1,NA,45,2021,NA,NA
7/12/21,10:25:00,Gunnesbo,Erythromma_viridulum,Mature,0,,1,NA,45,2021,NA,NA
7/12/21,10:25:00,Gunnesbo,Erythromma_viridulum,Mature,0,,1,NA,45,2021,NA,NA
7/12/21,10:25:00,Gunnesbo,Erythromma_viridulum,Mature,0,,1,NA,45,2021,NA,NA
7/12/21,10:25:00,Gunnesbo,Erythromma_viridulum,Mature,0,,1,NA,45,2021,NA,NA
7/12/21,10:25:00,Gunnesbo,Erythromma_viridulum,Mature,0,,1,NA,45,2021,NA,NA
7/12/21,10:25:00,Gunnesbo,Erythromma_viridulum,Mature,0,,1,NA,45,2021,NA,NA
7/12/21,10:25:00,Gunnesbo,Erythromma_viridulum,Mature,0,,1,NA,45,2021,NA,NA
7/12/21,10:25:00,Gunnesbo,Erythromma_viridulum,Mature,0,,1,NA,45,2021,NA,NA
7/12/21,10:25:00,Gunnesbo,Erythromma_viridulum,Mature,0,,1,NA,45,2021,NA,NA
7/12/21,10:25:00,Gunnesbo,Erythromma_viridulum,Mature,0,,1,NA,45,2021,NA,NA
7/12/21,10:25:00,Gunnesbo,Erythromma_viridulum,Mature,0,,1,NA,45,2021,NA,NA
7/12/21,10:25:00,Gunnesbo,Erythromma_viridulum,Mature,0,,1,NA,45,2021,NA,NA
7/12/21,10:25:00,Gunnesbo,Erythromma_viridulum,Mature,0,,1,NA,45,2021,NA,NA
7/12/21,10:25:00,Gunnesbo,Erythromma_viridulum,Mature,0,,1,NA,45,2021,NA,NA
7/12/21,10:25:00,Gunnesbo,Erythromma_viridulum,Mature,0,,1,NA,45,2021,NA,NA
7/12/21,10:25:00,Gunnesbo,Erythromma_viridulum,Mature,0,,1,NA,45,2021,NA,NA
7/12/21,10:25:00,Gunnesbo,Erythromma_viridulum,Mature,0,,1,NA,45,2021,NA,NA
7/12/21,10:25:00,Gunnesbo,Erythromma_viridulum,Mature,0,,1,NA,45,2021,NA,NA
7/12/21,10:25:00,Gunnesbo,Erythromma_viridulum,Mature,0,,1,NA,45,2021,NA,NA
7/12/21,10:25:00,Gunnesbo,Erythromma_viridulum,Mature,1,,0,NA,45,2021,NA,NA
7/12/21,10:25:00,Gunnesbo,Erythromma_viridulum,Mature,1,,0,NA,45,2021,NA,NA
7/12/21,10:25:00,Gunnesbo,Erythromma_viridulum,Mature,1,,0,NA,45,2021,NA,NA
7/12/21,10:25:00,Gunnesbo,Erythromma_viridulum,Mature,1,,0,NA,45,2021,NA,NA
7/12/21,10:25:00,Gunnesbo,Erythromma_viridulum,Mature,1,,0,NA,45,2021,NA,NA
7/12/21,10:25:00,Gunnesbo,Erythromma_viridulum,Mature,1,,0,NA,45,2021,NA,NA
7/12/21,10:25:00,Gunnesbo,Erythromma_viridulum,Mature,1,,0,NA,45,2021,NA,NA
7/12/21,10:25:00,Gunnesbo,Erythromma_viridulum,Mature,1,,0,NA,45,2021,NA,NA
7/12/21,10:25:00,Gunnesbo,Erythromma_viridulum,Mature,1,,0,NA,45,2021,NA,NA
7/12/21,10:25:00,Gunnesbo,Erythromma_viridulum,Mature,1,,0,NA,45,2021,NA,NA
7/12/21,10:25:00,Gunnesbo,Erythromma_viridulum,Mature,1,,0,NA,45,2021,NA,NA
7/12/21,10:25:00,Gunnesbo,Erythromma_viridulum,Mature,1,,0,NA,45,2021,NA,NA
7/12/21,10:25:00,Gunnesbo,Erythromma_viridulum,Mature,1,,0,NA,45,2021,NA,NA
7/12/21,10:25:00,Gunnesbo,Erythromma_viridulum,Mature,1,,0,NA,45,2021,NA,NA
7/12/21,10:25:00,Gunnesbo,Erythromma_viridulum,Mature,1,,0,NA,45,2021,NA,NA
7/12/21,10:25:00,Gunnesbo,Erythromma_viridulum,Mature,1,,0,NA,45,2021,NA,NA
7/12/21,10:25:00,Gunnesbo,Erythromma_viridulum,Mature,1,,0,NA,45,2021,NA,NA
7/12/21,10:25:00,Gunnesbo,Erythromma_viridulum,Mature,1,,0,NA,45,2021,NA,NA
7/12/21,10:25:00,Gunnesbo,Erythromma_viridulum,Mature,1,,0,NA,45,2021,NA,NA
7/12/21,10:25:00,Gunnesbo,Erythromma_viridulum,Mature,1,,0,NA,45,2021,NA,NA
7/12/21,10:25:00,Gunnesbo,Erythromma_viridulum,Mature,1,,0,NA,45,2021,NA,NA
7/12/21,10:25:00,Gunnesbo,Erythromma_viridulum,Mature,1,,0,NA,45,2021,NA,NA
7/12/21,10:25:00,Gunnesbo,Erythromma_viridulum,Mature,1,,0,NA,45,2021,NA,NA
7/12/21,10:25:00,Gunnesbo,Erythromma_viridulum,Mature,1,,0,NA,45,2021,NA,NA
7/12/21,10:25:00,Gunnesbo,Erythromma_viridulum,Mature,1,,0,NA,45,2021,NA,NA
7/12/21,10:25:00,Gunnesbo,Erythromma_viridulum,Mature,1,,0,NA,45,2021,NA,NA
7/12/21,10:25:00,Gunnesbo,Erythromma_viridulum,Mature,1,,0,NA,45,2021,NA,NA
7/12/21,10:25:00,Gunnesbo,Erythromma_viridulum,Mature,1,,0,NA,45,2021,NA,NA
7/12/21,10:25:00,Gunnesbo,Erythromma_viridulum,Mature,1,,0,NA,45,2021,NA,NA
7/12/21,10:25:00,Gunnesbo,Erythromma_viridulum,Mature,1,,0,NA,45,2021,NA,NA
7/12/21,10:25:00,Gunnesbo,Erythromma_viridulum,Mature,1,,0,NA,45,2021,NA,NA
7/12/21,10:25:00,Gunnesbo,Erythromma_viridulum,Mature,1,,0,NA,45,2021,NA,NA
7/12/21,10:25:00,Gunnesbo,Erythromma_viridulum,Mature,1,,0,NA,45,2021,NA,NA
7/12/21,10:25:00,Gunnesbo,Erythromma_viridulum,Mature,1,,0,NA,45,2021,NA,NA
7/12/21,10:25:00,Gunnesbo,Erythromma_viridulum,Mature,1,,0,NA,45,2021,NA,NA
7/12/21,10:25:00,Gunnesbo,Erythromma_viridulum,Mature,1,,0,NA,45,2021,NA,NA
7/12/21,10:25:00,Gunnesbo,Erythromma_viridulum,Mature,1,,0,NA,45,2021,NA,NA
7/12/21,10:25:00,Gunnesbo,Erythromma_viridulum,Mature,1,,0,NA,45,2021,NA,NA
7/12/21,10:25:00,Gunnesbo,Erythromma_viridulum,Mature,1,,0,NA,45,2021,NA,NA
7/12/21,10:25:00,Gunnesbo,Erythromma_viridulum,Mature,1,,0,NA,45,2021,NA,NA
7/12/21,10:25:00,Gunnesbo,Erythromma_viridulum,Mature,1,,0,NA,45,2021,NA,NA
7/12/21,10:25:00,Gunnesbo,Erythromma_viridulum,Mature,1,,0,NA,45,2021,NA,NA
7/12/21,10:25:00,Gunnesbo,Libellula_depressa,NA,,,0,NA,45,2021,NA,NA
7/12/21,10:25:00,Gunnesbo,Anax_imperator,Mature,1,,0,NA,45,2021,NA,NA
7/12/21,10:25:00,Gunnesbo,Orthetrum_cancellatum,Mature,1,,1,NA,45,2021,NA,NA
7/12/21,10:25:00,Gunnesbo,Orthetrum_cancellatum,Mature,0,,1,NA,45,2021,NA,NA
7/12/21,10:25:00,Gunnesbo,Orthetrum_cancellatum,Mature,1,,0,NA,45,2021,NA,NA
7/12/21,10:25:00,Gunnesbo,Orthetrum_cancellatum,Mature,1,,0,NA,45,2021,NA,NA
7/12/21,10:25:00,Gunnesbo,Orthetrum_cancellatum,Mature,1,,0,NA,45,2021,NA,NA
7/12/21,10:25:00,Gunnesbo,Orthetrum_cancellatum,Mature,1,,0,NA,45,2021,NA,NA
7/12/21,10:25:00,Gunnesbo,Orthetrum_cancellatum,Mature,1,,0,NA,45,2021,NA,NA
7/12/21,10:25:00,Gunnesbo,Orthetrum_cancellatum,Mature,1,,0,NA,45,2021,NA,NA
7/12/21,10:25:00,Gunnesbo,Orthetrum_cancellatum,Mature,1,,0,NA,45,2021,NA,NA
7/12/21,10:25:00,Gunnesbo,Orthetrum_cancellatum,Mature,1,,0,NA,45,2021,NA,NA
7/12/21,10:25:00,Gunnesbo,Orthetrum_cancellatum,Mature,1,,0,NA,45,2021,NA,NA
7/12/21,10:25:00,Gunnesbo,Orthetrum_cancellatum,Mature,1,,0,NA,45,2021,NA,NA
7/12/21,10:25:00,Gunnesbo,Orthetrum_cancellatum,Mature,1,,0,NA,45,2021,NA,NA
7/12/21,10:25:00,Gunnesbo,Orthetrum_cancellatum,Mature,1,,0,NA,45,2021,NA,NA
7/12/21,10:25:00,Gunnesbo,Orthetrum_cancellatum,Mature,1,,0,NA,45,2021,NA,NA
7/12/21,10:25:00,Gunnesbo,Orthetrum_cancellatum,Mature,1,,0,NA,45,2021,NA,NA
7/12/21,10:25:00,Gunnesbo,Orthetrum_cancellatum,Mature,1,,1,NA,45,2021,NA,NA
7/12/21,10:25:00,Gunnesbo,Orthetrum_cancellatum,Mature,0,,1,NA,45,2021,NA,NA
7/13/21,14:44:00,Sovdemolla,Calopteryx_splendens,NA,1,,0,NA,45,2021,NA,NA
7/13/21,14:44:00,Sovdemolla,Platycnemis_pennipes,Mature,1,,0,0,45,2021,NA,NA
7/13/21,14:44:00,Sovdemolla,Calopteryx_virgo,NA,0,,0,0,45,2021,NA,NA
7/13/21,14:44:00,Sovdemolla,Platycnemis_pennipes,Mature,1,,0,0,45,2021,NA,NA
7/13/21,14:44:00,Sovdemolla,Platycnemis_pennipes,Mature,1,,0,0,45,2021,NA,NA
7/13/21,14:44:00,Sovdemolla,Platycnemis_pennipes,Mature,1,,0,0,45,2021,NA,NA
7/13/21,14:44:00,Sovdemolla,Platycnemis_pennipes,Mature,0,Gynochrome,0,0,45,2021,NA,NA
7/13/21,14:44:00,Sovdemolla,Platycnemis_pennipes,Mature,1,,0,0,45,2021,NA,NA
7/13/21,14:44:00,Sovdemolla,Platycnemis_pennipes,Mature,0,Gynochrome,0,0,45,2021,NA,NA
7/13/21,14:44:00,Sovdemolla,Calopteryx_splendens,Mature,0,Gynochrome,0,NA,45,2021,NA,NA
7/13/21,14:44:00,Sovdemolla,Platycnemis_pennipes,Mature,1,,0,NA,45,2021,NA,NA
7/13/21,14:44:00,Sovdemolla,Platycnemis_pennipes,Mature,1,,0,0,45,2021,NA,NA
7/13/21,14:44:00,Sovdemolla,Platycnemis_pennipes,Mature,1,,0,0,45,2021,NA,NA
7/13/21,14:44:00,Sovdemolla,Calopteryx_splendens,Immature,1,,0,0,45,2021,NA,NA
7/13/21,14:44:00,Sovdemolla,Platycnemis_pennipes,Mature,1,,0,0,45,2021,NA,NA
7/13/21,14:44:00,Sovdemolla,Platycnemis_pennipes,Mature,0,Gynochrome,0,0,45,2021,NA,NA
7/13/21,14:44:00,Sovdemolla,Calopteryx_splendens,Immature,1,,0,0,45,2021,NA,NA
7/13/21,14:44:00,Sovdemolla,Platycnemis_pennipes,Mature,1,,0,0,45,2021,NA,NA
7/13/21,14:44:00,Sovdemolla,Calopteryx_splendens,Mature,0,,0,0,45,2021,NA,NA
7/13/21,14:44:00,Sovdemolla,Platycnemis_pennipes,Mature,1,,0,0,45,2021,NA,NA
7/13/21,14:44:00,Sovdemolla,Platycnemis_pennipes,Teneral,1,,0,0,45,2021,NA,NA
7/13/21,14:44:00,Sovdemolla,Calopteryx_splendens,Mature,1,,0,0,45,2021,NA,NA
7/13/21,14:44:00,Sovdemolla,Calopteryx_splendens,Immature,0,Gynochrome,0,0,45,2021,NA,NA
7/13/21,14:44:00,Sovdemolla,Calopteryx_splendens,Mature,1,,0,0,45,2021,NA,NA
7/13/21,14:44:00,Sovdemolla,Calopteryx_splendens,Immature,1,,0,0,45,2021,NA,NA
7/13/21,14:44:00,Sovdemolla,Platycnemis_pennipes,Mature,1,,0,0,45,2021,NA,NA
7/13/21,14:44:00,Sovdemolla,Platycnemis_pennipes,Mature,1,,0,0,45,2021,NA,NA
7/13/21,14:44:00,Sovdemolla,Calopteryx_splendens,Mature,0,Gynochrome,0,0,45,2021,NA,NA
7/13/21,14:44:00,Sovdemolla,Calopteryx_splendens,Immature,0,Gynochrome,0,0,45,2021,NA,NA
7/13/21,14:44:00,Sovdemolla,Calopteryx_splendens,Mature,1,,0,0,45,2021,NA,NA
7/13/21,14:44:00,Sovdemolla,Calopteryx_splendens,Immature,1,,0,0,45,2021,NA,NA
7/13/21,14:44:00,Sovdemolla,Somatochlora_flavomaculata,Mature,1,,0,0,45,2021,NA,NA
7/13/21,14:44:00,Sovdemolla,Somatochlora_metallica,Mature,1,,0,0,45,2021,NA,NA
7/13/21,14:44:00,Sovdemolla,Somatochlora_metallica,Mature,1,,0,0,45,2021,NA,NA
7/13/21,14:44:00,Sovdemolla,Somatochlora_metallica,Mature,,,0,NA,45,2021,NA,NA
7/13/21,14:44:00,Sovdemolla,Somatochlora_metallica,Mature,,,0,NA,45,2021,NA,NA
7/13/21,14:44:00,Sovdemolla,Somatochlora_metallica,Mature,,,0,NA,45,2021,NA,NA
7/13/21,14:44:00,Sovdemolla,Somatochlora_metallica,Mature,,,0,NA,45,2021,NA,NA
7/13/21,14:44:00,Sovdemolla,Somatochlora_metallica,Mature,,,0,NA,45,2021,NA,NA
7/13/21,14:44:00,Sovdemolla,Somatochlora_metallica,Mature,,,0,NA,45,2021,NA,NA
7/13/21,14:44:00,Sovdemolla,Somatochlora_metallica,Mature,,,0,NA,45,2021,NA,NA
7/13/21,14:44:00,Sovdemolla,Somatochlora_metallica,Mature,,,0,NA,45,2021,NA,NA
7/13/21,14:44:00,Sovdemolla,Calopteryx_splendens,Mature,1,,0,NA,45,2021,NA,NA
7/13/21,14:44:00,Sovdemolla,Calopteryx_splendens,Mature,1,,0,NA,45,2021,NA,NA
7/13/21,14:44:00,Sovdemolla,Calopteryx_splendens,Mature,1,,0,NA,45,2021,NA,NA
7/13/21,14:44:00,Sovdemolla,Calopteryx_splendens,Mature,1,,0,NA,45,2021,NA,NA
7/13/21,14:44:00,Sovdemolla,Calopteryx_splendens,Mature,1,,0,NA,45,2021,NA,NA
7/13/21,14:44:00,Sovdemolla,Calopteryx_splendens,Mature,1,,0,NA,45,2021,NA,NA
7/13/21,14:44:00,Sovdemolla,Calopteryx_splendens,Mature,1,,0,NA,45,2021,NA,NA
7/13/21,14:44:00,Sovdemolla,Calopteryx_splendens,Mature,1,,0,NA,45,2021,NA,NA
7/13/21,14:44:00,Sovdemolla,Calopteryx_splendens,Mature,1,,0,NA,45,2021,NA,NA
7/13/21,14:44:00,Sovdemolla,Calopteryx_splendens,Mature,1,,0,NA,45,2021,NA,NA
7/13/21,14:44:00,Sovdemolla,Calopteryx_splendens,Mature,1,,0,NA,45,2021,NA,NA
7/13/21,14:44:00,Sovdemolla,Calopteryx_splendens,Mature,1,,0,NA,45,2021,NA,NA
7/13/21,14:44:00,Sovdemolla,Calopteryx_splendens,Mature,1,,0,NA,45,2021,NA,NA
7/13/21,14:44:00,Sovdemolla,Calopteryx_splendens,Mature,1,,0,NA,45,2021,NA,NA
7/13/21,14:44:00,Sovdemolla,Calopteryx_splendens,Mature,1,,0,NA,45,2021,NA,NA
7/13/21,14:44:00,Sovdemolla,Calopteryx_splendens,Mature,1,,0,NA,45,2021,NA,NA
7/13/21,14:44:00,Sovdemolla,Calopteryx_splendens,Mature,1,,0,NA,45,2021,NA,NA
7/13/21,14:44:00,Sovdemolla,Calopteryx_splendens,Mature,1,,0,NA,45,2021,NA,NA
7/13/21,14:44:00,Sovdemolla,Calopteryx_splendens,Mature,1,,0,NA,45,2021,NA,NA
7/13/21,14:44:00,Sovdemolla,Calopteryx_splendens,Mature,1,,0,NA,45,2021,NA,NA
7/13/21,14:44:00,Sovdemolla,Calopteryx_splendens,Mature,1,,0,NA,45,2021,NA,NA
7/13/21,14:44:00,Sovdemolla,Calopteryx_splendens,Mature,1,,0,NA,45,2021,NA,NA
7/13/21,14:44:00,Sovdemolla,Calopteryx_splendens,Mature,1,,0,NA,45,2021,NA,NA
7/13/21,14:44:00,Sovdemolla,Calopteryx_splendens,Mature,1,,0,NA,45,2021,NA,NA
7/13/21,14:44:00,Sovdemolla,Calopteryx_splendens,Mature,1,,0,NA,45,2021,NA,NA
7/13/21,14:44:00,Sovdemolla,Calopteryx_splendens,Mature,1,,0,NA,45,2021,NA,NA
7/13/21,14:44:00,Sovdemolla,Calopteryx_splendens,Mature,1,,0,NA,45,2021,NA,NA
7/13/21,14:44:00,Sovdemolla,Calopteryx_splendens,Mature,1,,0,NA,45,2021,NA,NA
7/13/21,14:44:00,Sovdemolla,Calopteryx_splendens,Mature,1,,0,NA,45,2021,NA,NA
7/13/21,14:44:00,Sovdemolla,Calopteryx_splendens,Mature,1,,0,NA,45,2021,NA,NA
7/13/21,14:44:00,Sovdemolla,Calopteryx_splendens,Mature,1,,0,NA,45,2021,NA,NA
7/13/21,14:44:00,Sovdemolla,Calopteryx_splendens,Mature,1,,0,NA,45,2021,NA,NA
7/13/21,14:44:00,Sovdemolla,Calopteryx_splendens,Mature,1,,0,NA,45,2021,NA,NA
7/13/21,14:44:00,Sovdemolla,Calopteryx_splendens,Mature,1,,0,NA,45,2021,NA,NA
7/13/21,14:44:00,Sovdemolla,Calopteryx_virgo,Mature,1,,0,NA,45,2021,NA,NA
7/13/21,14:44:00,Sovdemolla,Calopteryx_virgo,Mature,1,,0,NA,45,2021,NA,NA
7/13/21,14:44:00,Sovdemolla,Calopteryx_virgo,Mature,1,,0,NA,45,2021,NA,NA
7/13/21,14:44:00,Sovdemolla,Calopteryx_virgo,Mature,1,,0,NA,45,2021,NA,NA
7/13/21,14:44:00,Sovdemolla,Calopteryx_virgo,Mature,1,,0,NA,45,2021,NA,NA
7/13/21,14:44:00,Sovdemolla,Calopteryx_virgo,Mature,1,,0,NA,45,2021,NA,NA
7/13/21,14:44:00,Sovdemolla,Calopteryx_virgo,Mature,1,,0,NA,45,2021,NA,NA
7/13/21,14:44:00,Sovdemolla,Calopteryx_virgo,Mature,1,,0,NA,45,2021,NA,NA
7/13/21,14:44:00,Sovdemolla,Calopteryx_virgo,Mature,1,,0,NA,45,2021,NA,NA
7/13/21,14:44:00,Sovdemolla,Calopteryx_virgo,Mature,1,,0,NA,45,2021,NA,NA
7/13/21,14:44:00,Sovdemolla,Calopteryx_virgo,Mature,1,,0,NA,45,2021,NA,NA
7/13/21,14:44:00,Sovdemolla,Calopteryx_virgo,Mature,1,,0,NA,45,2021,NA,NA
7/13/21,14:44:00,Sovdemolla,Calopteryx_virgo,Mature,1,,0,NA,45,2021,NA,NA
7/13/21,14:44:00,Sovdemolla,Calopteryx_virgo,Mature,1,,0,NA,45,2021,NA,NA
7/13/21,14:44:00,Sovdemolla,Calopteryx_virgo,Mature,1,,0,NA,45,2021,NA,NA
7/13/21,15:58:00,Ilstorp,Enallagma_cyathigerum,Mature,0,Gynochrome,1,4,45,2021,NA,NA
7/13/21,15:58:00,Ilstorp,Enallagma_cyathigerum,Mature,1,,1,2,45,2021,NA,NA
7/13/21,15:58:00,Ilstorp,Sympetrum_sanguineum,Mature,1,,0,0,45,2021,NA,NA
7/13/21,15:58:00,Ilstorp,Sympetrum_sanguineum,Mature,1,,0,0,45,2021,NA,NA
7/13/21,15:58:00,Ilstorp,Sympetrum_sanguineum,Immature,1,,0,0,45,2021,NA,NA
7/13/21,15:58:00,Ilstorp,Enallagma_cyathigerum,Mature,1,,0,0,45,2021,NA,NA
7/13/21,15:58:00,Ilstorp,Enallagma_cyathigerum,Mature,1,,0,0,45,2021,NA,NA
7/13/21,15:58:00,Ilstorp,Enallagma_cyathigerum,Mature,1,,0,6,45,2021,NA,NA
7/13/21,15:58:00,Ilstorp,Enallagma_cyathigerum,Mature,1,,0,NA,45,2021,NA,NA
7/13/21,15:58:00,Ilstorp,Enallagma_cyathigerum,Mature,1,,0,5,45,2021,NA,NA
7/13/21,15:58:00,Ilstorp,Enallagma_cyathigerum,Mature,1,,0,0,45,2021,NA,NA
7/13/21,15:58:00,Ilstorp,Enallagma_cyathigerum,Mature,1,,0,2,45,2021,NA,NA
7/13/21,15:58:00,Ilstorp,Enallagma_cyathigerum,Mature,1,,0,0,45,2021,NA,NA
7/13/21,15:58:00,Ilstorp,Erythromma_viridulum,Teneral,0,,0,0,45,2021,NA,NA
7/13/21,15:58:00,Ilstorp,Enallagma_cyathigerum,Mature,1,,0,0,45,2021,NA,NA
7/13/21,15:58:00,Ilstorp,Enallagma_cyathigerum,Mature,1,,0,49,45,2021,NA,NA
7/13/21,15:58:00,Ilstorp,Enallagma_cyathigerum,Mature,1,,0,12,45,2021,NA,NA
7/13/21,15:58:00,Ilstorp,Enallagma_cyathigerum,Immature,0,,0,4,45,2021,NA,NA
7/13/21,15:58:00,Ilstorp,Enallagma_cyathigerum,Mature,1,,0,23,45,2021,NA,NA
7/13/21,15:58:00,Ilstorp,Enallagma_cyathigerum,Mature,1,,0,0,45,2021,NA,NA
7/13/21,15:58:00,Ilstorp,Enallagma_cyathigerum,Mature,1,,0,2,45,2021,NA,NA
7/13/21,15:58:00,Ilstorp,Enallagma_cyathigerum,Mature,1,,0,0,45,2021,NA,NA
7/13/21,15:58:00,Ilstorp,Enallagma_cyathigerum,Teneral,0,,0,0,45,2021,NA,NA
7/13/21,15:58:00,Ilstorp,Enallagma_cyathigerum,Mature,1,,0,2,45,2021,NA,NA
7/13/21,15:58:00,Ilstorp,Enallagma_cyathigerum,Mature,1,,0,0,45,2021,NA,NA
7/13/21,15:58:00,Ilstorp,Enallagma_cyathigerum,Mature,1,,0,3,45,2021,NA,NA
7/13/21,15:58:00,Ilstorp,Enallagma_cyathigerum,Mature,1,,0,0,45,2021,NA,NA
7/13/21,15:58:00,Ilstorp,Enallagma_cyathigerum,Mature,1,,0,1,45,2021,NA,NA
7/13/21,15:58:00,Ilstorp,Enallagma_cyathigerum,Mature,1,,0,8,45,2021,NA,NA
7/13/21,15:58:00,Ilstorp,Enallagma_cyathigerum,Mature,1,,0,6,45,2021,NA,NA
7/13/21,15:58:00,Ilstorp,Enallagma_cyathigerum,Teneral,1,,0,7,45,2021,NA,NA
7/13/21,15:58:00,Ilstorp,Sympetrum_sanguineum,Mature,1,,0,NA,45,2021,NA,NA
7/13/21,15:58:00,Ilstorp,Sympetrum_sanguineum,Mature,1,,0,NA,45,2021,NA,NA
7/13/21,15:58:00,Ilstorp,Sympetrum_sanguineum,Mature,1,,0,NA,45,2021,NA,NA
7/13/21,15:58:00,Ilstorp,Sympetrum_sanguineum,Mature,1,,0,NA,45,2021,NA,NA
7/13/21,15:58:00,Ilstorp,Sympetrum_sanguineum,Mature,1,,0,NA,45,2021,NA,NA
7/13/21,15:58:00,Ilstorp,Sympetrum_sanguineum,Mature,1,,0,NA,45,2021,NA,NA
7/13/21,15:58:00,Ilstorp,Sympetrum_sanguineum,Mature,1,,0,NA,45,2021,NA,NA
7/13/21,15:58:00,Ilstorp,Sympetrum_sanguineum,Mature,1,,0,NA,45,2021,NA,NA
7/13/21,15:58:00,Ilstorp,Sympetrum_sanguineum,Mature,1,,0,NA,45,2021,NA,NA
7/13/21,15:58:00,Ilstorp,Sympetrum_sanguineum,Mature,1,,0,NA,45,2021,NA,NA
7/13/21,15:58:00,Ilstorp,Sympetrum_sanguineum,Mature,1,,0,NA,45,2021,NA,NA
7/13/21,15:58:00,Ilstorp,Sympetrum_sanguineum,Mature,1,,0,NA,45,2021,NA,NA
7/13/21,15:58:00,Ilstorp,Sympetrum_sanguineum,Mature,1,,0,NA,45,2021,NA,NA
7/13/21,15:58:00,Ilstorp,Sympetrum_sanguineum,Mature,1,,0,NA,45,2021,NA,NA
7/13/21,15:58:00,Ilstorp,Sympetrum_sanguineum,Mature,1,,0,NA,45,2021,NA,NA
7/13/21,15:58:00,Ilstorp,Sympetrum_sanguineum,Mature,1,,0,NA,45,2021,NA,NA
7/13/21,15:58:00,Ilstorp,Sympetrum_sanguineum,Mature,1,,0,NA,45,2021,NA,NA
7/13/21,15:58:00,Ilstorp,Anax_imperator,Mature,1,,0,NA,45,2021,NA,NA
7/13/21,15:58:00,Ilstorp,Anax_imperator,Mature,1,,0,NA,45,2021,NA,NA
7/13/21,15:58:00,Ilstorp,Orthetrum_cancellatum,Mature,1,,0,NA,45,2021,NA,NA
7/13/21,15:58:00,Ilstorp,Orthetrum_cancellatum,Mature,1,,0,NA,45,2021,NA,NA
7/13/21,15:58:00,Ilstorp,Orthetrum_cancellatum,Mature,1,,0,NA,45,2021,NA,NA
7/14/21,10:44:00,Holmeja,Lestes_dryas,Immature,1,,0,0,60,2021,NA,NA
7/14/21,10:44:00,Holmeja,Lestes_sponsa,Immature,1,,0,0,60,2021,NA,NA
7/14/21,10:44:00,Holmeja,Lestes_sponsa,Immature,1,,0,0,60,2021,NA,NA
7/14/21,10:44:00,Holmeja,Lestes_sponsa,Mature,1,,0,0,60,2021,NA,NA
7/14/21,10:44:00,Holmeja,Lestes_dryas,Mature,1,,0,0,60,2021,NA,NA
7/14/21,10:44:00,Holmeja,Lestes_sponsa,Mature,1,,0,0,60,2021,NA,NA
7/14/21,10:44:00,Holmeja,Lestes_sponsa,Mature,1,,0,0,60,2021,NA,NA
7/14/21,10:44:00,Holmeja,Lestes_dryas,Mature,1,,0,0,60,2021,NA,NA
7/14/21,10:44:00,Holmeja,Lestes_dryas,Mature,1,,0,0,60,2021,NA,NA
7/14/21,10:44:00,Holmeja,Lestes_dryas,Mature,1,,0,0,60,2021,NA,NA
7/14/21,10:44:00,Holmeja,Lestes_sponsa,Mature,1,,0,0,60,2021,NA,NA
7/14/21,10:44:00,Holmeja,Lestes_dryas,Mature,1,,0,0,60,2021,NA,NA
7/14/21,10:44:00,Holmeja,Lestes_virens,Teneral,1,,0,0,60,2021,NA,NA
7/14/21,10:44:00,Holmeja,Lestes_virens,Teneral,1,,0,0,60,2021,NA,NA
7/14/21,10:44:00,Holmeja,Lestes_dryas,Mature,1,,0,0,60,2021,NA,NA
7/14/21,10:44:00,Holmeja,Lestes_dryas,Mature,1,,0,0,60,2021,NA,NA
7/14/21,10:44:00,Holmeja,Lestes_virens,Immature,1,,0,0,60,2021,NA,NA
7/14/21,10:44:00,Holmeja,Lestes_sponsa,Mature,1,,0,0,60,2021,NA,NA
7/14/21,10:44:00,Holmeja,Lestes_sponsa,Immature,1,,0,0,60,2021,NA,NA
7/14/21,10:44:00,Holmeja,Lestes_virens,Teneral,1,,0,0,60,2021,NA,NA
7/14/21,10:44:00,Holmeja,Lestes_sponsa,Mature,1,,0,0,60,2021,NA,NA
7/14/21,10:44:00,Holmeja,Lestes_dryas,Mature,1,,0,0,60,2021,NA,NA
7/14/21,10:44:00,Holmeja,Lestes_dryas,Mature,1,,0,0,60,2021,NA,NA
7/14/21,10:44:00,Holmeja,Lestes_sponsa,Immature,1,,0,0,60,2021,NA,NA
7/14/21,10:44:00,Holmeja,Lestes_sponsa,Immature,1,,0,0,60,2021,NA,NA
7/14/21,10:44:00,Holmeja,Lestes_sponsa,Mature,1,,0,0,60,2021,NA,NA
7/14/21,10:44:00,Holmeja,Lestes_dryas,Mature,1,,0,0,60,2021,NA,NA
7/14/21,10:44:00,Holmeja,Lestes_sponsa,Immature,1,,0,0,60,2021,NA,NA
7/14/21,10:44:00,Holmeja,Lestes_dryas,Immature,1,,0,0,60,2021,NA,NA
7/14/21,10:44:00,Holmeja,Lestes_dryas,Mature,1,,0,0,60,2021,NA,NA
7/14/21,10:44:00,Holmeja,Lestes_sponsa,Mature,1,,0,0,60,2021,NA,NA
7/14/21,10:44:00,Holmeja,Lestes_dryas,Mature,1,,0,0,60,2021,NA,NA
7/14/21,10:44:00,Holmeja,Lestes_dryas,Mature,1,,0,0,60,2021,NA,NA
7/14/21,10:44:00,Holmeja,Lestes_dryas,Mature,1,,0,1,60,2021,NA,NA
7/14/21,10:44:00,Holmeja,Lestes_sponsa,Immature,1,,0,0,60,2021,NA,NA
7/14/21,10:44:00,Holmeja,Lestes_sponsa,Mature,1,,0,NA,60,2021,NA,NA
7/14/21,10:44:00,Holmeja,Lestes_dryas,Mature,1,,0,2,60,2021,NA,NA
7/14/21,10:44:00,Holmeja,Lestes_sponsa,Immature,1,,0,0,60,2021,NA,NA
7/14/21,10:44:00,Holmeja,Lestes_dryas,Mature,1,,0,0,60,2021,NA,NA
7/14/21,10:44:00,Holmeja,Lestes_sponsa,Mature,1,,0,0,60,2021,NA,NA
7/14/21,10:44:00,Holmeja,Lestes_virens,Immature,1,,0,0,60,2021,NA,NA
7/14/21,10:44:00,Holmeja,Lestes_virens,Teneral,0,,0,0,60,2021,NA,NA
7/14/21,10:44:00,Holmeja,Lestes_sponsa,Mature,1,,0,0,60,2021,NA,NA
7/14/21,10:44:00,Holmeja,Lestes_sponsa,Mature,1,,0,0,60,2021,NA,NA
7/14/21,10:44:00,Holmeja,Lestes_virens,Immature,1,,0,0,60,2021,NA,NA
7/14/21,10:44:00,Holmeja,Lestes_sponsa,Mature,1,,0,0,60,2021,NA,NA
7/14/21,10:44:00,Holmeja,Lestes_sponsa,Mature,1,,0,0,60,2021,NA,NA
7/14/21,10:44:00,Holmeja,Lestes_virens,Immature,0,,0,0,60,2021,NA,NA
7/14/21,10:44:00,Holmeja,Lestes_dryas,Mature,1,,0,0,60,2021,NA,NA
7/14/21,10:44:00,Holmeja,Lestes_virens,Teneral,0,,0,0,60,2021,NA,NA
7/14/21,10:44:00,Holmeja,Lestes_virens,Immature,1,,0,0,60,2021,NA,NA
7/14/21,10:44:00,Holmeja,Lestes_dryas,Mature,1,,0,0,60,2021,NA,NA
7/14/21,10:44:00,Holmeja,Lestes_dryas,Mature,1,,0,0,60,2021,NA,NA
7/14/21,10:44:00,Holmeja,Lestes_sponsa,Mature,1,,0,0,60,2021,NA,NA
7/14/21,10:44:00,Holmeja,Lestes_virens,NA,1,,0,NA,60,2021,NA,NA
7/14/21,10:44:00,Holmeja,Lestes_sponsa,Immature,1,,0,0,60,2021,NA,NA
7/14/21,10:44:00,Holmeja,Lestes_sponsa,Mature,1,,0,0,60,2021,NA,NA
7/14/21,10:44:00,Holmeja,Lestes_virens,Teneral,1,,0,0,60,2021,NA,NA
7/14/21,10:44:00,Holmeja,Lestes_virens,Teneral,1,,0,0,60,2021,NA,NA
7/14/21,10:44:00,Holmeja,Lestes_virens,Teneral,0,,0,0,60,2021,NA,NA
7/14/21,10:44:00,Holmeja,Lestes_sponsa,Mature,1,,1,0,60,2021,NA,NA
7/14/21,10:44:00,Holmeja,Lestes_sponsa,Mature,0,Gynochrome,1,0,60,2021,NA,NA
7/14/21,10:44:00,Holmeja,Lestes_sponsa,Mature,1,,1,0,60,2021,NA,NA
7/14/21,10:44:00,Holmeja,Lestes_sponsa,Mature,0,Gynochrome,1,0,60,2021,NA,NA
7/14/21,10:44:00,Holmeja,Sympetrum_danae,Immature,1,,0,1,60,2021,NA,NA
7/14/21,10:44:00,Holmeja,Leucorrhinia_dubia,Immature,1,,0,1,60,2021,NA,NA
7/14/21,10:44:00,Holmeja,Somatochlora_flavomaculata,Mature,1,,0,0,60,2021,NA,NA
7/14/21,10:44:00,Holmeja,Sympetrum_danae,Teneral,0,,0,0,60,2021,NA,NA
7/14/21,10:44:00,Holmeja,Somatochlora_flavomaculata,Mature,1,,0,0,60,2021,NA,NA
7/14/21,10:44:00,Holmeja,Sympetrum_danae,Immature,0,Gynochrome,0,0,60,2021,NA,NA
7/14/21,10:44:00,Holmeja,Sympetrum_sanguineum,Immature,1,,0,0,60,2021,NA,NA
7/14/21,10:44:00,Holmeja,Sympetrum_danae,Immature,0,Gynochrome,0,0,60,2021,NA,NA
7/14/21,10:44:00,Holmeja,Sympetrum_danae,Mature,1,,0,0,60,2021,NA,NA
7/14/21,10:44:00,Holmeja,Sympetrum_danae,Immature,1,,0,0,60,2021,NA,NA
7/14/21,10:44:00,Holmeja,Sympetrum_danae,Immature,1,,0,0,60,2021,NA,NA
7/14/21,10:44:00,Holmeja,Sympetrum_danae,Immature,0,Gynochrome,0,0,60,2021,NA,NA
7/14/21,10:44:00,Holmeja,Sympetrum_danae,Immature,0,Gynochrome,0,0,60,2021,NA,NA
7/14/21,10:44:00,Holmeja,Sympetrum_sanguineum,Immature,0,,0,3,60,2021,NA,NA
7/14/21,10:44:00,Holmeja,Sympetrum_danae,Immature,0,Gynochrome,0,0,60,2021,NA,NA
7/14/21,10:44:00,Holmeja,Leucorrhinia_pectoralis,Mature,1,,0,0,60,2021,NA,NA
7/14/21,10:44:00,Holmeja,Sympetrum_danae,Immature,0,Gynochrome,0,0,60,2021,NA,NA
7/14/21,10:44:00,Holmeja,Somatochlora_flavomaculata,Mature,1,,0,0,60,2021,NA,NA
7/14/21,10:44:00,Holmeja,Sympetrum_danae,Immature,0,Gynochrome,0,1,60,2021,NA,NA
7/14/21,10:44:00,Holmeja,Sympetrum_danae,Immature,1,,0,0,60,2021,NA,NA
7/14/21,10:44:00,Holmeja,Sympetrum_danae,Immature,0,Gynochrome,0,1,60,2021,NA,NA
7/14/21,10:44:00,Holmeja,Sympetrum_sanguineum,Mature,1,,0,0,60,2021,NA,NA
7/14/21,10:44:00,Holmeja,Sympetrum_danae,Teneral,1,,0,0,60,2021,NA,NA
7/14/21,10:44:00,Holmeja,Sympetrum_danae,Teneral,1,,0,0,60,2021,NA,NA
7/14/21,10:44:00,Holmeja,Sympetrum_danae,Teneral,0,,0,0,60,2021,NA,NA
7/14/21,10:44:00,Holmeja,Sympetrum_sanguineum,Mature,0,Gynochrome,1,0,60,2021,NA,NA
7/14/21,10:44:00,Holmeja,Sympetrum_sanguineum,Mature,1,,1,0,60,2021,NA,NA
7/14/21,10:44:00,Holmeja,Sympetrum_sanguineum,NA,1,,0,NA,60,2021,NA,NA
7/14/21,10:44:00,Holmeja,Sympetrum_sanguineum,NA,1,,0,NA,60,2021,NA,NA
7/14/21,10:44:00,Holmeja,Sympetrum_sanguineum,NA,1,,0,NA,60,2021,NA,NA
7/14/21,10:44:00,Holmeja,Sympetrum_sanguineum,NA,1,,0,NA,60,2021,NA,NA
7/14/21,10:44:00,Holmeja,Sympetrum_sanguineum,NA,1,,0,NA,60,2021,NA,NA
7/14/21,10:44:00,Holmeja,Sympetrum_sanguineum,NA,1,,0,NA,60,2021,NA,NA
7/14/21,10:44:00,Holmeja,Sympetrum_sanguineum,NA,1,,0,NA,60,2021,NA,NA
7/14/21,10:44:00,Holmeja,Sympetrum_sanguineum,NA,1,,0,NA,60,2021,NA,NA
7/14/21,10:44:00,Holmeja,Sympetrum_danae,NA,,,0,NA,60,2021,NA,NA
7/14/21,10:44:00,Holmeja,Sympetrum_danae,NA,,,0,NA,60,2021,NA,NA
7/14/21,10:44:00,Holmeja,Sympetrum_danae,NA,,,0,NA,60,2021,NA,NA
7/14/21,10:44:00,Holmeja,Sympetrum_danae,NA,,,0,NA,60,2021,NA,NA
7/14/21,10:44:00,Holmeja,Sympetrum_danae,NA,,,0,NA,60,2021,NA,NA
7/14/21,10:44:00,Holmeja,Sympetrum_danae,NA,,,0,NA,60,2021,NA,NA
7/14/21,10:44:00,Holmeja,Sympetrum_danae,NA,,,0,NA,60,2021,NA,NA
7/14/21,10:44:00,Holmeja,Sympetrum_danae,NA,,,0,NA,60,2021,NA,NA
7/14/21,10:44:00,Holmeja,Sympetrum_danae,NA,,,0,NA,60,2021,NA,NA
7/14/21,10:44:00,Holmeja,Sympetrum_danae,NA,,,0,NA,60,2021,NA,NA
7/14/21,10:44:00,Holmeja,Sympetrum_danae,NA,,,0,NA,60,2021,NA,NA
7/14/21,10:44:00,Holmeja,Sympetrum_danae,NA,,,0,NA,60,2021,NA,NA
7/14/21,10:44:00,Holmeja,Sympetrum_danae,NA,,,0,NA,60,2021,NA,NA
7/14/21,10:44:00,Holmeja,Sympetrum_danae,NA,,,0,NA,60,2021,NA,NA
7/14/21,10:44:00,Holmeja,Sympetrum_danae,NA,,,0,NA,60,2021,NA,NA
7/14/21,10:44:00,Holmeja,Sympetrum_danae,NA,,,0,NA,60,2021,NA,NA
7/14/21,10:44:00,Holmeja,Sympetrum_danae,NA,,,0,NA,60,2021,NA,NA
7/14/21,10:44:00,Holmeja,Sympetrum_danae,NA,,,0,NA,60,2021,NA,NA
7/14/21,10:44:00,Holmeja,Sympetrum_danae,NA,,,0,NA,60,2021,NA,NA
7/14/21,10:44:00,Holmeja,Sympetrum_danae,NA,,,0,NA,60,2021,NA,NA
7/14/21,10:44:00,Holmeja,Sympetrum_danae,NA,,,0,NA,60,2021,NA,NA
7/14/21,10:44:00,Holmeja,Sympetrum_danae,NA,,,0,NA,60,2021,NA,NA
7/14/21,10:44:00,Holmeja,Sympetrum_danae,NA,,,0,NA,60,2021,NA,NA
7/14/21,10:44:00,Holmeja,Sympetrum_danae,NA,,,0,NA,60,2021,NA,NA
7/14/21,10:44:00,Holmeja,Sympetrum_danae,NA,,,0,NA,60,2021,NA,NA
7/14/21,10:44:00,Holmeja,Sympetrum_danae,NA,,,0,NA,60,2021,NA,NA
7/14/21,10:44:00,Holmeja,Sympetrum_danae,NA,,,0,NA,60,2021,NA,NA
7/14/21,10:44:00,Holmeja,Sympetrum_danae,NA,,,0,NA,60,2021,NA,NA
7/14/21,10:44:00,Holmeja,Orthetrum_cancellatum,Mature,1,,0,NA,60,2021,NA,NA
7/14/21,10:44:00,Holmeja,Anax_imperator,Mature,1,,0,NA,60,2021,NA,NA
7/14/21,10:44:00,Holmeja,Aeshna_grandis,Mature,1,,0,NA,60,2021,NA,NA
7/14/21,10:44:00,Holmeja,Aeshna_grandis,Mature,1,,0,NA,60,2021,NA,NA
7/14/21,10:44:00,Holmeja,Aeshna_grandis,Mature,1,,0,NA,60,2021,NA,NA
7/14/21,10:44:00,Holmeja,Aeshna_grandis,Mature,1,,0,NA,60,2021,NA,NA
7/14/21,10:44:00,Holmeja,Aeshna_grandis,Mature,1,,0,NA,60,2021,NA,NA
7/14/21,10:44:00,Holmeja,Aeshna_grandis,Mature,1,,0,NA,60,2021,NA,NA
7/14/21,10:44:00,Holmeja,Libellula_quadrimaculata,Mature,1,,0,NA,60,2021,NA,NA
7/14/21,10:44:00,Holmeja,Libellula_quadrimaculata,Mature,1,,0,NA,60,2021,NA,NA
7/14/21,10:44:00,Holmeja,Libellula_quadrimaculata,Mature,1,,0,NA,60,2021,NA,NA
7/14/21,10:44:00,Holmeja,Libellula_quadrimaculata,Mature,1,,0,NA,60,2021,NA,NA
7/14/21,10:44:00,Holmeja,Libellula_quadrimaculata,Mature,1,,0,NA,60,2021,NA,NA
7/14/21,10:44:00,Holmeja,Libellula_quadrimaculata,Mature,1,,0,NA,60,2021,NA,NA
7/14/21,10:44:00,Holmeja,Libellula_quadrimaculata,Mature,1,,1,NA,60,2021,NA,NA
7/14/21,10:44:00,Holmeja,Libellula_quadrimaculata,Mature,0,,1,NA,60,2021,NA,NA
7/14/21,10:44:00,Holmeja,Somatochlora_flavomaculata,Mature,1,,0,0,60,2021,NA,NA
7/14/21,10:44:00,Holmeja,Somatochlora_flavomaculata,Mature,1,,0,0,60,2021,NA,NA
7/14/21,10:44:00,Holmeja,Somatochlora_flavomaculata,Mature,1,,0,0,60,2021,NA,NA
7/14/21,10:44:00,Holmeja,Somatochlora_flavomaculata,Mature,1,,0,0,60,2021,NA,NA
7/14/21,10:44:00,Holmeja,Somatochlora_flavomaculata,Mature,1,,0,0,60,2021,NA,NA
7/14/21,10:44:00,Holmeja,Somatochlora_flavomaculata,Mature,1,,0,0,60,2021,NA,NA
7/14/21,10:44:00,Holmeja,Somatochlora_flavomaculata,Mature,1,,0,0,60,2021,NA,NA
7/14/21,10:44:00,Holmeja,Somatochlora_flavomaculata,Mature,1,,0,0,60,2021,NA,NA
7/14/21,10:44:00,Holmeja,Somatochlora_flavomaculata,Mature,1,,0,0,60,2021,NA,NA
7/15/21,9:41:00,Flyinge_30_A1,Somatochlora_metallica,Mature,1,,0,0,40,2021,NA,NA
7/15/21,9:41:00,Flyinge_30_A1,Somatochlora_metallica,Mature,1,,0,NA,40,2021,NA,NA
7/15/21,9:41:00,Flyinge_30_A1,Somatochlora_metallica,Mature,1,,0,NA,40,2021,NA,NA
7/15/21,9:41:00,Flyinge_30_A1,Somatochlora_metallica,Mature,1,,0,NA,40,2021,NA,NA
7/15/21,9:41:00,Flyinge_30_A1,Aeshna_grandis,Mature,1,,0,NA,40,2021,NA,NA
7/15/21,9:41:00,Flyinge_30_A1,Anax_imperator,Mature,1,,0,NA,40,2021,NA,NA
7/15/21,9:41:00,Flyinge_30_A1,Platycnemis_pennipes,Mature,1,,0,0,40,2021,NA,NA
7/15/21,9:41:00,Flyinge_30_A1,Coenagrion_pulchellum,Mature,1,,0,0,40,2021,NA,NA
7/15/21,9:41:00,Flyinge_30_A1,Platycnemis_pennipes,Mature,0,Gynochrome,0,0,40,2021,NA,NA
7/15/21,9:41:00,Flyinge_30_A1,Coenagrion_pulchellum,Mature,1,,0,0,40,2021,NA,NA
7/15/21,9:41:00,Flyinge_30_A1,Coenagrion_pulchellum,Immature,1,,0,0,40,2021,NA,NA
7/15/21,9:41:00,Flyinge_30_A1,Platycnemis_pennipes,Immature,1,,0,0,40,2021,NA,NA
7/15/21,9:41:00,Flyinge_30_A1,Enallagma_cyathigerum,Mature,1,,0,1,40,2021,NA,NA
7/15/21,9:41:00,Flyinge_30_A1,Coenagrion_pulchellum,Mature,1,,0,0,40,2021,NA,NA
7/15/21,9:41:00,Flyinge_30_A1,Coenagrion_pulchellum,Mature,1,,0,0,40,2021,NA,NA
7/15/21,9:41:00,Flyinge_30_A1,Coenagrion_pulchellum,Mature,1,,0,0,40,2021,NA,NA
7/15/21,9:41:00,Flyinge_30_A1,Coenagrion_pulchellum,Mature,1,,0,0,40,2021,NA,NA
7/15/21,9:41:00,Flyinge_30_A1,Coenagrion_pulchellum,Mature,1,,0,0,40,2021,NA,NA
7/15/21,9:41:00,Flyinge_30_A1,Coenagrion_pulchellum,Mature,1,,0,NA,40,2021,NA,NA
7/15/21,9:41:00,Flyinge_30_A1,Coenagrion_pulchellum,Mature,1,,0,NA,40,2021,NA,NA
7/15/21,9:41:00,Flyinge_30_A1,Coenagrion_pulchellum,Mature,1,,0,0,40,2021,NA,NA
7/15/21,9:41:00,Flyinge_30_A1,Enallagma_cyathigerum,Mature,1,,0,11,40,2021,NA,NA
7/15/21,9:41:00,Flyinge_30_A1,Enallagma_cyathigerum,Mature,1,,0,1,40,2021,NA,NA
7/15/21,9:41:00,Flyinge_30_A1,Coenagrion_pulchellum,Mature,1,,0,NA,40,2021,NA,NA
7/15/21,9:41:00,Flyinge_30_A1,Coenagrion_pulchellum,Mature,1,,0,0,40,2021,NA,NA
7/15/21,9:41:00,Flyinge_30_A1,Sympetrum_sanguineum,Mature,1,,0,NA,40,2021,NA,NA
7/15/21,9:41:00,Flyinge_30_A1,Calopteryx_splendens,Mature,1,,0,NA,40,2021,NA,NA
7/15/21,9:41:00,Flyinge_30_A1,Calopteryx_splendens,Mature,1,,0,NA,40,2021,NA,NA
7/15/21,9:41:00,Flyinge_30_A1,Calopteryx_splendens,Mature,1,,0,NA,40,2021,NA,NA
7/15/21,9:41:00,Flyinge_30_A1,Calopteryx_splendens,Mature,1,,0,NA,40,2021,NA,NA
7/15/21,9:41:00,Flyinge_30_A1,Calopteryx_splendens,Mature,1,,0,NA,40,2021,NA,NA
7/15/21,9:41:00,Flyinge_30_A1,Calopteryx_splendens,Mature,1,,0,NA,40,2021,NA,NA
7/15/21,9:41:00,Flyinge_30_A1,Calopteryx_splendens,Mature,1,,0,NA,40,2021,NA,NA
7/15/21,9:41:00,Flyinge_30_A1,Calopteryx_splendens,Mature,1,,0,NA,40,2021,NA,NA
7/15/21,9:41:00,Flyinge_30_A1,Calopteryx_splendens,Mature,1,,0,NA,40,2021,NA,NA
7/15/21,9:41:00,Flyinge_30_A1,Calopteryx_splendens,Mature,0,Gynochrome,0,NA,40,2021,NA,NA
7/15/21,9:41:00,Flyinge_30_A3,Platycnemis_pennipes,Mature,1,,0,0,40,2021,NA,NA
7/15/21,9:41:00,Flyinge_30_A3,Coenagrion_pulchellum,Mature,1,,0,0,40,2021,NA,NA
7/15/21,9:41:00,Flyinge_30_A3,Enallagma_cyathigerum,Mature,1,,0,2,40,2021,NA,NA
7/15/21,9:41:00,Flyinge_30_A3,Enallagma_cyathigerum,Immature,1,,0,3,40,2021,NA,NA
7/15/21,9:41:00,Flyinge_30_A3,Coenagrion_pulchellum,Mature,1,,0,1,40,2021,NA,NA
7/15/21,9:41:00,Flyinge_30_A3,Aeshna_grandis,Mature,1,,1,NA,40,2021,NA,NA
7/15/21,9:41:00,Flyinge_30_A3,Aeshna_grandis,Mature,0,,1,NA,40,2021,NA,NA
7/15/21,9:41:00,Flyinge_30_A3,Anax_imperator,Mature,1,,0,NA,40,2021,NA,NA
7/15/21,9:41:00,Flyinge_30_A3,Sympetrum_sanguineum,Mature,1,,0,NA,40,2021,NA,NA
7/15/21,9:41:00,Flyinge_30_A3,Sympetrum_sanguineum,Mature,1,,0,NA,40,2021,NA,NA
7/15/21,9:41:00,Flyinge_30_A3,Sympetrum_sanguineum,Mature,1,,0,NA,40,2021,NA,NA
7/15/21,9:41:00,Flyinge_30_A3,Aeshna_cyanea,Mature,1,,0,NA,40,2021,NA,NA
7/15/21,9:41:00,Flyinge_30_A3,Aeshna_isoceles,Mature,1,,0,NA,40,2021,NA,NA
7/15/21,9:41:00,Flyinge_30_A3,Calopteryx_virgo,Mature,1,,0,NA,40,2021,NA,NA
7/15/21,9:41:00,Flyinge_30_A3,Anax_imperator,Mature,1,,0,NA,40,2021,NA,NA
7/15/21,9:41:00,Flyinge_30_A3,Anax_imperator,Mature,1,,0,NA,40,2021,NA,NA
7/15/21,9:41:00,Flyinge_30_A3,Anax_imperator,Mature,1,,0,NA,40,2021,NA,NA
7/15/21,9:41:00,Flyinge_30_A3,Calopteryx_virgo,Mature,1,,0,NA,40,2021,NA,NA
7/15/21,9:41:00,Flyinge_30_A3,Calopteryx_virgo,Mature,1,,0,NA,40,2021,NA,NA
7/15/21,9:41:00,Flyinge_30_A3,Calopteryx_virgo,Mature,1,,0,NA,40,2021,NA,NA
7/15/21,9:41:00,Flyinge_30_A3,Calopteryx_virgo,Mature,1,,0,NA,40,2021,NA,NA
7/15/21,9:41:00,Flyinge_30_A3,Calopteryx_virgo,Mature,1,,0,NA,40,2021,NA,NA
7/15/21,9:41:00,Flyinge_30_A3,Calopteryx_virgo,Mature,1,,0,NA,40,2021,NA,NA
7/15/21,9:41:00,Flyinge_30_A3,Calopteryx_virgo,Mature,1,,0,NA,40,2021,NA,NA
7/15/21,9:41:00,Flyinge_30_A3,Calopteryx_virgo,Mature,1,,0,NA,40,2021,NA,NA
7/15/21,9:41:00,Flyinge_30_A3,Calopteryx_virgo,Mature,1,,0,NA,40,2021,NA,NA
7/15/21,9:41:00,Flyinge_30_A3,Calopteryx_virgo,Mature,1,,0,NA,40,2021,NA,NA
7/15/21,9:41:00,Flyinge_30_A3,Calopteryx_virgo,Mature,1,,0,NA,40,2021,NA,NA
7/15/21,9:41:00,Flyinge_30_A3,Calopteryx_virgo,Mature,1,,0,NA,40,2021,NA,NA
7/15/21,9:41:00,Flyinge_30_A3,Calopteryx_virgo,Mature,1,,0,NA,40,2021,NA,NA
7/15/21,9:41:00,Flyinge_30_A3,Calopteryx_virgo,Mature,1,,0,NA,40,2021,NA,NA
7/15/21,9:41:00,Flyinge_30_A3,Calopteryx_virgo,Mature,1,,0,NA,40,2021,NA,NA
7/15/21,9:41:00,Flyinge_30_A3,Calopteryx_virgo,Mature,1,,0,NA,40,2021,NA,NA
7/15/21,9:41:00,Flyinge_30_A3,Calopteryx_virgo,Mature,1,,0,NA,40,2021,NA,NA
7/15/21,9:41:00,Flyinge_30_A3,Calopteryx_virgo,Mature,1,,0,NA,40,2021,NA,NA
7/15/21,9:41:00,Flyinge_30_A3,Calopteryx_virgo,Mature,1,,0,NA,40,2021,NA,NA
7/15/21,9:41:00,Flyinge_30_A3,Calopteryx_virgo,Mature,1,,0,NA,40,2021,NA,NA
7/15/21,9:41:00,Flyinge_30_A3,Calopteryx_virgo,Mature,1,,0,NA,40,2021,NA,NA
7/15/21,9:41:00,Flyinge_30_A3,Calopteryx_virgo,Mature,1,,0,NA,40,2021,NA,NA
7/15/21,9:41:00,Flyinge_30_A3,Calopteryx_virgo,Mature,1,,0,NA,40,2021,NA,NA
7/15/21,9:41:00,Flyinge_30_A3,Calopteryx_virgo,Mature,1,,0,NA,40,2021,NA,NA
7/15/21,9:41:00,Flyinge_30_A3,Calopteryx_virgo,Mature,1,,0,NA,40,2021,NA,NA
7/15/21,9:41:00,Flyinge_30_A3,Calopteryx_virgo,Mature,1,,0,NA,40,2021,NA,NA
7/15/21,9:41:00,Flyinge_30_A3,Calopteryx_virgo,Mature,1,,0,NA,40,2021,NA,NA
7/15/21,9:41:00,Flyinge_30_A3,Calopteryx_virgo,Mature,1,,0,NA,40,2021,NA,NA
7/15/21,9:41:00,Flyinge_30_A3,Calopteryx_virgo,Mature,1,,0,NA,40,2021,NA,NA
7/15/21,8:27:00,Krutladan,Anax_parthenope,Mature,1,,0,NA,40,2021,NA,NA
7/15/21,8:27:00,Krutladan,Anax_imperator,Mature,1,,0,NA,40,2021,NA,NA
7/15/21,8:27:00,Krutladan,Anax_imperator,Mature,1,,0,NA,40,2021,NA,NA
7/15/21,8:27:00,Krutladan,Anax_imperator,Mature,1,,0,NA,40,2021,NA,NA
7/15/21,8:27:00,Krutladan,Anax_imperator,Mature,1,,0,NA,40,2021,NA,NA
7/15/21,8:27:00,Krutladan,Orthetrum_cancellatum,Mature,1,,0,NA,40,2021,NA,NA
7/15/21,8:27:00,Krutladan,Orthetrum_cancellatum,Mature,1,,0,NA,40,2021,NA,NA
7/15/21,8:27:00,Krutladan,Orthetrum_cancellatum,Mature,1,,0,NA,40,2021,NA,NA
7/15/21,8:27:00,Krutladan,Sympetrum_sanguineum,Mature,1,,0,NA,40,2021,NA,NA
7/15/21,8:27:00,Krutladan,Erythromma_viridulum,Mature,1,,0,NA,40,2021,NA,NA
7/15/21,15:00:00,Krutladan,Enallagma_cyathigerum,Mature,1,,0,NA,40,2021,NA,NA
7/15/21,15:00:00,Krutladan,Enallagma_cyathigerum,Mature,1,,0,NA,40,2021,NA,NA
7/15/21,15:00:00,Krutladan,Enallagma_cyathigerum,Mature,1,,0,NA,40,2021,NA,NA
7/15/21,15:00:00,Krutladan,Enallagma_cyathigerum,Mature,1,,0,NA,40,2021,NA,NA
7/15/21,15:00:00,Krutladan,Enallagma_cyathigerum,Mature,1,,0,NA,40,2021,NA,NA
7/15/21,15:00:00,Krutladan,Enallagma_cyathigerum,Mature,1,,0,NA,40,2021,NA,NA
7/15/21,15:00:00,Krutladan,Enallagma_cyathigerum,Mature,1,,0,NA,40,2021,NA,NA
7/15/21,15:00:00,Krutladan,Enallagma_cyathigerum,Mature,1,,0,NA,40,2021,NA,NA
7/15/21,15:00:00,Krutladan,Enallagma_cyathigerum,Mature,1,,0,NA,40,2021,NA,NA
7/15/21,15:00:00,Krutladan,Enallagma_cyathigerum,Mature,1,,0,NA,40,2021,NA,NA
7/15/21,15:00:00,Krutladan,Enallagma_cyathigerum,Mature,1,,0,NA,40,2021,NA,NA
7/15/21,15:00:00,Krutladan,Enallagma_cyathigerum,Mature,1,,0,NA,40,2021,NA,NA
7/15/21,15:00:00,Krutladan,Enallagma_cyathigerum,Mature,1,,0,NA,40,2021,NA,NA
7/15/21,15:00:00,Krutladan,Enallagma_cyathigerum,Mature,1,,0,NA,40,2021,NA,NA
7/15/21,15:00:00,Krutladan,Enallagma_cyathigerum,Mature,1,,0,NA,40,2021,NA,NA
7/15/21,15:00:00,Krutladan,Enallagma_cyathigerum,Mature,1,,0,NA,40,2021,NA,NA
7/15/21,15:00:00,Krutladan,Enallagma_cyathigerum,Mature,1,,0,NA,40,2021,NA,NA
7/15/21,15:00:00,Krutladan,Enallagma_cyathigerum,Mature,1,,0,NA,40,2021,NA,NA
7/15/21,15:00:00,Krutladan,Enallagma_cyathigerum,Mature,1,,0,NA,40,2021,NA,NA
7/15/21,15:00:00,Krutladan,Enallagma_cyathigerum,Mature,1,,0,NA,40,2021,NA,NA
7/15/21,15:00:00,Krutladan,Enallagma_cyathigerum,Mature,1,,0,NA,40,2021,NA,NA
7/15/21,15:00:00,Krutladan,Enallagma_cyathigerum,Mature,1,,0,NA,40,2021,NA,NA
7/15/21,15:00:00,Krutladan,Enallagma_cyathigerum,Mature,1,,0,NA,40,2021,NA,NA
7/15/21,15:00:00,Krutladan,Enallagma_cyathigerum,Mature,1,,0,NA,40,2021,NA,NA
7/15/21,15:00:00,Krutladan,Enallagma_cyathigerum,Mature,1,,0,NA,40,2021,NA,NA
7/15/21,15:00:00,Krutladan,Enallagma_cyathigerum,Mature,1,,0,NA,40,2021,NA,NA
7/15/21,15:00:00,Krutladan,Enallagma_cyathigerum,Mature,1,,0,NA,40,2021,NA,NA
7/15/21,15:00:00,Krutladan,Enallagma_cyathigerum,Mature,1,,0,NA,40,2021,NA,NA
7/15/21,15:00:00,Krutladan,Enallagma_cyathigerum,Mature,1,,0,NA,40,2021,NA,NA
7/15/21,15:00:00,Krutladan,Enallagma_cyathigerum,Mature,1,,0,NA,40,2021,NA,NA
7/15/21,15:00:00,Krutladan,Enallagma_cyathigerum,Mature,1,,0,NA,40,2021,NA,NA
7/15/21,15:00:00,Krutladan,Enallagma_cyathigerum,Mature,1,,0,NA,40,2021,NA,NA
7/15/21,15:00:00,Krutladan,Enallagma_cyathigerum,Mature,1,,0,NA,40,2021,NA,NA
7/15/21,15:00:00,Krutladan,Enallagma_cyathigerum,Mature,1,,0,NA,40,2021,NA,NA
7/15/21,15:00:00,Krutladan,Enallagma_cyathigerum,Mature,1,,0,NA,40,2021,NA,NA
7/15/21,15:00:00,Krutladan,Enallagma_cyathigerum,Mature,1,,0,NA,40,2021,NA,NA
7/15/21,15:00:00,Krutladan,Enallagma_cyathigerum,Mature,1,,0,NA,40,2021,NA,NA
7/15/21,15:00:00,Krutladan,Enallagma_cyathigerum,Mature,1,,0,NA,40,2021,NA,NA
7/15/21,15:00:00,Krutladan,Enallagma_cyathigerum,Mature,1,,0,NA,40,2021,NA,NA
7/15/21,15:00:00,Krutladan,Enallagma_cyathigerum,Mature,1,,0,NA,40,2021,NA,NA
7/15/21,15:00:00,Krutladan,Enallagma_cyathigerum,Mature,1,,0,NA,40,2021,NA,NA
7/15/21,15:00:00,Krutladan,Enallagma_cyathigerum,Mature,1,,0,NA,40,2021,NA,NA
7/15/21,15:00:00,Krutladan,Enallagma_cyathigerum,Mature,1,,0,NA,40,2021,NA,NA
7/15/21,15:00:00,Krutladan,Enallagma_cyathigerum,Mature,1,,0,NA,40,2021,NA,NA
7/15/21,15:00:00,Krutladan,Enallagma_cyathigerum,Mature,1,,0,NA,40,2021,NA,NA
7/15/21,15:00:00,Krutladan,Enallagma_cyathigerum,Mature,1,,0,NA,40,2021,NA,NA
7/15/21,15:00:00,Krutladan,Enallagma_cyathigerum,Mature,1,,0,NA,40,2021,NA,NA
7/15/21,15:00:00,Krutladan,Enallagma_cyathigerum,Mature,1,,0,NA,40,2021,NA,NA
7/15/21,15:00:00,Krutladan,Enallagma_cyathigerum,Mature,1,,0,NA,40,2021,NA,NA
7/15/21,15:00:00,Krutladan,Enallagma_cyathigerum,Mature,1,,0,NA,40,2021,NA,NA
7/15/21,15:00:00,Krutladan,Enallagma_cyathigerum,Mature,1,,0,NA,40,2021,NA,NA
7/15/21,15:00:00,Krutladan,Enallagma_cyathigerum,Mature,1,,0,NA,40,2021,NA,NA
7/15/21,15:00:00,Krutladan,Enallagma_cyathigerum,Mature,1,,0,NA,40,2021,NA,NA
7/15/21,15:00:00,Krutladan,Enallagma_cyathigerum,Mature,1,,0,NA,40,2021,NA,NA
7/15/21,15:00:00,Krutladan,Enallagma_cyathigerum,Mature,1,,0,NA,40,2021,NA,NA
7/15/21,15:00:00,Krutladan,Enallagma_cyathigerum,Mature,1,,0,NA,40,2021,NA,NA
7/15/21,15:00:00,Krutladan,Enallagma_cyathigerum,Mature,1,,0,NA,40,2021,NA,NA
7/15/21,15:00:00,Krutladan,Enallagma_cyathigerum,Mature,1,,0,NA,40,2021,NA,NA
7/15/21,15:00:00,Krutladan,Enallagma_cyathigerum,Mature,1,,0,NA,40,2021,NA,NA
7/15/21,15:00:00,Krutladan,Enallagma_cyathigerum,Mature,1,,0,NA,40,2021,NA,NA
7/15/21,15:00:00,Krutladan,Enallagma_cyathigerum,Mature,1,,0,NA,40,2021,NA,NA
7/15/21,15:00:00,Krutladan,Enallagma_cyathigerum,Mature,1,,0,NA,40,2021,NA,NA
7/15/21,15:00:00,Krutladan,Enallagma_cyathigerum,Mature,1,,0,NA,40,2021,NA,NA
7/15/21,15:00:00,Krutladan,Enallagma_cyathigerum,Mature,1,,0,NA,40,2021,NA,NA
7/15/21,15:00:00,Krutladan,Enallagma_cyathigerum,Mature,1,,0,NA,40,2021,NA,NA
7/15/21,15:00:00,Krutladan,Enallagma_cyathigerum,Mature,1,,0,NA,40,2021,NA,NA
7/15/21,15:00:00,Krutladan,Enallagma_cyathigerum,Mature,1,,0,NA,40,2021,NA,NA
7/15/21,15:00:00,Krutladan,Enallagma_cyathigerum,Mature,1,,0,NA,40,2021,NA,NA
7/15/21,15:00:00,Krutladan,Enallagma_cyathigerum,Mature,1,,0,NA,40,2021,NA,NA
7/15/21,15:00:00,Krutladan,Enallagma_cyathigerum,Mature,1,,0,NA,40,2021,NA,NA
7/15/21,15:00:00,Krutladan,Enallagma_cyathigerum,Mature,1,,0,NA,40,2021,NA,NA
7/15/21,15:00:00,Krutladan,Enallagma_cyathigerum,Mature,1,,0,NA,40,2021,NA,NA
7/15/21,15:00:00,Krutladan,Enallagma_cyathigerum,Mature,1,,0,NA,40,2021,NA,NA
7/15/21,15:00:00,Krutladan,Enallagma_cyathigerum,Mature,1,,0,NA,40,2021,NA,NA
7/15/21,15:00:00,Krutladan,Enallagma_cyathigerum,Mature,1,,0,NA,40,2021,NA,NA
7/15/21,15:00:00,Krutladan,Enallagma_cyathigerum,Mature,1,,0,NA,40,2021,NA,NA
7/15/21,15:00:00,Krutladan,Enallagma_cyathigerum,Mature,1,,0,NA,40,2021,NA,NA
7/15/21,15:00:00,Krutladan,Enallagma_cyathigerum,Mature,1,,0,NA,40,2021,NA,NA
7/15/21,15:00:00,Krutladan,Enallagma_cyathigerum,Mature,1,,0,NA,40,2021,NA,NA
7/15/21,15:00:00,Krutladan,Enallagma_cyathigerum,Mature,1,,0,NA,40,2021,NA,NA
7/15/21,15:00:00,Krutladan,Enallagma_cyathigerum,Mature,1,,0,NA,40,2021,NA,NA
7/15/21,15:00:00,Krutladan,Enallagma_cyathigerum,Mature,1,,0,NA,40,2021,NA,NA
7/15/21,15:00:00,Krutladan,Enallagma_cyathigerum,Mature,1,,0,NA,40,2021,NA,NA
7/15/21,15:00:00,Krutladan,Enallagma_cyathigerum,Mature,1,,0,NA,40,2021,NA,NA
7/15/21,15:00:00,Krutladan,Enallagma_cyathigerum,Mature,1,,0,NA,40,2021,NA,NA
7/15/21,15:00:00,Krutladan,Enallagma_cyathigerum,Mature,1,,0,NA,40,2021,NA,NA
7/15/21,15:00:00,Krutladan,Enallagma_cyathigerum,Mature,1,,0,NA,40,2021,NA,NA
7/15/21,15:00:00,Krutladan,Enallagma_cyathigerum,Mature,1,,0,NA,40,2021,NA,NA
7/15/21,15:00:00,Krutladan,Enallagma_cyathigerum,Mature,1,,0,NA,40,2021,NA,NA
7/15/21,15:00:00,Krutladan,Enallagma_cyathigerum,Mature,1,,0,NA,40,2021,NA,NA
7/15/21,15:00:00,Krutladan,Enallagma_cyathigerum,Mature,1,,0,NA,40,2021,NA,NA
7/15/21,15:00:00,Krutladan,Enallagma_cyathigerum,Mature,1,,0,NA,40,2021,NA,NA
7/15/21,15:00:00,Krutladan,Enallagma_cyathigerum,Mature,1,,0,NA,40,2021,NA,NA
7/15/21,15:00:00,Krutladan,Enallagma_cyathigerum,Mature,1,,0,NA,40,2021,NA,NA
7/15/21,15:00:00,Krutladan,Enallagma_cyathigerum,Mature,1,,0,NA,40,2021,NA,NA
7/15/21,15:00:00,Krutladan,Enallagma_cyathigerum,Mature,1,,0,NA,40,2021,NA,NA
7/15/21,15:00:00,Krutladan,Enallagma_cyathigerum,Mature,1,,0,NA,40,2021,NA,NA
7/15/21,15:00:00,Krutladan,Enallagma_cyathigerum,Mature,1,,0,NA,40,2021,NA,NA
7/15/21,15:00:00,Krutladan,Enallagma_cyathigerum,Mature,1,,0,NA,40,2021,NA,NA
7/15/21,15:00:00,Krutladan,Enallagma_cyathigerum,Mature,1,,0,NA,40,2021,NA,NA
7/15/21,15:00:00,Krutladan,Enallagma_cyathigerum,Mature,1,,0,NA,40,2021,NA,NA
7/15/21,15:00:00,Krutladan,Enallagma_cyathigerum,Mature,1,,0,NA,40,2021,NA,NA
7/15/21,15:00:00,Krutladan,Enallagma_cyathigerum,Mature,1,,0,NA,40,2021,NA,NA
7/15/21,15:00:00,Krutladan,Enallagma_cyathigerum,Mature,1,,0,NA,40,2021,NA,NA
7/15/21,15:00:00,Krutladan,Enallagma_cyathigerum,Mature,1,,0,NA,40,2021,NA,NA
7/15/21,15:00:00,Krutladan,Enallagma_cyathigerum,Mature,1,,0,NA,40,2021,NA,NA
7/15/21,15:00:00,Krutladan,Enallagma_cyathigerum,Mature,1,,0,NA,40,2021,NA,NA
7/15/21,15:00:00,Krutladan,Enallagma_cyathigerum,Mature,1,,0,NA,40,2021,NA,NA
7/15/21,15:00:00,Krutladan,Enallagma_cyathigerum,Mature,1,,0,NA,40,2021,NA,NA
7/15/21,15:00:00,Krutladan,Enallagma_cyathigerum,Mature,1,,0,NA,40,2021,NA,NA
7/15/21,15:00:00,Krutladan,Enallagma_cyathigerum,Mature,1,,0,NA,40,2021,NA,NA
7/15/21,15:00:00,Krutladan,Enallagma_cyathigerum,Mature,1,,0,NA,40,2021,NA,NA
7/15/21,15:00:00,Krutladan,Enallagma_cyathigerum,Mature,1,,0,NA,40,2021,NA,NA
7/15/21,15:00:00,Krutladan,Enallagma_cyathigerum,Mature,1,,0,NA,40,2021,NA,NA
7/15/21,15:00:00,Krutladan,Enallagma_cyathigerum,Mature,1,,0,NA,40,2021,NA,NA
7/15/21,15:00:00,Krutladan,Enallagma_cyathigerum,Mature,1,,0,NA,40,2021,NA,NA
7/15/21,15:00:00,Krutladan,Enallagma_cyathigerum,Mature,1,,0,NA,40,2021,NA,NA
7/15/21,15:00:00,Krutladan,Enallagma_cyathigerum,Mature,1,,0,NA,40,2021,NA,NA
7/15/21,15:00:00,Krutladan,Enallagma_cyathigerum,Mature,1,,0,NA,40,2021,NA,NA
7/15/21,15:00:00,Krutladan,Enallagma_cyathigerum,Mature,1,,0,NA,40,2021,NA,NA
7/15/21,15:00:00,Krutladan,Enallagma_cyathigerum,Mature,0,Gynochrome,1,NA,40,2021,NA,NA
7/15/21,15:00:00,Krutladan,Enallagma_cyathigerum,Mature,0,Gynochrome,1,NA,40,2021,NA,NA
7/15/21,15:00:00,Krutladan,Enallagma_cyathigerum,Mature,0,Gynochrome,1,NA,40,2021,NA,NA
7/15/21,15:00:00,Krutladan,Enallagma_cyathigerum,Mature,0,Gynochrome,1,NA,40,2021,NA,NA
7/15/21,15:00:00,Krutladan,Enallagma_cyathigerum,Mature,0,Gynochrome,1,NA,40,2021,NA,NA
7/15/21,15:00:00,Krutladan,Enallagma_cyathigerum,Mature,0,Gynochrome,1,NA,40,2021,NA,NA
7/15/21,15:00:00,Krutladan,Enallagma_cyathigerum,Mature,0,Gynochrome,1,NA,40,2021,NA,NA
7/15/21,15:00:00,Krutladan,Enallagma_cyathigerum,Mature,0,Gynochrome,1,NA,40,2021,NA,NA
7/15/21,15:00:00,Krutladan,Enallagma_cyathigerum,Mature,0,Gynochrome,1,NA,40,2021,NA,NA
7/15/21,15:00:00,Krutladan,Enallagma_cyathigerum,Mature,0,Gynochrome,1,NA,40,2021,NA,NA
7/15/21,15:00:00,Krutladan,Enallagma_cyathigerum,Mature,0,Gynochrome,1,NA,40,2021,NA,NA
7/15/21,15:00:00,Krutladan,Enallagma_cyathigerum,Mature,0,Gynochrome,1,NA,40,2021,NA,NA
7/15/21,15:00:00,Krutladan,Enallagma_cyathigerum,Mature,0,Gynochrome,1,NA,40,2021,NA,NA
7/15/21,15:00:00,Krutladan,Enallagma_cyathigerum,Mature,0,Gynochrome,1,NA,40,2021,NA,NA
7/15/21,15:00:00,Krutladan,Enallagma_cyathigerum,Mature,0,Gynochrome,1,NA,40,2021,NA,NA
7/15/21,15:00:00,Krutladan,Enallagma_cyathigerum,Mature,0,Gynochrome,1,NA,40,2021,NA,NA
7/15/21,15:00:00,Krutladan,Enallagma_cyathigerum,Mature,0,Gynochrome,1,NA,40,2021,NA,NA
7/15/21,15:00:00,Krutladan,Enallagma_cyathigerum,Mature,0,Gynochrome,1,NA,40,2021,NA,NA
7/15/21,15:00:00,Krutladan,Enallagma_cyathigerum,Mature,0,Gynochrome,1,NA,40,2021,NA,NA
7/15/21,15:00:00,Krutladan,Enallagma_cyathigerum,Mature,0,Gynochrome,1,NA,40,2021,NA,NA
7/15/21,15:00:00,Krutladan,Enallagma_cyathigerum,Mature,0,Gynochrome,1,NA,40,2021,NA,NA
7/15/21,15:00:00,Krutladan,Enallagma_cyathigerum,Mature,0,Gynochrome,1,NA,40,2021,NA,NA
7/15/21,15:00:00,Krutladan,Enallagma_cyathigerum,Mature,0,Gynochrome,1,NA,40,2021,NA,NA
7/15/21,15:00:00,Krutladan,Enallagma_cyathigerum,Mature,0,Gynochrome,1,NA,40,2021,NA,NA
7/15/21,15:00:00,Krutladan,Enallagma_cyathigerum,Mature,0,Gynochrome,1,NA,40,2021,NA,NA
7/15/21,15:00:00,Krutladan,Enallagma_cyathigerum,Mature,0,Gynochrome,1,NA,40,2021,NA,NA
7/15/21,15:00:00,Krutladan,Enallagma_cyathigerum,Mature,0,Gynochrome,1,NA,40,2021,NA,NA
7/15/21,15:00:00,Krutladan,Enallagma_cyathigerum,Mature,0,Gynochrome,1,NA,40,2021,NA,NA
7/15/21,15:00:00,Krutladan,Enallagma_cyathigerum,Mature,0,Gynochrome,1,NA,40,2021,NA,NA
7/15/21,15:00:00,Krutladan,Enallagma_cyathigerum,Mature,0,Gynochrome,1,NA,40,2021,NA,NA
7/15/21,15:00:00,Krutladan,Enallagma_cyathigerum,Mature,0,Gynochrome,1,NA,40,2021,NA,NA
7/15/21,15:00:00,Krutladan,Enallagma_cyathigerum,Mature,0,Gynochrome,1,NA,40,2021,NA,NA
7/15/21,15:00:00,Krutladan,Enallagma_cyathigerum,Mature,0,Gynochrome,1,NA,40,2021,NA,NA
7/15/21,15:00:00,Krutladan,Enallagma_cyathigerum,Mature,0,Gynochrome,1,NA,40,2021,NA,NA
7/15/21,15:00:00,Krutladan,Enallagma_cyathigerum,Mature,0,Gynochrome,1,NA,40,2021,NA,NA
7/15/21,15:00:00,Krutladan,Enallagma_cyathigerum,Mature,0,Gynochrome,1,NA,40,2021,NA,NA
7/15/21,15:00:00,Krutladan,Enallagma_cyathigerum,Mature,0,Gynochrome,1,NA,40,2021,NA,NA
7/15/21,15:00:00,Krutladan,Enallagma_cyathigerum,Mature,0,Gynochrome,1,NA,40,2021,NA,NA
7/15/21,15:00:00,Krutladan,Enallagma_cyathigerum,Mature,0,Gynochrome,1,NA,40,2021,NA,NA
7/15/21,15:00:00,Krutladan,Enallagma_cyathigerum,Mature,0,Gynochrome,1,NA,40,2021,NA,NA
7/16/21,10:06:00,Hoje_A_14,Coenagrion_pulchellum,Mature,0,Gynochrome,1,3,45,2021,NA,NA
7/16/21,10:06:00,Hoje_A_14,Coenagrion_pulchellum,Mature,1,,1,0,45,2021,NA,NA
7/16/21,10:06:00,Hoje_A_14,Enallagma_cyathigerum,Mature,0,Androchrome,1,0,45,2021,NA,NA
7/16/21,10:06:00,Hoje_A_14,Lestes_sponsa,Mature,1,,1,0,45,2021,NA,NA
7/16/21,10:06:00,Hoje_A_14,Lestes_sponsa,Mature,0,Gynochrome,1,0,45,2021,NA,NA
7/16/21,10:06:00,Hoje_A_14,Enallagma_cyathigerum,Mature,0,Gynochrome,1,NA,45,2021,NA,NA
7/16/21,10:06:00,Hoje_A_14,Enallagma_cyathigerum,Mature,0,,1,0,45,2021,NA,NA
7/16/21,10:06:00,Hoje_A_14,Enallagma_cyathigerum,Mature,0,Gynochrome,1,NA,45,2021,NA,NA
7/16/21,10:06:00,Hoje_A_14,Lestes_sponsa,Mature,1,,0,0,45,2021,NA,NA
7/16/21,10:06:00,Hoje_A_14,Coenagrion_pulchellum,Mature,1,,0,0,45,2021,NA,NA
7/16/21,10:06:00,Hoje_A_14,Enallagma_cyathigerum,Mature,1,,0,0,45,2021,NA,NA
7/16/21,10:06:00,Hoje_A_14,Lestes_sponsa,Mature,1,,0,0,45,2021,NA,NA
7/16/21,10:06:00,Hoje_A_14,Lestes_sponsa,Mature,1,,0,0,45,2021,NA,NA
7/16/21,10:06:00,Hoje_A_14,Lestes_sponsa,Mature,1,,0,0,45,2021,NA,NA
7/16/21,10:06:00,Hoje_A_14,Lestes_sponsa,Mature,1,,0,0,45,2021,NA,NA
7/16/21,10:06:00,Hoje_A_14,Enallagma_cyathigerum,Mature,0,,0,0,45,2021,NA,NA
7/16/21,10:06:00,Hoje_A_14,Lestes_sponsa,Mature,1,,0,0,45,2021,NA,NA
7/16/21,10:06:00,Hoje_A_14,Lestes_sponsa,Mature,1,,0,0,45,2021,NA,NA
7/16/21,10:06:00,Hoje_A_14,Lestes_sponsa,Mature,1,,0,0,45,2021,NA,NA
7/16/21,10:06:00,Hoje_A_14,Lestes_sponsa,Mature,1,,0,0,45,2021,NA,NA
7/16/21,10:06:00,Hoje_A_14,Lestes_sponsa,Mature,1,,0,0,45,2021,NA,NA
7/16/21,10:06:00,Hoje_A_14,Lestes_sponsa,Mature,1,,0,0,45,2021,NA,NA
7/16/21,10:06:00,Hoje_A_14,Enallagma_cyathigerum,Mature,1,,0,0,45,2021,NA,NA
7/16/21,10:06:00,Hoje_A_14,Lestes_sponsa,Mature,1,,0,0,45,2021,NA,NA
7/16/21,10:06:00,Hoje_A_14,Lestes_sponsa,Mature,1,,0,0,45,2021,NA,NA
7/16/21,10:06:00,Hoje_A_14,Lestes_sponsa,Mature,1,,0,0,45,2021,NA,NA
7/16/21,10:06:00,Hoje_A_14,Lestes_sponsa,Mature,1,,0,0,45,2021,NA,NA
7/16/21,10:06:00,Hoje_A_14,Lestes_sponsa,Immature,1,,0,0,45,2021,NA,NA
7/16/21,10:06:00,Hoje_A_14,Enallagma_cyathigerum,Mature,1,,0,1,45,2021,NA,NA
7/16/21,10:06:00,Hoje_A_14,Lestes_sponsa,Mature,1,,0,0,45,2021,NA,NA
7/16/21,10:06:00,Hoje_A_14,Lestes_sponsa,Mature,1,,0,0,45,2021,NA,NA
7/16/21,10:06:00,Hoje_A_14,Lestes_sponsa,Mature,1,,0,0,45,2021,NA,NA
7/16/21,10:06:00,Hoje_A_14,Enallagma_cyathigerum,Immature,1,,0,1,45,2021,NA,NA
7/16/21,10:06:00,Hoje_A_14,Lestes_sponsa,Mature,1,,0,0,45,2021,NA,NA
7/16/21,10:06:00,Hoje_A_14,Lestes_sponsa,Mature,1,,0,0,45,2021,NA,NA
7/16/21,10:06:00,Hoje_A_14,Lestes_sponsa,Mature,1,,0,0,45,2021,NA,NA
7/16/21,10:06:00,Hoje_A_14,Lestes_sponsa,Mature,1,,0,0,45,2021,NA,NA
7/16/21,10:06:00,Hoje_A_14,Lestes_sponsa,Mature,1,,0,0,45,2021,NA,NA
7/16/21,10:06:00,Hoje_A_14,Enallagma_cyathigerum,Immature,1,,0,0,45,2021,NA,NA
7/16/21,10:06:00,Hoje_A_14,Lestes_sponsa,Mature,1,,0,0,45,2021,NA,NA
7/16/21,10:06:00,Hoje_A_14,Lestes_sponsa,Mature,1,,0,0,45,2021,NA,NA
7/16/21,10:06:00,Hoje_A_14,Lestes_sponsa,Mature,1,,0,0,45,2021,NA,NA
7/16/21,10:06:00,Hoje_A_14,Enallagma_cyathigerum,Mature,1,,0,0,45,2021,NA,NA
7/16/21,10:06:00,Hoje_A_14,Enallagma_cyathigerum,Mature,1,,0,0,45,2021,NA,NA
7/16/21,10:06:00,Hoje_A_14,Lestes_sponsa,Mature,1,,0,0,45,2021,NA,NA
7/16/21,10:06:00,Hoje_A_14,Lestes_sponsa,Mature,1,,0,0,45,2021,NA,NA
7/16/21,10:06:00,Hoje_A_14,Lestes_sponsa,Mature,1,,0,0,45,2021,NA,NA
7/16/21,10:06:00,Hoje_A_14,Lestes_sponsa,Mature,1,,0,0,45,2021,NA,NA
7/16/21,10:06:00,Hoje_A_14,Enallagma_cyathigerum,Mature,1,,0,0,45,2021,NA,NA
7/16/21,10:06:00,Hoje_A_14,Lestes_sponsa,Mature,1,,0,0,45,2021,NA,NA
7/16/21,10:06:00,Hoje_A_14,Lestes_sponsa,Mature,1,,0,0,45,2021,NA,NA
7/16/21,10:06:00,Hoje_A_14,Lestes_sponsa,Mature,1,,0,0,45,2021,NA,NA
7/16/21,10:06:00,Hoje_A_14,Enallagma_cyathigerum,Immature,1,,0,0,45,2021,NA,NA
7/16/21,10:06:00,Hoje_A_14,Lestes_sponsa,Mature,1,,0,0,45,2021,NA,NA
7/16/21,10:06:00,Hoje_A_14,Enallagma_cyathigerum,Mature,1,,0,0,45,2021,NA,NA
7/16/21,10:06:00,Hoje_A_14,Lestes_sponsa,Mature,0,,0,0,45,2021,NA,NA
7/16/21,10:06:00,Hoje_A_14,Anax_imperator,Mature,1,,0,NA,45,2021,NA,NA
7/16/21,10:06:00,Hoje_A_14,Anax_imperator,Mature,1,,0,NA,45,2021,NA,NA
7/16/21,10:06:00,Hoje_A_14,Anax_imperator,Mature,1,,0,NA,45,2021,NA,NA
7/16/21,10:06:00,Hoje_A_14,Anax_imperator,Mature,1,,0,NA,45,2021,NA,NA
7/16/21,10:06:00,Hoje_A_14,Anax_imperator,Mature,1,,0,NA,45,2021,NA,NA
7/16/21,10:06:00,Hoje_A_14,Anax_imperator,Mature,1,,1,NA,45,2021,NA,NA
7/16/21,10:06:00,Hoje_A_14,Anax_imperator,Mature,0,,1,NA,45,2021,NA,NA
7/16/21,10:06:00,Hoje_A_14,Anax_imperator,Mature,0,,0,NA,45,2021,NA,NA
7/16/21,10:06:00,Hoje_A_14,Somatochlora_metallica,Mature,1,,0,NA,45,2021,NA,NA
7/16/21,10:06:00,Hoje_A_14,Orthetrum_cancellatum,Mature,0,,0,NA,45,2021,NA,NA
7/16/21,10:06:00,Hoje_A_14,Orthetrum_cancellatum,Mature,1,,0,NA,45,2021,NA,NA
7/16/21,10:06:00,Hoje_A_14,Aeshna_grandis,Mature,1,,0,NA,45,2021,NA,NA
7/16/21,10:06:00,Hoje_A_14,Sympetrum_sanguineum,Mature,1,,0,NA,45,2021,NA,NA
7/16/21,10:06:00,Hoje_A_14,Sympetrum_sanguineum,Mature,1,,0,NA,45,2021,NA,NA
7/16/21,10:06:00,Hoje_A_14,Sympetrum_sanguineum,Mature,1,,0,NA,45,2021,NA,NA
7/16/21,10:06:00,Hoje_A_14,Sympetrum_spp,Mature,1,,0,NA,45,2021,NA,NA
7/16/21,10:06:00,Hoje_A_14,Sympetrum_spp,Mature,1,,1,NA,45,2021,NA,NA
7/16/21,10:06:00,Hoje_A_14,Sympetrum_spp,Mature,0,,1,NA,45,2021,NA,NA
7/16/21,10:06:00,Hoje_A_14,Sympetrum_spp,Immature,,,0,NA,45,2021,NA,NA
7/16/21,10:06:00,Hoje_A_14,Sympetrum_spp,Immature,,,0,NA,45,2021,NA,NA
7/16/21,11:45:00,Hoje_A_6,Erythromma_viridulum,Mature,1,,1,1,45,2021,NA,NA
7/16/21,11:45:00,Hoje_A_6,Erythromma_viridulum,Mature,0,Gynochrome,1,0,45,2021,NA,NA
7/16/21,11:45:00,Hoje_A_6,Enallagma_cyathigerum,Mature,1,,0,3,45,2021,NA,NA
7/16/21,11:45:00,Hoje_A_6,Enallagma_cyathigerum,Mature,1,,0,0,45,2021,NA,NA
7/16/21,11:45:00,Hoje_A_6,Enallagma_cyathigerum,Mature,1,,0,NA,45,2021,NA,NA
7/16/21,11:45:00,Hoje_A_6,Erythromma_viridulum,Mature,1,,0,0,45,2021,NA,NA
7/16/21,11:45:00,Hoje_A_6,Enallagma_cyathigerum,Mature,1,,0,0,45,2021,NA,NA
7/16/21,11:45:00,Hoje_A_6,Enallagma_cyathigerum,Mature,1,,0,0,45,2021,NA,NA
7/16/21,11:45:00,Hoje_A_6,Enallagma_cyathigerum,Mature,1,,0,0,45,2021,NA,NA
7/16/21,11:45:00,Hoje_A_6,Enallagma_cyathigerum,Mature,1,,0,5,45,2021,NA,NA
7/16/21,11:45:00,Hoje_A_6,Enallagma_cyathigerum,Mature,1,,0,0,45,2021,NA,NA
7/16/21,11:45:00,Hoje_A_6,Enallagma_cyathigerum,Mature,1,,0,0,45,2021,NA,NA
7/16/21,11:45:00,Hoje_A_6,Enallagma_cyathigerum,Mature,1,,0,5,45,2021,NA,NA
7/16/21,11:45:00,Hoje_A_6,Enallagma_cyathigerum,Mature,1,,0,0,45,2021,NA,NA
7/16/21,11:45:00,Hoje_A_6,Enallagma_cyathigerum,Immature,1,,0,0,45,2021,NA,NA
7/16/21,11:45:00,Hoje_A_6,Enallagma_cyathigerum,Mature,1,,0,1,45,2021,NA,NA
7/16/21,11:45:00,Hoje_A_6,Enallagma_cyathigerum,Mature,1,,0,5,45,2021,NA,NA
7/16/21,11:45:00,Hoje_A_6,Enallagma_cyathigerum,Mature,1,,0,0,45,2021,NA,NA
7/16/21,11:45:00,Hoje_A_6,Enallagma_cyathigerum,Mature,1,,0,0,45,2021,NA,NA
7/16/21,11:45:00,Hoje_A_6,Enallagma_cyathigerum,Mature,1,,0,4,45,2021,NA,NA
7/16/21,11:45:00,Hoje_A_6,Lestes_sponsa,Mature,1,,0,0,45,2021,NA,NA
7/16/21,11:45:00,Hoje_A_6,Lestes_sponsa,Mature,1,,0,0,45,2021,NA,NA
7/16/21,11:45:00,Hoje_A_6,Lestes_sponsa,Mature,1,,0,0,45,2021,NA,NA
7/16/21,11:45:00,Hoje_A_6,Enallagma_cyathigerum,Immature,1,,0,0,45,2021,NA,NA
7/16/21,11:45:00,Hoje_A_6,Enallagma_cyathigerum,Mature,1,,0,0,45,2021,NA,NA
7/16/21,11:45:00,Hoje_A_6,Enallagma_cyathigerum,Mature,1,,0,4,45,2021,NA,NA
7/16/21,11:45:00,Hoje_A_6,Enallagma_cyathigerum,Mature,1,,0,1,45,2021,NA,NA
7/16/21,11:45:00,Hoje_A_6,Enallagma_cyathigerum,Mature,1,,0,0,45,2021,NA,NA
7/16/21,11:45:00,Hoje_A_6,Enallagma_cyathigerum,Mature,1,,0,14,45,2021,NA,NA
7/16/21,11:45:00,Hoje_A_6,Enallagma_cyathigerum,Mature,1,,0,1,45,2021,NA,NA
7/16/21,11:45:00,Hoje_A_6,Enallagma_cyathigerum,Mature,1,,0,0,45,2021,NA,NA
7/16/21,11:45:00,Hoje_A_6,Enallagma_cyathigerum,Mature,1,,0,0,45,2021,NA,NA
7/16/21,11:45:00,Hoje_A_6,Sympetrum_sanguineum,Mature,1,,0,0,45,2021,NA,NA
7/16/21,11:45:00,Hoje_A_6,Enallagma_cyathigerum,Mature,1,,0,0,45,2021,NA,NA
7/16/21,11:45:00,Hoje_A_6,Enallagma_cyathigerum,Mature,0,,0,7,45,2021,NA,NA
7/16/21,11:45:00,Hoje_A_6,Enallagma_cyathigerum,Mature,1,,0,0,45,2021,NA,NA
7/16/21,11:45:00,Hoje_A_6,Enallagma_cyathigerum,Mature,1,,0,0,45,2021,NA,NA
7/16/21,11:45:00,Hoje_A_6,Enallagma_cyathigerum,Immature,1,,0,0,45,2021,NA,NA
7/16/21,11:45:00,Hoje_A_6,Enallagma_cyathigerum,Mature,1,,0,0,45,2021,NA,NA
7/16/21,11:45:00,Hoje_A_6,Sympetrum_sanguineum,Mature,1,,0,0,45,2021,NA,NA
7/16/21,11:45:00,Hoje_A_6,Enallagma_cyathigerum,Mature,1,,0,NA,45,2021,NA,NA
7/16/21,11:45:00,Hoje_A_6,Enallagma_cyathigerum,Mature,1,,0,0,45,2021,NA,NA
7/16/21,11:45:00,Hoje_A_6,Enallagma_cyathigerum,Mature,1,,0,0,45,2021,NA,NA
7/16/21,11:45:00,Hoje_A_6,Enallagma_cyathigerum,Mature,1,,0,0,45,2021,NA,NA
7/16/21,11:45:00,Hoje_A_6,Enallagma_cyathigerum,Mature,1,,0,4,45,2021,NA,NA
7/16/21,11:45:00,Hoje_A_6,Enallagma_cyathigerum,Mature,1,,0,0,45,2021,NA,NA
7/16/21,11:45:00,Hoje_A_6,Enallagma_cyathigerum,Mature,1,,0,0,45,2021,NA,NA
7/16/21,11:45:00,Hoje_A_6,Enallagma_cyathigerum,Mature,1,,0,0,45,2021,NA,NA
7/16/21,11:45:00,Hoje_A_6,Enallagma_cyathigerum,Mature,1,,0,1,45,2021,NA,NA
7/16/21,11:45:00,Hoje_A_6,Enallagma_cyathigerum,Mature,1,,0,1,45,2021,NA,NA
7/16/21,11:45:00,Hoje_A_6,Enallagma_cyathigerum,Mature,1,,0,0,45,2021,NA,NA
7/16/21,11:45:00,Hoje_A_6,Enallagma_cyathigerum,Mature,1,,0,0,45,2021,NA,NA
7/16/21,11:45:00,Hoje_A_6,Enallagma_cyathigerum,Mature,1,,0,2,45,2021,NA,NA
7/16/21,11:45:00,Hoje_A_6,Enallagma_cyathigerum,Immature,1,,0,22,45,2021,NA,NA
7/16/21,11:45:00,Hoje_A_6,Enallagma_cyathigerum,Mature,1,,0,1,45,2021,NA,NA
7/16/21,11:45:00,Hoje_A_6,Enallagma_cyathigerum,Mature,1,,0,NA,45,2021,NA,NA
7/16/21,11:45:00,Hoje_A_6,Lestes_sponsa,Mature,1,,0,1,45,2021,NA,NA
7/16/21,11:45:00,Hoje_A_6,Sympetrum_sanguineum,Immature,0,,0,0,45,2021,NA,NA
7/16/21,11:45:00,Hoje_A_6,Sympetrum_sanguineum,Mature,0,,0,0,45,2021,NA,NA
7/15/21,15:00:00,Krutladan,Enallagma_cyathigerum,Mature,1,,1,NA,40,2021,NA,NA
7/15/21,15:00:00,Krutladan,Enallagma_cyathigerum,Mature,1,,1,NA,40,2021,NA,NA
7/15/21,15:00:00,Krutladan,Enallagma_cyathigerum,Mature,1,,1,NA,40,2021,NA,NA
7/15/21,15:00:00,Krutladan,Enallagma_cyathigerum,Mature,1,,1,NA,40,2021,NA,NA
7/15/21,15:00:00,Krutladan,Enallagma_cyathigerum,Mature,1,,1,NA,40,2021,NA,NA
7/15/21,15:00:00,Krutladan,Enallagma_cyathigerum,Mature,1,,1,NA,40,2021,NA,NA
7/15/21,15:00:00,Krutladan,Enallagma_cyathigerum,Mature,1,,1,NA,40,2021,NA,NA
7/15/21,15:00:00,Krutladan,Enallagma_cyathigerum,Mature,1,,1,NA,40,2021,NA,NA
7/15/21,15:00:00,Krutladan,Enallagma_cyathigerum,Mature,1,,1,NA,40,2021,NA,NA
7/15/21,15:00:00,Krutladan,Enallagma_cyathigerum,Mature,1,,1,NA,40,2021,NA,NA
7/15/21,15:00:00,Krutladan,Enallagma_cyathigerum,Mature,1,,1,NA,40,2021,NA,NA
7/15/21,15:00:00,Krutladan,Enallagma_cyathigerum,Mature,1,,1,NA,40,2021,NA,NA
7/15/21,15:00:00,Krutladan,Enallagma_cyathigerum,Mature,1,,1,NA,40,2021,NA,NA
7/15/21,15:00:00,Krutladan,Enallagma_cyathigerum,Mature,1,,1,NA,40,2021,NA,NA
7/15/21,15:00:00,Krutladan,Enallagma_cyathigerum,Mature,1,,1,NA,40,2021,NA,NA
7/15/21,15:00:00,Krutladan,Enallagma_cyathigerum,Mature,1,,1,NA,40,2021,NA,NA
7/15/21,15:00:00,Krutladan,Enallagma_cyathigerum,Mature,1,,1,NA,40,2021,NA,NA
7/15/21,15:00:00,Krutladan,Enallagma_cyathigerum,Mature,1,,1,NA,40,2021,NA,NA
7/15/21,15:00:00,Krutladan,Enallagma_cyathigerum,Mature,1,,1,NA,40,2021,NA,NA
7/15/21,15:00:00,Krutladan,Enallagma_cyathigerum,Mature,1,,1,NA,40,2021,NA,NA
7/15/21,15:00:00,Krutladan,Enallagma_cyathigerum,Mature,1,,1,NA,40,2021,NA,NA
7/15/21,15:00:00,Krutladan,Enallagma_cyathigerum,Mature,1,,1,NA,40,2021,NA,NA
7/15/21,15:00:00,Krutladan,Enallagma_cyathigerum,Mature,1,,1,NA,40,2021,NA,NA
7/15/21,15:00:00,Krutladan,Enallagma_cyathigerum,Mature,1,,1,NA,40,2021,NA,NA
7/15/21,15:00:00,Krutladan,Enallagma_cyathigerum,Mature,1,,1,NA,40,2021,NA,NA
7/15/21,15:00:00,Krutladan,Enallagma_cyathigerum,Mature,1,,1,NA,40,2021,NA,NA
7/15/21,15:00:00,Krutladan,Enallagma_cyathigerum,Mature,1,,1,NA,40,2021,NA,NA
7/15/21,15:00:00,Krutladan,Enallagma_cyathigerum,Mature,1,,1,NA,40,2021,NA,NA
7/15/21,15:00:00,Krutladan,Enallagma_cyathigerum,Mature,1,,1,NA,40,2021,NA,NA
7/15/21,15:00:00,Krutladan,Enallagma_cyathigerum,Mature,1,,1,NA,40,2021,NA,NA
7/15/21,15:00:00,Krutladan,Enallagma_cyathigerum,Mature,1,,1,NA,40,2021,NA,NA
7/15/21,15:00:00,Krutladan,Enallagma_cyathigerum,Mature,1,,1,NA,40,2021,NA,NA
7/15/21,15:00:00,Krutladan,Enallagma_cyathigerum,Mature,1,,1,NA,40,2021,NA,NA
7/15/21,15:00:00,Krutladan,Enallagma_cyathigerum,Mature,1,,1,NA,40,2021,NA,NA
7/15/21,15:00:00,Krutladan,Enallagma_cyathigerum,Mature,1,,1,NA,40,2021,NA,NA
7/15/21,15:00:00,Krutladan,Enallagma_cyathigerum,Mature,1,,1,NA,40,2021,NA,NA
7/15/21,15:00:00,Krutladan,Enallagma_cyathigerum,Mature,1,,1,NA,40,2021,NA,NA
7/15/21,15:00:00,Krutladan,Enallagma_cyathigerum,Mature,1,,1,NA,40,2021,NA,NA
7/15/21,15:00:00,Krutladan,Enallagma_cyathigerum,Mature,1,,1,NA,40,2021,NA,NA
7/15/21,15:00:00,Krutladan,Enallagma_cyathigerum,Mature,1,,1,NA,40,2021,NA,NA
7/16/21,11:45:00,Hoje_A_6,Anax_imperator,Mature,1,,0,NA,45,2021,NA,NA
7/16/21,11:45:00,Hoje_A_6,Anax_imperator,Mature,1,,0,NA,45,2021,NA,NA
7/16/21,11:45:00,Hoje_A_6,Anax_imperator,Mature,1,,0,NA,45,2021,NA,NA
7/16/21,11:45:00,Hoje_A_6,Anax_imperator,Mature,1,,0,NA,45,2021,NA,NA
7/16/21,11:45:00,Hoje_A_6,Aeshna_grandis,Mature,1,,0,NA,45,2021,NA,NA
7/16/21,11:45:00,Hoje_A_6,Aeshna_grandis,Mature,1,,0,NA,45,2021,NA,NA
7/16/21,11:45:00,Hoje_A_6,Aeshna_grandis,Mature,1,,0,NA,45,2021,NA,NA
7/16/21,11:45:00,Hoje_A_6,Aeshna_grandis,Mature,1,,0,NA,45,2021,NA,NA
7/16/21,11:45:00,Hoje_A_6,Aeshna_grandis,Mature,1,,0,NA,45,2021,NA,NA
7/16/21,11:45:00,Hoje_A_6,Sympetrum_sanguineum,Mature,1,,0,NA,45,2021,NA,NA
7/16/21,11:45:00,Hoje_A_6,Sympetrum_sanguineum,Mature,1,,0,NA,45,2021,NA,NA
7/16/21,11:45:00,Hoje_A_6,Sympetrum_sanguineum,Mature,1,,0,NA,45,2021,NA,NA
7/16/21,11:45:00,Hoje_A_6,Somatochlora_spp,Mature,1,,0,NA,45,2021,NA,NA
7/16/21,11:45:00,Hoje_A_6,Somatochlora_spp,Mature,1,,0,NA,45,2021,NA,NA
7/16/21,11:45:00,Hoje_A_6,Somatochlora_spp,Mature,1,,0,NA,45,2021,NA,NA
7/16/21,11:45:00,Hoje_A_6,Somatochlora_spp,Mature,1,,0,NA,45,2021,NA,NA
7/16/21,11:45:00,Hoje_A_6,Somatochlora_spp,Mature,1,,0,NA,45,2021,NA,NA
7/16/21,11:45:00,Hoje_A_6,Somatochlora_spp,Mature,1,,0,NA,45,2021,NA,NA
7/16/21,11:45:00,Hoje_A_6,Sympetrum_sanguineum,Mature,1,,1,NA,45,2021,NA,NA
7/16/21,11:45:00,Hoje_A_6,Sympetrum_sanguineum,Mature,1,,1,NA,45,2021,NA,NA
7/16/21,11:45:00,Hoje_A_6,Sympetrum_sanguineum,Mature,0,Gynochrome,1,NA,45,2021,NA,NA
7/16/21,11:45:00,Hoje_A_6,Sympetrum_sanguineum,Mature,0,Gynochrome,1,NA,45,2021,NA,NA
7/17/21,10:00:00,Borgeby,Enallagma_cyathigerum,Mature,1,,0,0,40,2021,NA,NA
7/17/21,10:00:00,Borgeby,Coenagrion_puella,Mature,1,,0,0,40,2021,NA,NA
7/17/21,10:00:00,Borgeby,Enallagma_cyathigerum,Mature,1,,0,0,40,2021,NA,NA
7/17/21,10:00:00,Borgeby,Coenagrion_pulchellum,Mature,1,,0,0,40,2021,NA,NA
7/17/21,10:00:00,Borgeby,Enallagma_cyathigerum,Mature,1,,0,0,40,2021,NA,NA
7/17/21,10:00:00,Borgeby,Lestes_sponsa,Mature,1,,0,0,40,2021,NA,NA
7/17/21,10:00:00,Borgeby,Lestes_sponsa,Mature,1,,0,0,40,2021,NA,NA
7/17/21,10:00:00,Borgeby,Lestes_sponsa,Mature,1,,0,0,40,2021,NA,NA
7/17/21,10:00:00,Borgeby,Lestes_sponsa,Mature,1,,0,0,40,2021,NA,NA
7/17/21,10:00:00,Borgeby,Coenagrion_pulchellum,Mature,0,,0,3,40,2021,NA,NA
7/17/21,10:00:00,Borgeby,Lestes_sponsa,Mature,1,,0,0,40,2021,NA,NA
7/17/21,10:00:00,Borgeby,Coenagrion_pulchellum,Mature,1,,0,0,40,2021,NA,NA
7/17/21,10:00:00,Borgeby,Lestes_sponsa,Mature,1,,0,0,40,2021,NA,NA
7/17/21,10:00:00,Borgeby,Enallagma_cyathigerum,Mature,1,,0,0,40,2021,NA,NA
7/17/21,10:00:00,Borgeby,Lestes_sponsa,Mature,1,,0,0,40,2021,NA,NA
7/17/21,10:00:00,Borgeby,Coenagrion_pulchellum,Mature,1,,0,0,40,2021,NA,NA
7/17/21,10:00:00,Borgeby,Lestes_sponsa,Mature,1,,0,0,40,2021,NA,NA
7/17/21,10:00:00,Borgeby,Lestes_sponsa,Mature,1,,0,0,40,2021,NA,NA
7/17/21,10:00:00,Borgeby,Lestes_sponsa,Mature,1,,1,0,40,2021,NA,NA
7/17/21,10:00:00,Borgeby,Lestes_sponsa,Mature,0,,1,0,40,2021,NA,NA
7/17/21,10:00:00,Borgeby,Coenagrion_pulchellum,Mature,1,,1,0,40,2021,NA,NA
7/17/21,10:00:00,Borgeby,Coenagrion_pulchellum,Mature,0,Androchrome,1,15,40,2021,NA,NA
7/17/21,10:00:00,Borgeby,Anax_imperator,Mature,1,,0,NA,40,2021,NA,NA
7/17/21,10:00:00,Borgeby,Anax_imperator,Mature,1,,0,NA,40,2021,NA,NA
7/17/21,10:00:00,Borgeby,Orthetrum_cancellatum,Mature,1,,0,NA,40,2021,NA,NA
7/17/21,10:00:00,Borgeby,Orthetrum_cancellatum,Mature,1,,0,NA,40,2021,NA,NA
7/17/21,10:00:00,Borgeby,Orthetrum_cancellatum,Mature,1,,0,NA,40,2021,NA,NA
7/17/21,10:00:00,Borgeby,Orthetrum_cancellatum,Mature,1,,0,NA,40,2021,NA,NA
7/17/21,10:00:00,Borgeby,Orthetrum_cancellatum,Mature,1,,0,NA,40,2021,NA,NA
7/17/21,10:00:00,Borgeby,Orthetrum_cancellatum,Mature,1,,0,NA,40,2021,NA,NA
7/17/21,10:00:00,Borgeby,Orthetrum_cancellatum,Mature,1,,0,NA,40,2021,NA,NA
7/17/21,10:00:00,Borgeby,Orthetrum_cancellatum,Mature,1,,0,NA,40,2021,NA,NA
7/17/21,10:00:00,Borgeby,Orthetrum_cancellatum,Mature,1,,1,NA,40,2021,NA,NA
7/17/21,10:00:00,Borgeby,Orthetrum_cancellatum,Mature,0,,1,NA,40,2021,NA,NA
7/17/21,10:00:00,Borgeby,Sympetrum_sanguineum,Mature,1,,0,NA,40,2021,NA,NA
7/17/21,10:00:00,Borgeby,Sympetrum_sanguineum,Mature,1,,0,NA,40,2021,NA,NA
7/17/21,10:00:00,Borgeby,Sympetrum_spp,Immature,1,,0,NA,40,2021,NA,NA
7/17/21,10:00:00,Borgeby,Sympetrum_spp,Immature,1,,0,NA,40,2021,NA,NA
7/17/21,10:00:00,Borgeby,Sympetrum_spp,Immature,1,,0,NA,40,2021,NA,NA
7/17/21,10:00:00,Borgeby,Sympetrum_spp,Immature,1,,0,NA,40,2021,NA,NA
7/17/21,10:00:00,Borgeby,Libellula_depressa,Mature,1,,0,NA,40,2021,NA,NA
7/19/21,10:20:00,IKEA,Orthetrum_cancellatum,Mature,1,,0,NA,40,2021,NA,NA
7/19/21,10:20:00,IKEA,Anax_imperator,Mature,1,,0,NA,40,2021,NA,NA
7/19/21,10:20:00,IKEA,Sympetrum_sanguineum,Mature,1,,0,NA,40,2021,NA,NA
7/19/21,10:20:00,IKEA,Sympetrum_sanguineum,Mature,1,,0,NA,40,2021,NA,NA
7/19/21,10:20:00,IKEA,Lestes_sponsa,Mature,1,,0,0,40,2021,NA,NA
7/19/21,10:20:00,IKEA,Lestes_sponsa,Mature,1,,0,0,40,2021,NA,NA
7/19/21,10:20:00,IKEA,Lestes_sponsa,Mature,1,,0,0,40,2021,NA,NA
7/19/21,10:20:00,IKEA,Lestes_sponsa,Mature,1,,0,0,40,2021,NA,NA
7/19/21,10:20:00,IKEA,Lestes_sponsa,Mature,1,,0,0,40,2021,NA,NA
7/19/21,10:20:00,IKEA,Lestes_sponsa,Mature,1,,0,0,40,2021,NA,NA
7/19/21,10:20:00,IKEA,Lestes_sponsa,Mature,1,,0,1,40,2021,NA,NA
7/19/21,10:20:00,IKEA,Coenagrion_puella,Mature,1,,0,0,40,2021,NA,NA
7/19/21,10:20:00,IKEA,Lestes_sponsa,Mature,1,,0,0,40,2021,NA,NA
7/19/21,10:20:00,IKEA,Lestes_sponsa,Mature,0,,0,0,40,2021,NA,NA
7/19/21,10:20:00,IKEA,Sympetrum_spp,Mature,1,,0,NA,40,2021,NA,NA
7/15/21,15:00:00,Krutladan,Enallagma_cyathigerum,Mature,1,,1,0,40,2021,NA,NA
7/15/21,15:00:00,Krutladan,Enallagma_cyathigerum,Mature,1,,1,0,40,2021,NA,NA
7/15/21,15:00:00,Krutladan,Enallagma_cyathigerum,Mature,1,,1,0,40,2021,NA,NA
7/15/21,15:00:00,Krutladan,Enallagma_cyathigerum,Mature,1,,1,0,40,2021,NA,NA
7/15/21,15:00:00,Krutladan,Enallagma_cyathigerum,Mature,1,,1,0,40,2021,NA,NA
7/15/21,15:00:00,Krutladan,Enallagma_cyathigerum,Mature,1,,1,0,40,2021,NA,NA
7/15/21,15:00:00,Krutladan,Enallagma_cyathigerum,Mature,1,,1,0,40,2021,NA,NA
7/15/21,15:00:00,Krutladan,Enallagma_cyathigerum,Mature,1,,1,NA,40,2021,NA,NA
7/15/21,15:00:00,Krutladan,Enallagma_cyathigerum,Mature,0,Gynochrome,1,0,40,2021,NA,NA
7/15/21,15:00:00,Krutladan,Enallagma_cyathigerum,Mature,0,Gynochrome,1,0,40,2021,NA,NA
7/15/21,15:00:00,Krutladan,Enallagma_cyathigerum,Mature,0,Gynochrome,1,0,40,2021,NA,NA
7/15/21,15:00:00,Krutladan,Enallagma_cyathigerum,Mature,0,Gynochrome,1,0,40,2021,NA,NA
7/15/21,15:00:00,Krutladan,Enallagma_cyathigerum,Mature,0,Gynochrome,1,0,40,2021,NA,NA
7/15/21,15:00:00,Krutladan,Enallagma_cyathigerum,Mature,0,Gynochrome,1,0,40,2021,NA,NA
7/15/21,15:00:00,Krutladan,Enallagma_cyathigerum,Mature,0,Gynochrome,1,0,40,2021,NA,NA
7/15/21,15:00:00,Krutladan,Enallagma_cyathigerum,Mature,0,Androchrome,1,0,40,2021,NA,NA
7/15/21,15:00:00,Krutladan,Enallagma_cyathigerum,Mature,1,,0,0,40,2021,NA,NA
7/15/21,15:00:00,Krutladan,Enallagma_cyathigerum,Mature,1,,0,0,40,2021,NA,NA
7/15/21,15:00:00,Krutladan,Enallagma_cyathigerum,Mature,1,,0,0,40,2021,NA,NA
7/15/21,15:00:00,Krutladan,Enallagma_cyathigerum,Mature,1,,0,0,40,2021,NA,NA
7/15/21,15:00:00,Krutladan,Enallagma_cyathigerum,Mature,1,,0,0,40,2021,NA,NA
7/15/21,15:00:00,Krutladan,Enallagma_cyathigerum,Mature,1,,0,0,40,2021,NA,NA
7/15/21,15:00:00,Krutladan,Enallagma_cyathigerum,Mature,1,,0,0,40,2021,NA,NA
7/15/21,15:00:00,Krutladan,Enallagma_cyathigerum,Mature,1,,0,0,40,2021,NA,NA
7/15/21,15:00:00,Krutladan,Enallagma_cyathigerum,Mature,1,,0,0,40,2021,NA,NA
7/15/21,15:00:00,Krutladan,Enallagma_cyathigerum,Mature,1,,0,0,40,2021,NA,NA
7/15/21,15:00:00,Krutladan,Enallagma_cyathigerum,Mature,1,,0,0,40,2021,NA,NA
7/15/21,15:00:00,Krutladan,Enallagma_cyathigerum,Mature,1,,0,0,40,2021,NA,NA
7/15/21,15:00:00,Krutladan,Enallagma_cyathigerum,Mature,1,,0,0,40,2021,NA,NA
7/15/21,15:00:00,Krutladan,Enallagma_cyathigerum,Mature,1,,0,0,40,2021,NA,NA
7/15/21,15:00:00,Krutladan,Enallagma_cyathigerum,Mature,1,,0,0,40,2021,NA,NA
7/15/21,15:00:00,Krutladan,Enallagma_cyathigerum,Mature,1,,0,0,40,2021,NA,NA
7/15/21,15:00:00,Krutladan,Enallagma_cyathigerum,Mature,1,,0,0,40,2021,NA,NA
7/15/21,15:00:00,Krutladan,Enallagma_cyathigerum,Mature,1,,0,0,40,2021,NA,NA
7/15/21,15:00:00,Krutladan,Enallagma_cyathigerum,Mature,1,,0,0,40,2021,NA,NA
7/15/21,15:00:00,Krutladan,Enallagma_cyathigerum,Mature,1,,0,0,40,2021,NA,NA
7/15/21,15:00:00,Krutladan,Enallagma_cyathigerum,Mature,1,,0,0,40,2021,NA,NA
7/15/21,15:00:00,Krutladan,Enallagma_cyathigerum,Mature,1,,0,0,40,2021,NA,NA
7/15/21,15:00:00,Krutladan,Enallagma_cyathigerum,Mature,1,,0,0,40,2021,NA,NA
7/15/21,15:00:00,Krutladan,Enallagma_cyathigerum,Mature,1,,0,0,40,2021,NA,NA
7/15/21,15:00:00,Krutladan,Enallagma_cyathigerum,Mature,1,,0,0,40,2021,NA,NA
7/15/21,15:00:00,Krutladan,Enallagma_cyathigerum,Mature,1,,0,0,40,2021,NA,NA
7/15/21,15:00:00,Krutladan,Enallagma_cyathigerum,Mature,1,,0,0,40,2021,NA,NA
7/15/21,15:00:00,Krutladan,Enallagma_cyathigerum,Mature,1,,0,0,40,2021,NA,NA
7/15/21,15:00:00,Krutladan,Enallagma_cyathigerum,Mature,1,,0,0,40,2021,NA,NA
7/15/21,15:00:00,Krutladan,Enallagma_cyathigerum,Mature,1,,0,0,40,2021,NA,NA
7/15/21,15:00:00,Krutladan,Enallagma_cyathigerum,Mature,1,,0,0,40,2021,NA,NA
7/15/21,15:00:00,Krutladan,Enallagma_cyathigerum,Mature,1,,0,0,40,2021,NA,NA
7/15/21,15:00:00,Krutladan,Enallagma_cyathigerum,Mature,1,,0,0,40,2021,NA,NA
7/15/21,15:00:00,Krutladan,Enallagma_cyathigerum,Mature,1,,0,0,40,2021,NA,NA
7/15/21,15:00:00,Krutladan,Enallagma_cyathigerum,Mature,1,,0,0,40,2021,NA,NA
7/15/21,15:00:00,Krutladan,Enallagma_cyathigerum,Mature,1,,0,0,40,2021,NA,NA
7/15/21,15:00:00,Krutladan,Enallagma_cyathigerum,Mature,1,,0,0,40,2021,NA,NA
7/15/21,15:00:00,Krutladan,Enallagma_cyathigerum,Mature,1,,0,0,40,2021,NA,NA
7/15/21,15:00:00,Krutladan,Enallagma_cyathigerum,Mature,1,,0,0,40,2021,NA,NA
7/15/21,15:00:00,Krutladan,Enallagma_cyathigerum,Mature,1,,0,NA,40,2021,NA,NA
7/15/21,15:00:00,Krutladan,Enallagma_cyathigerum,Mature,1,,0,NA,40,2021,NA,NA
7/15/21,15:00:00,Krutladan,Enallagma_cyathigerum,Mature,1,,0,NA,40,2021,NA,NA
7/15/21,15:00:00,Krutladan,Enallagma_cyathigerum,Mature,1,,0,NA,40,2021,NA,NA
7/15/21,15:00:00,Krutladan,Enallagma_cyathigerum,Mature,1,,0,1,40,2021,NA,NA
7/15/21,15:00:00,Krutladan,Enallagma_cyathigerum,Mature,1,,0,1,40,2021,NA,NA
7/15/21,15:00:00,Krutladan,Enallagma_cyathigerum,Mature,1,,0,1,40,2021,NA,NA
7/15/21,15:00:00,Krutladan,Enallagma_cyathigerum,Mature,1,,0,2,40,2021,NA,NA
7/15/21,15:00:00,Krutladan,Enallagma_cyathigerum,Mature,1,,0,1,40,2021,NA,NA
7/15/21,15:00:00,Krutladan,Enallagma_cyathigerum,Immature,1,,0,0,40,2021,NA,NA
7/15/21,15:00:00,Krutladan,Enallagma_cyathigerum,Immature,1,,0,0,40,2021,NA,NA
7/15/21,15:00:00,Krutladan,Enallagma_cyathigerum,Immature,1,,0,4,40,2021,NA,NA
7/15/21,15:00:00,Krutladan,Enallagma_cyathigerum,Immature,1,,0,16,40,2021,NA,NA
7/15/21,15:00:00,Krutladan,Enallagma_cyathigerum,Teneral,1,,0,0,40,2021,NA,NA
7/15/21,15:00:00,Krutladan,Enallagma_cyathigerum,Teneral,1,,0,0,40,2021,NA,NA
7/15/21,15:00:00,Krutladan,Enallagma_cyathigerum,Teneral,0,,0,0,40,2021,NA,NA
7/19/21,10:20:00,Bunkeflostrand,Ischnura_pumilio,Mature,0,Gynochrome,1,0,60,2021,NA,NA
7/19/21,10:20:00,Bunkeflostrand,Ischnura_pumilio,Mature,1,,1,0,60,2021,NA,NA
7/19/21,10:20:00,Bunkeflostrand,Enallagma_cyathigerum,Immature,0,Androchrome,1,0,60,2021,NA,NA
7/19/21,10:20:00,Bunkeflostrand,Enallagma_cyathigerum,Mature,1,,1,0,60,2021,NA,NA
7/19/21,10:20:00,Bunkeflostrand,Sympetrum_sanguineum,Mature,1,,0,0,60,2021,NA,NA
7/19/21,10:20:00,Bunkeflostrand,Lestes_sponsa,Mature,1,,0,1,60,2021,NA,NA
7/19/21,10:20:00,Bunkeflostrand,Sympetrum_striolatum,Teneral,0,,0,0,60,2021,NA,NA
7/19/21,10:20:00,Bunkeflostrand,Sympetrum_striolatum,Mature,1,,0,0,60,2021,NA,NA
7/19/21,10:20:00,Bunkeflostrand,Sympetrum_vulgatum,Teneral,1,,0,0,60,2021,NA,NA
7/19/21,10:20:00,Bunkeflostrand,Sympetrum_striolatum,Teneral,0,,0,0,60,2021,NA,NA
7/19/21,10:20:00,Bunkeflostrand,Ischnura_pumilio,Immature,1,,0,0,60,2021,NA,NA
7/19/21,10:20:00,Bunkeflostrand,Enallagma_cyathigerum,Mature,1,,0,0,60,2021,NA,NA
7/19/21,10:20:00,Bunkeflostrand,Enallagma_cyathigerum,Mature,1,,0,0,60,2021,NA,NA
7/19/21,10:20:00,Bunkeflostrand,Sympetrum_striolatum,Immature,1,,0,1,60,2021,NA,NA
7/19/21,10:20:00,Bunkeflostrand,Sympetrum_sanguineum,Immature,0,,0,0,60,2021,NA,NA
7/19/21,10:20:00,Bunkeflostrand,Sympetrum_striolatum,Teneral,0,,0,0,60,2021,NA,NA
7/19/21,10:20:00,Bunkeflostrand,Orthetrum_coerulescens,Mature,1,,0,0,60,2021,NA,NA
7/19/21,10:20:00,Bunkeflostrand,Orthetrum_coerulescens,Mature,1,,0,0,60,2021,NA,NA
7/19/21,10:20:00,Bunkeflostrand,Orthetrum_cancellatum,Mature,1,,0,NA,60,2021,NA,NA
7/19/21,10:20:00,Bunkeflostrand,Anax_imperator,Mature,1,,0,NA,60,2021,NA,NA
7/19/21,10:20:00,Bunkeflostrand,Sympetrum_sanguineum,Mature,1,,0,NA,60,2021,NA,NA
7/19/21,10:20:00,Bunkeflostrand,Sympetrum_sanguineum,Mature,1,,0,NA,60,2021,NA,NA
7/19/21,10:20:00,Bunkeflostrand,Sympetrum_sanguineum,Mature,1,,0,NA,60,2021,NA,NA
7/19/21,10:20:00,Bunkeflostrand,Sympetrum_spp,Immature,,,0,NA,60,2021,NA,NA
7/19/21,10:20:00,Bunkeflostrand,Sympetrum_spp,Immature,,,0,NA,60,2021,NA,NA
7/19/21,10:20:00,Bunkeflostrand,Sympetrum_spp,Immature,,,0,NA,60,2021,NA,NA
7/19/21,10:20:00,Bunkeflostrand,Sympetrum_spp,Immature,,,0,NA,60,2021,NA,NA
7/19/21,10:20:00,Bunkeflostrand,Sympetrum_spp,Immature,,,0,NA,60,2021,NA,NA
7/19/21,10:20:00,Bunkeflostrand,Sympetrum_spp,Immature,,,0,NA,60,2021,NA,NA
7/19/21,10:20:00,Bunkeflostrand,Sympetrum_spp,Immature,,,0,NA,60,2021,NA,NA
7/19/21,10:20:00,Bunkeflostrand,Sympetrum_spp,Immature,,,0,NA,60,2021,NA,NA
7/19/21,10:20:00,Bunkeflostrand,Sympetrum_spp,Immature,,,0,NA,60,2021,NA,NA
7/19/21,10:20:00,Bunkeflostrand,Sympetrum_spp,Immature,,,0,NA,60,2021,NA,NA
7/19/21,15:07:00,Flackarp,Sympetrum_sanguineum,Mature,1,,0,0,40,2021,NA,NA
7/19/21,15:07:00,Flackarp,Coenagrion_puella,Mature,1,,0,0,40,2021,NA,NA
7/19/21,15:07:00,Flackarp,Coenagrion_puella,Mature,1,,0,NA,40,2021,NA,NA
7/19/21,15:07:00,Flackarp,Coenagrion_pulchellum,Mature,1,,0,0,40,2021,NA,NA
7/19/21,15:07:00,Flackarp,Lestes_sponsa,Mature,1,,0,0,40,2021,NA,NA
7/19/21,15:07:00,Flackarp,Calopteryx_splendens,Mature,1,,0,0,40,2021,NA,NA
7/19/21,15:07:00,Flackarp,Coenagrion_puella,Mature,1,,0,0,40,2021,NA,NA
7/19/21,15:07:00,Flackarp,Erythromma_viridulum,Mature,1,,0,0,40,2021,NA,NA
7/19/21,15:07:00,Flackarp,Calopteryx_splendens,Immature,0,Gynochrome,0,0,40,2021,NA,NA
7/19/21,15:07:00,Flackarp,Calopteryx_splendens,Immature,1,,0,0,40,2021,NA,NA
7/19/21,15:07:00,Flackarp,Erythromma_viridulum,Mature,1,,0,0,40,2021,NA,NA
7/19/21,15:07:00,Flackarp,Erythromma_viridulum,Mature,1,,0,0,40,2021,NA,NA
7/19/21,15:07:00,Flackarp,Erythromma_viridulum,Mature,1,,0,1,40,2021,NA,NA
7/19/21,15:07:00,Flackarp,Erythromma_viridulum,Mature,1,,0,0,40,2021,NA,NA
7/19/21,15:07:00,Flackarp,Erythromma_viridulum,Mature,1,,0,1,40,2021,NA,NA
7/19/21,15:07:00,Flackarp,Erythromma_viridulum,Mature,1,,0,NA,40,2021,NA,NA
7/19/21,15:07:00,Flackarp,Lestes_sponsa,Mature,1,,0,NA,40,2021,NA,NA
7/19/21,15:07:00,Flackarp,Calopteryx_splendens,Mature,1,,0,0,40,2021,NA,NA
7/19/21,15:07:00,Flackarp,Erythromma_viridulum,Mature,1,,0,0,40,2021,NA,NA
7/19/21,15:07:00,Flackarp,Erythromma_viridulum,Mature,1,,0,1,40,2021,NA,NA
7/19/21,15:07:00,Flackarp,Erythromma_viridulum,Mature,1,,0,2,40,2021,NA,NA
7/19/21,15:07:00,Flackarp,Erythromma_viridulum,Mature,1,,0,0,40,2021,NA,NA
7/19/21,15:07:00,Flackarp,Erythromma_viridulum,Immature,1,,0,0,40,2021,NA,NA
7/19/21,15:07:00,Flackarp,Erythromma_viridulum,Mature,1,,0,0,40,2021,NA,NA
7/19/21,15:07:00,Flackarp,Erythromma_viridulum,Mature,1,,0,NA,40,2021,NA,NA
7/19/21,15:07:00,Flackarp,Erythromma_viridulum,Mature,1,,0,NA,40,2021,NA,NA
7/19/21,15:07:00,Flackarp,Erythromma_viridulum,Mature,1,,0,NA,40,2021,NA,NA
7/19/21,15:07:00,Flackarp,Erythromma_viridulum,Mature,1,,0,NA,40,2021,NA,NA
7/19/21,15:07:00,Flackarp,Erythromma_viridulum,Mature,1,,0,NA,40,2021,NA,NA
7/19/21,15:07:00,Flackarp,Erythromma_viridulum,Mature,1,,0,NA,40,2021,NA,NA
7/19/21,15:07:00,Flackarp,Erythromma_viridulum,Mature,1,,0,NA,40,2021,NA,NA
7/19/21,15:07:00,Flackarp,Erythromma_viridulum,Mature,1,,0,NA,40,2021,NA,NA
7/19/21,15:07:00,Flackarp,Erythromma_viridulum,Mature,1,,0,NA,40,2021,NA,NA
7/19/21,15:07:00,Flackarp,Erythromma_viridulum,Mature,1,,0,NA,40,2021,NA,NA
7/19/21,15:07:00,Flackarp,Erythromma_viridulum,Mature,1,,0,NA,40,2021,NA,NA
7/19/21,15:07:00,Flackarp,Erythromma_viridulum,Mature,1,,0,NA,40,2021,NA,NA
7/19/21,15:07:00,Flackarp,Erythromma_viridulum,Mature,1,,0,NA,40,2021,NA,NA
7/19/21,15:07:00,Flackarp,Erythromma_viridulum,Mature,1,,0,NA,40,2021,NA,NA
7/19/21,15:07:00,Flackarp,Erythromma_viridulum,Mature,1,,0,NA,40,2021,NA,NA
7/19/21,15:07:00,Flackarp,Erythromma_viridulum,Mature,1,,0,NA,40,2021,NA,NA
7/19/21,15:07:00,Flackarp,Erythromma_viridulum,Mature,1,,0,NA,40,2021,NA,NA
7/19/21,15:07:00,Flackarp,Erythromma_viridulum,Mature,1,,0,NA,40,2021,NA,NA
7/19/21,15:07:00,Flackarp,Erythromma_viridulum,Mature,1,,0,NA,40,2021,NA,NA
7/19/21,15:07:00,Flackarp,Erythromma_viridulum,Mature,1,,0,NA,40,2021,NA,NA
7/19/21,15:07:00,Flackarp,Erythromma_viridulum,Mature,1,,0,NA,40,2021,NA,NA
7/19/21,15:07:00,Flackarp,Erythromma_viridulum,Mature,1,,0,NA,40,2021,NA,NA
7/19/21,15:07:00,Flackarp,Erythromma_viridulum,Mature,1,,0,NA,40,2021,NA,NA
7/19/21,15:07:00,Flackarp,Erythromma_viridulum,Mature,1,,0,NA,40,2021,NA,NA
7/19/21,15:07:00,Flackarp,Erythromma_viridulum,Mature,1,,0,NA,40,2021,NA,NA
7/19/21,15:07:00,Flackarp,Erythromma_viridulum,Mature,1,,0,NA,40,2021,NA,NA
7/19/21,15:07:00,Flackarp,Erythromma_viridulum,Mature,1,,0,NA,40,2021,NA,NA
7/19/21,15:07:00,Flackarp,Erythromma_viridulum,Mature,1,,0,NA,40,2021,NA,NA
7/19/21,15:07:00,Flackarp,Erythromma_viridulum,Mature,1,,0,NA,40,2021,NA,NA
7/19/21,15:07:00,Flackarp,Erythromma_viridulum,Mature,1,,0,NA,40,2021,NA,NA
7/19/21,15:07:00,Flackarp,Erythromma_viridulum,Mature,1,,0,NA,40,2021,NA,NA
7/19/21,15:07:00,Flackarp,Erythromma_viridulum,Mature,1,,0,NA,40,2021,NA,NA
7/19/21,15:07:00,Flackarp,Erythromma_viridulum,Mature,1,,0,NA,40,2021,NA,NA
7/19/21,15:07:00,Flackarp,Erythromma_viridulum,Mature,1,,0,NA,40,2021,NA,NA
7/19/21,15:07:00,Flackarp,Erythromma_viridulum,Mature,1,,0,NA,40,2021,NA,NA
7/19/21,15:07:00,Flackarp,Erythromma_viridulum,Mature,1,,0,NA,40,2021,NA,NA
7/19/21,15:07:00,Flackarp,Erythromma_viridulum,Mature,1,,0,NA,40,2021,NA,NA
7/19/21,15:07:00,Flackarp,Erythromma_viridulum,Mature,1,,0,NA,40,2021,NA,NA
7/19/21,15:07:00,Flackarp,Erythromma_viridulum,Mature,1,,0,NA,40,2021,NA,NA
7/19/21,15:07:00,Flackarp,Erythromma_viridulum,Mature,1,,0,NA,40,2021,NA,NA
7/19/21,15:07:00,Flackarp,Erythromma_viridulum,Mature,1,,0,NA,40,2021,NA,NA
7/19/21,15:07:00,Flackarp,Erythromma_viridulum,Mature,1,,0,NA,40,2021,NA,NA
7/19/21,15:07:00,Flackarp,Erythromma_viridulum,Mature,1,,0,NA,40,2021,NA,NA
7/19/21,15:07:00,Flackarp,Erythromma_viridulum,Mature,1,,0,NA,40,2021,NA,NA
7/19/21,15:07:00,Flackarp,Erythromma_viridulum,Mature,1,,0,NA,40,2021,NA,NA
7/19/21,15:07:00,Flackarp,Erythromma_viridulum,Mature,1,,0,NA,40,2021,NA,NA
7/19/21,15:07:00,Flackarp,Erythromma_viridulum,Mature,1,,0,NA,40,2021,NA,NA
7/19/21,15:07:00,Flackarp,Erythromma_viridulum,Mature,1,,0,NA,40,2021,NA,NA
7/19/21,15:07:00,Flackarp,Erythromma_viridulum,Mature,1,,0,NA,40,2021,NA,NA
7/19/21,15:07:00,Flackarp,Erythromma_viridulum,Mature,1,,0,NA,40,2021,NA,NA
7/19/21,15:07:00,Flackarp,Erythromma_viridulum,Mature,1,,0,NA,40,2021,NA,NA
7/19/21,15:07:00,Flackarp,Erythromma_viridulum,Mature,1,,0,NA,40,2021,NA,NA
7/19/21,15:07:00,Flackarp,Erythromma_viridulum,Mature,1,,0,NA,40,2021,NA,NA
7/19/21,15:07:00,Flackarp,Erythromma_viridulum,Mature,1,,0,NA,40,2021,NA,NA
7/19/21,15:07:00,Flackarp,Erythromma_viridulum,Mature,1,,0,NA,40,2021,NA,NA
7/19/21,15:07:00,Flackarp,Erythromma_viridulum,Mature,1,,0,NA,40,2021,NA,NA
7/19/21,15:07:00,Flackarp,Erythromma_viridulum,Mature,1,,0,NA,40,2021,NA,NA
7/19/21,15:07:00,Flackarp,Erythromma_viridulum,Mature,1,,0,NA,40,2021,NA,NA
7/19/21,15:07:00,Flackarp,Erythromma_viridulum,Mature,1,,0,NA,40,2021,NA,NA
7/19/21,15:07:00,Flackarp,Erythromma_viridulum,Mature,1,,0,NA,40,2021,NA,NA
7/19/21,15:07:00,Flackarp,Erythromma_viridulum,Mature,1,,0,NA,40,2021,NA,NA
7/19/21,15:07:00,Flackarp,Erythromma_viridulum,Mature,1,,0,NA,40,2021,NA,NA
7/19/21,15:07:00,Flackarp,Erythromma_viridulum,Mature,1,,0,NA,40,2021,NA,NA
7/19/21,15:07:00,Flackarp,Erythromma_viridulum,Mature,1,,0,NA,40,2021,NA,NA
7/19/21,15:07:00,Flackarp,Erythromma_viridulum,Mature,1,,0,NA,40,2021,NA,NA
7/19/21,15:07:00,Flackarp,Erythromma_viridulum,Mature,1,,0,NA,40,2021,NA,NA
7/19/21,15:07:00,Flackarp,Erythromma_viridulum,Mature,1,,0,NA,40,2021,NA,NA
7/19/21,15:07:00,Flackarp,Erythromma_viridulum,Mature,1,,0,NA,40,2021,NA,NA
7/19/21,15:07:00,Flackarp,Erythromma_viridulum,Mature,1,,0,NA,40,2021,NA,NA
7/19/21,15:07:00,Flackarp,Erythromma_viridulum,Mature,1,,0,NA,40,2021,NA,NA
7/19/21,15:07:00,Flackarp,Erythromma_viridulum,Mature,1,,0,NA,40,2021,NA,NA
7/19/21,15:07:00,Flackarp,Erythromma_viridulum,Mature,1,,0,NA,40,2021,NA,NA
7/19/21,15:07:00,Flackarp,Erythromma_viridulum,Mature,1,,0,NA,40,2021,NA,NA
7/19/21,15:07:00,Flackarp,Erythromma_viridulum,Mature,1,,0,NA,40,2021,NA,NA
7/19/21,15:07:00,Flackarp,Erythromma_viridulum,Mature,1,,0,NA,40,2021,NA,NA
7/19/21,15:07:00,Flackarp,Erythromma_viridulum,Mature,1,,0,NA,40,2021,NA,NA
7/19/21,15:07:00,Flackarp,Erythromma_viridulum,Mature,1,,0,NA,40,2021,NA,NA
7/19/21,15:07:00,Flackarp,Erythromma_viridulum,Mature,1,,0,NA,40,2021,NA,NA
7/19/21,15:07:00,Flackarp,Erythromma_viridulum,Mature,1,,0,NA,40,2021,NA,NA
7/19/21,15:07:00,Flackarp,Erythromma_viridulum,Mature,1,,0,NA,40,2021,NA,NA
7/19/21,15:07:00,Flackarp,Erythromma_viridulum,Mature,1,,0,NA,40,2021,NA,NA
7/19/21,15:07:00,Flackarp,Erythromma_viridulum,Mature,1,,0,NA,40,2021,NA,NA
7/19/21,15:07:00,Flackarp,Erythromma_viridulum,Mature,1,,0,NA,40,2021,NA,NA
7/19/21,15:07:00,Flackarp,Erythromma_viridulum,Mature,1,,0,NA,40,2021,NA,NA
7/19/21,15:07:00,Flackarp,Erythromma_viridulum,Mature,1,,0,NA,40,2021,NA,NA
7/19/21,15:07:00,Flackarp,Erythromma_viridulum,Mature,1,,0,NA,40,2021,NA,NA
7/19/21,15:07:00,Flackarp,Erythromma_viridulum,Mature,1,,0,NA,40,2021,NA,NA
7/19/21,15:07:00,Flackarp,Erythromma_viridulum,Mature,1,,0,NA,40,2021,NA,NA
7/19/21,15:07:00,Flackarp,Erythromma_viridulum,Mature,1,,0,NA,40,2021,NA,NA
7/19/21,15:07:00,Flackarp,Erythromma_viridulum,Mature,1,,0,NA,40,2021,NA,NA
7/19/21,15:07:00,Flackarp,Erythromma_viridulum,Mature,1,,0,NA,40,2021,NA,NA
7/19/21,15:07:00,Flackarp,Erythromma_viridulum,Mature,1,,0,NA,40,2021,NA,NA
7/19/21,15:07:00,Flackarp,Erythromma_viridulum,Mature,1,,0,NA,40,2021,NA,NA
7/19/21,15:07:00,Flackarp,Erythromma_viridulum,Mature,1,,0,NA,40,2021,NA,NA
7/19/21,15:07:00,Flackarp,Erythromma_viridulum,Mature,1,,0,NA,40,2021,NA,NA
7/19/21,15:07:00,Flackarp,Erythromma_viridulum,Mature,1,,0,NA,40,2021,NA,NA
7/19/21,15:07:00,Flackarp,Erythromma_viridulum,Mature,1,,0,NA,40,2021,NA,NA
7/19/21,15:07:00,Flackarp,Erythromma_viridulum,Mature,1,,0,NA,40,2021,NA,NA
7/19/21,15:07:00,Flackarp,Erythromma_viridulum,Mature,1,,0,NA,40,2021,NA,NA
7/19/21,15:07:00,Flackarp,Erythromma_viridulum,Mature,1,,0,NA,40,2021,NA,NA
7/19/21,15:07:00,Flackarp,Erythromma_viridulum,Mature,1,,0,NA,40,2021,NA,NA
7/19/21,15:07:00,Flackarp,Erythromma_viridulum,Mature,1,,0,NA,40,2021,NA,NA
7/19/21,15:07:00,Flackarp,Erythromma_viridulum,Mature,1,,0,NA,40,2021,NA,NA
7/19/21,15:07:00,Flackarp,Erythromma_viridulum,Mature,1,,0,NA,40,2021,NA,NA
7/19/21,15:07:00,Flackarp,Erythromma_viridulum,Mature,1,,0,NA,40,2021,NA,NA
7/19/21,15:07:00,Flackarp,Erythromma_viridulum,Mature,1,,0,NA,40,2021,NA,NA
7/19/21,15:07:00,Flackarp,Erythromma_viridulum,Mature,1,,0,NA,40,2021,NA,NA
7/19/21,15:07:00,Flackarp,Erythromma_viridulum,Mature,1,,0,NA,40,2021,NA,NA
7/19/21,15:07:00,Flackarp,Erythromma_viridulum,Mature,1,,0,NA,40,2021,NA,NA
7/19/21,15:07:00,Flackarp,Erythromma_viridulum,Mature,1,,0,NA,40,2021,NA,NA
7/19/21,15:07:00,Flackarp,Erythromma_viridulum,Mature,1,,0,NA,40,2021,NA,NA
7/19/21,15:07:00,Flackarp,Erythromma_viridulum,Mature,1,,0,NA,40,2021,NA,NA
7/19/21,15:07:00,Flackarp,Erythromma_viridulum,Mature,1,,0,NA,40,2021,NA,NA
7/19/21,15:07:00,Flackarp,Erythromma_viridulum,Mature,1,,0,NA,40,2021,NA,NA
7/19/21,15:07:00,Flackarp,Erythromma_viridulum,Mature,1,,0,NA,40,2021,NA,NA
7/19/21,15:07:00,Flackarp,Erythromma_viridulum,Mature,1,,1,NA,40,2021,NA,NA
7/19/21,15:07:00,Flackarp,Erythromma_viridulum,Mature,1,,1,NA,40,2021,NA,NA
7/19/21,15:07:00,Flackarp,Erythromma_viridulum,Mature,1,,1,NA,40,2021,NA,NA
7/19/21,15:07:00,Flackarp,Erythromma_viridulum,Mature,1,,1,NA,40,2021,NA,NA
7/19/21,15:07:00,Flackarp,Erythromma_viridulum,Mature,1,,1,NA,40,2021,NA,NA
7/19/21,15:07:00,Flackarp,Erythromma_viridulum,Mature,1,,1,NA,40,2021,NA,NA
7/19/21,15:07:00,Flackarp,Erythromma_viridulum,Mature,1,,1,NA,40,2021,NA,NA
7/19/21,15:07:00,Flackarp,Erythromma_viridulum,Mature,1,,1,NA,40,2021,NA,NA
7/19/21,15:07:00,Flackarp,Erythromma_viridulum,Mature,1,,1,NA,40,2021,NA,NA
7/19/21,15:07:00,Flackarp,Erythromma_viridulum,Mature,1,,1,NA,40,2021,NA,NA
7/19/21,15:07:00,Flackarp,Erythromma_viridulum,Mature,1,,1,NA,40,2021,NA,NA
7/19/21,15:07:00,Flackarp,Erythromma_viridulum,Mature,1,,1,NA,40,2021,NA,NA
7/19/21,15:07:00,Flackarp,Erythromma_viridulum,Mature,1,,1,NA,40,2021,NA,NA
7/19/21,15:07:00,Flackarp,Erythromma_viridulum,Mature,1,,1,NA,40,2021,NA,NA
7/19/21,15:07:00,Flackarp,Erythromma_viridulum,Mature,1,,1,NA,40,2021,NA,NA
7/19/21,15:07:00,Flackarp,Erythromma_viridulum,Mature,1,,1,NA,40,2021,NA,NA
7/19/21,15:07:00,Flackarp,Erythromma_viridulum,Mature,1,,1,NA,40,2021,NA,NA
7/19/21,15:07:00,Flackarp,Erythromma_viridulum,Mature,1,,1,NA,40,2021,NA,NA
7/19/21,15:07:00,Flackarp,Erythromma_viridulum,Mature,1,,1,NA,40,2021,NA,NA
7/19/21,15:07:00,Flackarp,Erythromma_viridulum,Mature,1,,1,NA,40,2021,NA,NA
7/19/21,15:07:00,Flackarp,Erythromma_viridulum,Mature,1,,1,NA,40,2021,NA,NA
7/19/21,15:07:00,Flackarp,Erythromma_viridulum,Mature,1,,1,NA,40,2021,NA,NA
7/19/21,15:07:00,Flackarp,Erythromma_viridulum,Mature,1,,1,NA,40,2021,NA,NA
7/19/21,15:07:00,Flackarp,Erythromma_viridulum,Mature,1,,0,NA,40,2021,NA,NA
7/19/21,15:07:00,Flackarp,Erythromma_viridulum,Mature,1,,1,NA,40,2021,NA,NA
7/19/21,15:07:00,Flackarp,Erythromma_viridulum,Mature,1,,1,NA,40,2021,NA,NA
7/19/21,15:07:00,Flackarp,Erythromma_viridulum,Mature,1,,1,NA,40,2021,NA,NA
7/19/21,15:07:00,Flackarp,Erythromma_viridulum,Mature,1,,1,NA,40,2021,NA,NA
7/19/21,15:07:00,Flackarp,Erythromma_viridulum,Mature,1,,1,NA,40,2021,NA,NA
7/19/21,15:07:00,Flackarp,Erythromma_viridulum,Mature,1,,1,NA,40,2021,NA,NA
7/19/21,15:07:00,Flackarp,Erythromma_viridulum,Mature,1,,1,NA,40,2021,NA,NA
7/19/21,15:07:00,Flackarp,Erythromma_viridulum,Mature,1,,1,NA,40,2021,NA,NA
7/19/21,15:07:00,Flackarp,Erythromma_viridulum,Mature,1,,0,NA,40,2021,NA,NA
7/19/21,15:07:00,Flackarp,Erythromma_viridulum,Mature,1,,1,NA,40,2021,NA,NA
7/19/21,15:07:00,Flackarp,Erythromma_viridulum,Mature,1,,0,NA,40,2021,NA,NA
7/19/21,15:07:00,Flackarp,Erythromma_viridulum,Mature,1,,1,NA,40,2021,NA,NA
7/19/21,15:07:00,Flackarp,Erythromma_viridulum,Mature,1,,1,NA,40,2021,NA,NA
7/19/21,15:07:00,Flackarp,Erythromma_viridulum,Mature,1,,1,NA,40,2021,NA,NA
7/19/21,15:07:00,Flackarp,Erythromma_viridulum,Mature,0,Gynochrome,1,NA,40,2021,NA,NA
7/19/21,15:07:00,Flackarp,Erythromma_viridulum,Mature,0,Gynochrome,1,NA,40,2021,NA,NA
7/19/21,15:07:00,Flackarp,Erythromma_viridulum,Mature,0,Gynochrome,1,NA,40,2021,NA,NA
7/19/21,15:07:00,Flackarp,Erythromma_viridulum,Mature,0,Gynochrome,1,NA,40,2021,NA,NA
7/19/21,15:07:00,Flackarp,Erythromma_viridulum,Mature,0,Gynochrome,1,NA,40,2021,NA,NA
7/19/21,15:07:00,Flackarp,Erythromma_viridulum,Mature,0,Gynochrome,1,NA,40,2021,NA,NA
7/19/21,15:07:00,Flackarp,Erythromma_viridulum,Mature,0,Gynochrome,1,NA,40,2021,NA,NA
7/19/21,15:07:00,Flackarp,Erythromma_viridulum,Mature,0,Gynochrome,1,NA,40,2021,NA,NA
7/19/21,15:07:00,Flackarp,Erythromma_viridulum,Mature,0,Gynochrome,1,NA,40,2021,NA,NA
7/19/21,15:07:00,Flackarp,Erythromma_viridulum,Mature,0,Gynochrome,1,NA,40,2021,NA,NA
7/19/21,15:07:00,Flackarp,Erythromma_viridulum,Mature,0,Gynochrome,1,NA,40,2021,NA,NA
7/19/21,15:07:00,Flackarp,Erythromma_viridulum,Mature,0,Gynochrome,1,NA,40,2021,NA,NA
7/19/21,15:07:00,Flackarp,Erythromma_viridulum,Mature,0,Gynochrome,1,NA,40,2021,NA,NA
7/19/21,15:07:00,Flackarp,Erythromma_viridulum,Mature,0,Gynochrome,1,NA,40,2021,NA,NA
7/19/21,15:07:00,Flackarp,Erythromma_viridulum,Mature,0,Gynochrome,1,NA,40,2021,NA,NA
7/19/21,15:07:00,Flackarp,Erythromma_viridulum,Mature,0,Gynochrome,1,NA,40,2021,NA,NA
7/19/21,15:07:00,Flackarp,Erythromma_viridulum,Mature,0,Gynochrome,1,NA,40,2021,NA,NA
7/19/21,15:07:00,Flackarp,Erythromma_viridulum,Mature,0,Gynochrome,1,NA,40,2021,NA,NA
7/19/21,15:07:00,Flackarp,Erythromma_viridulum,Mature,0,Gynochrome,1,NA,40,2021,NA,NA
7/19/21,15:07:00,Flackarp,Erythromma_viridulum,Mature,0,Gynochrome,1,NA,40,2021,NA,NA
7/19/21,15:07:00,Flackarp,Erythromma_viridulum,Mature,0,Gynochrome,1,NA,40,2021,NA,NA
7/19/21,15:07:00,Flackarp,Erythromma_viridulum,Mature,0,Gynochrome,1,NA,40,2021,NA,NA
7/19/21,15:07:00,Flackarp,Erythromma_viridulum,Mature,0,Gynochrome,1,NA,40,2021,NA,NA
7/19/21,15:07:00,Flackarp,Erythromma_viridulum,Mature,0,Gynochrome,1,NA,40,2021,NA,NA
7/19/21,15:07:00,Flackarp,Erythromma_viridulum,Mature,0,Gynochrome,1,NA,40,2021,NA,NA
7/19/21,15:07:00,Flackarp,Erythromma_viridulum,Mature,0,Gynochrome,1,NA,40,2021,NA,NA
7/19/21,15:07:00,Flackarp,Erythromma_viridulum,Mature,0,Gynochrome,1,NA,40,2021,NA,NA
7/19/21,15:07:00,Flackarp,Erythromma_viridulum,Mature,0,Gynochrome,1,NA,40,2021,NA,NA
7/19/21,15:07:00,Flackarp,Erythromma_viridulum,Mature,0,Gynochrome,1,NA,40,2021,NA,NA
7/19/21,15:07:00,Flackarp,Erythromma_viridulum,Mature,0,Gynochrome,1,NA,40,2021,NA,NA
7/19/21,15:07:00,Flackarp,Erythromma_viridulum,Mature,0,Gynochrome,1,NA,40,2021,NA,NA
7/19/21,15:07:00,Flackarp,Erythromma_viridulum,Mature,0,Gynochrome,1,NA,40,2021,NA,NA
7/19/21,15:07:00,Flackarp,Erythromma_viridulum,Mature,0,Gynochrome,1,NA,40,2021,NA,NA
7/19/21,15:07:00,Flackarp,Erythromma_viridulum,Mature,0,Gynochrome,1,NA,40,2021,NA,NA
7/19/21,15:07:00,Flackarp,Erythromma_viridulum,Mature,0,Gynochrome,1,NA,40,2021,NA,NA
7/19/21,15:07:00,Flackarp,Erythromma_viridulum,Mature,0,Gynochrome,1,NA,40,2021,NA,NA
7/19/21,15:07:00,Flackarp,Sympetrum_sanguineum,Mature,1,,0,NA,40,2021,NA,NA
7/19/21,15:07:00,Flackarp,Sympetrum_sanguineum,Mature,1,,0,NA,40,2021,NA,NA
7/19/21,15:07:00,Flackarp,Sympetrum_sanguineum,Mature,1,,0,NA,40,2021,NA,NA
7/19/21,15:07:00,Flackarp,Sympetrum_spp,Mature,1,,0,NA,40,2021,NA,NA
7/19/21,15:07:00,Flackarp,Calopteryx_splendens,Mature,1,,0,NA,40,2021,NA,NA
7/19/21,15:07:00,Flackarp,Calopteryx_splendens,Mature,1,,0,NA,40,2021,NA,NA
7/19/21,15:07:00,Flackarp,Calopteryx_splendens,Mature,1,,0,NA,40,2021,NA,NA
7/19/21,15:07:00,Flackarp,Calopteryx_splendens,Mature,1,,0,NA,40,2021,NA,NA
7/19/21,15:07:00,Flackarp,Calopteryx_splendens,Mature,1,,0,NA,40,2021,NA,NA
7/19/21,15:07:00,Flackarp,Calopteryx_splendens,Mature,1,,0,NA,40,2021,NA,NA
7/19/21,15:07:00,Flackarp,Calopteryx_splendens,Mature,1,,0,NA,40,2021,NA,NA
7/19/21,15:07:00,Flackarp,Calopteryx_splendens,Mature,1,,0,NA,40,2021,NA,NA
7/19/21,15:07:00,Flackarp,Calopteryx_splendens,Mature,1,,0,NA,40,2021,NA,NA
7/19/21,15:07:00,Flackarp,Calopteryx_splendens,Mature,1,,0,NA,40,2021,NA,NA
7/19/21,15:07:00,Flackarp,Calopteryx_splendens,Mature,1,,0,NA,40,2021,NA,NA
7/19/21,15:07:00,Flackarp,Calopteryx_splendens,Mature,1,,0,NA,40,2021,NA,NA
7/19/21,15:07:00,Flackarp,Calopteryx_splendens,Mature,1,,0,NA,40,2021,NA,NA
7/19/21,15:07:00,Flackarp,Calopteryx_splendens,Mature,1,,0,NA,40,2021,NA,NA
7/19/21,15:07:00,Flackarp,Calopteryx_splendens,Mature,1,,0,NA,40,2021,NA,NA
7/19/21,15:07:00,Flackarp,Calopteryx_splendens,Mature,1,,0,NA,40,2021,NA,NA
7/19/21,15:07:00,Flackarp,Calopteryx_splendens,Mature,1,,0,NA,40,2021,NA,NA
7/19/21,15:07:00,Flackarp,Calopteryx_splendens,Mature,1,,0,NA,40,2021,NA,NA
7/19/21,15:07:00,Flackarp,Calopteryx_splendens,Mature,1,,0,NA,40,2021,NA,NA
7/19/21,15:07:00,Flackarp,Calopteryx_splendens,Mature,1,,0,NA,40,2021,NA,NA
7/19/21,15:07:00,Flackarp,Calopteryx_splendens,Mature,0,Gynochrome,0,NA,40,2021,NA,NA
7/19/21,15:07:00,Flackarp,Calopteryx_splendens,Mature,0,Gynochrome,0,NA,40,2021,NA,NA
7/19/21,15:07:00,Flackarp,Calopteryx_splendens,Mature,0,Gynochrome,0,NA,40,2021,NA,NA
7/19/21,15:07:00,Flackarp,Anax_imperator,Mature,1,,0,NA,40,2021,NA,NA
7/19/21,15:07:00,Flackarp,Anax_imperator,Mature,0,Gynochrome,0,NA,40,2021,NA,NA
7/20/21,10:23:00,Rabydammen,Enallagma_cyathigerum,Mature,1,,1,0,40,2021,NA,NA
7/20/21,10:23:00,Rabydammen,Enallagma_cyathigerum,Mature,0,Gynochrome,1,30,40,2021,NA,NA
7/20/21,10:23:00,Rabydammen,Orthetrum_cancellatum,Mature,1,,0,NA,40,2021,NA,NA
7/20/21,10:23:00,Rabydammen,Enallagma_cyathigerum,Mature,1,,0,0,40,2021,NA,NA
7/20/21,10:23:00,Rabydammen,Orthetrum_cancellatum,Mature,1,,0,NA,40,2021,NA,NA
7/20/21,10:23:00,Rabydammen,Orthetrum_cancellatum,Mature,1,,0,NA,40,2021,NA,NA
7/20/21,10:23:00,Rabydammen,Erythromma_viridulum,Mature,1,,0,1,40,2021,NA,NA
7/20/21,10:23:00,Rabydammen,Orthetrum_cancellatum,Mature,1,,0,NA,40,2021,NA,NA
7/20/21,10:23:00,Rabydammen,Orthetrum_cancellatum,Mature,1,,0,NA,40,2021,NA,NA
7/20/21,10:23:00,Rabydammen,Orthetrum_cancellatum,Mature,1,,0,NA,40,2021,NA,NA
7/20/21,10:23:00,Rabydammen,Orthetrum_cancellatum,Mature,1,,0,NA,40,2021,NA,NA
7/20/21,10:23:00,Rabydammen,Orthetrum_cancellatum,Mature,1,,0,NA,40,2021,NA,NA
7/20/21,10:23:00,Rabydammen,Orthetrum_cancellatum,Mature,1,,0,NA,40,2021,NA,NA
7/20/21,10:23:00,Rabydammen,Orthetrum_cancellatum,Mature,1,,0,NA,40,2021,NA,NA
7/20/21,10:23:00,Rabydammen,Orthetrum_cancellatum,Mature,1,,0,NA,40,2021,NA,NA
7/20/21,10:23:00,Rabydammen,Enallagma_cyathigerum,Mature,1,,0,1,40,2021,NA,NA
7/20/21,10:23:00,Rabydammen,Orthetrum_cancellatum,Mature,0,Gynochrome,0,NA,40,2021,NA,NA
7/20/21,10:23:00,Rabydammen,Orthetrum_cancellatum,Mature,0,Gynochrome,1,NA,40,2021,NA,NA
7/20/21,10:23:00,Rabydammen,Orthetrum_cancellatum,Mature,1,,1,NA,40,2021,NA,NA
7/20/21,10:23:00,Rabydammen,Lestes_sponsa,Mature,1,,0,0,40,2021,NA,NA
7/20/21,10:23:00,Rabydammen,Anax_imperator,Mature,1,,0,0,40,2021,NA,NA
7/20/21,10:23:00,Rabydammen,Enallagma_cyathigerum,Mature,1,,0,0,40,2021,NA,NA
7/20/21,10:23:00,Rabydammen,Libellula_quadrimaculata,Mature,1,,0,0,40,2021,NA,NA
7/20/21,10:23:00,Rabydammen,Libellula_quadrimaculata,Mature,1,,0,0,40,2021,NA,NA
7/20/21,10:23:00,Rabydammen,Enallagma_cyathigerum,Mature,1,,0,4,40,2021,NA,NA
7/20/21,10:23:00,Rabydammen,Enallagma_cyathigerum,Mature,1,,0,0,40,2021,NA,NA
7/20/21,10:23:00,Rabydammen,Erythromma_viridulum,Mature,0,Gynochrome,0,8,40,2021,NA,NA
7/20/21,10:23:00,Rabydammen,Enallagma_cyathigerum,Mature,1,,0,2,40,2021,NA,NA
7/20/21,10:23:00,Rabydammen,Enallagma_cyathigerum,Mature,1,,0,1,40,2021,NA,NA
7/20/21,10:23:00,Rabydammen,Enallagma_cyathigerum,Mature,1,,0,5,40,2021,NA,NA
7/20/21,10:23:00,Rabydammen,Erythromma_viridulum,Mature,1,,0,0,40,2021,NA,NA
7/20/21,10:23:00,Rabydammen,Erythromma_viridulum,Mature,1,,0,4,40,2021,NA,NA
7/20/21,10:23:00,Rabydammen,Enallagma_cyathigerum,Mature,1,,0,2,40,2021,NA,NA
7/20/21,10:23:00,Rabydammen,Erythromma_viridulum,Mature,1,,0,3,40,2021,NA,NA
7/20/21,10:23:00,Rabydammen,Erythromma_viridulum,Mature,1,,0,0,40,2021,NA,NA
7/20/21,10:23:00,Rabydammen,Enallagma_cyathigerum,Teneral,0,,0,0,40,2021,NA,NA
7/20/21,10:23:00,Rabydammen,Enallagma_cyathigerum,Teneral,0,,0,0,40,2021,NA,NA
7/20/21,10:23:00,Rabydammen,Erythromma_viridulum,Mature,0,Gynochrome,0,0,40,2021,NA,NA
7/20/21,10:23:00,Rabydammen,Enallagma_cyathigerum,Mature,1,,0,NA,40,2021,NA,NA
7/20/21,10:23:00,Rabydammen,Enallagma_cyathigerum,Mature,1,,0,0,40,2021,NA,NA
7/20/21,10:23:00,Rabydammen,Lestes_sponsa,Mature,1,,0,0,40,2021,NA,NA
7/20/21,10:23:00,Rabydammen,Erythromma_viridulum,Mature,0,Gynochrome,0,4,40,2021,NA,NA
7/20/21,10:23:00,Rabydammen,Erythromma_viridulum,Mature,1,,0,9,40,2021,NA,NA
7/20/21,10:23:00,Rabydammen,Enallagma_cyathigerum,Mature,1,,0,3,40,2021,NA,NA
7/20/21,10:23:00,Rabydammen,Lestes_sponsa,Mature,1,,0,0,40,2021,NA,NA
7/20/21,10:23:00,Rabydammen,Enallagma_cyathigerum,Mature,1,,0,0,40,2021,NA,NA
7/20/21,10:23:00,Rabydammen,Lestes_sponsa,Mature,1,,0,0,40,2021,NA,NA
7/20/21,10:23:00,Rabydammen,Enallagma_cyathigerum,Mature,1,,0,0,40,2021,NA,NA
7/20/21,10:23:00,Rabydammen,Erythromma_viridulum,Mature,0,Gynochrome,0,23,40,2021,NA,NA
7/20/21,10:23:00,Rabydammen,Enallagma_cyathigerum,Immature,1,,0,0,40,2021,NA,NA
7/20/21,10:23:00,Rabydammen,Enallagma_cyathigerum,Mature,1,,0,0,40,2021,NA,NA
7/20/21,10:23:00,Rabydammen,Enallagma_cyathigerum,Mature,1,,0,0,40,2021,NA,NA
7/20/21,10:23:00,Rabydammen,Erythromma_viridulum,Mature,0,Gynochrome,0,5,40,2021,NA,NA
7/20/21,10:23:00,Rabydammen,Erythromma_viridulum,Mature,1,,0,0,40,2021,NA,NA
7/20/21,10:23:00,Rabydammen,Erythromma_viridulum,Mature,1,,0,2,40,2021,NA,NA
7/20/21,10:23:00,Rabydammen,Erythromma_viridulum,Immature,0,Gynochrome,0,31,40,2021,NA,NA
7/20/21,10:23:00,Rabydammen,Erythromma_viridulum,Mature,1,,0,0,40,2021,NA,NA
7/20/21,10:23:00,Rabydammen,Erythromma_viridulum,Mature,0,Gynochrome,0,3,40,2021,NA,NA
7/20/21,10:23:00,Rabydammen,Erythromma_viridulum,Immature,0,Gynochrome,0,7,40,2021,NA,NA
7/20/21,11:45:00,Hoje_A_7,Erythromma_viridulum,Mature,0,Gynochrome,0,0,40,2021,NA,NA
7/20/21,11:45:00,Hoje_A_7,Enallagma_cyathigerum,Immature,1,,0,0,40,2021,NA,NA
7/20/21,11:45:00,Hoje_A_7,Enallagma_cyathigerum,Mature,1,,0,0,40,2021,NA,NA
7/20/21,11:45:00,Hoje_A_7,Erythromma_viridulum,Mature,0,Gynochrome,0,0,40,2021,NA,NA
7/20/21,14:48:00,Gunnesbo,Lestes_sponsa,Mature,0,Gynochrome,0,0,45,2021,NA,NA
7/20/21,14:48:00,Gunnesbo,Erythromma_viridulum,Mature,1,,0,0,45,2021,NA,NA
7/20/21,14:48:00,Gunnesbo,Erythromma_viridulum,Mature,1,,0,0,45,2021,NA,NA
7/20/21,14:48:00,Gunnesbo,Erythromma_viridulum,Mature,1,,0,0,45,2021,NA,NA
7/20/21,14:48:00,Gunnesbo,Erythromma_viridulum,Mature,1,,0,0,45,2021,NA,NA
7/20/21,14:48:00,Gunnesbo,Erythromma_viridulum,Mature,0,Gynochrome,0,0,45,2021,NA,NA
7/20/21,14:48:00,Gunnesbo,Erythromma_viridulum,Mature,1,,0,0,45,2021,NA,NA
7/20/21,14:48:00,Gunnesbo,Erythromma_viridulum,Mature,1,,0,0,45,2021,NA,NA
7/20/21,14:48:00,Gunnesbo,Erythromma_viridulum,Mature,1,,0,0,45,2021,NA,NA
7/20/21,14:48:00,Gunnesbo,Erythromma_viridulum,Mature,1,,0,0,45,2021,NA,NA
7/20/21,14:48:00,Gunnesbo,Erythromma_viridulum,Mature,0,Gynochrome,0,0,45,2021,NA,NA
7/20/21,14:48:00,Gunnesbo,Erythromma_viridulum,Mature,1,,0,0,45,2021,NA,NA
7/20/21,14:48:00,Gunnesbo,Erythromma_viridulum,Immature,1,,0,0,45,2021,NA,NA
7/20/21,14:48:00,Gunnesbo,Coenagrion_puella,Mature,1,,0,0,45,2021,NA,NA
7/20/21,14:48:00,Gunnesbo,Erythromma_viridulum,Immature,1,,0,0,45,2021,NA,NA
7/20/21,14:48:00,Gunnesbo,Erythromma_viridulum,Mature,1,,0,0,45,2021,NA,NA
7/20/21,14:48:00,Gunnesbo,Erythromma_viridulum,Mature,1,,0,0,45,2021,NA,NA
7/20/21,14:48:00,Gunnesbo,Enallagma_cyathigerum,Immature,1,,1,0,45,2021,NA,NA
7/20/21,14:48:00,Gunnesbo,Enallagma_cyathigerum,Immature,0,Gynochrome,1,0,45,2021,NA,NA
7/20/21,14:48:00,Gunnesbo,Sympetrum_sanguineum,Immature,0,Gynochrome,0,0,45,2021,NA,NA
7/20/21,14:48:00,Gunnesbo,Erythromma_viridulum,Mature,0,Gynochrome,1,NA,45,2021,NA,NA
7/20/21,14:48:00,Gunnesbo,Erythromma_viridulum,Mature,1,,1,NA,45,2021,NA,NA
7/20/21,14:48:00,Gunnesbo,Erythromma_viridulum,Mature,1,,0,NA,45,2021,NA,NA
7/20/21,14:48:00,Gunnesbo,Erythromma_viridulum,Mature,1,,0,NA,45,2021,NA,NA
7/20/21,14:48:00,Gunnesbo,Erythromma_viridulum,Mature,1,,0,NA,45,2021,NA,NA
7/20/21,14:48:00,Gunnesbo,Erythromma_viridulum,Mature,1,,0,NA,45,2021,NA,NA
7/20/21,16:01:00,Lunnarp,Sympetrum_sanguineum,Mature,1,,0,0,45,2021,NA,NA
7/20/21,16:01:00,Lunnarp,Sympetrum_sanguineum,Mature,1,,0,0,45,2021,NA,NA
7/20/21,16:01:00,Lunnarp,Sympetrum_sanguineum,Mature,1,,0,0,45,2021,NA,NA
7/20/21,16:01:00,Lunnarp,Sympetrum_sanguineum,Mature,1,,0,0,45,2021,NA,NA
7/20/21,16:01:00,Lunnarp,Sympetrum_sanguineum,Mature,1,,0,0,45,2021,NA,NA
7/20/21,16:01:00,Lunnarp,Enallagma_cyathigerum,Mature,1,,0,0,45,2021,NA,NA
7/20/21,16:01:00,Lunnarp,Lestes_sponsa,Mature,1,,0,0,45,2021,NA,NA
7/20/21,16:01:00,Lunnarp,Lestes_sponsa,Mature,1,,0,0,45,2021,NA,NA
7/20/21,16:01:00,Lunnarp,Enallagma_cyathigerum,Immature,1,,0,0,45,2021,NA,NA
7/20/21,16:01:00,Lunnarp,Erythromma_viridulum,Mature,1,,0,0,45,2021,NA,NA
7/20/21,16:01:00,Lunnarp,Erythromma_viridulum,Mature,1,,0,1,45,2021,NA,NA
7/20/21,16:01:00,Lunnarp,Enallagma_cyathigerum,Mature,1,,0,0,45,2021,NA,NA
7/20/21,16:01:00,Lunnarp,Enallagma_cyathigerum,Immature,1,,0,0,45,2021,NA,NA
7/20/21,16:01:00,Lunnarp,Erythromma_viridulum,Mature,1,,0,0,45,2021,NA,NA
7/20/21,16:01:00,Lunnarp,Enallagma_cyathigerum,Mature,1,,0,0,45,2021,NA,NA
7/20/21,16:01:00,Lunnarp,Erythromma_viridulum,Mature,1,,0,0,45,2021,NA,NA
7/20/21,16:01:00,Lunnarp,Erythromma_viridulum,Mature,1,,0,0,45,2021,NA,NA
7/20/21,16:01:00,Lunnarp,Lestes_sponsa,Mature,1,,0,0,45,2021,NA,NA
7/20/21,16:01:00,Lunnarp,Erythromma_viridulum,Mature,1,,0,0,45,2021,NA,NA
7/20/21,16:01:00,Lunnarp,Lestes_sponsa,Mature,0,Gynochrome,0,0,45,2021,NA,NA
7/20/21,16:01:00,Lunnarp,Coenagrion_puella,Mature,1,,0,0,45,2021,NA,NA
7/20/21,16:01:00,Lunnarp,Erythromma_viridulum,Mature,0,Gynochrome,0,0,45,2021,NA,NA
7/20/21,16:01:00,Lunnarp,Enallagma_cyathigerum,Immature,1,,0,0,45,2021,NA,NA
7/20/21,16:01:00,Lunnarp,Enallagma_cyathigerum,Mature,1,,0,0,45,2021,NA,NA
7/20/21,16:01:00,Lunnarp,Coenagrion_puella,Mature,1,,0,0,45,2021,NA,NA
7/20/21,16:01:00,Lunnarp,Enallagma_cyathigerum,Mature,1,,0,0,45,2021,NA,NA
7/20/21,16:01:00,Lunnarp,Enallagma_cyathigerum,Mature,1,,0,0,45,2021,NA,NA
7/20/21,16:01:00,Lunnarp,Enallagma_cyathigerum,Immature,1,,0,0,45,2021,NA,NA
7/20/21,16:01:00,Lunnarp,Erythromma_viridulum,Mature,1,,0,0,45,2021,NA,NA
7/20/21,16:01:00,Lunnarp,Coenagrion_pulchellum,Mature,1,,0,0,45,2021,NA,NA
7/20/21,16:01:00,Lunnarp,Enallagma_cyathigerum,Mature,1,,0,0,45,2021,NA,NA
7/20/21,16:01:00,Lunnarp,Erythromma_viridulum,Teneral,0,,0,0,45,2021,NA,NA
7/20/21,16:01:00,Lunnarp,Enallagma_cyathigerum,Immature,1,,0,1,45,2021,NA,NA
7/20/21,16:01:00,Lunnarp,Lestes_sponsa,Mature,0,Gynochrome,0,0,45,2021,NA,NA
7/20/21,16:01:00,Lunnarp,Enallagma_cyathigerum,Immature,1,,0,0,45,2021,NA,NA
7/20/21,16:01:00,Lunnarp,Lestes_sponsa,Mature,1,,0,0,45,2021,NA,NA
7/20/21,16:01:00,Lunnarp,Erythromma_viridulum,Mature,1,,0,0,45,2021,NA,NA
7/20/21,16:01:00,Lunnarp,Enallagma_cyathigerum,Mature,1,,0,1,45,2021,NA,NA
7/20/21,16:01:00,Lunnarp,Lestes_sponsa,Mature,1,,0,0,45,2021,NA,NA
7/20/21,16:01:00,Lunnarp,Enallagma_cyathigerum,Mature,1,,0,0,45,2021,NA,NA
7/20/21,16:01:00,Lunnarp,Lestes_sponsa,Mature,1,,0,0,45,2021,NA,NA
7/20/21,16:01:00,Lunnarp,Erythromma_viridulum,Mature,1,,0,0,45,2021,NA,NA
7/20/21,16:01:00,Lunnarp,Erythromma_viridulum,Mature,1,,0,0,45,2021,NA,NA
7/20/21,16:01:00,Lunnarp,Enallagma_cyathigerum,Mature,1,,0,0,45,2021,NA,NA
7/20/21,16:01:00,Lunnarp,Enallagma_cyathigerum,Mature,0,Gynochrome,0,0,45,2021,NA,NA
7/20/21,16:01:00,Lunnarp,Lestes_sponsa,Mature,1,,0,0,45,2021,NA,NA
7/20/21,16:01:00,Lunnarp,Enallagma_cyathigerum,Immature,1,,0,0,45,2021,NA,NA
7/20/21,16:01:00,Lunnarp,Lestes_sponsa,Mature,1,,0,0,45,2021,NA,NA
7/20/21,16:01:00,Lunnarp,Lestes_sponsa,Mature,1,,0,0,45,2021,NA,NA
7/20/21,16:01:00,Lunnarp,Enallagma_cyathigerum,Immature,1,,0,0,45,2021,NA,NA
7/20/21,16:01:00,Lunnarp,Lestes_sponsa,Mature,1,,0,0,45,2021,NA,NA
7/20/21,16:01:00,Lunnarp,Enallagma_cyathigerum,Mature,1,,0,0,45,2021,NA,NA
7/20/21,16:01:00,Lunnarp,Enallagma_cyathigerum,Mature,0,Gynochrome,0,0,45,2021,NA,NA
7/20/21,16:01:00,Lunnarp,Lestes_sponsa,Mature,1,,0,1,45,2021,NA,NA
7/20/21,16:01:00,Lunnarp,Enallagma_cyathigerum,Mature,1,,0,0,45,2021,NA,NA
7/20/21,16:01:00,Lunnarp,Enallagma_cyathigerum,Mature,1,,0,0,45,2021,NA,NA
7/20/21,16:01:00,Lunnarp,Enallagma_cyathigerum,Mature,1,,0,0,45,2021,NA,NA
7/20/21,16:01:00,Lunnarp,Erythromma_viridulum,Mature,1,,0,0,45,2021,NA,NA
7/20/21,16:01:00,Lunnarp,Enallagma_cyathigerum,Mature,1,,0,0,45,2021,NA,NA
7/20/21,16:01:00,Lunnarp,Erythromma_viridulum,Mature,1,,0,0,45,2021,NA,NA
7/20/21,16:01:00,Lunnarp,Lestes_sponsa,Mature,1,,0,0,45,2021,NA,NA
7/20/21,16:01:00,Lunnarp,Erythromma_viridulum,Mature,1,,0,0,45,2021,NA,NA
7/20/21,16:01:00,Lunnarp,Lestes_sponsa,Mature,1,,0,0,45,2021,NA,NA
7/20/21,16:01:00,Lunnarp,Enallagma_cyathigerum,Mature,1,,0,0,45,2021,NA,NA
7/20/21,16:01:00,Lunnarp,Enallagma_cyathigerum,Mature,1,,0,0,45,2021,NA,NA
7/20/21,16:01:00,Lunnarp,Enallagma_cyathigerum,Mature,1,,0,0,45,2021,NA,NA
7/20/21,16:01:00,Lunnarp,Enallagma_cyathigerum,Mature,1,,0,0,45,2021,NA,NA
7/20/21,16:01:00,Lunnarp,Enallagma_cyathigerum,Mature,1,,0,0,45,2021,NA,NA
7/20/21,16:01:00,Lunnarp,Enallagma_cyathigerum,Mature,1,,0,0,45,2021,NA,NA
7/20/21,16:01:00,Lunnarp,Erythromma_viridulum,Immature,1,,0,0,45,2021,NA,NA
7/20/21,16:01:00,Lunnarp,Coenagrion_puella,Mature,1,,0,0,45,2021,NA,NA
7/20/21,16:01:00,Lunnarp,Lestes_sponsa,Mature,1,,0,0,45,2021,NA,NA
7/20/21,16:01:00,Lunnarp,Lestes_sponsa,Mature,1,,0,0,45,2021,NA,NA
7/20/21,16:01:00,Lunnarp,Erythromma_viridulum,Mature,1,,0,0,45,2021,NA,NA
7/20/21,16:01:00,Lunnarp,Erythromma_viridulum,Mature,1,,0,0,45,2021,NA,NA
7/20/21,16:01:00,Lunnarp,Ischnura_pumilio,Teneral,0,,0,0,45,2021,NA,NA
7/20/21,16:01:00,Lunnarp,Enallagma_cyathigerum,Immature,1,,0,0,45,2021,NA,NA
7/20/21,16:01:00,Lunnarp,Enallagma_cyathigerum,Mature,1,,0,0,45,2021,NA,NA
7/20/21,16:01:00,Lunnarp,Enallagma_cyathigerum,Mature,1,,0,0,45,2021,NA,NA
7/20/21,16:01:00,Lunnarp,Enallagma_cyathigerum,Mature,1,,0,0,45,2021,NA,NA
7/20/21,16:01:00,Lunnarp,Enallagma_cyathigerum,Mature,0,Gynochrome,0,0,45,2021,NA,NA
7/20/21,16:01:00,Lunnarp,Erythromma_viridulum,Mature,1,,0,0,45,2021,NA,NA
7/20/21,16:01:00,Lunnarp,Enallagma_cyathigerum,Immature,1,,0,0,45,2021,NA,NA
7/20/21,16:01:00,Lunnarp,Erythromma_viridulum,Mature,1,,0,0,45,2021,NA,NA
7/20/21,16:01:00,Lunnarp,Enallagma_cyathigerum,Mature,0,Gynochrome,0,0,45,2021,NA,NA
7/20/21,16:01:00,Lunnarp,Coenagrion_puella,Mature,1,,0,0,45,2021,NA,NA
7/20/21,16:01:00,Lunnarp,Sympetrum_sanguineum,Mature,1,,0,0,45,2021,NA,NA
7/20/21,16:01:00,Lunnarp,Sympetrum_sanguineum,Mature,1,,0,0,45,2021,NA,NA
7/20/21,16:01:00,Lunnarp,Sympetrum_sanguineum,Mature,1,,0,0,45,2021,NA,NA
7/20/21,16:01:00,Lunnarp,Sympetrum_sanguineum,Mature,1,,0,0,45,2021,NA,NA
7/21/21,10:29:00,Ilstorp,Anax_imperator,Mature,1,,0,0,40,2021,NA,NA
7/21/21,10:29:00,Ilstorp,Anax_imperator,Mature,1,,0,NA,40,2021,NA,NA
7/21/21,10:29:00,Ilstorp,Anax_imperator,Mature,1,,0,0,40,2021,NA,NA
7/21/21,10:29:00,Ilstorp,Orthetrum_cancellatum,Mature,1,,0,NA,40,2021,NA,NA
7/21/21,10:29:00,Ilstorp,Orthetrum_cancellatum,Mature,1,,0,NA,40,2021,NA,NA
7/21/21,10:29:00,Ilstorp,Orthetrum_cancellatum,Mature,1,,0,NA,40,2021,NA,NA
7/21/21,10:29:00,Ilstorp,Orthetrum_cancellatum,Mature,1,,0,NA,40,2021,NA,NA
7/21/21,10:29:00,Ilstorp,Orthetrum_cancellatum,Mature,1,,0,NA,40,2021,NA,NA
7/21/21,10:29:00,Ilstorp,Orthetrum_cancellatum,Mature,1,,0,NA,40,2021,NA,NA
7/21/21,10:29:00,Ilstorp,Orthetrum_cancellatum,Mature,1,,0,0,40,2021,NA,NA
7/21/21,10:29:00,Ilstorp,Orthetrum_cancellatum,Mature,0,Gynochrome,0,NA,40,2021,NA,NA
7/21/21,10:29:00,Ilstorp,Sympetrum_sanguineum,Immature,1,,0,0,40,2021,NA,NA
7/21/21,10:29:00,Ilstorp,Sympetrum_sanguineum,Immature,1,,0,NA,40,2021,NA,NA
7/21/21,10:29:00,Ilstorp,Sympetrum_sanguineum,Immature,1,,0,NA,40,2021,NA,NA
7/21/21,10:29:00,Ilstorp,Sympetrum_sanguineum,Immature,1,,0,NA,40,2021,NA,NA
7/21/21,10:29:00,Ilstorp,Sympetrum_sanguineum,Immature,1,,0,NA,40,2021,NA,NA
7/21/21,10:29:00,Ilstorp,Sympetrum_sanguineum,Immature,1,,0,NA,40,2021,NA,NA
7/21/21,10:29:00,Ilstorp,Sympetrum_vulgatum,Teneral,1,,0,0,40,2021,NA,NA
7/21/21,10:29:00,Ilstorp,Sympetrum_vulgatum,Teneral,0,,0,0,40,2021,NA,NA
7/21/21,10:29:00,Ilstorp,Sympetrum_vulgatum,Teneral,0,,0,NA,40,2021,NA,NA
7/21/21,10:29:00,Ilstorp,Lestes_sponsa,Mature,1,,0,NA,40,2021,NA,NA
7/21/21,10:29:00,Ilstorp,Enallagma_cyathigerum,Mature,1,,0,3,40,2021,NA,NA
7/21/21,10:29:00,Ilstorp,Enallagma_cyathigerum,Mature,1,,0,0,40,2021,NA,NA
7/21/21,10:29:00,Ilstorp,Enallagma_cyathigerum,Mature,1,,0,0,40,2021,NA,NA
7/21/21,10:29:00,Ilstorp,Enallagma_cyathigerum,Mature,1,,0,1,40,2021,NA,NA
7/21/21,10:29:00,Ilstorp,Enallagma_cyathigerum,Mature,1,,0,1,40,2021,NA,NA
7/21/21,10:29:00,Ilstorp,Enallagma_cyathigerum,Mature,1,,0,1,40,2021,NA,NA
7/21/21,10:29:00,Ilstorp,Enallagma_cyathigerum,Mature,1,,0,1,40,2021,NA,NA
7/21/21,10:29:00,Ilstorp,Enallagma_cyathigerum,Mature,1,,0,2,40,2021,NA,NA
7/21/21,10:29:00,Ilstorp,Enallagma_cyathigerum,Mature,1,,0,0,40,2021,NA,NA
7/21/21,10:29:00,Ilstorp,Enallagma_cyathigerum,Immature,1,,0,11,40,2021,NA,NA
7/21/21,10:29:00,Ilstorp,Enallagma_cyathigerum,Mature,1,,0,0,40,2021,NA,NA
7/21/21,10:29:00,Ilstorp,Enallagma_cyathigerum,Mature,1,,0,18,40,2021,NA,NA
7/21/21,10:29:00,Ilstorp,Enallagma_cyathigerum,Mature,1,,0,4,40,2021,NA,NA
7/21/21,10:29:00,Ilstorp,Enallagma_cyathigerum,Mature,1,,0,4,40,2021,NA,NA
7/21/21,10:29:00,Ilstorp,Enallagma_cyathigerum,Mature,1,,0,1,40,2021,NA,NA
7/21/21,10:29:00,Ilstorp,Enallagma_cyathigerum,Mature,1,,0,0,40,2021,NA,NA
7/21/21,10:29:00,Ilstorp,Enallagma_cyathigerum,Mature,1,,0,0,40,2021,NA,NA
7/21/21,10:29:00,Ilstorp,Enallagma_cyathigerum,Immature,0,Gynochrome,0,0,40,2021,NA,NA
7/21/21,10:29:00,Ilstorp,Enallagma_cyathigerum,Mature,1,,0,0,40,2021,NA,NA
7/21/21,10:29:00,Ilstorp,Enallagma_cyathigerum,Mature,1,,0,0,40,2021,NA,NA
7/21/21,10:29:00,Ilstorp,Enallagma_cyathigerum,Mature,1,,0,0,40,2021,NA,NA
7/21/21,10:29:00,Ilstorp,Enallagma_cyathigerum,Mature,1,,0,1,40,2021,NA,NA
7/21/21,10:29:00,Ilstorp,Enallagma_cyathigerum,Mature,1,,0,7,40,2021,NA,NA
7/21/21,10:29:00,Ilstorp,Enallagma_cyathigerum,Mature,1,,0,1,40,2021,NA,NA
7/21/21,10:29:00,Ilstorp,Enallagma_cyathigerum,Mature,1,,0,5,40,2021,NA,NA
7/21/21,10:29:00,Ilstorp,Enallagma_cyathigerum,Mature,1,,0,0,40,2021,NA,NA
7/21/21,10:29:00,Ilstorp,Enallagma_cyathigerum,Mature,1,,0,0,40,2021,NA,NA
7/21/21,10:29:00,Ilstorp,Enallagma_cyathigerum,Immature,1,,0,1,40,2021,NA,NA
7/21/21,10:29:00,Ilstorp,Enallagma_cyathigerum,Mature,1,,0,0,40,2021,NA,NA
7/21/21,10:29:00,Ilstorp,Enallagma_cyathigerum,Mature,1,,0,4,40,2021,NA,NA
7/21/21,10:29:00,Ilstorp,Enallagma_cyathigerum,Mature,1,,0,0,40,2021,NA,NA
7/21/21,10:29:00,Ilstorp,Enallagma_cyathigerum,Mature,1,,0,4,40,2021,NA,NA
7/21/21,10:29:00,Ilstorp,Enallagma_cyathigerum,Immature,1,,0,4,40,2021,NA,NA
7/21/21,10:29:00,Ilstorp,Enallagma_cyathigerum,Mature,1,,0,1,40,2021,NA,NA
7/21/21,10:29:00,Ilstorp,Enallagma_cyathigerum,Mature,1,,0,0,40,2021,NA,NA
7/21/21,10:29:00,Ilstorp,Enallagma_cyathigerum,Mature,1,,0,0,40,2021,NA,NA
7/21/21,10:29:00,Ilstorp,Enallagma_cyathigerum,Mature,0,Gynochrome,0,0,40,2021,NA,NA
7/21/21,10:29:00,Ilstorp,Sympetrum_spp,Teneral,,,0,NA,40,2021,NA,NA
7/21/21,10:29:00,Ilstorp,Sympetrum_spp,Teneral,,,0,NA,40,2021,NA,NA
7/21/21,10:29:00,Ilstorp,Sympetrum_spp,Teneral,,,0,NA,40,2021,NA,NA
7/21/21,10:29:00,Ilstorp,Sympetrum_spp,Teneral,,,0,NA,40,2021,NA,NA
7/21/21,10:29:00,Ilstorp,Sympetrum_spp,Teneral,,,0,NA,40,2021,NA,NA
7/21/21,10:29:00,Ilstorp,Sympetrum_spp,Teneral,,,0,NA,40,2021,NA,NA
7/21/21,10:29:00,Ilstorp,Sympetrum_spp,Immature,,,0,NA,40,2021,NA,NA
7/21/21,10:29:00,Ilstorp,Sympetrum_spp,Immature,,,0,NA,40,2021,NA,NA
7/21/21,10:29:00,Ilstorp,Libellula_quadrimaculata,Mature,1,,0,NA,40,2021,NA,NA
7/21/21,10:29:00,Ilstorp,Libellula_quadrimaculata,Mature,1,,0,NA,40,2021,NA,NA
7/21/21,10:29:00,Ilstorp,Libellula_quadrimaculata,Mature,1,,0,NA,40,2021,NA,NA
7/21/21,10:29:00,Ilstorp,Libellula_quadrimaculata,Mature,1,,0,NA,40,2021,NA,NA
7/21/21,10:29:00,Ilstorp,Libellula_quadrimaculata,Mature,1,,0,NA,40,2021,NA,NA
7/21/21,10:29:00,Ilstorp,Libellula_quadrimaculata,Mature,1,,0,NA,40,2021,NA,NA
7/21/21,10:29:00,Ilstorp,Libellula_quadrimaculata,Mature,1,,0,NA,40,2021,NA,NA
7/21/21,10:29:00,Ilstorp,Somatochlora_spp,Mature,1,,0,NA,40,2021,NA,NA
7/21/21,11:58:00,Sovdemolla,Somatochlora_metallica,Mature,1,,0,NA,40,2021,NA,NA
7/21/21,11:58:00,Sovdemolla,Somatochlora_metallica,Mature,1,,0,NA,40,2021,NA,NA
7/21/21,11:58:00,Sovdemolla,Somatochlora_metallica,Mature,1,,0,NA,40,2021,NA,NA
7/21/21,11:58:00,Sovdemolla,Somatochlora_metallica,Mature,1,,0,NA,40,2021,NA,NA
7/21/21,11:58:00,Sovdemolla,Somatochlora_metallica,Mature,1,,0,NA,40,2021,NA,NA
7/21/21,11:58:00,Sovdemolla,Platycnemis_pennipes,Mature,1,,1,0,40,2021,NA,NA
7/21/21,11:58:00,Sovdemolla,Platycnemis_pennipes,Mature,0,Gynochrome,1,0,40,2021,NA,NA
7/21/21,11:58:00,Sovdemolla,Platycnemis_pennipes,Mature,1,,1,NA,40,2021,NA,NA
7/21/21,11:58:00,Sovdemolla,Platycnemis_pennipes,Mature,0,Gynochrome,1,0,40,2021,NA,NA
7/21/21,11:58:00,Sovdemolla,Platycnemis_pennipes,Mature,0,Gynochrome,1,0,40,2021,NA,NA
7/21/21,11:58:00,Sovdemolla,Platycnemis_pennipes,Mature,1,,0,0,40,2021,NA,NA
7/21/21,11:58:00,Sovdemolla,Platycnemis_pennipes,Mature,1,,0,0,40,2021,NA,NA
7/21/21,11:58:00,Sovdemolla,Platycnemis_pennipes,Mature,1,,0,0,40,2021,NA,NA
7/21/21,11:58:00,Sovdemolla,Platycnemis_pennipes,Mature,1,,0,0,40,2021,NA,NA
7/21/21,11:58:00,Sovdemolla,Platycnemis_pennipes,Mature,1,,0,0,40,2021,NA,NA
7/21/21,11:58:00,Sovdemolla,Sympetrum_striolatum,Immature,1,,0,0,40,2021,NA,NA
7/21/21,11:58:00,Sovdemolla,Calopteryx_splendens,Mature,1,,0,0,40,2021,NA,NA
7/21/21,11:58:00,Sovdemolla,Calopteryx_splendens,Mature,0,Gynochrome,0,0,40,2021,NA,NA
7/21/21,11:58:00,Sovdemolla,Calopteryx_splendens,Mature,1,,0,0,40,2021,NA,NA
7/21/21,11:58:00,Sovdemolla,Calopteryx_splendens,Immature,0,Gynochrome,0,0,40,2021,NA,NA
7/21/21,11:58:00,Sovdemolla,Calopteryx_splendens,Mature,0,Gynochrome,0,0,40,2021,NA,NA
7/21/21,11:58:00,Sovdemolla,Calopteryx_splendens,Immature,0,Gynochrome,0,0,40,2021,NA,NA
7/21/21,11:58:00,Sovdemolla,Calopteryx_splendens,Immature,0,Gynochrome,0,0,40,2021,NA,NA
7/21/21,11:58:00,Sovdemolla,Calopteryx_splendens,Immature,1,,0,0,40,2021,NA,NA
7/21/21,11:58:00,Sovdemolla,Platycnemis_pennipes,Mature,1,,0,0,40,2021,NA,NA
7/21/21,11:58:00,Sovdemolla,Calopteryx_splendens,Immature,0,Gynochrome,0,0,40,2021,NA,NA
7/21/21,11:58:00,Sovdemolla,Platycnemis_pennipes,Mature,1,,0,0,40,2021,NA,NA
7/21/21,11:58:00,Sovdemolla,Calopteryx_splendens,Immature,1,,0,0,40,2021,NA,NA
7/21/21,11:58:00,Sovdemolla,Calopteryx_splendens,Mature,1,,0,0,40,2021,NA,NA
7/21/21,11:58:00,Sovdemolla,Calopteryx_virgo,Mature,1,,0,0,40,2021,NA,NA
7/21/21,11:58:00,Sovdemolla,Calopteryx_splendens,Immature,0,Gynochrome,0,0,40,2021,NA,NA
7/21/21,11:58:00,Sovdemolla,Calopteryx_splendens,Mature,0,Gynochrome,0,0,40,2021,NA,NA
7/21/21,11:58:00,Sovdemolla,Anax_imperator,Mature,1,,0,NA,40,2021,NA,NA
7/21/21,11:58:00,Sovdemolla,Aeshna_grandis,Mature,1,,0,NA,40,2021,NA,NA
7/21/21,11:58:00,Sovdemolla,Calopteryx_splendens,Immature,1,,0,0,40,2021,NA,NA
7/21/21,11:58:00,Sovdemolla,Calopteryx_splendens,Mature,1,,0,1,40,2021,NA,NA
7/21/21,11:58:00,Sovdemolla,Calopteryx_splendens,Mature,1,,0,NA,40,2021,NA,NA
7/21/21,11:58:00,Sovdemolla,Calopteryx_splendens,Mature,1,,0,0,40,2021,NA,NA
7/21/21,11:58:00,Sovdemolla,Calopteryx_splendens,Mature,1,,0,0,40,2021,NA,NA
7/21/21,11:58:00,Sovdemolla,Calopteryx_splendens,Immature,1,,0,0,40,2021,NA,NA
7/21/21,11:58:00,Sovdemolla,Calopteryx_splendens,Immature,0,Gynochrome,0,0,40,2021,NA,NA
7/21/21,11:58:00,Sovdemolla,Calopteryx_virgo,Mature,0,Gynochrome,0,0,40,2021,NA,NA
7/21/21,11:58:00,Sovdemolla,Calopteryx_virgo,Mature,1,,0,0,40,2021,NA,NA
7/21/21,11:58:00,Sovdemolla,Calopteryx_splendens,Mature,0,Gynochrome,0,0,40,2021,NA,NA
7/21/21,11:58:00,Sovdemolla,Calopteryx_splendens,Mature,1,,0,0,40,2021,NA,NA
7/21/21,11:58:00,Sovdemolla,Calopteryx_splendens,Mature,0,Gynochrome,0,0,40,2021,NA,NA
7/21/21,11:58:00,Sovdemolla,Calopteryx_splendens,Mature,0,Gynochrome,0,0,40,2021,NA,NA
7/21/21,14:37:00,Lomma_Kyrkdamm,Sympetrum_sanguineum,Mature,0,Gynochrome,1,0,50,2021,NA,NA
7/21/21,14:37:00,Lomma_Kyrkdamm,Sympetrum_sanguineum,Mature,1,,1,0,50,2021,NA,NA
7/21/21,14:37:00,Lomma_Kyrkdamm,Erythromma_viridulum,Mature,1,,0,0,50,2021,NA,NA
7/21/21,14:37:00,Lomma_Kyrkdamm,Erythromma_viridulum,Mature,1,,0,0,50,2021,NA,NA
7/21/21,14:37:00,Lomma_Kyrkdamm,Erythromma_viridulum,Mature,1,,0,0,50,2021,NA,NA
7/21/21,14:37:00,Lomma_Kyrkdamm,Erythromma_viridulum,Mature,1,,0,4,50,2021,NA,NA
7/21/21,14:37:00,Lomma_Kyrkdamm,Erythromma_viridulum,Mature,1,,0,3,50,2021,NA,NA
7/21/21,14:37:00,Lomma_Kyrkdamm,Enallagma_cyathigerum,Mature,1,,0,21,50,2021,NA,NA
7/21/21,14:37:00,Lomma_Kyrkdamm,Enallagma_cyathigerum,Mature,1,,0,1,50,2021,NA,NA
7/21/21,14:37:00,Lomma_Kyrkdamm,Enallagma_cyathigerum,Immature,1,,0,4,50,2021,NA,NA
7/21/21,14:37:00,Lomma_Kyrkdamm,Enallagma_cyathigerum,Immature,1,,0,0,50,2021,NA,NA
7/21/21,14:37:00,Lomma_Kyrkdamm,Enallagma_cyathigerum,Mature,1,,0,7,50,2021,NA,NA
7/21/21,14:37:00,Lomma_Kyrkdamm,Erythromma_viridulum,Teneral,1,,0,8,50,2021,NA,NA
7/21/21,14:37:00,Lomma_Kyrkdamm,Enallagma_cyathigerum,Mature,1,,0,0,50,2021,NA,NA
7/21/21,14:37:00,Lomma_Kyrkdamm,Enallagma_cyathigerum,Immature,1,,0,3,50,2021,NA,NA
7/21/21,14:37:00,Lomma_Kyrkdamm,Enallagma_cyathigerum,Immature,1,,0,14,50,2021,NA,NA
7/21/21,14:37:00,Lomma_Kyrkdamm,Erythromma_viridulum,Immature,0,,0,0,50,2021,NA,NA
7/21/21,14:37:00,Lomma_Kyrkdamm,Enallagma_cyathigerum,Mature,1,,0,1,50,2021,NA,NA
7/21/21,14:37:00,Lomma_Kyrkdamm,Sympetrum_spp,Immature,,,0,NA,50,2021,NA,NA
7/21/21,14:37:00,Lomma_Kyrkdamm,Erythromma_viridulum,Teneral,0,,0,0,50,2021,NA,NA
7/21/21,14:37:00,Lomma_Kyrkdamm,Erythromma_viridulum,Teneral,1,,0,0,50,2021,NA,NA
7/21/21,14:37:00,Lomma_Kyrkdamm,Sympetrum_sanguineum,Mature,1,,0,0,50,2021,NA,NA
7/21/21,14:37:00,Lomma_Kyrkdamm,Aeshna_grandis,Mature,1,,0,0,50,2021,NA,NA
7/21/21,14:37:00,Lomma_Kyrkdamm,Aeshna_grandis,Mature,1,,0,NA,50,2021,NA,NA
7/21/21,14:37:00,Lomma_Kyrkdamm,Anax_imperator,Mature,1,,0,NA,50,2021,NA,NA
7/21/21,14:37:00,Lomma_Kyrkdamm,Anax_imperator,Mature,0,Gynochrome,0,NA,50,2021,NA,NA
7/21/21,14:37:00,Lomma_Kyrkdamm,Orthetrum_cancellatum,Mature,1,,0,NA,50,2021,NA,NA
7/21/21,14:37:00,Lomma_Kyrkdamm,Orthetrum_cancellatum,Mature,1,,0,NA,50,2021,NA,NA
7/21/21,14:37:00,Lomma_Kyrkdamm,Orthetrum_cancellatum,Mature,1,,0,NA,50,2021,NA,NA
7/21/21,14:37:00,Lomma_Kyrkdamm,Orthetrum_cancellatum,Mature,1,,0,NA,50,2021,NA,NA
7/21/21,14:37:00,Lomma_Kyrkdamm,Orthetrum_cancellatum,Mature,1,,0,NA,50,2021,NA,NA
7/21/21,14:37:00,Lomma_Kyrkdamm,Orthetrum_cancellatum,Mature,1,,0,NA,50,2021,NA,NA
7/21/21,14:37:00,Lomma_Kyrkdamm,Orthetrum_cancellatum,Mature,1,,0,NA,50,2021,NA,NA
7/21/21,14:37:00,Lomma_Kyrkdamm,Sympetrum_sanguineum,Mature,1,,0,NA,50,2021,NA,NA
7/21/21,14:37:00,Lomma_Kyrkdamm,Sympetrum_sanguineum,Mature,1,,0,NA,50,2021,NA,NA
7/21/21,14:37:00,Lomma_Kyrkdamm,Sympetrum_sanguineum,Mature,1,,0,NA,50,2021,NA,NA
7/21/21,14:37:00,Lomma_Kyrkdamm,Sympetrum_spp,Immature,1,,0,NA,50,2021,NA,NA
7/21/21,14:37:00,Lomma_Kyrkdamm,Sympetrum_spp,Immature,1,,0,NA,50,2021,NA,NA
7/21/21,14:37:00,Lomma_Kyrkdamm,Sympetrum_spp,Immature,1,,0,NA,50,2021,NA,NA
7/21/21,14:37:00,Lomma_Kyrkdamm,Erythromma_viridulum,Mature,1,,0,NA,50,2021,NA,NA
7/21/21,14:37:00,Lomma_Kyrkdamm,Erythromma_viridulum,Mature,1,,0,NA,50,2021,NA,NA
7/21/21,14:37:00,Lomma_Kyrkdamm,Erythromma_viridulum,Mature,1,,0,NA,50,2021,NA,NA
7/21/21,14:37:00,Lomma_Kyrkdamm,Erythromma_viridulum,Mature,1,,0,NA,50,2021,NA,NA
7/21/21,14:37:00,Lomma_Kyrkdamm,Erythromma_viridulum,Mature,1,,0,NA,50,2021,NA,NA
7/21/21,14:37:00,Lomma_Kyrkdamm,Erythromma_viridulum,Mature,1,,0,NA,50,2021,NA,NA
7/21/21,14:37:00,Lomma_Kyrkdamm,Erythromma_viridulum,Mature,1,,0,NA,50,2021,NA,NA
7/21/21,14:37:00,Lomma_Kyrkdamm,Erythromma_viridulum,Mature,1,,0,NA,50,2021,NA,NA
7/21/21,14:37:00,Lomma_Kyrkdamm,Erythromma_viridulum,Mature,1,,0,NA,50,2021,NA,NA
7/21/21,14:37:00,Lomma_Kyrkdamm,Erythromma_viridulum,Mature,1,,0,NA,50,2021,NA,NA
7/21/21,14:37:00,Lomma_Kyrkdamm,Erythromma_viridulum,Mature,1,,1,NA,50,2021,NA,NA
7/21/21,14:37:00,Lomma_Kyrkdamm,Erythromma_viridulum,Mature,1,,1,NA,50,2021,NA,NA
7/21/21,14:37:00,Lomma_Kyrkdamm,Erythromma_viridulum,Mature,0,Gynochrome,1,NA,50,2021,NA,NA
7/21/21,14:37:00,Lomma_Kyrkdamm,Erythromma_viridulum,Mature,0,Gynochrome,1,NA,50,2021,NA,NA
7/21/21,15:59:00,Habo_Gard,Somatochlora_metallica,Mature,1,,0,NA,50,2021,NA,NA
7/21/21,15:59:00,Habo_Gard,Somatochlora_metallica,Mature,1,,0,NA,50,2021,NA,NA
7/21/21,15:59:00,Habo_Gard,Somatochlora_metallica,Mature,1,,0,NA,50,2021,NA,NA
7/21/21,15:59:00,Habo_Gard,Somatochlora_metallica,Mature,1,,0,NA,50,2021,NA,NA
7/21/21,15:59:00,Habo_Gard,Calopteryx_splendens,Mature,1,,0,NA,50,2021,NA,NA
7/21/21,15:59:00,Habo_Gard,Calopteryx_splendens,Mature,0,Gynochrome,0,NA,50,2021,NA,NA
7/21/21,15:59:00,Habo_Gard,Calopteryx_splendens,Mature,0,Gynochrome,0,NA,50,2021,NA,NA
7/21/21,15:59:00,Habo_Gard,Calopteryx_splendens,Mature,0,Gynochrome,0,NA,50,2021,NA,NA
7/21/21,15:59:00,Habo_Gard,Calopteryx_splendens,Mature,0,Gynochrome,0,NA,50,2021,NA,NA
7/21/21,11:58:00,Sovdemolla,Calopteryx_splendens,Mature,1,,0,NA,40,2021,NA,NA
7/21/21,11:58:00,Sovdemolla,Calopteryx_splendens,Mature,1,,0,NA,40,2021,NA,NA
7/21/21,11:58:00,Sovdemolla,Calopteryx_splendens,Mature,1,,0,NA,40,2021,NA,NA
7/21/21,11:58:00,Sovdemolla,Calopteryx_splendens,Mature,1,,0,NA,40,2021,NA,NA
7/21/21,11:58:00,Sovdemolla,Calopteryx_splendens,Mature,1,,0,NA,40,2021,NA,NA
7/21/21,11:58:00,Sovdemolla,Calopteryx_splendens,Mature,1,,0,NA,40,2021,NA,NA
7/21/21,11:58:00,Sovdemolla,Calopteryx_splendens,Mature,1,,0,NA,40,2021,NA,NA
7/21/21,11:58:00,Sovdemolla,Calopteryx_splendens,Mature,1,,0,NA,40,2021,NA,NA
7/21/21,11:58:00,Sovdemolla,Calopteryx_splendens,Mature,1,,0,NA,40,2021,NA,NA
7/21/21,11:58:00,Sovdemolla,Calopteryx_splendens,Mature,1,,0,NA,40,2021,NA,NA
7/21/21,11:58:00,Sovdemolla,Calopteryx_splendens,Mature,1,,0,NA,40,2021,NA,NA
7/21/21,11:58:00,Sovdemolla,Calopteryx_splendens,Mature,1,,0,NA,40,2021,NA,NA
7/21/21,11:58:00,Sovdemolla,Calopteryx_splendens,Mature,1,,0,NA,40,2021,NA,NA
7/21/21,11:58:00,Sovdemolla,Calopteryx_splendens,Mature,1,,0,NA,40,2021,NA,NA
7/21/21,11:58:00,Sovdemolla,Calopteryx_splendens,Mature,1,,0,NA,40,2021,NA,NA
7/21/21,11:58:00,Sovdemolla,Calopteryx_splendens,Mature,1,,0,NA,40,2021,NA,NA
7/21/21,11:58:00,Sovdemolla,Calopteryx_splendens,Mature,1,,0,NA,40,2021,NA,NA
7/21/21,11:58:00,Sovdemolla,Calopteryx_splendens,Mature,1,,0,NA,40,2021,NA,NA
7/21/21,11:58:00,Sovdemolla,Calopteryx_splendens,Mature,1,,0,NA,40,2021,NA,NA
7/21/21,11:58:00,Sovdemolla,Calopteryx_splendens,Mature,1,,0,NA,40,2021,NA,NA
7/21/21,11:58:00,Sovdemolla,Calopteryx_splendens,Mature,1,,0,NA,40,2021,NA,NA
7/21/21,11:58:00,Sovdemolla,Calopteryx_splendens,Mature,1,,0,NA,40,2021,NA,NA
7/21/21,11:58:00,Sovdemolla,Calopteryx_splendens,Mature,1,,0,NA,40,2021,NA,NA
7/21/21,11:58:00,Sovdemolla,Calopteryx_splendens,Mature,1,,0,NA,40,2021,NA,NA
7/21/21,11:58:00,Sovdemolla,Calopteryx_splendens,Mature,1,,0,NA,40,2021,NA,NA
7/21/21,11:58:00,Sovdemolla,Calopteryx_splendens,Mature,1,,0,NA,40,2021,NA,NA
7/21/21,11:58:00,Sovdemolla,Calopteryx_splendens,Mature,1,,0,NA,40,2021,NA,NA
7/21/21,11:58:00,Sovdemolla,Calopteryx_splendens,Mature,1,,0,NA,40,2021,NA,NA
7/21/21,11:58:00,Sovdemolla,Calopteryx_splendens,Mature,1,,0,NA,40,2021,NA,NA
7/21/21,11:58:00,Sovdemolla,Calopteryx_splendens,Mature,1,,0,NA,40,2021,NA,NA
7/21/21,11:58:00,Sovdemolla,Calopteryx_splendens,Mature,1,,0,NA,40,2021,NA,NA
7/21/21,11:58:00,Sovdemolla,Calopteryx_splendens,Mature,1,,0,NA,40,2021,NA,NA
7/21/21,11:58:00,Sovdemolla,Calopteryx_splendens,Mature,1,,0,NA,40,2021,NA,NA
7/21/21,11:58:00,Sovdemolla,Calopteryx_splendens,Mature,1,,0,NA,40,2021,NA,NA
7/21/21,11:58:00,Sovdemolla,Calopteryx_splendens,Mature,1,,0,NA,40,2021,NA,NA
7/21/21,11:58:00,Sovdemolla,Calopteryx_splendens,Mature,1,,0,NA,40,2021,NA,NA
7/21/21,11:58:00,Sovdemolla,Calopteryx_splendens,Mature,1,,0,NA,40,2021,NA,NA
7/21/21,11:58:00,Sovdemolla,Calopteryx_splendens,Mature,1,,0,NA,40,2021,NA,NA
7/21/21,11:58:00,Sovdemolla,Calopteryx_splendens,Mature,1,,0,NA,40,2021,NA,NA
7/21/21,11:58:00,Sovdemolla,Calopteryx_splendens,Mature,1,,0,NA,40,2021,NA,NA
7/21/21,11:58:00,Sovdemolla,Calopteryx_splendens,Mature,1,,0,NA,40,2021,NA,NA
7/21/21,11:58:00,Sovdemolla,Calopteryx_splendens,Mature,1,,0,NA,40,2021,NA,NA
7/21/21,11:58:00,Sovdemolla,Calopteryx_splendens,Mature,1,,0,NA,40,2021,NA,NA
7/21/21,11:58:00,Sovdemolla,Calopteryx_splendens,Mature,1,,0,NA,40,2021,NA,NA
7/21/21,11:58:00,Sovdemolla,Calopteryx_splendens,Mature,1,,0,NA,40,2021,NA,NA
7/21/21,11:58:00,Sovdemolla,Calopteryx_splendens,Mature,1,,0,NA,40,2021,NA,NA
7/21/21,11:58:00,Sovdemolla,Calopteryx_splendens,Mature,0,Gynochrome,0,NA,40,2021,NA,NA
7/21/21,11:58:00,Sovdemolla,Calopteryx_splendens,Mature,0,Gynochrome,0,NA,40,2021,NA,NA
7/21/21,11:58:00,Sovdemolla,Calopteryx_splendens,Mature,0,Gynochrome,0,NA,40,2021,NA,NA
7/21/21,11:58:00,Sovdemolla,Calopteryx_splendens,Mature,0,Gynochrome,0,NA,40,2021,NA,NA
7/21/21,11:58:00,Sovdemolla,Calopteryx_splendens,Mature,0,Gynochrome,0,NA,40,2021,NA,NA
7/21/21,11:58:00,Sovdemolla,Calopteryx_splendens,Mature,0,Gynochrome,0,NA,40,2021,NA,NA
7/21/21,11:58:00,Sovdemolla,Calopteryx_splendens,Mature,0,Gynochrome,0,NA,40,2021,NA,NA
7/21/21,11:58:00,Sovdemolla,Calopteryx_splendens,Mature,0,Gynochrome,0,NA,40,2021,NA,NA
7/21/21,11:58:00,Sovdemolla,Calopteryx_splendens,Mature,0,Gynochrome,0,NA,40,2021,NA,NA
7/21/21,11:58:00,Sovdemolla,Calopteryx_splendens,Mature,0,Gynochrome,0,NA,40,2021,NA,NA
7/21/21,11:58:00,Sovdemolla,Calopteryx_splendens,Mature,0,Gynochrome,0,NA,40,2021,NA,NA
7/21/21,11:58:00,Sovdemolla,Calopteryx_splendens,Mature,0,Gynochrome,0,NA,40,2021,NA,NA
7/21/21,11:58:00,Sovdemolla,Calopteryx_splendens,Mature,0,Gynochrome,0,NA,40,2021,NA,NA
7/21/21,11:58:00,Sovdemolla,Calopteryx_splendens,Mature,0,Gynochrome,0,NA,40,2021,NA,NA
7/21/21,11:58:00,Sovdemolla,Calopteryx_splendens,Mature,0,Gynochrome,0,NA,40,2021,NA,NA
7/21/21,11:58:00,Sovdemolla,Calopteryx_splendens,Mature,0,Gynochrome,0,NA,40,2021,NA,NA
7/21/21,11:58:00,Sovdemolla,Calopteryx_splendens,Mature,0,Gynochrome,0,NA,40,2021,NA,NA
7/21/21,11:58:00,Sovdemolla,Calopteryx_splendens,Mature,0,Gynochrome,0,NA,40,2021,NA,NA
7/21/21,11:58:00,Sovdemolla,Calopteryx_splendens,Mature,0,Gynochrome,0,NA,40,2021,NA,NA
7/21/21,11:58:00,Sovdemolla,Calopteryx_splendens,Mature,0,Gynochrome,0,NA,40,2021,NA,NA
7/21/21,11:58:00,Sovdemolla,Calopteryx_virgo,Mature,0,Gynochrome,0,NA,40,2021,NA,NA
7/21/21,11:58:00,Sovdemolla,Calopteryx_virgo,Mature,0,Gynochrome,0,NA,40,2021,NA,NA
7/21/21,11:58:00,Gunnesbo,Enallagma_cyathigerum,Mature,0,Gynochrome,1,0,50,2021,NA,NA
7/21/21,11:58:00,Gunnesbo,Enallagma_cyathigerum,Mature,1,,1,0,50,2021,NA,NA
7/21/21,11:58:00,Gunnesbo,Enallagma_cyathigerum,Immature,1,,1,0,50,2021,NA,NA
7/21/21,11:58:00,Gunnesbo,Enallagma_cyathigerum,Mature,0,Gynochrome,1,0,50,2021,NA,NA
7/21/21,11:58:00,Gunnesbo,Orthetrum_cancellatum,Mature,1,,1,0,50,2021,NA,NA
7/21/21,11:58:00,Gunnesbo,Orthetrum_cancellatum,Mature,0,Gynochrome,1,0,50,2021,NA,NA
7/21/21,11:58:00,Gunnesbo,Erythromma_viridulum,Mature,1,,0,0,50,2021,NA,NA
7/21/21,11:58:00,Gunnesbo,Erythromma_viridulum,Mature,1,,0,0,50,2021,NA,NA
7/21/21,11:58:00,Gunnesbo,Orthetrum_cancellatum,Mature,1,,0,0,50,2021,NA,NA
7/21/21,11:58:00,Gunnesbo,Enallagma_cyathigerum,Immature,1,,0,0,50,2021,NA,NA
7/21/21,11:58:00,Gunnesbo,Enallagma_cyathigerum,Immature,1,,0,0,50,2021,NA,NA
7/21/21,11:58:00,Gunnesbo,Enallagma_cyathigerum,Immature,1,,0,0,50,2021,NA,NA
7/21/21,11:58:00,Gunnesbo,Erythromma_viridulum,Mature,1,,0,0,50,2021,NA,NA
7/21/21,11:58:00,Gunnesbo,Erythromma_viridulum,Mature,1,,0,0,50,2021,NA,NA
7/21/21,11:58:00,Gunnesbo,Enallagma_cyathigerum,Immature,1,,0,0,50,2021,NA,NA
7/21/21,11:58:00,Gunnesbo,Erythromma_viridulum,Mature,1,,0,0,50,2021,NA,NA
7/21/21,11:58:00,Gunnesbo,Enallagma_cyathigerum,Mature,1,,0,0,50,2021,NA,NA
7/21/21,11:58:00,Gunnesbo,Enallagma_cyathigerum,Mature,1,,0,0,50,2021,NA,NA
7/21/21,11:58:00,Gunnesbo,Coenagrion_pulchellum,Mature,1,,0,0,50,2021,NA,NA
7/21/21,11:58:00,Gunnesbo,Erythromma_viridulum,Mature,1,,0,0,50,2021,NA,NA
7/21/21,11:58:00,Gunnesbo,Erythromma_viridulum,Mature,1,,0,0,50,2021,NA,NA
7/21/21,11:58:00,Gunnesbo,Enallagma_cyathigerum,Mature,1,,0,0,50,2021,NA,NA
7/21/21,11:58:00,Gunnesbo,Erythromma_viridulum,Mature,1,,0,0,50,2021,NA,NA
7/21/21,11:58:00,Gunnesbo,Orthetrum_cancellatum,Mature,1,,0,0,50,2021,NA,NA
7/21/21,11:58:00,Gunnesbo,Erythromma_viridulum,Mature,1,,0,0,50,2021,NA,NA
7/21/21,11:58:00,Gunnesbo,Erythromma_viridulum,Mature,1,,0,0,50,2021,NA,NA
7/21/21,11:58:00,Gunnesbo,Erythromma_viridulum,Teneral,0,,0,0,50,2021,NA,NA
7/21/21,11:58:00,Gunnesbo,Enallagma_cyathigerum,Mature,1,,0,0,50,2021,NA,NA
7/21/21,11:58:00,Gunnesbo,Erythromma_viridulum,Teneral,0,,0,0,50,2021,NA,NA
7/22/21,10:18:00,Krutladan,Enallagma_cyathigerum,Mature,0,Gynochrome,1,0,40,2021,NA,NA
7/22/21,10:18:00,Krutladan,Enallagma_cyathigerum,Mature,1,,1,0,40,2021,NA,NA
7/22/21,10:18:00,Krutladan,Enallagma_cyathigerum,Mature,0,Gynochrome,1,0,40,2021,NA,NA
7/22/21,10:18:00,Krutladan,Enallagma_cyathigerum,Mature,1,,1,0,40,2021,NA,NA
7/22/21,10:18:00,Krutladan,Enallagma_cyathigerum,Mature,0,Gynochrome,1,0,40,2021,NA,NA
7/22/21,10:18:00,Krutladan,Enallagma_cyathigerum,Mature,1,,1,0,40,2021,NA,NA
7/22/21,10:18:00,Krutladan,Enallagma_cyathigerum,Mature,1,,1,0,40,2021,NA,NA
7/22/21,10:18:00,Krutladan,Enallagma_cyathigerum,Mature,0,Gynochrome,1,0,40,2021,NA,NA
7/22/21,10:18:00,Krutladan,Enallagma_cyathigerum,Mature,1,,1,0,40,2021,NA,NA
7/22/21,10:18:00,Krutladan,Enallagma_cyathigerum,Mature,0,Gynochrome,1,0,40,2021,NA,NA
7/22/21,10:18:00,Krutladan,Enallagma_cyathigerum,Mature,0,Gynochrome,1,0,40,2021,NA,NA
7/22/21,10:18:00,Krutladan,Enallagma_cyathigerum,Mature,1,,1,0,40,2021,NA,NA
7/22/21,10:18:00,Krutladan,Enallagma_cyathigerum,Mature,0,Gynochrome,1,0,40,2021,NA,NA
7/22/21,10:18:00,Krutladan,Enallagma_cyathigerum,Mature,1,,1,0,40,2021,NA,NA
7/22/21,10:18:00,Krutladan,Enallagma_cyathigerum,Mature,0,Gynochrome,1,0,40,2021,NA,NA
7/22/21,10:18:00,Krutladan,Enallagma_cyathigerum,Mature,1,,1,0,40,2021,NA,NA
7/22/21,10:18:00,Krutladan,Enallagma_cyathigerum,Mature,1,,1,0,40,2021,NA,NA
7/22/21,10:18:00,Krutladan,Enallagma_cyathigerum,Mature,0,Gynochrome,1,0,40,2021,NA,NA
7/22/21,10:18:00,Krutladan,Enallagma_cyathigerum,Mature,1,,1,0,40,2021,NA,NA
7/22/21,10:18:00,Krutladan,Enallagma_cyathigerum,Mature,0,Gynochrome,1,0,40,2021,NA,NA
7/22/21,10:18:00,Krutladan,Enallagma_cyathigerum,Mature,1,,1,0,40,2021,NA,NA
7/22/21,10:18:00,Krutladan,Enallagma_cyathigerum,Mature,0,Gynochrome,1,0,40,2021,NA,NA
7/22/21,10:18:00,Krutladan,Enallagma_cyathigerum,Mature,1,,1,0,40,2021,NA,NA
7/22/21,10:18:00,Krutladan,Enallagma_cyathigerum,Mature,0,Gynochrome,1,0,40,2021,NA,NA
7/22/21,10:18:00,Krutladan,Enallagma_cyathigerum,Immature,1,,1,1,40,2021,NA,NA
7/22/21,10:18:00,Krutladan,Enallagma_cyathigerum,Mature,1,,0,0,40,2021,NA,NA
7/22/21,10:18:00,Krutladan,Enallagma_cyathigerum,Mature,1,,0,0,40,2021,NA,NA
7/22/21,10:18:00,Krutladan,Enallagma_cyathigerum,Immature,1,,0,0,40,2021,NA,NA
7/22/21,10:18:00,Krutladan,Enallagma_cyathigerum,Mature,1,,0,0,40,2021,NA,NA
7/22/21,10:18:00,Krutladan,Enallagma_cyathigerum,Mature,1,,0,0,40,2021,NA,NA
7/22/21,10:18:00,Krutladan,Enallagma_cyathigerum,Mature,1,,0,0,40,2021,NA,NA
7/22/21,10:18:00,Krutladan,Enallagma_cyathigerum,Mature,1,,0,0,40,2021,NA,NA
7/22/21,10:18:00,Krutladan,Enallagma_cyathigerum,Mature,1,,0,0,40,2021,NA,NA
7/22/21,10:18:00,Krutladan,Enallagma_cyathigerum,Immature,1,,0,0,40,2021,NA,NA
7/22/21,10:18:00,Krutladan,Enallagma_cyathigerum,Immature,1,,0,0,40,2021,NA,NA
7/22/21,10:18:00,Krutladan,Enallagma_cyathigerum,Mature,1,,0,0,40,2021,NA,NA
7/22/21,10:18:00,Krutladan,Enallagma_cyathigerum,Mature,1,,0,0,40,2021,NA,NA
7/22/21,10:18:00,Krutladan,Enallagma_cyathigerum,Mature,1,,0,0,40,2021,NA,NA
7/22/21,10:18:00,Krutladan,Enallagma_cyathigerum,Mature,1,,0,0,40,2021,NA,NA
7/22/21,10:18:00,Krutladan,Enallagma_cyathigerum,Immature,1,,0,0,40,2021,NA,NA
7/22/21,10:18:00,Krutladan,Enallagma_cyathigerum,Mature,1,,0,0,40,2021,NA,NA
7/22/21,10:18:00,Krutladan,Enallagma_cyathigerum,Mature,1,,0,0,40,2021,NA,NA
7/22/21,10:18:00,Krutladan,Enallagma_cyathigerum,Mature,1,,0,0,40,2021,NA,NA
7/22/21,10:18:00,Krutladan,Enallagma_cyathigerum,Mature,1,,0,0,40,2021,NA,NA
7/22/21,10:18:00,Krutladan,Enallagma_cyathigerum,Mature,1,,0,0,40,2021,NA,NA
7/22/21,10:18:00,Krutladan,Enallagma_cyathigerum,Mature,1,,0,0,40,2021,NA,NA
7/22/21,10:18:00,Krutladan,Enallagma_cyathigerum,Mature,1,,0,0,40,2021,NA,NA
7/22/21,10:18:00,Krutladan,Enallagma_cyathigerum,Immature,1,,0,0,40,2021,NA,NA
7/22/21,10:18:00,Krutladan,Enallagma_cyathigerum,Mature,1,,0,0,40,2021,NA,NA
7/22/21,10:18:00,Krutladan,Enallagma_cyathigerum,Mature,1,,0,0,40,2021,NA,NA
7/22/21,10:18:00,Krutladan,Enallagma_cyathigerum,Immature,1,,0,0,40,2021,NA,NA
7/22/21,10:18:00,Krutladan,Enallagma_cyathigerum,Mature,1,,0,0,40,2021,NA,NA
7/22/21,10:18:00,Krutladan,Enallagma_cyathigerum,Immature,1,,0,0,40,2021,NA,NA
7/22/21,10:18:00,Krutladan,Enallagma_cyathigerum,Mature,1,,0,0,40,2021,NA,NA
7/22/21,10:18:00,Krutladan,Enallagma_cyathigerum,Mature,1,,0,2,40,2021,NA,NA
7/22/21,10:18:00,Krutladan,Enallagma_cyathigerum,Mature,1,,0,0,40,2021,NA,NA
7/22/21,10:18:00,Krutladan,Enallagma_cyathigerum,Mature,1,,0,0,40,2021,NA,NA
7/22/21,10:18:00,Krutladan,Enallagma_cyathigerum,Mature,1,,0,0,40,2021,NA,NA
7/22/21,10:18:00,Krutladan,Enallagma_cyathigerum,Mature,1,,0,0,40,2021,NA,NA
7/22/21,10:18:00,Krutladan,Enallagma_cyathigerum,Mature,1,,0,0,40,2021,NA,NA
7/22/21,10:18:00,Krutladan,Enallagma_cyathigerum,Mature,1,,0,0,40,2021,NA,NA
7/22/21,10:18:00,Krutladan,Enallagma_cyathigerum,Mature,1,,0,0,40,2021,NA,NA
7/22/21,10:18:00,Krutladan,Enallagma_cyathigerum,Teneral,1,,0,0,40,2021,NA,NA
7/22/21,10:18:00,Krutladan,Enallagma_cyathigerum,Mature,1,,0,0,40,2021,NA,NA
7/22/21,10:18:00,Krutladan,Enallagma_cyathigerum,Mature,1,,0,0,40,2021,NA,NA
7/22/21,10:18:00,Krutladan,Enallagma_cyathigerum,Mature,1,,0,0,40,2021,NA,NA
7/22/21,10:18:00,Krutladan,Enallagma_cyathigerum,Mature,1,,0,0,40,2021,NA,NA
7/22/21,10:18:00,Krutladan,Enallagma_cyathigerum,Mature,1,,0,0,40,2021,NA,NA
7/22/21,10:18:00,Krutladan,Enallagma_cyathigerum,Mature,1,,0,0,40,2021,NA,NA
7/22/21,10:18:00,Krutladan,Enallagma_cyathigerum,Mature,1,,0,0,40,2021,NA,NA
7/22/21,10:18:00,Krutladan,Enallagma_cyathigerum,Mature,1,,0,0,40,2021,NA,NA
7/22/21,10:18:00,Krutladan,Enallagma_cyathigerum,Teneral,1,,0,0,40,2021,NA,NA
7/22/21,10:18:00,Krutladan,Enallagma_cyathigerum,Mature,1,,0,0,40,2021,NA,NA
7/22/21,10:18:00,Krutladan,Enallagma_cyathigerum,Mature,1,,0,0,40,2021,NA,NA
7/22/21,10:18:00,Krutladan,Enallagma_cyathigerum,Mature,1,,0,0,40,2021,NA,NA
7/22/21,10:18:00,Krutladan,Enallagma_cyathigerum,Mature,1,,0,0,40,2021,NA,NA
7/22/21,10:18:00,Krutladan,Enallagma_cyathigerum,Mature,1,,0,0,40,2021,NA,NA
7/22/21,10:18:00,Krutladan,Enallagma_cyathigerum,Mature,1,,0,0,40,2021,NA,NA
7/22/21,10:18:00,Krutladan,Enallagma_cyathigerum,Mature,1,,0,0,40,2021,NA,NA
7/22/21,10:18:00,Krutladan,Enallagma_cyathigerum,Mature,1,,0,0,40,2021,NA,NA
7/22/21,10:18:00,Krutladan,Enallagma_cyathigerum,Mature,1,,0,0,40,2021,NA,NA
7/22/21,10:18:00,Krutladan,Enallagma_cyathigerum,Mature,1,,0,0,40,2021,NA,NA
7/22/21,10:18:00,Krutladan,Enallagma_cyathigerum,Mature,1,,0,0,40,2021,NA,NA
7/22/21,10:18:00,Krutladan,Enallagma_cyathigerum,Mature,1,,0,0,40,2021,NA,NA
7/22/21,10:18:00,Krutladan,Enallagma_cyathigerum,Mature,1,,0,0,40,2021,NA,NA
7/22/21,10:18:00,Krutladan,Enallagma_cyathigerum,Mature,1,,0,0,40,2021,NA,NA
7/22/21,10:18:00,Krutladan,Enallagma_cyathigerum,Mature,1,,0,0,40,2021,NA,NA
7/22/21,10:18:00,Krutladan,Enallagma_cyathigerum,Mature,1,,0,0,40,2021,NA,NA
7/22/21,10:18:00,Krutladan,Enallagma_cyathigerum,Mature,1,,0,0,40,2021,NA,NA
7/22/21,10:18:00,Krutladan,Enallagma_cyathigerum,Immature,1,,0,0,40,2021,NA,NA
7/22/21,10:18:00,Krutladan,Enallagma_cyathigerum,Mature,1,,0,0,40,2021,NA,NA
7/22/21,10:18:00,Krutladan,Enallagma_cyathigerum,Mature,1,,0,5,40,2021,NA,NA
7/22/21,10:18:00,Krutladan,Enallagma_cyathigerum,Teneral,0,,0,0,40,2021,NA,NA
7/22/21,10:18:00,Krutladan,Enallagma_cyathigerum,Teneral,0,,0,0,40,2021,NA,NA
7/22/21,10:18:00,Krutladan,Enallagma_cyathigerum,Teneral,0,,0,0,40,2021,NA,NA
7/22/21,10:18:00,Krutladan,Anax_imperator,Mature,1,,0,0,40,2021,NA,NA
7/22/21,10:18:00,Krutladan,Gomphus_vulgatissimus,Mature,0,,0,0,40,2021,NA,NA
7/22/21,10:18:00,Krutladan,Sympetrum_spp,Mature,1,,0,0,40,2021,NA,NA
7/22/21,10:18:00,Krutladan,Anax_imperator,Mature,1,,0,0,40,2021,NA,NA
7/22/21,10:18:00,Krutladan,Somatochlora_metallica,Mature,1,,0,0,40,2021,NA,NA
7/22/21,10:18:00,Krutladan,Somatochlora_metallica,Mature,1,,0,0,40,2021,NA,NA
7/22/21,10:18:00,Krutladan,Sympetrum_sanguineum,Mature,1,,1,0,40,2021,NA,NA
7/22/21,10:18:00,Krutladan,Sympetrum_sanguineum,Mature,0,,1,0,40,2021,NA,NA
7/22/21,10:18:00,Krutladan,Sympetrum_sanguineum,Mature,1,,0,0,40,2021,NA,NA
7/22/21,10:18:00,Vombs_Vattenverk,Enallagma_cyathigerum,Mature,0,Gynochrome,1,0,40,2021,NA,NA
7/22/21,10:18:00,Vombs_Vattenverk,Enallagma_cyathigerum,Mature,1,,1,0,40,2021,NA,NA
7/22/21,10:18:00,Vombs_Vattenverk,Sympetrum_sanguineum,Mature,0,,1,0,40,2021,NA,NA
7/22/21,10:18:00,Vombs_Vattenverk,Sympetrum_sanguineum,Mature,1,,1,NA,40,2021,NA,NA
7/22/21,10:18:00,Vombs_Vattenverk,Enallagma_cyathigerum,Mature,1,,0,0,40,2021,NA,NA
7/22/21,10:18:00,Vombs_Vattenverk,Enallagma_cyathigerum,Mature,1,,0,0,40,2021,NA,NA
7/22/21,10:18:00,Vombs_Vattenverk,Enallagma_cyathigerum,Mature,1,,0,0,40,2021,NA,NA
7/22/21,10:18:00,Vombs_Vattenverk,Enallagma_cyathigerum,Mature,1,,0,0,40,2021,NA,NA
7/22/21,10:18:00,Vombs_Vattenverk,Enallagma_cyathigerum,Mature,1,,0,0,40,2021,NA,NA
7/22/21,10:18:00,Vombs_Vattenverk,Enallagma_cyathigerum,Mature,1,,0,0,40,2021,NA,NA
7/22/21,10:18:00,Vombs_Vattenverk,Enallagma_cyathigerum,Mature,1,,0,0,40,2021,NA,NA
7/22/21,10:18:00,Vombs_Vattenverk,Enallagma_cyathigerum,Mature,1,,0,0,40,2021,NA,NA
7/22/21,10:18:00,Vombs_Vattenverk,Enallagma_cyathigerum,Mature,1,,0,1,40,2021,NA,NA
7/22/21,10:18:00,Vombs_Vattenverk,Enallagma_cyathigerum,Mature,1,,0,0,40,2021,NA,NA
7/22/21,10:18:00,Vombs_Vattenverk,Enallagma_cyathigerum,Immature,1,,0,0,40,2021,NA,NA
7/22/21,10:18:00,Vombs_Vattenverk,Enallagma_cyathigerum,Mature,1,,0,0,40,2021,NA,NA
7/22/21,10:18:00,Vombs_Vattenverk,Enallagma_cyathigerum,Mature,0,Androchrome,0,0,40,2021,NA,NA
7/22/21,10:18:00,Vombs_Vattenverk,Enallagma_cyathigerum,Mature,1,,0,0,40,2021,NA,NA
7/22/21,10:18:00,Vombs_Vattenverk,Enallagma_cyathigerum,Mature,1,,0,0,40,2021,NA,NA
7/22/21,10:18:00,Vombs_Vattenverk,Enallagma_cyathigerum,Mature,1,,0,0,40,2021,NA,NA
7/22/21,10:18:00,Vombs_Vattenverk,Enallagma_cyathigerum,Mature,1,,0,0,40,2021,NA,NA
7/22/21,10:18:00,Vombs_Vattenverk,Sympetrum_striolatum,Immature,0,,0,0,40,2021,NA,NA
7/22/21,10:18:00,Vombs_Vattenverk,Sympetrum_striolatum,Immature,1,,0,0,40,2021,NA,NA
7/22/21,10:18:00,Vombs_Vattenverk,Enallagma_cyathigerum,Mature,1,,0,NA,40,2021,NA,NA
7/22/21,10:18:00,Vombs_Vattenverk,Enallagma_cyathigerum,Mature,1,,0,0,40,2021,NA,NA
7/22/21,10:18:00,Vombs_Vattenverk,Enallagma_cyathigerum,Mature,1,,0,1,40,2021,NA,NA
7/22/21,10:18:00,Vombs_Vattenverk,Enallagma_cyathigerum,Mature,1,,0,1,40,2021,NA,NA
7/22/21,10:18:00,Vombs_Vattenverk,Enallagma_cyathigerum,Mature,1,,0,0,40,2021,NA,NA
7/22/21,10:18:00,Vombs_Vattenverk,Enallagma_cyathigerum,Mature,1,,0,1,40,2021,NA,NA
7/22/21,10:18:00,Vombs_Vattenverk,Enallagma_cyathigerum,Mature,1,,0,0,40,2021,NA,NA
7/22/21,10:18:00,Vombs_Vattenverk,Enallagma_cyathigerum,Mature,1,,0,0,40,2021,NA,NA
7/22/21,10:18:00,Vombs_Vattenverk,Enallagma_cyathigerum,Mature,1,,0,2,40,2021,NA,NA
7/22/21,10:18:00,Vombs_Vattenverk,Enallagma_cyathigerum,Mature,1,,0,0,40,2021,NA,NA
7/22/21,10:18:00,Vombs_Vattenverk,Enallagma_cyathigerum,Mature,1,,0,0,40,2021,NA,NA
7/22/21,10:18:00,Vombs_Vattenverk,Enallagma_cyathigerum,Mature,1,,0,3,40,2021,NA,NA
7/22/21,10:18:00,Vombs_Vattenverk,Enallagma_cyathigerum,Mature,1,,0,0,40,2021,NA,NA
7/22/21,10:18:00,Vombs_Vattenverk,Enallagma_cyathigerum,Immature,0,Gynochrome,0,2,40,2021,NA,NA
7/22/21,10:18:00,Vombs_Vattenverk,Enallagma_cyathigerum,Mature,1,,0,0,40,2021,NA,NA
7/22/21,10:18:00,Vombs_Vattenverk,Enallagma_cyathigerum,Mature,1,,0,0,40,2021,NA,NA
7/22/21,10:18:00,Vombs_Vattenverk,Anax_imperator,Mature,1,,0,NA,40,2021,NA,NA
7/22/21,10:18:00,Vombs_Vattenverk,Anax_imperator,Mature,1,,0,NA,40,2021,NA,NA
7/22/21,10:18:00,Vombs_Vattenverk,Anax_imperator,Mature,1,,0,NA,40,2021,NA,NA
7/22/21,10:18:00,Vombs_Vattenverk,Anax_imperator,Mature,1,,0,NA,40,2021,NA,NA
7/22/21,10:18:00,Vombs_Vattenverk,Anax_imperator,Mature,1,,0,NA,40,2021,NA,NA
7/22/21,10:18:00,Vombs_Vattenverk,Anax_imperator,Mature,1,,0,NA,40,2021,NA,NA
7/22/21,10:18:00,Vombs_Vattenverk,Orthetrum_cancellatum,Mature,1,,0,NA,40,2021,NA,NA
7/22/21,10:18:00,Vombs_Vattenverk,Orthetrum_cancellatum,Mature,1,,0,NA,40,2021,NA,NA
7/22/21,10:18:00,Vombs_Vattenverk,Orthetrum_cancellatum,Mature,1,,0,NA,40,2021,NA,NA
7/22/21,10:18:00,Vombs_Vattenverk,Orthetrum_cancellatum,Mature,1,,0,NA,40,2021,NA,NA
7/22/21,10:18:00,Vombs_Vattenverk,Orthetrum_cancellatum,Mature,1,,0,NA,40,2021,NA,NA
7/22/21,10:18:00,Vombs_Vattenverk,Orthetrum_cancellatum,Mature,1,,0,NA,40,2021,NA,NA
7/22/21,10:18:00,Vombs_Vattenverk,Orthetrum_cancellatum,Mature,1,,0,NA,40,2021,NA,NA
7/22/21,10:18:00,Vombs_Vattenverk,Sympetrum_spp,Immature,,,0,NA,40,2021,NA,NA
7/22/21,10:18:00,Vombs_Vattenverk,Sympetrum_spp,Immature,,,0,NA,40,2021,NA,NA
7/22/21,10:18:00,Vombs_Vattenverk,Sympetrum_spp,Immature,,,0,NA,40,2021,NA,NA
7/22/21,10:18:00,Vombs_Vattenverk,Sympetrum_spp,Immature,,,0,NA,40,2021,NA,NA
7/22/21,10:18:00,Vombs_Vattenverk,Sympetrum_spp,Immature,,,0,NA,40,2021,NA,NA
7/22/21,10:18:00,Vombs_Vattenverk,Sympetrum_spp,Immature,,,0,NA,40,2021,NA,NA
7/22/21,10:18:00,Vombs_Vattenverk,Sympetrum_spp,Immature,,,0,NA,40,2021,NA,NA
7/22/21,10:18:00,Vombs_Vattenverk,Sympetrum_spp,Immature,,,0,NA,40,2021,NA,NA
7/22/21,10:18:00,Vombs_Vattenverk,Sympetrum_spp,Immature,,,0,NA,40,2021,NA,NA
7/22/21,10:18:00,Vombs_Vattenverk,Sympetrum_spp,Immature,,,0,NA,40,2021,NA,NA
7/22/21,10:18:00,Vombs_Vattenverk,Sympetrum_spp,Immature,,,0,NA,40,2021,NA,NA
7/22/21,10:18:00,Vombs_Vattenverk,Sympetrum_spp,Immature,,,0,NA,40,2021,NA,NA
7/22/21,10:18:00,Vombs_Vattenverk,Sympetrum_spp,Immature,,,0,NA,40,2021,NA,NA
7/22/21,10:18:00,Vombs_Vattenverk,Sympetrum_spp,Immature,,,0,NA,40,2021,NA,NA
7/22/21,10:18:00,Vombs_Vattenverk,Sympetrum_spp,Immature,,,0,NA,40,2021,NA,NA
7/22/21,10:18:00,Vombs_Vattenverk,Sympetrum_spp,Immature,,,0,NA,40,2021,NA,NA
7/22/21,10:18:00,Vombs_Vattenverk,Sympetrum_spp,Mature,1,,1,NA,40,2021,NA,NA
7/22/21,10:18:00,Vombs_Vattenverk,Sympetrum_spp,Mature,1,,1,NA,40,2021,NA,NA
7/22/21,10:18:00,Vombs_Vattenverk,Sympetrum_spp,Mature,1,,1,NA,40,2021,NA,NA
7/22/21,10:18:00,Vombs_Vattenverk,Sympetrum_spp,Mature,0,,1,NA,40,2021,NA,NA
7/22/21,10:18:00,Vombs_Vattenverk,Sympetrum_spp,Mature,0,,1,NA,40,2021,NA,NA
7/22/21,10:18:00,Vombs_Vattenverk,Sympetrum_spp,Mature,0,,1,NA,40,2021,NA,NA
7/22/21,10:18:00,Vombs_Vattenverk,Sympetrum_spp,Mature,0,,0,NA,40,2021,NA,NA
7/22/21,10:18:00,Vombs_Vattenverk,Sympetrum_spp,Mature,0,,0,NA,40,2021,NA,NA
7/22/21,10:18:00,Vombs_Vattenverk,Sympetrum_spp,Mature,0,,0,NA,40,2021,NA,NA
7/22/21,10:18:00,Vombs_Vattenverk,Sympetrum_spp,Mature,0,,0,NA,40,2021,NA,NA
7/22/21,10:18:00,Vombs_Vattenverk,Sympetrum_spp,Mature,1,,0,NA,40,2021,NA,NA
7/22/21,10:18:00,Vombs_Vattenverk,Sympetrum_spp,Mature,1,,0,NA,40,2021,NA,NA
7/22/21,10:18:00,Vombs_Vattenverk,Sympetrum_spp,Mature,1,,0,NA,40,2021,NA,NA
7/22/21,10:18:00,Vombs_Vattenverk,Sympetrum_spp,Mature,1,,0,NA,40,2021,NA,NA
7/22/21,10:18:00,Vombs_Vattenverk,Sympetrum_spp,Mature,1,,0,NA,40,2021,NA,NA
7/22/21,10:18:00,Vombs_Vattenverk,Calopteryx_splendens,Mature,1,,0,NA,40,2021,NA,NA
7/22/21,10:18:00,Vombs_Vattenverk,Calopteryx_splendens,Mature,1,,0,NA,40,2021,NA,NA
7/22/21,10:18:00,Vombs_Vattenverk,Aeshna_grandis,Mature,1,,0,NA,40,2021,NA,NA
7/22/21,10:18:00,Vombs_Vattenverk,Sympetrum_spp,Mature,1,,0,NA,40,2021,NA,NA
7/22/21,10:18:00,Vombs_Vattenverk,Sympetrum_spp,Mature,1,,0,NA,40,2021,NA,NA
7/22/21,10:18:00,Vombs_Vattenverk,Sympetrum_spp,Mature,1,,0,NA,40,2021,NA,NA
7/22/21,10:18:00,Vombs_Vattenverk,Sympetrum_spp,Mature,1,,0,NA,40,2021,NA,NA
7/22/21,10:18:00,Vombs_Vattenverk,Sympetrum_spp,Mature,1,,0,NA,40,2021,NA,NA
7/22/21,10:18:00,Vombs_Vattenverk,Sympetrum_sanguineum,Mature,1,,1,NA,40,2021,NA,NA
7/22/21,10:18:00,Vombs_Vattenverk,Sympetrum_sanguineum,Mature,0,,1,NA,40,2021,NA,NA
7/22/21,10:18:00,Vombs_Vattenverk,Orthetrum_cancellatum,Mature,1,,0,NA,40,2021,NA,NA
7/22/21,10:18:00,Vombs_Vattenverk,Orthetrum_cancellatum,Mature,1,,0,NA,40,2021,NA,NA
7/22/21,10:18:00,Vombs_Vattenverk,Orthetrum_cancellatum,Mature,1,,0,NA,40,2021,NA,NA
7/22/21,10:18:00,Vombs_Vattenverk,Orthetrum_cancellatum,Mature,1,,0,NA,40,2021,NA,NA
7/22/21,10:18:00,Vombs_Vattenverk,Anax_imperator,Mature,1,,0,NA,40,2021,NA,NA
7/22/21,10:18:00,Vombs_Vattenverk,Anax_imperator,Mature,1,,0,NA,40,2021,NA,NA
7/22/21,10:18:00,Vombs_Vattenverk,Calopteryx_splendens,Mature,1,,0,NA,40,2021,NA,NA
7/21/21,17:00:00,Gunnesbo,Orthetrum_cancellatum,Mature,1,,0,NA,50,2021,NA,NA
7/21/21,17:00:00,Gunnesbo,Orthetrum_cancellatum,Mature,1,,0,NA,50,2021,NA,NA
7/21/21,17:00:00,Gunnesbo,Orthetrum_cancellatum,Mature,1,,0,NA,50,2021,NA,NA
7/21/21,17:00:00,Gunnesbo,Orthetrum_cancellatum,Mature,1,,0,NA,50,2021,NA,NA
7/21/21,17:00:00,Gunnesbo,Orthetrum_cancellatum,Mature,1,,0,NA,50,2021,NA,NA
7/21/21,17:00:00,Gunnesbo,Orthetrum_cancellatum,Mature,1,,0,NA,50,2021,NA,NA
7/21/21,17:00:00,Gunnesbo,Orthetrum_cancellatum,Mature,1,,0,NA,50,2021,NA,NA
7/21/21,17:00:00,Gunnesbo,Orthetrum_cancellatum,Mature,1,,0,NA,50,2021,NA,NA
7/21/21,17:00:00,Gunnesbo,Orthetrum_cancellatum,Mature,1,,0,NA,50,2021,NA,NA
7/21/21,17:00:00,Gunnesbo,Orthetrum_cancellatum,Mature,1,,0,NA,50,2021,NA,NA
7/21/21,17:00:00,Gunnesbo,Orthetrum_cancellatum,Mature,1,,0,NA,50,2021,NA,NA
7/21/21,17:00:00,Gunnesbo,Orthetrum_cancellatum,Mature,1,,0,NA,50,2021,NA,NA
7/21/21,17:00:00,Gunnesbo,Orthetrum_cancellatum,Mature,1,,0,NA,50,2021,NA,NA
7/21/21,17:00:00,Gunnesbo,Orthetrum_cancellatum,Mature,1,,0,NA,50,2021,NA,NA
7/21/21,17:00:00,Gunnesbo,Orthetrum_cancellatum,Mature,1,,0,NA,50,2021,NA,NA
7/21/21,17:00:00,Gunnesbo,Orthetrum_cancellatum,Mature,1,,0,NA,50,2021,NA,NA
7/21/21,17:00:00,Gunnesbo,Orthetrum_cancellatum,Mature,1,,0,NA,50,2021,NA,NA
7/21/21,17:00:00,Gunnesbo,Orthetrum_cancellatum,Mature,1,,0,NA,50,2021,NA,NA
7/21/21,17:00:00,Gunnesbo,Orthetrum_cancellatum,Mature,1,,0,NA,50,2021,NA,NA
7/21/21,17:00:00,Gunnesbo,Orthetrum_cancellatum,Mature,1,,0,NA,50,2021,NA,NA
7/21/21,17:00:00,Gunnesbo,Orthetrum_cancellatum,Mature,1,,0,NA,50,2021,NA,NA
7/21/21,17:00:00,Gunnesbo,Orthetrum_cancellatum,Mature,1,,0,NA,50,2021,NA,NA
7/21/21,17:00:00,Gunnesbo,Orthetrum_cancellatum,Mature,1,,0,NA,50,2021,NA,NA
7/21/21,17:00:00,Gunnesbo,Orthetrum_cancellatum,Mature,1,,0,NA,50,2021,NA,NA
7/21/21,17:00:00,Gunnesbo,Orthetrum_cancellatum,Mature,1,,0,NA,50,2021,NA,NA
7/21/21,17:00:00,Gunnesbo,Orthetrum_cancellatum,Mature,1,,0,NA,50,2021,NA,NA
7/21/21,17:00:00,Gunnesbo,Orthetrum_cancellatum,Mature,1,,0,NA,50,2021,NA,NA
7/21/21,17:00:00,Gunnesbo,Orthetrum_cancellatum,Mature,1,,0,NA,50,2021,NA,NA
7/21/21,17:00:00,Gunnesbo,Orthetrum_cancellatum,Mature,1,,0,NA,50,2021,NA,NA
7/21/21,17:00:00,Gunnesbo,Orthetrum_cancellatum,Mature,1,,0,NA,50,2021,NA,NA
7/21/21,17:00:00,Gunnesbo,Orthetrum_cancellatum,Mature,1,,0,NA,50,2021,NA,NA
7/21/21,17:00:00,Gunnesbo,Orthetrum_cancellatum,Mature,1,,0,NA,50,2021,NA,NA
7/21/21,17:00:00,Gunnesbo,Orthetrum_cancellatum,Mature,1,,0,NA,50,2021,NA,NA
7/21/21,17:00:00,Gunnesbo,Orthetrum_cancellatum,Mature,1,,0,NA,50,2021,NA,NA
7/21/21,17:00:00,Gunnesbo,Orthetrum_cancellatum,Mature,1,,0,NA,50,2021,NA,NA
7/21/21,17:00:00,Gunnesbo,Orthetrum_cancellatum,Mature,1,,0,NA,50,2021,NA,NA
7/21/21,17:00:00,Gunnesbo,Orthetrum_cancellatum,Mature,1,,0,NA,50,2021,NA,NA
7/21/21,17:00:00,Gunnesbo,Orthetrum_cancellatum,Mature,1,,0,NA,50,2021,NA,NA
7/21/21,17:00:00,Gunnesbo,Orthetrum_cancellatum,Mature,1,,0,NA,50,2021,NA,NA
7/21/21,17:00:00,Gunnesbo,Orthetrum_cancellatum,Mature,1,,0,NA,50,2021,NA,NA
7/21/21,17:00:00,Gunnesbo,Orthetrum_cancellatum,Mature,1,,0,NA,50,2021,NA,NA
7/21/21,17:00:00,Gunnesbo,Orthetrum_cancellatum,Mature,1,,0,NA,50,2021,NA,NA
7/21/21,17:00:00,Gunnesbo,Orthetrum_cancellatum,Mature,1,,0,NA,50,2021,NA,NA
7/21/21,17:00:00,Gunnesbo,Orthetrum_cancellatum,Mature,1,,0,NA,50,2021,NA,NA
7/21/21,17:00:00,Gunnesbo,Orthetrum_cancellatum,Mature,1,,0,NA,50,2021,NA,NA
7/21/21,17:00:00,Gunnesbo,Orthetrum_cancellatum,Mature,1,,0,NA,50,2021,NA,NA
7/21/21,17:00:00,Gunnesbo,Orthetrum_cancellatum,Mature,1,,0,NA,50,2021,NA,NA
7/21/21,17:00:00,Gunnesbo,Orthetrum_cancellatum,Mature,1,,0,NA,50,2021,NA,NA
7/21/21,17:00:00,Gunnesbo,Orthetrum_cancellatum,Mature,1,,0,NA,50,2021,NA,NA
7/21/21,17:00:00,Gunnesbo,Orthetrum_cancellatum,Mature,1,,0,NA,50,2021,NA,NA
7/21/21,17:00:00,Gunnesbo,Orthetrum_cancellatum,Mature,1,,0,NA,50,2021,NA,NA
7/21/21,17:00:00,Gunnesbo,Orthetrum_cancellatum,Mature,1,,0,NA,50,2021,NA,NA
7/21/21,17:00:00,Gunnesbo,Orthetrum_cancellatum,Mature,1,,0,NA,50,2021,NA,NA
7/21/21,17:00:00,Gunnesbo,Orthetrum_cancellatum,Mature,1,,0,NA,50,2021,NA,NA
7/21/21,17:00:00,Gunnesbo,Orthetrum_cancellatum,Mature,1,,0,NA,50,2021,NA,NA
7/21/21,17:00:00,Gunnesbo,Orthetrum_cancellatum,Mature,1,,0,NA,50,2021,NA,NA
7/21/21,17:00:00,Gunnesbo,Orthetrum_cancellatum,Mature,1,,0,NA,50,2021,NA,NA
7/21/21,17:00:00,Gunnesbo,Orthetrum_cancellatum,Mature,1,,0,NA,50,2021,NA,NA
7/21/21,17:00:00,Gunnesbo,Orthetrum_cancellatum,Mature,1,,0,NA,50,2021,NA,NA
7/21/21,17:00:00,Gunnesbo,Orthetrum_cancellatum,Mature,1,,0,NA,50,2021,NA,NA
7/21/21,17:00:00,Gunnesbo,Orthetrum_cancellatum,Mature,1,,0,NA,50,2021,NA,NA
7/21/21,17:00:00,Gunnesbo,Orthetrum_cancellatum,Mature,1,,0,NA,50,2021,NA,NA
7/21/21,17:00:00,Gunnesbo,Orthetrum_cancellatum,Mature,1,,0,NA,50,2021,NA,NA
7/21/21,17:00:00,Gunnesbo,Orthetrum_cancellatum,Mature,1,,0,NA,50,2021,NA,NA
7/21/21,17:00:00,Gunnesbo,Orthetrum_cancellatum,Mature,1,,0,NA,50,2021,NA,NA
7/21/21,17:00:00,Gunnesbo,Orthetrum_cancellatum,Mature,1,,0,NA,50,2021,NA,NA
7/21/21,17:00:00,Gunnesbo,Orthetrum_cancellatum,Mature,1,,0,NA,50,2021,NA,NA
7/21/21,17:00:00,Gunnesbo,Orthetrum_cancellatum,Mature,1,,1,NA,50,2021,NA,NA
7/21/21,17:00:00,Gunnesbo,Orthetrum_cancellatum,Mature,1,,1,NA,50,2021,NA,NA
7/21/21,17:00:00,Gunnesbo,Orthetrum_cancellatum,Mature,0,,1,NA,50,2021,NA,NA
7/21/21,17:00:00,Gunnesbo,Orthetrum_cancellatum,Mature,0,,1,NA,50,2021,NA,NA
7/21/21,17:00:00,Gunnesbo,Orthetrum_cancellatum,Mature,0,,0,NA,50,2021,NA,NA
7/21/21,17:00:00,Gunnesbo,Aeshna_grandis,Mature,0,,0,NA,50,2021,NA,NA
7/21/21,17:00:00,Gunnesbo,Aeshna_grandis,Mature,1,,0,NA,50,2021,NA,NA
7/21/21,17:00:00,Gunnesbo,Aeshna_grandis,Mature,1,,0,NA,50,2021,NA,NA
7/21/21,17:00:00,Gunnesbo,Aeshna_grandis,Mature,1,,0,NA,50,2021,NA,NA
7/21/21,17:00:00,Gunnesbo,Aeshna_grandis,Mature,1,,0,NA,50,2021,NA,NA
7/21/21,17:00:00,Gunnesbo,Erythromma_viridulum,Mature,1,,0,NA,50,2021,NA,NA
7/21/21,17:00:00,Gunnesbo,Erythromma_viridulum,Mature,1,,0,NA,50,2021,NA,NA
7/21/21,17:00:00,Gunnesbo,Erythromma_viridulum,Mature,1,,0,NA,50,2021,NA,NA
7/21/21,17:00:00,Gunnesbo,Erythromma_viridulum,Mature,1,,0,NA,50,2021,NA,NA
7/21/21,17:00:00,Gunnesbo,Erythromma_viridulum,Mature,1,,0,NA,50,2021,NA,NA
7/21/21,17:00:00,Gunnesbo,Erythromma_viridulum,Mature,1,,0,NA,50,2021,NA,NA
7/21/21,17:00:00,Gunnesbo,Erythromma_viridulum,Mature,1,,0,NA,50,2021,NA,NA
7/21/21,17:00:00,Gunnesbo,Erythromma_viridulum,Mature,1,,0,NA,50,2021,NA,NA
7/21/21,17:00:00,Gunnesbo,Erythromma_viridulum,Mature,1,,0,NA,50,2021,NA,NA
7/21/21,17:00:00,Gunnesbo,Erythromma_viridulum,Mature,1,,0,NA,50,2021,NA,NA
7/21/21,17:00:00,Gunnesbo,Erythromma_viridulum,Mature,1,,0,NA,50,2021,NA,NA
7/21/21,17:00:00,Gunnesbo,Erythromma_viridulum,Mature,1,,0,NA,50,2021,NA,NA
7/21/21,17:00:00,Gunnesbo,Erythromma_viridulum,Mature,1,,0,NA,50,2021,NA,NA
7/21/21,17:00:00,Gunnesbo,Erythromma_viridulum,Mature,1,,0,NA,50,2021,NA,NA
7/21/21,17:00:00,Gunnesbo,Erythromma_viridulum,Mature,1,,0,NA,50,2021,NA,NA
7/21/21,17:00:00,Gunnesbo,Erythromma_viridulum,Mature,1,,0,NA,50,2021,NA,NA
7/21/21,17:00:00,Gunnesbo,Erythromma_viridulum,Mature,1,,0,NA,50,2021,NA,NA
7/21/21,17:00:00,Gunnesbo,Erythromma_viridulum,Mature,1,,0,NA,50,2021,NA,NA
7/21/21,17:00:00,Gunnesbo,Erythromma_viridulum,Mature,1,,0,NA,50,2021,NA,NA
7/21/21,17:00:00,Gunnesbo,Erythromma_viridulum,Mature,1,,0,NA,50,2021,NA,NA
7/21/21,17:00:00,Gunnesbo,Erythromma_viridulum,Mature,1,,0,NA,50,2021,NA,NA
7/21/21,17:00:00,Gunnesbo,Erythromma_viridulum,Mature,1,,0,NA,50,2021,NA,NA
7/21/21,17:00:00,Gunnesbo,Erythromma_viridulum,Mature,1,,0,NA,50,2021,NA,NA
7/21/21,17:00:00,Gunnesbo,Erythromma_viridulum,Mature,1,,0,NA,50,2021,NA,NA
7/21/21,17:00:00,Gunnesbo,Erythromma_viridulum,Mature,1,,0,NA,50,2021,NA,NA
7/21/21,17:00:00,Gunnesbo,Erythromma_viridulum,Mature,1,,0,NA,50,2021,NA,NA
7/21/21,17:00:00,Gunnesbo,Erythromma_viridulum,Mature,1,,0,NA,50,2021,NA,NA
7/21/21,17:00:00,Gunnesbo,Erythromma_viridulum,Mature,1,,0,NA,50,2021,NA,NA
7/21/21,17:00:00,Gunnesbo,Erythromma_viridulum,Mature,1,,0,NA,50,2021,NA,NA
7/21/21,17:00:00,Gunnesbo,Erythromma_viridulum,Mature,1,,0,NA,50,2021,NA,NA
7/21/21,17:00:00,Gunnesbo,Erythromma_viridulum,Mature,1,,0,NA,50,2021,NA,NA
7/21/21,17:00:00,Gunnesbo,Erythromma_viridulum,Mature,1,,0,NA,50,2021,NA,NA
7/21/21,17:00:00,Gunnesbo,Erythromma_viridulum,Mature,1,,0,NA,50,2021,NA,NA
7/21/21,17:00:00,Gunnesbo,Erythromma_viridulum,Mature,1,,0,NA,50,2021,NA,NA
7/21/21,17:00:00,Gunnesbo,Erythromma_viridulum,Mature,1,,0,NA,50,2021,NA,NA
7/21/21,17:00:00,Gunnesbo,Erythromma_viridulum,Mature,1,,0,NA,50,2021,NA,NA
7/21/21,17:00:00,Gunnesbo,Erythromma_viridulum,Mature,1,,0,NA,50,2021,NA,NA
7/21/21,17:00:00,Gunnesbo,Erythromma_viridulum,Mature,1,,0,NA,50,2021,NA,NA
7/21/21,17:00:00,Gunnesbo,Erythromma_viridulum,Mature,1,,0,NA,50,2021,NA,NA
7/21/21,17:00:00,Gunnesbo,Erythromma_viridulum,Mature,1,,0,NA,50,2021,NA,NA
7/21/21,17:00:00,Gunnesbo,Erythromma_viridulum,Mature,1,,0,NA,50,2021,NA,NA
7/21/21,17:00:00,Gunnesbo,Erythromma_viridulum,Mature,1,,0,NA,50,2021,NA,NA
7/21/21,17:00:00,Gunnesbo,Erythromma_viridulum,Mature,1,,0,NA,50,2021,NA,NA
7/21/21,17:00:00,Gunnesbo,Erythromma_viridulum,Mature,1,,0,NA,50,2021,NA,NA
7/21/21,17:00:00,Gunnesbo,Erythromma_viridulum,Mature,1,,0,NA,50,2021,NA,NA
7/21/21,17:00:00,Gunnesbo,Erythromma_viridulum,Mature,1,,0,NA,50,2021,NA,NA
7/21/21,17:00:00,Gunnesbo,Erythromma_viridulum,Mature,1,,0,NA,50,2021,NA,NA
7/21/21,17:00:00,Gunnesbo,Erythromma_viridulum,Mature,1,,0,NA,50,2021,NA,NA
7/21/21,17:00:00,Gunnesbo,Erythromma_viridulum,Mature,1,,0,NA,50,2021,NA,NA
7/21/21,17:00:00,Gunnesbo,Erythromma_viridulum,Mature,1,,0,NA,50,2021,NA,NA
7/21/21,17:00:00,Gunnesbo,Erythromma_viridulum,Mature,1,,0,NA,50,2021,NA,NA
7/21/21,17:00:00,Gunnesbo,Erythromma_viridulum,Mature,1,,0,NA,50,2021,NA,NA
7/21/21,17:00:00,Gunnesbo,Erythromma_viridulum,Mature,1,,0,NA,50,2021,NA,NA
7/21/21,17:00:00,Gunnesbo,Erythromma_viridulum,Mature,1,,0,NA,50,2021,NA,NA
7/21/21,17:00:00,Gunnesbo,Erythromma_viridulum,Mature,1,,0,NA,50,2021,NA,NA
7/21/21,17:00:00,Gunnesbo,Erythromma_viridulum,Mature,1,,0,NA,50,2021,NA,NA
7/21/21,17:00:00,Gunnesbo,Erythromma_viridulum,Mature,1,,0,NA,50,2021,NA,NA
7/21/21,17:00:00,Gunnesbo,Erythromma_viridulum,Mature,1,,0,NA,50,2021,NA,NA
7/21/21,17:00:00,Gunnesbo,Erythromma_viridulum,Mature,1,,0,NA,50,2021,NA,NA
7/21/21,17:00:00,Gunnesbo,Erythromma_viridulum,Mature,1,,0,NA,50,2021,NA,NA
7/21/21,17:00:00,Gunnesbo,Erythromma_viridulum,Mature,1,,0,NA,50,2021,NA,NA
7/21/21,17:00:00,Gunnesbo,Erythromma_viridulum,Mature,1,,0,NA,50,2021,NA,NA
7/21/21,17:00:00,Gunnesbo,Erythromma_viridulum,Mature,1,,0,NA,50,2021,NA,NA
7/21/21,17:00:00,Gunnesbo,Erythromma_viridulum,Mature,1,,0,NA,50,2021,NA,NA
7/21/21,17:00:00,Gunnesbo,Erythromma_viridulum,Mature,1,,0,NA,50,2021,NA,NA
7/21/21,17:00:00,Gunnesbo,Erythromma_viridulum,Mature,1,,0,NA,50,2021,NA,NA
7/21/21,17:00:00,Gunnesbo,Erythromma_viridulum,Mature,1,,0,NA,50,2021,NA,NA
7/21/21,17:00:00,Gunnesbo,Erythromma_viridulum,Mature,1,,0,NA,50,2021,NA,NA
7/21/21,17:00:00,Gunnesbo,Erythromma_viridulum,Mature,1,,0,NA,50,2021,NA,NA
7/21/21,17:00:00,Gunnesbo,Erythromma_viridulum,Mature,1,,0,NA,50,2021,NA,NA
7/21/21,17:00:00,Gunnesbo,Erythromma_viridulum,Mature,1,,0,NA,50,2021,NA,NA
7/21/21,17:00:00,Gunnesbo,Erythromma_viridulum,Mature,1,,0,NA,50,2021,NA,NA
7/21/21,17:00:00,Gunnesbo,Erythromma_viridulum,Mature,1,,0,NA,50,2021,NA,NA
7/21/21,17:00:00,Gunnesbo,Erythromma_viridulum,Mature,1,,0,NA,50,2021,NA,NA
7/21/21,17:00:00,Gunnesbo,Erythromma_viridulum,Mature,1,,0,NA,50,2021,NA,NA
7/21/21,17:00:00,Gunnesbo,Erythromma_viridulum,Mature,1,,0,NA,50,2021,NA,NA
7/21/21,17:00:00,Gunnesbo,Erythromma_viridulum,Mature,1,,0,NA,50,2021,NA,NA
7/21/21,17:00:00,Gunnesbo,Erythromma_viridulum,Mature,1,,0,NA,50,2021,NA,NA
7/21/21,17:00:00,Gunnesbo,Erythromma_viridulum,Mature,1,,0,NA,50,2021,NA,NA
7/21/21,17:00:00,Gunnesbo,Erythromma_viridulum,Mature,1,,0,NA,50,2021,NA,NA
7/21/21,17:00:00,Gunnesbo,Erythromma_viridulum,Mature,1,,0,NA,50,2021,NA,NA
7/21/21,17:00:00,Gunnesbo,Erythromma_viridulum,Mature,1,,0,NA,50,2021,NA,NA
7/21/21,17:00:00,Gunnesbo,Erythromma_viridulum,Mature,1,,0,NA,50,2021,NA,NA
7/21/21,17:00:00,Gunnesbo,Erythromma_viridulum,Mature,1,,0,NA,50,2021,NA,NA
7/21/21,17:00:00,Gunnesbo,Erythromma_viridulum,Mature,1,,0,NA,50,2021,NA,NA
7/21/21,17:00:00,Gunnesbo,Erythromma_viridulum,Mature,1,,0,NA,50,2021,NA,NA
7/21/21,17:00:00,Gunnesbo,Erythromma_viridulum,Mature,1,,0,NA,50,2021,NA,NA
7/21/21,17:00:00,Gunnesbo,Erythromma_viridulum,Mature,1,,0,NA,50,2021,NA,NA
7/21/21,17:00:00,Gunnesbo,Erythromma_viridulum,Mature,1,,0,NA,50,2021,NA,NA
7/21/21,17:00:00,Gunnesbo,Erythromma_viridulum,Mature,1,,0,NA,50,2021,NA,NA
7/21/21,17:00:00,Gunnesbo,Erythromma_viridulum,Mature,1,,0,NA,50,2021,NA,NA
7/21/21,17:00:00,Gunnesbo,Erythromma_viridulum,Mature,1,,0,NA,50,2021,NA,NA
7/21/21,17:00:00,Gunnesbo,Erythromma_viridulum,Mature,1,,0,NA,50,2021,NA,NA
7/21/21,17:00:00,Gunnesbo,Erythromma_viridulum,Mature,1,,0,NA,50,2021,NA,NA
7/21/21,17:00:00,Gunnesbo,Erythromma_viridulum,Mature,1,,0,NA,50,2021,NA,NA
7/21/21,17:00:00,Gunnesbo,Erythromma_viridulum,Mature,1,,0,NA,50,2021,NA,NA
7/21/21,17:00:00,Gunnesbo,Erythromma_viridulum,Mature,1,,0,NA,50,2021,NA,NA
7/21/21,17:00:00,Gunnesbo,Erythromma_viridulum,Mature,1,,0,NA,50,2021,NA,NA
7/21/21,17:00:00,Gunnesbo,Erythromma_viridulum,Mature,1,,0,NA,50,2021,NA,NA
7/21/21,17:00:00,Gunnesbo,Erythromma_viridulum,Mature,1,,0,NA,50,2021,NA,NA
7/21/21,17:00:00,Gunnesbo,Erythromma_viridulum,Mature,1,,0,NA,50,2021,NA,NA
7/21/21,17:00:00,Gunnesbo,Erythromma_viridulum,Mature,1,,1,NA,50,2021,NA,NA
7/21/21,17:00:00,Gunnesbo,Erythromma_viridulum,Mature,1,,1,NA,50,2021,NA,NA
7/21/21,17:00:00,Gunnesbo,Erythromma_viridulum,Mature,1,,1,NA,50,2021,NA,NA
7/21/21,17:00:00,Gunnesbo,Erythromma_viridulum,Mature,1,,1,NA,50,2021,NA,NA
7/21/21,17:00:00,Gunnesbo,Erythromma_viridulum,Mature,1,,1,NA,50,2021,NA,NA
7/21/21,17:00:00,Gunnesbo,Erythromma_viridulum,Mature,1,,1,NA,50,2021,NA,NA
7/21/21,17:00:00,Gunnesbo,Erythromma_viridulum,Mature,1,,1,NA,50,2021,NA,NA
7/21/21,17:00:00,Gunnesbo,Erythromma_viridulum,Mature,1,,1,NA,50,2021,NA,NA
7/21/21,17:00:00,Gunnesbo,Erythromma_viridulum,Mature,1,,1,NA,50,2021,NA,NA
7/21/21,17:00:00,Gunnesbo,Erythromma_viridulum,Mature,1,,1,NA,50,2021,NA,NA
7/21/21,17:00:00,Gunnesbo,Erythromma_viridulum,Mature,1,,1,NA,50,2021,NA,NA
7/21/21,17:00:00,Gunnesbo,Erythromma_viridulum,Mature,1,,1,NA,50,2021,NA,NA
7/21/21,17:00:00,Gunnesbo,Erythromma_viridulum,Mature,1,,1,NA,50,2021,NA,NA
7/21/21,17:00:00,Gunnesbo,Erythromma_viridulum,Mature,1,,1,NA,50,2021,NA,NA
7/21/21,17:00:00,Gunnesbo,Erythromma_viridulum,Mature,1,,1,NA,50,2021,NA,NA
7/21/21,17:00:00,Gunnesbo,Erythromma_viridulum,Mature,1,,1,NA,50,2021,NA,NA
7/21/21,17:00:00,Gunnesbo,Erythromma_viridulum,Mature,1,,1,NA,50,2021,NA,NA
7/21/21,17:00:00,Gunnesbo,Erythromma_viridulum,Mature,1,,1,NA,50,2021,NA,NA
7/21/21,17:00:00,Gunnesbo,Erythromma_viridulum,Mature,1,,1,NA,50,2021,NA,NA
7/21/21,17:00:00,Gunnesbo,Erythromma_viridulum,Mature,0,Gynochrome,1,NA,50,2021,NA,NA
7/21/21,17:00:00,Gunnesbo,Erythromma_viridulum,Mature,0,Gynochrome,1,NA,50,2021,NA,NA
7/21/21,17:00:00,Gunnesbo,Erythromma_viridulum,Mature,0,Gynochrome,1,NA,50,2021,NA,NA
7/21/21,17:00:00,Gunnesbo,Erythromma_viridulum,Mature,0,Gynochrome,1,NA,50,2021,NA,NA
7/21/21,17:00:00,Gunnesbo,Erythromma_viridulum,Mature,0,Gynochrome,1,NA,50,2021,NA,NA
7/21/21,17:00:00,Gunnesbo,Erythromma_viridulum,Mature,0,Gynochrome,1,NA,50,2021,NA,NA
7/21/21,17:00:00,Gunnesbo,Erythromma_viridulum,Mature,0,Gynochrome,1,NA,50,2021,NA,NA
7/21/21,17:00:00,Gunnesbo,Erythromma_viridulum,Mature,0,Gynochrome,1,NA,50,2021,NA,NA
7/21/21,17:00:00,Gunnesbo,Erythromma_viridulum,Mature,0,Gynochrome,1,NA,50,2021,NA,NA
7/21/21,17:00:00,Gunnesbo,Erythromma_viridulum,Mature,0,Gynochrome,1,NA,50,2021,NA,NA
7/21/21,17:00:00,Gunnesbo,Erythromma_viridulum,Mature,0,Gynochrome,1,NA,50,2021,NA,NA
7/21/21,17:00:00,Gunnesbo,Erythromma_viridulum,Mature,0,Gynochrome,1,NA,50,2021,NA,NA
7/21/21,17:00:00,Gunnesbo,Erythromma_viridulum,Mature,0,Gynochrome,1,NA,50,2021,NA,NA
7/21/21,17:00:00,Gunnesbo,Erythromma_viridulum,Mature,0,Gynochrome,1,NA,50,2021,NA,NA
7/21/21,17:00:00,Gunnesbo,Erythromma_viridulum,Mature,0,Gynochrome,1,NA,50,2021,NA,NA
7/21/21,17:00:00,Gunnesbo,Erythromma_viridulum,Mature,0,Gynochrome,1,NA,50,2021,NA,NA
7/21/21,17:00:00,Gunnesbo,Erythromma_viridulum,Mature,0,Gynochrome,1,NA,50,2021,NA,NA
7/21/21,17:00:00,Gunnesbo,Enallagma_cyathigerum,Mature,0,Gynochrome,1,NA,50,2021,NA,NA
7/21/21,17:00:00,Gunnesbo,Enallagma_cyathigerum,Mature,0,Gynochrome,1,NA,50,2021,NA,NA
7/21/21,17:00:00,Gunnesbo,Enallagma_cyathigerum,Mature,0,Gynochrome,1,NA,50,2021,NA,NA
7/21/21,17:00:00,Gunnesbo,Enallagma_cyathigerum,Mature,0,Gynochrome,1,NA,50,2021,NA,NA
7/21/21,17:00:00,Gunnesbo,Enallagma_cyathigerum,Mature,0,Gynochrome,1,NA,50,2021,NA,NA
7/21/21,17:00:00,Gunnesbo,Enallagma_cyathigerum,Mature,0,Gynochrome,1,NA,50,2021,NA,NA
7/21/21,17:00:00,Gunnesbo,Enallagma_cyathigerum,Mature,0,Gynochrome,1,NA,50,2021,NA,NA
7/21/21,17:00:00,Gunnesbo,Enallagma_cyathigerum,Mature,0,Gynochrome,1,NA,50,2021,NA,NA
7/21/21,17:00:00,Gunnesbo,Enallagma_cyathigerum,Mature,1,,1,NA,50,2021,NA,NA
7/21/21,17:00:00,Gunnesbo,Enallagma_cyathigerum,Mature,1,,1,NA,50,2021,NA,NA
7/21/21,17:00:00,Gunnesbo,Enallagma_cyathigerum,Mature,1,,1,NA,50,2021,NA,NA
7/21/21,17:00:00,Gunnesbo,Enallagma_cyathigerum,Mature,1,,1,NA,50,2021,NA,NA
7/21/21,17:00:00,Gunnesbo,Enallagma_cyathigerum,Mature,1,,1,NA,50,2021,NA,NA
7/21/21,17:00:00,Gunnesbo,Enallagma_cyathigerum,Mature,1,,1,NA,50,2021,NA,NA
7/21/21,17:00:00,Gunnesbo,Enallagma_cyathigerum,Mature,1,,1,NA,50,2021,NA,NA
7/21/21,17:00:00,Gunnesbo,Enallagma_cyathigerum,Mature,1,,1,NA,50,2021,NA,NA
7/21/21,17:00:00,Gunnesbo,Enallagma_cyathigerum,Mature,1,,0,NA,50,2021,NA,NA
7/21/21,17:00:00,Gunnesbo,Enallagma_cyathigerum,Mature,1,,0,NA,50,2021,NA,NA
7/21/21,17:00:00,Gunnesbo,Enallagma_cyathigerum,Mature,1,,0,NA,50,2021,NA,NA
7/21/21,17:00:00,Gunnesbo,Enallagma_cyathigerum,Mature,1,,0,NA,50,2021,NA,NA
7/21/21,17:00:00,Gunnesbo,Enallagma_cyathigerum,Mature,1,,0,NA,50,2021,NA,NA
7/21/21,17:00:00,Gunnesbo,Enallagma_cyathigerum,Mature,1,,0,NA,50,2021,NA,NA
7/21/21,17:00:00,Gunnesbo,Enallagma_cyathigerum,Mature,1,,0,NA,50,2021,NA,NA
7/21/21,17:00:00,Gunnesbo,Enallagma_cyathigerum,Mature,1,,0,NA,50,2021,NA,NA
7/21/21,17:00:00,Gunnesbo,Enallagma_cyathigerum,Mature,1,,0,NA,50,2021,NA,NA
7/21/21,17:00:00,Gunnesbo,Enallagma_cyathigerum,Mature,1,,0,NA,50,2021,NA,NA
7/21/21,17:00:00,Gunnesbo,Enallagma_cyathigerum,Mature,1,,0,NA,50,2021,NA,NA
7/21/21,17:00:00,Gunnesbo,Enallagma_cyathigerum,Mature,1,,0,NA,50,2021,NA,NA
7/21/21,17:00:00,Gunnesbo,Enallagma_cyathigerum,Mature,1,,0,NA,50,2021,NA,NA
7/21/21,17:00:00,Gunnesbo,Enallagma_cyathigerum,Mature,1,,0,NA,50,2021,NA,NA
7/21/21,17:00:00,Gunnesbo,Sympetrum_sanguineum,Mature,1,,0,NA,50,2021,NA,NA
7/22/21,14:54:00,Flyinge_30_A1,Aeshna_grandis,Mature,1,,0,NA,40,2021,NA,NA
7/22/21,14:54:00,Flyinge_30_A1,Anax_imperator,Mature,1,,0,NA,40,2021,NA,NA
7/22/21,14:54:00,Flyinge_30_A1,Sympetrum_sanguineum,Mature,1,,0,NA,40,2021,NA,NA
7/22/21,14:54:00,Flyinge_30_A1,Sympetrum_sanguineum,Mature,1,,0,NA,40,2021,NA,NA
7/22/21,14:54:00,Flyinge_30_A1,Sympetrum_sanguineum,Mature,1,,0,NA,40,2021,NA,NA
7/22/21,14:54:00,Flyinge_30_A1,Sympetrum_sanguineum,Mature,1,,0,NA,40,2021,NA,NA
7/22/21,14:54:00,Flyinge_30_A1,Sympetrum_sanguineum,Mature,1,,0,NA,40,2021,NA,NA
7/22/21,14:54:00,Flyinge_30_A1,Sympetrum_sanguineum,Mature,1,,0,NA,40,2021,NA,NA
7/22/21,14:54:00,Flyinge_30_A1,Platycnemis_pennipes,Mature,1,,0,0,40,2021,NA,NA
7/22/21,14:54:00,Flyinge_30_A1,Enallagma_cyathigerum,Mature,1,,1,0,40,2021,NA,NA
7/22/21,14:54:00,Flyinge_30_A1,Enallagma_cyathigerum,Mature,0,Androchrome,1,0,40,2021,NA,NA
7/22/21,14:54:00,Flyinge_30_A1,Platycnemis_pennipes,Mature,1,,0,0,40,2021,NA,NA
7/22/21,14:54:00,Flyinge_30_A1,Platycnemis_pennipes,Mature,1,,0,0,40,2021,NA,NA
7/22/21,14:54:00,Flyinge_30_A1,Platycnemis_pennipes,Mature,1,,0,0,40,2021,NA,NA
7/22/21,14:54:00,Flyinge_30_A1,Platycnemis_pennipes,Mature,1,,0,0,40,2021,NA,NA
7/22/21,14:54:00,Flyinge_30_A1,Platycnemis_pennipes,Teneral,0,,0,0,40,2021,NA,NA
7/22/21,14:54:00,Flyinge_30_A1,Coenagrion_pulchellum,Mature,1,,0,0,40,2021,NA,NA
7/22/21,14:54:00,Flyinge_30_A1,Enallagma_cyathigerum,Mature,1,,0,0,40,2021,NA,NA
7/22/21,14:54:00,Flyinge_30_A1,Platycnemis_pennipes,Mature,1,,0,0,40,2021,NA,NA
7/22/21,14:54:00,Flyinge_30_A1,Sympetrum_sanguineum,Mature,0,Gynochrome,0,0,40,2021,NA,NA
7/22/21,14:54:00,Flyinge_30_A1,Sympetrum_sanguineum,Mature,1,,0,0,40,2021,NA,NA
7/22/21,14:54:00,Flyinge_30_A1,Enallagma_cyathigerum,Mature,1,,0,1,40,2021,NA,NA
7/22/21,14:54:00,Flyinge_30_A1,Sympetrum_sanguineum,Mature,1,,0,0,40,2021,NA,NA
7/22/21,14:54:00,Flyinge_30_A1,Calopteryx_splendens,Mature,1,,0,NA,40,2021,NA,NA
7/22/21,14:54:00,Flyinge_30_A1,Calopteryx_splendens,Mature,1,,0,NA,40,2021,NA,NA
7/22/21,14:54:00,Flyinge_30_A1,Calopteryx_splendens,Mature,1,,0,NA,40,2021,NA,NA
7/22/21,14:54:00,Flyinge_30_A1,Calopteryx_virgo,Mature,0,Gynochrome,0,NA,40,2021,NA,NA
7/22/21,14:54:00,Flyinge_30_A1,Erythromma_viridulum,Mature,1,,0,NA,40,2021,NA,NA
7/22/21,14:54:00,Flyinge_30_A1,Erythromma_viridulum,Mature,1,,0,NA,40,2021,NA,NA
7/22/21,14:54:00,Flyinge_30_A1,Erythromma_viridulum,Mature,1,,0,NA,40,2021,NA,NA
7/22/21,14:54:00,Flyinge_30_A1,Erythromma_viridulum,Mature,1,,0,NA,40,2021,NA,NA
7/22/21,14:54:00,Flyinge_30_A1,Erythromma_viridulum,Mature,1,,0,NA,40,2021,NA,NA
7/22/21,14:54:00,Flyinge_30_A1,Erythromma_viridulum,Mature,1,,0,NA,40,2021,NA,NA
7/22/21,14:54:00,Flyinge_30_A1,Erythromma_viridulum,Mature,1,,0,NA,40,2021,NA,NA
7/22/21,14:54:00,Flyinge_30_A1,Erythromma_viridulum,Mature,1,,0,NA,40,2021,NA,NA
7/22/21,14:54:00,Flyinge_30_A1,Erythromma_viridulum,Mature,1,,0,NA,40,2021,NA,NA
7/22/21,14:54:00,Flyinge_30_A1,Erythromma_viridulum,Mature,1,,0,NA,40,2021,NA,NA
7/22/21,14:54:00,Flyinge_30_A1,Erythromma_viridulum,Mature,1,,0,NA,40,2021,NA,NA
7/22/21,14:54:00,Flyinge_30_A1,Erythromma_viridulum,Mature,1,,0,NA,40,2021,NA,NA
7/22/21,14:54:00,Flyinge_30_A1,Erythromma_viridulum,Mature,1,,0,NA,40,2021,NA,NA
7/22/21,14:54:00,Flyinge_30_A1,Erythromma_viridulum,Mature,1,,0,NA,40,2021,NA,NA
7/22/21,14:54:00,Flyinge_30_A1,Erythromma_viridulum,Mature,1,,0,NA,40,2021,NA,NA
7/22/21,14:54:00,Flyinge_30_A1,Erythromma_viridulum,Mature,1,,0,NA,40,2021,NA,NA
7/22/21,15:33:00,Flyinge_30_A3,Enallagma_cyathigerum,Mature,1,,0,1,40,2021,NA,NA
7/22/21,15:33:00,Flyinge_30_A3,Platycnemis_pennipes,Mature,0,Gynochrome,0,0,40,2021,NA,NA
7/22/21,15:33:00,Flyinge_30_A3,Platycnemis_pennipes,Mature,0,Gynochrome,0,0,40,2021,NA,NA
7/22/21,15:33:00,Flyinge_30_A3,Platycnemis_pennipes,Mature,0,Gynochrome,0,0,40,2021,NA,NA
7/22/21,15:33:00,Flyinge_30_A3,Platycnemis_pennipes,Mature,1,,0,0,40,2021,NA,NA
7/22/21,15:33:00,Flyinge_30_A3,Platycnemis_pennipes,Mature,1,,0,0,40,2021,NA,NA
7/22/21,15:33:00,Flyinge_30_A3,Coenagrion_pulchellum,Mature,0,Gynochrome,0,0,40,2021,NA,NA
7/22/21,15:33:00,Flyinge_30_A3,Platycnemis_pennipes,Immature,1,,0,0,40,2021,NA,NA
7/22/21,15:33:00,Flyinge_30_A3,Coenagrion_pulchellum,Mature,1,,0,0,40,2021,NA,NA
7/22/21,15:33:00,Flyinge_30_A3,Sympetrum_sanguineum,Mature,1,,0,0,40,2021,NA,NA
7/22/21,15:33:00,Flyinge_30_A3,Sympecma_fusca,Teneral,1,,0,0,40,2021,NA,NA
7/22/21,15:33:00,Flyinge_30_A3,Aeshna_grandis,Mature,1,,0,NA,40,2021,NA,NA
7/22/21,15:33:00,Flyinge_30_A3,Aeshna_grandis,Mature,1,,0,NA,40,2021,NA,NA
7/22/21,15:33:00,Flyinge_30_A3,Aeshna_grandis,Mature,0,Gynochrome,0,NA,40,2021,NA,NA
7/22/21,15:33:00,Flyinge_30_A3,Aeshna_isoceles,Mature,1,,0,NA,40,2021,NA,NA
7/22/21,15:33:00,Flyinge_30_A3,Aeshna_isoceles,Mature,1,,0,NA,40,2021,NA,NA
7/22/21,15:33:00,Flyinge_30_A3,Aeshna_isoceles,Mature,1,,0,NA,40,2021,NA,NA
7/22/21,15:33:00,Flyinge_30_A3,Calopteryx_splendens,Mature,0,Gynochrome,0,NA,40,2021,NA,NA
7/22/21,15:33:00,Flyinge_30_A3,Calopteryx_splendens,Mature,0,Gynochrome,0,NA,40,2021,NA,NA
7/22/21,15:33:00,Flyinge_30_A3,Calopteryx_splendens,Mature,1,,0,NA,40,2021,NA,NA
7/22/21,15:33:00,Flyinge_30_A3,Calopteryx_splendens,Mature,1,,0,NA,40,2021,NA,NA
7/22/21,15:33:00,Flyinge_30_A3,Calopteryx_splendens,Mature,1,,0,NA,40,2021,NA,NA
7/22/21,15:33:00,Flyinge_30_A3,Calopteryx_splendens,Mature,1,,0,NA,40,2021,NA,NA
7/22/21,15:33:00,Flyinge_30_A3,Calopteryx_splendens,Mature,1,,0,NA,40,2021,NA,NA
7/22/21,15:33:00,Flyinge_30_A3,Calopteryx_splendens,Mature,1,,0,NA,40,2021,NA,NA
7/22/21,15:33:00,Flyinge_30_A3,Calopteryx_splendens,Mature,1,,0,NA,40,2021,NA,NA
7/22/21,15:33:00,Flyinge_30_A3,Calopteryx_splendens,Mature,1,,0,NA,40,2021,NA,NA
7/22/21,15:33:00,Flyinge_30_A3,Calopteryx_splendens,Mature,1,,0,NA,40,2021,NA,NA
7/22/21,15:33:00,Flyinge_30_A3,Calopteryx_splendens,Mature,1,,0,NA,40,2021,NA,NA
7/22/21,15:33:00,Flyinge_30_A3,Calopteryx_splendens,Mature,1,,0,NA,40,2021,NA,NA
7/22/21,15:33:00,Flyinge_30_A3,Calopteryx_splendens,Mature,1,,0,NA,40,2021,NA,NA
7/22/21,15:33:00,Flyinge_30_A3,Calopteryx_splendens,Mature,1,,0,NA,40,2021,NA,NA
7/22/21,15:33:00,Flyinge_30_A3,Calopteryx_splendens,Mature,1,,0,NA,40,2021,NA,NA
7/22/21,15:33:00,Flyinge_30_A3,Calopteryx_splendens,Mature,1,,0,NA,40,2021,NA,NA
7/22/21,15:33:00,Flyinge_30_A3,Calopteryx_splendens,Mature,1,,0,NA,40,2021,NA,NA
7/22/21,15:33:00,Flyinge_30_A3,Sympetrum_sanguineum,Mature,1,,1,NA,40,2021,NA,NA
7/22/21,15:33:00,Flyinge_30_A3,Sympetrum_sanguineum,Mature,0,Gynochrome,1,NA,40,2021,NA,NA
7/22/21,15:33:00,Flyinge_30_A3,Sympetrum_sanguineum,Mature,1,,0,NA,40,2021,NA,NA
7/22/21,15:33:00,Flyinge_30_A3,Sympetrum_sanguineum,Mature,1,,0,NA,40,2021,NA,NA
7/22/21,15:33:00,Flyinge_30_A3,Anax_parthenope,Mature,1,,0,NA,40,2021,NA,NA
7/22/21,15:33:00,Flyinge_30_A3,Erythromma_viridulum,Mature,1,,0,NA,40,2021,NA,NA
7/22/21,15:33:00,Flyinge_30_A3,Erythromma_viridulum,Mature,1,,0,NA,40,2021,NA,NA
7/22/21,15:33:00,Flyinge_30_A3,Erythromma_viridulum,Mature,1,,0,NA,40,2021,NA,NA
7/22/21,15:33:00,Flyinge_30_A3,Erythromma_viridulum,Mature,1,,0,NA,40,2021,NA,NA
7/22/21,15:33:00,Flyinge_30_A3,Erythromma_viridulum,Mature,1,,0,NA,40,2021,NA,NA
7/22/21,15:33:00,Flyinge_30_A3,Erythromma_viridulum,Mature,1,,0,NA,40,2021,NA,NA
7/22/21,15:33:00,Flyinge_30_A3,Erythromma_viridulum,Mature,1,,0,NA,40,2021,NA,NA
7/22/21,15:33:00,Flyinge_30_A3,Erythromma_viridulum,Mature,1,,1,NA,40,2021,NA,NA
7/22/21,15:33:00,Flyinge_30_A3,Erythromma_viridulum,Mature,1,,1,NA,40,2021,NA,NA
7/22/21,15:33:00,Flyinge_30_A3,Erythromma_viridulum,Mature,0,Gynochrome,1,NA,40,2021,NA,NA
7/22/21,15:33:00,Flyinge_30_A3,Erythromma_viridulum,Mature,0,Gynochrome,1,NA,40,2021,NA,NA
7/23/21,10:34:00,Holmeja,Lestes_dryas,Mature,0,Gynochrome,0,0,115,2021,NA,NA
7/23/21,10:34:00,Holmeja,Lestes_virens,Mature,1,,0,0,115,2021,NA,NA
7/23/21,10:34:00,Holmeja,Lestes_virens,Immature,1,,0,0,115,2021,NA,NA
7/23/21,10:34:00,Holmeja,Lestes_sponsa,Mature,1,,0,0,115,2021,NA,NA
7/23/21,10:34:00,Holmeja,Lestes_dryas,Mature,1,,0,0,115,2021,NA,NA
7/23/21,10:34:00,Holmeja,Lestes_sponsa,Immature,1,,0,0,115,2021,NA,NA
7/23/21,10:34:00,Holmeja,Lestes_sponsa,Immature,1,,0,0,115,2021,NA,NA
7/23/21,10:34:00,Holmeja,Lestes_sponsa,Immature,1,,0,0,115,2021,NA,NA
7/23/21,10:34:00,Holmeja,Lestes_sponsa,Mature,1,,0,0,115,2021,NA,NA
7/23/21,10:34:00,Holmeja,Lestes_sponsa,Mature,1,,0,0,115,2021,NA,NA
7/23/21,10:34:00,Holmeja,Lestes_virens,Immature,0,Gynochrome,0,0,115,2021,NA,NA
7/23/21,10:34:00,Holmeja,Lestes_sponsa,Immature,1,,0,0,115,2021,NA,NA
7/23/21,10:34:00,Holmeja,Lestes_sponsa,Mature,1,,0,0,115,2021,NA,NA
7/23/21,10:34:00,Holmeja,Lestes_sponsa,Mature,1,,0,0,115,2021,NA,NA
7/23/21,10:34:00,Holmeja,Lestes_dryas,Mature,1,,0,0,115,2021,NA,NA
7/23/21,10:34:00,Holmeja,Lestes_sponsa,Mature,1,,0,0,115,2021,NA,NA
7/23/21,10:34:00,Holmeja,Lestes_dryas,Mature,1,,0,1,115,2021,NA,NA
7/23/21,10:34:00,Holmeja,Lestes_sponsa,Immature,1,,0,0,115,2021,NA,NA
7/23/21,10:34:00,Holmeja,Lestes_sponsa,Mature,0,Gynochrome,0,0,115,2021,NA,NA
7/23/21,10:34:00,Holmeja,Lestes_virens,Immature,1,,0,0,115,2021,NA,NA
7/23/21,10:34:00,Holmeja,Lestes_virens,Immature,1,,0,0,115,2021,NA,NA
7/23/21,10:34:00,Holmeja,Lestes_sponsa,Mature,1,,0,0,115,2021,NA,NA
7/23/21,10:34:00,Holmeja,Lestes_sponsa,Mature,1,,0,0,115,2021,NA,NA
7/23/21,10:34:00,Holmeja,Lestes_sponsa,Mature,1,,0,0,115,2021,NA,NA
7/23/21,10:34:00,Holmeja,Lestes_virens,Immature,1,,0,0,115,2021,NA,NA
7/23/21,10:34:00,Holmeja,Lestes_sponsa,Immature,1,,0,0,115,2021,NA,NA
7/23/21,10:34:00,Holmeja,Lestes_dryas,Mature,1,,0,0,115,2021,NA,NA
7/23/21,10:34:00,Holmeja,Lestes_virens,Mature,1,,0,0,115,2021,NA,NA
7/23/21,10:34:00,Holmeja,Lestes_dryas,Mature,1,,0,0,115,2021,NA,NA
7/23/21,10:34:00,Holmeja,Lestes_dryas,Mature,1,,0,0,115,2021,NA,NA
7/23/21,10:34:00,Holmeja,Lestes_sponsa,Mature,1,,0,0,115,2021,NA,NA
7/23/21,10:34:00,Holmeja,Lestes_dryas,Mature,1,,0,17,115,2021,NA,NA
7/23/21,10:34:00,Holmeja,Lestes_sponsa,Immature,1,,0,0,115,2021,NA,NA
7/23/21,10:34:00,Holmeja,Lestes_virens,Mature,1,,0,0,115,2021,NA,NA
7/23/21,10:34:00,Holmeja,Lestes_sponsa,Immature,0,Gynochrome,0,0,115,2021,NA,NA
7/23/21,10:34:00,Holmeja,Lestes_sponsa,Mature,1,,0,0,115,2021,NA,NA
7/23/21,10:34:00,Holmeja,Lestes_sponsa,Mature,1,,0,0,115,2021,NA,NA
7/23/21,10:34:00,Holmeja,Lestes_sponsa,Immature,1,,0,0,115,2021,NA,NA
7/23/21,10:34:00,Holmeja,Lestes_virens,Mature,1,,0,0,115,2021,NA,NA
7/23/21,10:34:00,Holmeja,Lestes_sponsa,Mature,1,,0,0,115,2021,NA,NA
7/23/21,10:34:00,Holmeja,Lestes_virens,Mature,1,,0,0,115,2021,NA,NA
7/23/21,10:34:00,Holmeja,Lestes_dryas,Mature,1,,0,0,115,2021,NA,NA
7/23/21,10:34:00,Holmeja,Lestes_sponsa,Mature,1,,0,0,115,2021,NA,NA
7/23/21,10:34:00,Holmeja,Lestes_sponsa,Mature,1,,0,0,115,2021,NA,NA
7/23/21,10:34:00,Holmeja,Lestes_sponsa,Mature,0,Gynochrome,0,0,115,2021,NA,NA
7/23/21,10:34:00,Holmeja,Lestes_sponsa,Mature,0,Gynochrome,0,0,115,2021,NA,NA
7/23/21,10:34:00,Holmeja,Lestes_sponsa,Mature,1,,0,0,115,2021,NA,NA
7/23/21,10:34:00,Holmeja,Lestes_sponsa,Mature,1,,0,0,115,2021,NA,NA
7/23/21,10:34:00,Holmeja,Lestes_virens,Immature,1,,0,0,115,2021,NA,NA
7/23/21,10:34:00,Holmeja,Lestes_dryas,Mature,1,,0,0,115,2021,NA,NA
7/23/21,10:34:00,Holmeja,Lestes_virens,Immature,0,Gynochrome,0,0,115,2021,NA,NA
7/23/21,10:34:00,Holmeja,Lestes_virens,Mature,1,,0,0,115,2021,NA,NA
7/23/21,10:34:00,Holmeja,Lestes_virens,Immature,1,,0,0,115,2021,NA,NA
7/23/21,10:34:00,Holmeja,Lestes_virens,Immature,0,Gynochrome,0,0,115,2021,NA,NA
7/23/21,10:34:00,Holmeja,Lestes_sponsa,Mature,1,,0,0,115,2021,NA,NA
7/23/21,10:34:00,Holmeja,Lestes_virens,Immature,1,,0,0,115,2021,NA,NA
7/23/21,10:34:00,Holmeja,Lestes_sponsa,Mature,0,Gynochrome,0,0,115,2021,NA,NA
7/23/21,10:34:00,Holmeja,Lestes_sponsa,Mature,1,,0,0,115,2021,NA,NA
7/23/21,10:34:00,Holmeja,Lestes_sponsa,Mature,1,,0,0,115,2021,NA,NA
7/23/21,10:34:00,Holmeja,Lestes_dryas,Mature,1,,0,0,115,2021,NA,NA
7/23/21,10:34:00,Holmeja,Lestes_virens,Immature,1,,0,0,115,2021,NA,NA
7/23/21,10:34:00,Holmeja,Lestes_sponsa,Mature,1,,0,0,115,2021,NA,NA
7/23/21,10:34:00,Holmeja,Lestes_virens,Immature,1,,0,0,115,2021,NA,NA
7/23/21,10:34:00,Holmeja,Lestes_sponsa,Mature,1,,0,0,115,2021,NA,NA
7/23/21,10:34:00,Holmeja,Lestes_sponsa,Mature,1,,0,0,115,2021,NA,NA
7/23/21,10:34:00,Holmeja,Lestes_virens,Mature,1,,0,0,115,2021,NA,NA
7/23/21,10:34:00,Holmeja,Lestes_sponsa,Mature,1,,0,0,115,2021,NA,NA
7/23/21,10:34:00,Holmeja,Lestes_sponsa,Mature,1,,0,0,115,2021,NA,NA
7/23/21,10:34:00,Holmeja,Lestes_sponsa,Mature,1,,0,0,115,2021,NA,NA
7/23/21,10:34:00,Holmeja,Lestes_sponsa,Mature,0,Gynochrome,0,0,115,2021,NA,NA
7/23/21,10:34:00,Holmeja,Lestes_virens,Immature,1,,0,0,115,2021,NA,NA
7/23/21,10:34:00,Holmeja,Lestes_sponsa,Immature,1,,0,0,115,2021,NA,NA
7/23/21,10:34:00,Holmeja,Lestes_sponsa,Mature,0,Gynochrome,0,0,115,2021,NA,NA
7/23/21,10:34:00,Holmeja,Lestes_sponsa,Mature,1,,0,0,115,2021,NA,NA
7/23/21,10:34:00,Holmeja,Lestes_sponsa,Mature,1,,0,8,115,2021,NA,NA
7/23/21,10:34:00,Holmeja,Lestes_sponsa,Immature,1,,0,0,115,2021,NA,NA
7/23/21,10:34:00,Holmeja,Lestes_virens,Immature,1,,0,0,115,2021,NA,NA
7/23/21,10:34:00,Holmeja,Lestes_dryas,Mature,1,,0,0,115,2021,NA,NA
7/23/21,10:34:00,Holmeja,Lestes_virens,Immature,0,Gynochrome,0,0,115,2021,NA,NA
7/23/21,10:34:00,Holmeja,Lestes_virens,Immature,0,Gynochrome,0,0,115,2021,NA,NA
7/23/21,10:34:00,Holmeja,Lestes_sponsa,Mature,1,,0,0,115,2021,NA,NA
7/23/21,10:34:00,Holmeja,Lestes_virens,Immature,0,Gynochrome,0,0,115,2021,NA,NA
7/23/21,10:34:00,Holmeja,Lestes_sponsa,Immature,1,,0,0,115,2021,NA,NA
7/23/21,10:34:00,Holmeja,Lestes_sponsa,Immature,0,Gynochrome,0,0,115,2021,NA,NA
7/23/21,10:34:00,Holmeja,Lestes_sponsa,Immature,0,Gynochrome,0,0,115,2021,NA,NA
7/23/21,10:34:00,Holmeja,Lestes_virens,Mature,0,Gynochrome,0,0,115,2021,NA,NA
7/23/21,10:34:00,Holmeja,Lestes_sponsa,Immature,0,Gynochrome,0,0,115,2021,NA,NA
7/23/21,10:34:00,Holmeja,Lestes_sponsa,Teneral,1,,0,0,115,2021,NA,NA
7/23/21,10:34:00,Holmeja,Lestes_dryas,Mature,1,,0,0,115,2021,NA,NA
7/23/21,10:34:00,Holmeja,Lestes_sponsa,Mature,1,,0,0,115,2021,NA,NA
7/23/21,10:34:00,Holmeja,Lestes_virens,Mature,0,Gynochrome,0,0,115,2021,NA,NA
7/23/21,10:34:00,Holmeja,Lestes_virens,Mature,0,Gynochrome,0,0,115,2021,NA,NA
7/23/21,10:34:00,Holmeja,Lestes_virens,Mature,0,Gynochrome,0,0,115,2021,NA,NA
7/23/21,10:34:00,Holmeja,Lestes_sponsa,Mature,1,,0,0,115,2021,NA,NA
7/23/21,10:34:00,Holmeja,Lestes_dryas,Mature,1,,0,0,115,2021,NA,NA
7/23/21,10:34:00,Holmeja,Lestes_sponsa,Mature,1,,0,5,115,2021,NA,NA
7/23/21,10:34:00,Holmeja,Lestes_sponsa,Mature,1,,0,0,115,2021,NA,NA
7/23/21,10:34:00,Holmeja,Lestes_sponsa,Mature,1,,0,0,115,2021,NA,NA
7/23/21,10:34:00,Holmeja,Lestes_sponsa,Immature,1,,0,0,115,2021,NA,NA
7/23/21,10:34:00,Holmeja,Lestes_sponsa,Mature,1,,0,0,115,2021,NA,NA
7/23/21,10:34:00,Holmeja,Lestes_sponsa,Mature,1,,0,0,115,2021,NA,NA
7/23/21,10:34:00,Holmeja,Lestes_sponsa,Mature,1,,0,0,115,2021,NA,NA
7/23/21,10:34:00,Holmeja,Lestes_sponsa,Immature,0,Gynochrome,0,0,115,2021,NA,NA
7/23/21,10:34:00,Holmeja,Lestes_virens,Mature,0,Gynochrome,0,0,115,2021,NA,NA
7/23/21,10:34:00,Holmeja,Lestes_virens,Mature,1,,0,0,115,2021,NA,NA
7/23/21,10:34:00,Holmeja,Lestes_sponsa,Mature,1,,0,0,115,2021,NA,NA
7/23/21,10:34:00,Holmeja,Lestes_virens,Mature,1,,0,0,115,2021,NA,NA
7/23/21,10:34:00,Holmeja,Lestes_virens,Immature,1,,0,0,115,2021,NA,NA
7/23/21,10:34:00,Holmeja,Lestes_sponsa,Mature,1,,0,0,115,2021,NA,NA
7/23/21,10:34:00,Holmeja,Lestes_sponsa,Mature,1,,0,0,115,2021,NA,NA
7/23/21,10:34:00,Holmeja,Lestes_sponsa,Mature,1,,0,0,115,2021,NA,NA
7/23/21,10:34:00,Holmeja,Lestes_sponsa,Mature,1,,0,0,115,2021,NA,NA
7/23/21,10:34:00,Holmeja,Lestes_virens,Immature,1,,0,0,115,2021,NA,NA
7/23/21,10:34:00,Holmeja,Lestes_dryas,Mature,1,,0,0,115,2021,NA,NA
7/23/21,10:34:00,Holmeja,Lestes_dryas,Mature,1,,0,0,115,2021,NA,NA
7/23/21,10:34:00,Holmeja,Lestes_virens,Immature,0,Gynochrome,0,0,115,2021,NA,NA
7/23/21,10:34:00,Holmeja,Lestes_virens,Mature,1,,0,0,115,2021,NA,NA
7/23/21,10:34:00,Holmeja,Lestes_virens,Immature,0,Gynochrome,0,0,115,2021,NA,NA
7/23/21,10:34:00,Holmeja,Lestes_sponsa,Mature,1,,0,0,115,2021,NA,NA
7/23/21,10:34:00,Holmeja,Lestes_virens,Immature,1,,0,0,115,2021,NA,NA
7/23/21,10:34:00,Holmeja,Lestes_sponsa,Immature,1,,0,0,115,2021,NA,NA
7/23/21,10:34:00,Holmeja,Lestes_dryas,Immature,1,,0,0,115,2021,NA,NA
7/23/21,10:34:00,Holmeja,Lestes_sponsa,Mature,1,,0,0,115,2021,NA,NA
7/23/21,10:34:00,Holmeja,Lestes_virens,Mature,0,Gynochrome,0,0,115,2021,NA,NA
7/23/21,10:34:00,Holmeja,Lestes_sponsa,Mature,1,,0,0,115,2021,NA,NA
7/23/21,10:34:00,Holmeja,Lestes_dryas,Mature,1,,0,0,115,2021,NA,NA
7/23/21,10:34:00,Holmeja,Lestes_dryas,Mature,1,,0,0,115,2021,NA,NA
7/23/21,10:34:00,Holmeja,Lestes_virens,Mature,1,,0,0,115,2021,NA,NA
7/23/21,10:34:00,Holmeja,Lestes_virens,Mature,1,,0,0,115,2021,NA,NA
7/23/21,10:34:00,Holmeja,Lestes_sponsa,Mature,1,,0,0,115,2021,NA,NA
7/23/21,10:34:00,Holmeja,Lestes_virens,Mature,0,Gynochrome,0,0,115,2021,NA,NA
7/23/21,10:34:00,Holmeja,Lestes_sponsa,Mature,1,,0,0,115,2021,NA,NA
7/23/21,10:34:00,Holmeja,Lestes_dryas,Mature,1,,0,0,115,2021,NA,NA
7/23/21,10:34:00,Holmeja,Lestes_sponsa,Mature,1,,0,0,115,2021,NA,NA
7/23/21,10:34:00,Holmeja,Lestes_sponsa,Mature,1,,0,0,115,2021,NA,NA
7/23/21,10:34:00,Holmeja,Lestes_dryas,Mature,1,,0,0,115,2021,NA,NA
7/23/21,10:34:00,Holmeja,Lestes_virens,Immature,0,Gynochrome,0,0,115,2021,NA,NA
7/23/21,10:34:00,Holmeja,Lestes_virens,Immature,0,Gynochrome,0,0,115,2021,NA,NA
7/23/21,10:34:00,Holmeja,Lestes_dryas,Mature,1,,0,0,115,2021,NA,NA
7/23/21,10:34:00,Holmeja,Lestes_sponsa,Mature,0,Gynochrome,0,0,115,2021,NA,NA
7/23/21,10:34:00,Holmeja,Lestes_sponsa,Mature,1,,0,0,115,2021,NA,NA
7/23/21,10:34:00,Holmeja,Lestes_virens,Immature,1,,0,0,115,2021,NA,NA
7/23/21,10:34:00,Holmeja,Lestes_virens,Immature,1,,0,0,115,2021,NA,NA
7/23/21,10:34:00,Holmeja,Lestes_dryas,Mature,1,,0,0,115,2021,NA,NA
7/23/21,10:34:00,Holmeja,Lestes_sponsa,Mature,0,Gynochrome,0,0,115,2021,NA,NA
7/23/21,10:34:00,Holmeja,Lestes_virens,Immature,0,Gynochrome,0,0,115,2021,NA,NA
7/23/21,10:34:00,Holmeja,Lestes_virens,Immature,1,,0,0,115,2021,NA,NA
7/23/21,10:34:00,Holmeja,Lestes_sponsa,Immature,1,,0,0,115,2021,NA,NA
7/23/21,10:34:00,Holmeja,Lestes_sponsa,Mature,1,,0,0,115,2021,NA,NA
7/23/21,10:34:00,Holmeja,Lestes_sponsa,Mature,1,,0,0,115,2021,NA,NA
7/23/21,10:34:00,Holmeja,Lestes_virens,Immature,0,Gynochrome,0,0,115,2021,NA,NA
7/23/21,10:34:00,Holmeja,Lestes_sponsa,Mature,1,,0,0,115,2021,NA,NA
7/23/21,10:34:00,Holmeja,Lestes_dryas,Mature,1,,0,0,115,2021,NA,NA
7/23/21,10:34:00,Holmeja,Lestes_virens,Immature,0,Gynochrome,0,0,115,2021,NA,NA
7/23/21,10:34:00,Holmeja,Lestes_sponsa,Mature,1,,0,0,115,2021,NA,NA
7/23/21,10:34:00,Holmeja,Lestes_virens,Immature,1,,0,0,115,2021,NA,NA
7/23/21,10:34:00,Holmeja,Lestes_virens,Mature,1,,0,0,115,2021,NA,NA
7/23/21,10:34:00,Holmeja,Lestes_sponsa,Mature,1,,0,0,115,2021,NA,NA
7/23/21,10:34:00,Holmeja,Lestes_sponsa,Mature,1,,0,3,115,2021,NA,NA
7/23/21,10:34:00,Holmeja,Lestes_sponsa,Mature,1,,0,0,115,2021,NA,NA
7/23/21,10:34:00,Holmeja,Lestes_sponsa,Mature,1,,0,0,115,2021,NA,NA
7/23/21,10:34:00,Holmeja,Lestes_sponsa,Mature,1,,0,1,115,2021,NA,NA
7/23/21,10:34:00,Holmeja,Lestes_dryas,Mature,1,,0,0,115,2021,NA,NA
7/23/21,10:34:00,Holmeja,Lestes_dryas,Mature,1,,0,0,115,2021,NA,NA
7/23/21,10:34:00,Holmeja,Lestes_dryas,Mature,0,Gynochrome,0,0,115,2021,NA,NA
7/23/21,10:34:00,Holmeja,Lestes_sponsa,Mature,1,,0,0,115,2021,NA,NA
7/23/21,10:34:00,Holmeja,Lestes_sponsa,Mature,1,,0,0,115,2021,NA,NA
7/23/21,10:34:00,Holmeja,Lestes_sponsa,Mature,1,,0,0,115,2021,NA,NA
7/23/21,10:34:00,Holmeja,Lestes_sponsa,Immature,1,,0,0,115,2021,NA,NA
7/23/21,10:34:00,Holmeja,Lestes_sponsa,Mature,1,,0,0,115,2021,NA,NA
7/23/21,10:34:00,Holmeja,Lestes_sponsa,Immature,1,,0,0,115,2021,NA,NA
7/23/21,10:34:00,Holmeja,Lestes_sponsa,Mature,1,,0,0,115,2021,NA,NA
7/23/21,10:34:00,Holmeja,Lestes_sponsa,Mature,1,,0,0,115,2021,NA,NA
7/23/21,10:34:00,Holmeja,Lestes_sponsa,Mature,1,,0,0,115,2021,NA,NA
7/23/21,10:34:00,Holmeja,Lestes_sponsa,Mature,1,,0,0,115,2021,NA,NA
7/23/21,10:34:00,Holmeja,Lestes_sponsa,Mature,1,,0,0,115,2021,NA,NA
7/23/21,10:34:00,Holmeja,Lestes_sponsa,Mature,1,,0,0,115,2021,NA,NA
7/23/21,10:34:00,Holmeja,Lestes_sponsa,Mature,1,,0,0,115,2021,NA,NA
7/23/21,10:34:00,Holmeja,Lestes_sponsa,Mature,1,,0,0,115,2021,NA,NA
7/23/21,10:34:00,Holmeja,Lestes_sponsa,Immature,1,,0,0,115,2021,NA,NA
7/23/21,10:34:00,Holmeja,Lestes_sponsa,Mature,1,,0,0,115,2021,NA,NA
7/23/21,10:34:00,Holmeja,Lestes_sponsa,Mature,1,,0,0,115,2021,NA,NA
7/23/21,10:34:00,Holmeja,Lestes_sponsa,Mature,1,,0,0,115,2021,NA,NA
7/23/21,10:34:00,Holmeja,Lestes_sponsa,Mature,1,,0,0,115,2021,NA,NA
7/23/21,10:34:00,Holmeja,Lestes_virens,Mature,0,Gynochrome,0,0,115,2021,NA,NA
7/23/21,10:34:00,Holmeja,Lestes_sponsa,Immature,1,,0,0,115,2021,NA,NA
7/23/21,10:34:00,Holmeja,Lestes_sponsa,Immature,1,,0,0,115,2021,NA,NA
7/23/21,10:34:00,Holmeja,Lestes_virens,Mature,1,,0,0,115,2021,NA,NA
7/23/21,10:34:00,Holmeja,Lestes_sponsa,Mature,1,,0,0,115,2021,NA,NA
7/23/21,10:34:00,Holmeja,Lestes_sponsa,Mature,1,,0,0,115,2021,NA,NA
7/23/21,10:34:00,Holmeja,Lestes_sponsa,Mature,1,,0,0,115,2021,NA,NA
7/23/21,10:34:00,Holmeja,Lestes_sponsa,Mature,1,,0,1,115,2021,NA,NA
7/23/21,10:34:00,Holmeja,Lestes_sponsa,Mature,1,,0,0,115,2021,NA,NA
7/23/21,10:34:00,Holmeja,Lestes_virens,Immature,0,Gynochrome,0,0,115,2021,NA,NA
7/23/21,10:34:00,Holmeja,Lestes_sponsa,Immature,1,,0,0,115,2021,NA,NA
7/23/21,10:34:00,Holmeja,Lestes_virens,Immature,0,Gynochrome,0,0,115,2021,NA,NA
7/23/21,10:34:00,Holmeja,Lestes_sponsa,Mature,1,,0,0,115,2021,NA,NA
7/23/21,10:34:00,Holmeja,Lestes_sponsa,Mature,1,,1,0,115,2021,NA,NA
7/23/21,10:34:00,Holmeja,Lestes_sponsa,Mature,0,Gynochrome,1,0,115,2021,NA,NA
7/23/21,10:34:00,Holmeja,Sympetrum_danae,Mature,1,,0,0,115,2021,NA,NA
7/23/21,10:34:00,Holmeja,Sympetrum_sanguineum,Mature,1,,1,0,115,2021,NA,NA
7/23/21,10:34:00,Holmeja,Sympetrum_danae,Immature,1,,0,0,115,2021,NA,NA
7/23/21,10:34:00,Holmeja,Sympetrum_danae,Immature,1,,0,0,115,2021,NA,NA
7/23/21,10:34:00,Holmeja,Sympetrum_sanguineum,Mature,0,Gynochrome,1,0,115,2021,NA,NA
7/23/21,10:34:00,Holmeja,Sympetrum_danae,Immature,0,Gynochrome,0,0,115,2021,NA,NA
7/23/21,10:34:00,Holmeja,Sympetrum_danae,Mature,1,,0,0,115,2021,NA,NA
7/23/21,10:34:00,Holmeja,Sympetrum_danae,Immature,0,Gynochrome,0,0,115,2021,NA,NA
7/23/21,10:34:00,Holmeja,Sympetrum_danae,Immature,1,,0,0,115,2021,NA,NA
7/23/21,10:34:00,Holmeja,Sympetrum_danae,Immature,0,Gynochrome,0,0,115,2021,NA,NA
7/23/21,10:34:00,Holmeja,Sympetrum_danae,Immature,0,Gynochrome,0,0,115,2021,NA,NA
7/23/21,10:34:00,Holmeja,Sympetrum_sanguineum,Immature,1,,0,0,115,2021,NA,NA
7/23/21,10:34:00,Holmeja,Sympetrum_danae,Immature,0,Gynochrome,0,0,115,2021,NA,NA
7/23/21,10:34:00,Holmeja,Sympetrum_danae,Immature,0,Gynochrome,0,0,115,2021,NA,NA
7/23/21,10:34:00,Holmeja,Leucorrhinia_pectoralis,Mature,1,,0,0,115,2021,NA,NA
7/23/21,10:34:00,Holmeja,Sympetrum_sanguineum,Immature,1,,0,0,115,2021,NA,NA
7/23/21,10:34:00,Holmeja,Sympetrum_danae,Immature,0,Gynochrome,0,0,115,2021,NA,NA
7/23/21,10:34:00,Holmeja,Sympetrum_danae,Immature,1,,0,0,115,2021,NA,NA
7/23/21,10:34:00,Holmeja,Sympetrum_danae,Immature,1,,0,0,115,2021,NA,NA
7/23/21,10:34:00,Holmeja,Sympetrum_danae,Immature,1,,0,0,115,2021,NA,NA
7/23/21,10:34:00,Holmeja,Sympetrum_sanguineum,Immature,0,Gynochrome,0,0,115,2021,NA,NA
7/23/21,10:34:00,Holmeja,Sympetrum_danae,Immature,0,Gynochrome,0,0,115,2021,NA,NA
7/23/21,10:34:00,Holmeja,Sympetrum_danae,Immature,0,Gynochrome,0,0,115,2021,NA,NA
7/23/21,10:34:00,Holmeja,Sympetrum_danae,Immature,1,,0,0,115,2021,NA,NA
7/23/21,10:34:00,Holmeja,Somatochlora_flavomaculata,Immature,1,,0,0,115,2021,NA,NA
7/23/21,10:34:00,Holmeja,Leucorrhinia_dubia,Mature,1,,0,0,115,2021,NA,NA
7/23/21,10:34:00,Holmeja,Leucorrhinia_dubia,Mature,1,,0,0,115,2021,NA,NA
7/23/21,10:34:00,Holmeja,Somatochlora_flavomaculata,Immature,1,,0,0,115,2021,NA,NA
7/23/21,15:27:00,Vombs_Bruksgard,Cordulia_aenea,Mature,1,,0,0,135,2021,NA,NA
7/23/21,15:27:00,Vombs_Bruksgard,Sympetrum_sanguineum,Mature,1,,0,0,135,2021,NA,NA
7/23/21,15:27:00,Vombs_Bruksgard,Sympetrum_sanguineum,Mature,1,,0,0,135,2021,NA,NA
7/23/21,15:27:00,Vombs_Bruksgard,Sympetrum_sanguineum,Immature,1,,0,0,135,2021,NA,NA
7/23/21,15:27:00,Vombs_Bruksgard,Sympetrum_sanguineum,Mature,1,,0,0,135,2021,NA,NA
7/23/21,15:27:00,Vombs_Bruksgard,Sympetrum_sanguineum,Mature,1,,0,0,135,2021,NA,NA
7/23/21,15:27:00,Vombs_Bruksgard,Sympetrum_sanguineum,Immature,1,,0,0,135,2021,NA,NA
7/23/21,15:27:00,Vombs_Bruksgard,Sympetrum_sanguineum,Mature,1,,0,0,135,2021,NA,NA
7/23/21,15:27:00,Vombs_Bruksgard,Sympetrum_sanguineum,Immature,1,,0,0,135,2021,NA,NA
7/23/21,15:27:00,Vombs_Bruksgard,Sympetrum_sanguineum,Mature,1,,0,0,135,2021,NA,NA
7/23/21,15:27:00,Vombs_Bruksgard,Sympetrum_sanguineum,Mature,1,,0,0,135,2021,NA,NA
7/23/21,15:27:00,Vombs_Bruksgard,Sympetrum_sanguineum,Immature,1,,0,0,135,2021,NA,NA
7/23/21,15:27:00,Vombs_Bruksgard,Sympetrum_sanguineum,Immature,1,,0,0,135,2021,NA,NA
7/23/21,15:27:00,Vombs_Bruksgard,Sympetrum_sanguineum,Mature,1,,0,0,135,2021,NA,NA
7/23/21,15:27:00,Vombs_Bruksgard,Sympetrum_vulgatum,Immature,1,,0,0,135,2021,NA,NA
7/23/21,15:27:00,Vombs_Bruksgard,Sympetrum_vulgatum,Immature,1,,0,0,135,2021,NA,NA
7/23/21,15:27:00,Vombs_Bruksgard,Sympetrum_vulgatum,Immature,0,,0,0,135,2021,NA,NA
7/23/21,15:27:00,Vombs_Bruksgard,Sympetrum_sanguineum,Teneral,1,,0,0,135,2021,NA,NA
7/23/21,15:27:00,Vombs_Bruksgard,Sympetrum_vulgatum,Teneral,0,,0,0,135,2021,NA,NA
7/23/21,15:27:00,Vombs_Bruksgard,Sympetrum_vulgatum,Teneral,0,,0,0,135,2021,NA,NA
7/23/21,15:27:00,Vombs_Bruksgard,Sympetrum_sanguineum,Mature,1,,0,0,135,2021,NA,NA
7/23/21,15:27:00,Vombs_Bruksgard,Anax_imperator,Mature,1,,0,NA,135,2021,NA,NA
7/23/21,15:27:00,Vombs_Bruksgard,Aeshna_grandis,Mature,1,,0,NA,135,2021,NA,NA
7/23/21,15:27:00,Vombs_Bruksgard,Libellula_quadrimaculata,Mature,,,0,NA,135,2021,NA,NA
7/23/21,15:27:00,Vombs_Bruksgard,Libellula_quadrimaculata,Mature,,,0,NA,135,2021,NA,NA
7/23/21,15:27:00,Vombs_Bruksgard,Libellula_quadrimaculata,Mature,,,0,NA,135,2021,NA,NA
7/23/21,15:27:00,Vombs_Bruksgard,Sympetrum_sanguineum,Mature,1,,0,0,135,2021,NA,NA
7/23/21,15:27:00,Vombs_Bruksgard,Sympetrum_vulgatum,Teneral,0,,0,0,135,2021,NA,NA
7/23/21,15:27:00,Vombs_Bruksgard,Sympetrum_sanguineum,Immature,0,,0,0,135,2021,NA,NA
7/23/21,15:27:00,Vombs_Bruksgard,Sympetrum_vulgatum,Immature,0,,0,0,135,2021,NA,NA
7/23/21,15:27:00,Vombs_Bruksgard,Sympetrum_striolatum,Immature,0,,0,0,135,2021,NA,NA
7/23/21,15:27:00,Vombs_Bruksgard,Sympetrum_vulgatum,Teneral,0,,0,0,135,2021,NA,NA
7/23/21,15:27:00,Vombs_Bruksgard,Lestes_sponsa,Mature,1,,0,0,135,2021,NA,NA
7/23/21,15:27:00,Vombs_Bruksgard,Lestes_sponsa,Mature,1,,0,0,135,2021,NA,NA
7/23/21,15:27:00,Vombs_Bruksgard,Lestes_sponsa,Mature,1,,0,0,135,2021,NA,NA
7/23/21,15:27:00,Vombs_Bruksgard,Lestes_sponsa,Mature,1,,0,0,135,2021,NA,NA
7/23/21,15:27:00,Vombs_Bruksgard,Lestes_sponsa,Immature,1,,0,0,135,2021,NA,NA
7/23/21,15:27:00,Vombs_Bruksgard,Lestes_sponsa,Immature,1,,0,0,135,2021,NA,NA
7/23/21,15:27:00,Vombs_Bruksgard,Lestes_sponsa,Mature,1,,0,0,135,2021,NA,NA
7/23/21,15:27:00,Vombs_Bruksgard,Lestes_virens,Immature,1,,0,0,135,2021,NA,NA
7/23/21,15:27:00,Vombs_Bruksgard,Lestes_virens,Immature,0,,0,0,135,2021,NA,NA
7/23/21,15:27:00,Vombs_Bruksgard,Lestes_virens,Immature,1,,0,0,135,2021,NA,NA
7/23/21,15:27:00,Vombs_Bruksgard,Lestes_sponsa,Mature,1,,0,0,135,2021,NA,NA
7/23/21,15:27:00,Vombs_Bruksgard,Lestes_sponsa,Mature,1,,0,0,135,2021,NA,NA
7/23/21,15:27:00,Vombs_Bruksgard,Lestes_virens,Teneral,1,,0,0,135,2021,NA,NA
7/23/21,15:27:00,Vombs_Bruksgard,Lestes_virens,Teneral,0,,0,0,135,2021,NA,NA
7/23/21,15:27:00,Vombs_Bruksgard,Lestes_sponsa,Immature,1,,0,0,135,2021,NA,NA
7/23/21,15:27:00,Vombs_Bruksgard,Lestes_dryas,Teneral,0,,0,0,135,2021,NA,NA
7/23/21,15:27:00,Vombs_Bruksgard,Lestes_sponsa,Mature,1,,0,0,135,2021,NA,NA
7/23/21,15:27:00,Vombs_Bruksgard,Lestes_sponsa,Mature,1,,0,0,135,2021,NA,NA
7/23/21,15:27:00,Vombs_Bruksgard,Lestes_sponsa,Mature,1,,0,0,135,2021,NA,NA
7/23/21,15:27:00,Vombs_Bruksgard,Lestes_sponsa,Immature,1,,0,6,135,2021,NA,NA
7/23/21,15:27:00,Vombs_Bruksgard,Lestes_sponsa,Mature,1,,0,0,135,2021,NA,NA
7/23/21,15:27:00,Vombs_Bruksgard,Lestes_sponsa,Mature,1,,0,0,135,2021,NA,NA
7/23/21,15:27:00,Vombs_Bruksgard,Lestes_sponsa,Mature,1,,0,0,135,2021,NA,NA
7/23/21,15:27:00,Vombs_Bruksgard,Lestes_sponsa,Mature,1,,0,0,135,2021,NA,NA
7/23/21,15:27:00,Vombs_Bruksgard,Lestes_sponsa,Mature,1,,0,0,135,2021,NA,NA
7/23/21,15:27:00,Vombs_Bruksgard,Lestes_sponsa,Mature,1,,0,0,135,2021,NA,NA
7/23/21,15:27:00,Vombs_Bruksgard,Lestes_sponsa,Mature,1,,0,0,135,2021,NA,NA
7/23/21,15:27:00,Vombs_Bruksgard,Lestes_virens,Teneral,0,,0,0,135,2021,NA,NA
7/23/21,15:27:00,Vombs_Bruksgard,Lestes_virens,Immature,0,,0,0,135,2021,NA,NA
7/23/21,15:27:00,Vombs_Bruksgard,Lestes_sponsa,Mature,1,,0,0,135,2021,NA,NA
7/23/21,15:27:00,Vombs_Bruksgard,Lestes_sponsa,Mature,1,,0,0,135,2021,NA,NA
7/23/21,15:27:00,Vombs_Bruksgard,Lestes_sponsa,Immature,1,,0,0,135,2021,NA,NA
7/23/21,15:27:00,Vombs_Bruksgard,Lestes_sponsa,Mature,1,,0,0,135,2021,NA,NA
7/23/21,15:27:00,Vombs_Bruksgard,Lestes_sponsa,Mature,1,,0,0,135,2021,NA,NA
7/23/21,15:27:00,Vombs_Bruksgard,Lestes_virens,Immature,0,,0,0,135,2021,NA,NA
7/23/21,15:27:00,Vombs_Bruksgard,Lestes_virens,Teneral,0,,0,0,135,2021,NA,NA
7/23/21,15:27:00,Vombs_Bruksgard,Lestes_sponsa,Mature,1,,0,3,135,2021,NA,NA
7/23/21,15:27:00,Vombs_Bruksgard,Lestes_sponsa,Mature,1,,0,0,135,2021,NA,NA
7/23/21,15:27:00,Vombs_Bruksgard,Lestes_sponsa,Teneral,0,,0,0,135,2021,NA,NA
7/23/21,15:27:00,Vombs_Bruksgard,Lestes_sponsa,Mature,1,,0,0,135,2021,NA,NA
7/23/21,15:27:00,Vombs_Bruksgard,Lestes_virens,Teneral,0,,0,0,135,2021,NA,NA
7/23/21,15:27:00,Vombs_Bruksgard,Lestes_sponsa,Mature,1,,0,0,135,2021,NA,NA
7/23/21,15:27:00,Vombs_Bruksgard,Lestes_sponsa,Mature,1,,0,0,135,2021,NA,NA
7/23/21,15:27:00,Vombs_Bruksgard,Lestes_sponsa,Mature,1,,0,0,135,2021,NA,NA
7/23/21,15:27:00,Vombs_Bruksgard,Lestes_sponsa,Mature,1,,0,0,135,2021,NA,NA
7/23/21,15:27:00,Vombs_Bruksgard,Lestes_sponsa,Mature,1,,0,0,135,2021,NA,NA
7/23/21,15:27:00,Vombs_Bruksgard,Lestes_sponsa,Mature,1,,0,0,135,2021,NA,NA
7/23/21,15:27:00,Vombs_Bruksgard,Lestes_sponsa,Mature,1,,0,0,135,2021,NA,NA
7/23/21,15:27:00,Vombs_Bruksgard,Lestes_sponsa,Mature,1,,0,0,135,2021,NA,NA
7/23/21,15:27:00,Vombs_Bruksgard,Lestes_sponsa,Teneral,1,,0,0,135,2021,NA,NA
7/23/21,15:27:00,Vombs_Bruksgard,Lestes_sponsa,Mature,1,,0,0,135,2021,NA,NA
7/23/21,15:27:00,Vombs_Bruksgard,Lestes_virens,Immature,1,,0,0,135,2021,NA,NA
7/23/21,15:27:00,Vombs_Bruksgard,Lestes_sponsa,Mature,1,,0,0,135,2021,NA,NA
7/23/21,15:27:00,Vombs_Bruksgard,Lestes_sponsa,Mature,1,,0,0,135,2021,NA,NA
7/23/21,15:27:00,Vombs_Bruksgard,Lestes_sponsa,Mature,1,,0,0,135,2021,NA,NA
7/23/21,15:27:00,Vombs_Bruksgard,Lestes_sponsa,Mature,1,,0,0,135,2021,NA,NA
7/23/21,15:27:00,Vombs_Bruksgard,Lestes_sponsa,Mature,1,,0,0,135,2021,NA,NA
7/23/21,15:27:00,Vombs_Bruksgard,Lestes_sponsa,Mature,1,,0,0,135,2021,NA,NA
7/23/21,15:27:00,Vombs_Bruksgard,Lestes_sponsa,Mature,1,,0,0,135,2021,NA,NA
7/23/21,15:27:00,Vombs_Bruksgard,Lestes_sponsa,Teneral,1,,0,0,135,2021,NA,NA
7/23/21,15:27:00,Vombs_Bruksgard,Lestes_sponsa,Mature,1,,0,0,135,2021,NA,NA
7/23/21,15:27:00,Vombs_Bruksgard,Lestes_sponsa,Mature,1,,0,0,135,2021,NA,NA
7/23/21,15:27:00,Vombs_Bruksgard,Lestes_sponsa,Mature,1,,0,0,135,2021,NA,NA
7/23/21,15:27:00,Vombs_Bruksgard,Lestes_sponsa,Mature,1,,0,0,135,2021,NA,NA
7/23/21,15:27:00,Vombs_Bruksgard,Lestes_sponsa,Mature,1,,0,0,135,2021,NA,NA
7/23/21,15:27:00,Vombs_Bruksgard,Lestes_virens,Mature,1,,0,0,135,2021,NA,NA
7/23/21,15:27:00,Vombs_Bruksgard,Lestes_virens,Immature,0,,0,0,135,2021,NA,NA
7/23/21,15:27:00,Vombs_Bruksgard,Lestes_virens,Immature,0,,0,0,135,2021,NA,NA
7/23/21,15:27:00,Vombs_Bruksgard,Lestes_sponsa,Mature,1,,0,0,135,2021,NA,NA
7/23/21,15:27:00,Vombs_Bruksgard,Lestes_virens,Teneral,1,,0,NA,135,2021,NA,NA
7/23/21,15:27:00,Vombs_Bruksgard,Lestes_sponsa,Immature,1,,0,0,135,2021,NA,NA
7/23/21,15:27:00,Vombs_Bruksgard,Lestes_sponsa,Immature,1,,0,0,135,2021,NA,NA
7/23/21,15:27:00,Vombs_Bruksgard,Lestes_sponsa,Mature,1,,0,0,135,2021,NA,NA
7/23/21,15:27:00,Vombs_Bruksgard,Lestes_virens,Teneral,1,,0,NA,135,2021,NA,NA
7/23/21,15:27:00,Vombs_Bruksgard,Lestes_sponsa,Immature,1,,0,7,135,2021,NA,NA
7/23/21,15:27:00,Vombs_Bruksgard,Lestes_sponsa,Mature,1,,0,7,135,2021,NA,NA
7/23/21,15:27:00,Vombs_Bruksgard,Lestes_virens,Immature,1,,0,NA,135,2021,NA,NA
7/23/21,15:27:00,Vombs_Bruksgard,Lestes_virens,Teneral,0,,0,NA,135,2021,NA,NA
7/23/21,15:27:00,Vombs_Bruksgard,Lestes_virens,Immature,0,,0,NA,135,2021,NA,NA
7/23/21,15:27:00,Vombs_Bruksgard,Lestes_sponsa,Mature,1,,0,0,135,2021,NA,NA
7/23/21,15:27:00,Vombs_Bruksgard,Lestes_sponsa,Mature,1,,0,0,135,2021,NA,NA
7/23/21,15:27:00,Vombs_Bruksgard,Lestes_sponsa,Mature,1,,0,0,135,2021,NA,NA
7/23/21,15:27:00,Vombs_Bruksgard,Lestes_sponsa,Teneral,0,,0,0,135,2021,NA,NA
7/23/21,15:27:00,Vombs_Bruksgard,Lestes_sponsa,Mature,0,Gynochrome,1,0,135,2021,NA,NA
7/23/21,15:27:00,Vombs_Bruksgard,Lestes_sponsa,Mature,0,Gynochrome,1,0,135,2021,NA,NA
7/23/21,15:27:00,Vombs_Bruksgard,Lestes_sponsa,Mature,1,,1,0,135,2021,NA,NA
7/23/21,15:27:00,Vombs_Bruksgard,Lestes_sponsa,Mature,0,Gynochrome,1,NA,135,2021,NA,NA
7/23/21,15:27:00,Vombs_Bruksgard,Lestes_sponsa,Mature,1,,1,4,135,2021,NA,NA
7/23/21,15:27:00,Vombs_Bruksgard,Lestes_sponsa,Mature,0,Gynochrome,1,0,135,2021,NA,NA
7/23/21,15:27:00,Vombs_Bruksgard,Lestes_sponsa,Mature,0,Gynochrome,1,0,135,2021,NA,NA
7/23/21,15:27:00,Vombs_Bruksgard,Lestes_sponsa,Mature,1,,1,2,135,2021,NA,NA
7/23/21,15:27:00,Vombs_Bruksgard,Lestes_sponsa,Mature,1,,1,0,135,2021,NA,NA
7/23/21,15:27:00,Vombs_Bruksgard,Enallagma_cyathigerum,Mature,1,,1,0,135,2021,NA,NA
7/23/21,15:27:00,Vombs_Bruksgard,Lestes_sponsa,Mature,1,,1,0,135,2021,NA,NA
7/23/21,15:27:00,Vombs_Bruksgard,Sympetrum_sanguineum,Immature,1,,1,0,135,2021,NA,NA
7/23/21,15:27:00,Vombs_Bruksgard,Lestes_sponsa,Mature,0,Gynochrome,1,0,135,2021,NA,NA
7/23/21,15:27:00,Vombs_Bruksgard,Lestes_sponsa,Mature,1,,1,0,135,2021,NA,NA
7/23/21,15:27:00,Vombs_Bruksgard,Sympetrum_sanguineum,Mature,0,Gynochrome,1,0,135,2021,NA,NA
7/23/21,15:27:00,Vombs_Bruksgard,Enallagma_cyathigerum,Mature,0,Gynochrome,1,NA,135,2021,NA,NA
7/23/21,15:27:00,Vombs_Bruksgard,Lestes_sponsa,Mature,0,Gynochrome,1,0,135,2021,NA,NA
7/23/21,15:27:00,Vombs_Bruksgard,Lestes_sponsa,Mature,1,,1,0,135,2021,NA,NA
7/23/21,15:27:00,Vombs_Bruksgard,Lestes_sponsa,Mature,1,,1,0,135,2021,NA,NA
7/23/21,15:27:00,Vombs_Bruksgard,Lestes_sponsa,Mature,0,Gynochrome,1,NA,135,2021,NA,NA
7/24/21,10:38:00,Borgeby,Aeshna_grandis,Mature,1,,0,NA,40,2021,NA,NA
7/24/21,10:38:00,Borgeby,Lestes_sponsa,Mature,1,,0,0,40,2021,NA,NA
7/24/21,10:38:00,Borgeby,Lestes_sponsa,Mature,1,,0,0,40,2021,NA,NA
7/24/21,10:38:00,Borgeby,Lestes_sponsa,Mature,1,,0,0,40,2021,NA,NA
7/24/21,10:38:00,Borgeby,Lestes_sponsa,Mature,1,,0,0,40,2021,NA,NA
7/24/21,10:38:00,Borgeby,Enallagma_cyathigerum,Mature,1,,0,0,40,2021,NA,NA
7/24/21,10:38:00,Borgeby,Enallagma_cyathigerum,Mature,1,,0,0,40,2021,NA,NA
7/24/21,10:38:00,Borgeby,Enallagma_cyathigerum,Mature,1,,0,0,40,2021,NA,NA
7/24/21,10:38:00,Borgeby,Coenagrion_pulchellum,Mature,1,,0,0,40,2021,NA,NA
7/24/21,10:38:00,Borgeby,Lestes_sponsa,Mature,1,,0,0,40,2021,NA,NA
7/24/21,10:38:00,Borgeby,Lestes_sponsa,Mature,1,,0,0,40,2021,NA,NA
7/24/21,10:38:00,Borgeby,Enallagma_cyathigerum,Mature,1,,0,0,40,2021,NA,NA
7/24/21,10:38:00,Borgeby,Enallagma_cyathigerum,Mature,1,,0,0,40,2021,NA,NA
7/24/21,10:38:00,Borgeby,Lestes_sponsa,Mature,1,,0,0,40,2021,NA,NA
7/24/21,10:38:00,Borgeby,Enallagma_cyathigerum,Mature,1,,0,0,40,2021,NA,NA
7/24/21,10:38:00,Borgeby,Enallagma_cyathigerum,Mature,1,,0,0,40,2021,NA,NA
7/24/21,10:38:00,Borgeby,Coenagrion_pulchellum,Mature,1,,0,0,40,2021,NA,NA
7/24/21,10:38:00,Borgeby,Lestes_sponsa,Mature,1,,0,0,40,2021,NA,NA
7/24/21,10:38:00,Borgeby,Enallagma_cyathigerum,Mature,1,,0,0,40,2021,NA,NA
7/24/21,10:38:00,Borgeby,Coenagrion_pulchellum,Mature,1,,0,1,40,2021,NA,NA
7/24/21,10:38:00,Borgeby,Libellula_quadrimaculata,Mature,1,,0,0,40,2021,NA,NA
7/24/21,10:38:00,Borgeby,Libellula_quadrimaculata,Mature,1,,0,NA,40,2021,NA,NA
7/24/21,10:38:00,Borgeby,Libellula_quadrimaculata,Mature,1,,0,NA,40,2021,NA,NA
7/24/21,10:38:00,Borgeby,Orthetrum_cancellatum,Mature,1,,0,NA,40,2021,NA,NA
7/24/21,10:38:00,Borgeby,Orthetrum_cancellatum,Mature,1,,0,NA,40,2021,NA,NA
7/24/21,10:38:00,Borgeby,Orthetrum_cancellatum,Mature,1,,0,NA,40,2021,NA,NA
7/24/21,10:38:00,Borgeby,Anax_imperator,Mature,1,,0,NA,40,2021,NA,NA
7/24/21,10:38:00,Borgeby,Anax_imperator,Mature,1,,0,NA,40,2021,NA,NA
7/24/21,11:34:00,Flackarp,Erythromma_viridulum,Mature,0,,1,5,40,2021,NA,NA
7/24/21,11:34:00,Flackarp,Erythromma_viridulum,Mature,1,,1,3,40,2021,NA,NA
7/24/21,11:34:00,Flackarp,Calopteryx_splendens,Mature,1,,0,0,40,2021,NA,NA
7/24/21,11:34:00,Flackarp,Erythromma_viridulum,Mature,1,,0,0,40,2021,NA,NA
7/24/21,11:34:00,Flackarp,Calopteryx_splendens,Mature,1,,0,0,40,2021,NA,NA
7/24/21,11:34:00,Flackarp,Lestes_sponsa,Mature,1,,0,0,40,2021,NA,NA
7/24/21,11:34:00,Flackarp,Sympetrum_sanguineum,Immature,1,,0,0,40,2021,NA,NA
7/24/21,11:34:00,Flackarp,Erythromma_viridulum,Mature,1,,0,0,40,2021,NA,NA
7/24/21,11:34:00,Flackarp,Lestes_sponsa,Mature,1,,0,0,40,2021,NA,NA
7/24/21,11:34:00,Flackarp,Erythromma_viridulum,Mature,1,,0,1,40,2021,NA,NA
7/24/21,11:34:00,Flackarp,Coenagrion_puella,Mature,1,,0,0,40,2021,NA,NA
7/24/21,11:34:00,Flackarp,Erythromma_viridulum,Mature,1,,0,2,40,2021,NA,NA
7/24/21,11:34:00,Flackarp,Erythromma_viridulum,Immature,1,,0,0,40,2021,NA,NA
7/24/21,11:34:00,Flackarp,Erythromma_viridulum,Mature,1,,0,0,40,2021,NA,NA
7/24/21,11:34:00,Flackarp,Calopteryx_splendens,Mature,0,Gynochrome,0,0,40,2021,NA,NA
7/24/21,11:34:00,Flackarp,Erythromma_viridulum,Mature,1,,0,0,40,2021,NA,NA
7/24/21,11:34:00,Flackarp,Sympetrum_sanguineum,Mature,1,,0,0,40,2021,NA,NA
7/24/21,11:34:00,Flackarp,Calopteryx_splendens,Immature,0,Gynochrome,0,0,40,2021,NA,NA
7/24/21,11:34:00,Flackarp,Anax_imperator,Mature,0,Gynochrome,0,NA,40,2021,NA,NA
7/24/21,11:34:00,Flackarp,Anax_imperator,Mature,1,,0,NA,40,2021,NA,NA
7/24/21,11:34:00,Flackarp,Calopteryx_splendens,Mature,0,Gynochrome,0,NA,40,2021,NA,NA
7/24/21,11:34:00,Flackarp,Calopteryx_splendens,Mature,0,Gynochrome,0,NA,40,2021,NA,NA
7/24/21,11:34:00,Flackarp,Calopteryx_splendens,Mature,0,Gynochrome,0,NA,40,2021,NA,NA
7/24/21,11:34:00,Flackarp,Calopteryx_splendens,Mature,0,Gynochrome,0,NA,40,2021,NA,NA
7/24/21,11:34:00,Flackarp,Calopteryx_splendens,Mature,0,Gynochrome,0,NA,40,2021,NA,NA
7/24/21,11:34:00,Flackarp,Calopteryx_splendens,Mature,1,,0,NA,40,2021,NA,NA
7/24/21,11:34:00,Flackarp,Calopteryx_splendens,Mature,1,,0,NA,40,2021,NA,NA
7/24/21,11:34:00,Flackarp,Calopteryx_splendens,Mature,1,,0,NA,40,2021,NA,NA
7/24/21,11:34:00,Flackarp,Calopteryx_splendens,Mature,1,,0,NA,40,2021,NA,NA
7/24/21,11:34:00,Flackarp,Calopteryx_splendens,Mature,1,,0,NA,40,2021,NA,NA
7/24/21,11:34:00,Flackarp,Calopteryx_splendens,Mature,1,,0,NA,40,2021,NA,NA
7/24/21,11:34:00,Flackarp,Calopteryx_splendens,Mature,1,,0,NA,40,2021,NA,NA
7/24/21,11:34:00,Flackarp,Calopteryx_splendens,Mature,1,,0,NA,40,2021,NA,NA
7/24/21,11:34:00,Flackarp,Calopteryx_splendens,Mature,1,,0,NA,40,2021,NA,NA
7/24/21,11:34:00,Flackarp,Calopteryx_splendens,Mature,1,,0,NA,40,2021,NA,NA
7/24/21,11:34:00,Flackarp,Calopteryx_splendens,Mature,1,,0,NA,40,2021,NA,NA
7/24/21,11:34:00,Flackarp,Calopteryx_splendens,Mature,1,,0,NA,40,2021,NA,NA
7/24/21,11:34:00,Flackarp,Calopteryx_splendens,Mature,1,,0,NA,40,2021,NA,NA
7/24/21,11:34:00,Flackarp,Calopteryx_splendens,Mature,1,,0,NA,40,2021,NA,NA
7/24/21,11:34:00,Flackarp,Calopteryx_splendens,Mature,1,,0,NA,40,2021,NA,NA
7/24/21,11:34:00,Flackarp,Aeshna_grandis,Mature,1,,0,NA,40,2021,NA,NA
7/24/21,11:34:00,Flackarp,Somatochlora_metallica,Mature,1,,0,NA,40,2021,NA,NA
7/24/21,11:34:00,Flackarp,Erythromma_viridulum,Mature,1,,0,NA,40,2021,NA,NA
7/24/21,11:34:00,Flackarp,Erythromma_viridulum,Mature,1,,0,NA,40,2021,NA,NA
7/24/21,11:34:00,Flackarp,Erythromma_viridulum,Mature,1,,0,NA,40,2021,NA,NA
7/24/21,11:34:00,Flackarp,Erythromma_viridulum,Mature,1,,0,NA,40,2021,NA,NA
7/24/21,11:34:00,Flackarp,Erythromma_viridulum,Mature,1,,0,NA,40,2021,NA,NA
7/24/21,11:34:00,Flackarp,Erythromma_viridulum,Mature,1,,0,NA,40,2021,NA,NA
7/24/21,11:34:00,Flackarp,Erythromma_viridulum,Mature,1,,0,NA,40,2021,NA,NA
7/24/21,11:34:00,Flackarp,Erythromma_viridulum,Mature,1,,0,NA,40,2021,NA,NA
7/24/21,11:34:00,Flackarp,Erythromma_viridulum,Mature,1,,0,NA,40,2021,NA,NA
7/24/21,11:34:00,Flackarp,Erythromma_viridulum,Mature,1,,0,NA,40,2021,NA,NA
7/24/21,11:34:00,Flackarp,Erythromma_viridulum,Mature,1,,0,NA,40,2021,NA,NA
7/24/21,11:34:00,Flackarp,Erythromma_viridulum,Mature,1,,0,NA,40,2021,NA,NA
7/24/21,11:34:00,Flackarp,Erythromma_viridulum,Mature,1,,0,NA,40,2021,NA,NA
7/24/21,11:34:00,Flackarp,Erythromma_viridulum,Mature,1,,0,NA,40,2021,NA,NA
7/24/21,11:34:00,Flackarp,Erythromma_viridulum,Mature,1,,0,NA,40,2021,NA,NA
7/24/21,11:34:00,Flackarp,Erythromma_viridulum,Mature,1,,0,NA,40,2021,NA,NA
7/24/21,11:34:00,Flackarp,Erythromma_viridulum,Mature,1,,0,NA,40,2021,NA,NA
7/24/21,11:34:00,Flackarp,Erythromma_viridulum,Mature,1,,0,NA,40,2021,NA,NA
7/24/21,11:34:00,Flackarp,Erythromma_viridulum,Mature,1,,0,NA,40,2021,NA,NA
7/24/21,11:34:00,Flackarp,Erythromma_viridulum,Mature,1,,0,NA,40,2021,NA,NA
7/24/21,11:34:00,Flackarp,Erythromma_viridulum,Mature,1,,0,NA,40,2021,NA,NA
7/24/21,11:34:00,Flackarp,Erythromma_viridulum,Mature,1,,0,NA,40,2021,NA,NA
7/24/21,11:34:00,Flackarp,Erythromma_viridulum,Mature,1,,0,NA,40,2021,NA,NA
7/24/21,11:34:00,Flackarp,Erythromma_viridulum,Mature,1,,0,NA,40,2021,NA,NA
7/24/21,11:34:00,Flackarp,Erythromma_viridulum,Mature,1,,0,NA,40,2021,NA,NA
7/24/21,11:34:00,Flackarp,Erythromma_viridulum,Mature,1,,0,NA,40,2021,NA,NA
7/24/21,11:34:00,Flackarp,Erythromma_viridulum,Mature,1,,0,NA,40,2021,NA,NA
7/24/21,11:34:00,Flackarp,Erythromma_viridulum,Mature,1,,0,NA,40,2021,NA,NA
7/24/21,11:34:00,Flackarp,Erythromma_viridulum,Mature,1,,0,NA,40,2021,NA,NA
7/24/21,11:34:00,Flackarp,Erythromma_viridulum,Mature,1,,0,NA,40,2021,NA,NA
7/24/21,11:34:00,Flackarp,Erythromma_viridulum,Mature,1,,0,NA,40,2021,NA,NA
7/24/21,11:34:00,Flackarp,Erythromma_viridulum,Mature,1,,0,NA,40,2021,NA,NA
7/24/21,11:34:00,Flackarp,Erythromma_viridulum,Mature,1,,0,NA,40,2021,NA,NA
7/24/21,11:34:00,Flackarp,Erythromma_viridulum,Mature,1,,0,NA,40,2021,NA,NA
7/24/21,11:34:00,Flackarp,Erythromma_viridulum,Mature,1,,0,NA,40,2021,NA,NA
7/24/21,11:34:00,Flackarp,Erythromma_viridulum,Mature,1,,0,NA,40,2021,NA,NA
7/24/21,11:34:00,Flackarp,Erythromma_viridulum,Mature,1,,0,NA,40,2021,NA,NA
7/24/21,11:34:00,Flackarp,Erythromma_viridulum,Mature,1,,0,NA,40,2021,NA,NA
7/24/21,11:34:00,Flackarp,Erythromma_viridulum,Mature,1,,0,NA,40,2021,NA,NA
7/24/21,11:34:00,Flackarp,Erythromma_viridulum,Mature,1,,0,NA,40,2021,NA,NA
7/24/21,11:34:00,Flackarp,Erythromma_viridulum,Mature,1,,0,NA,40,2021,NA,NA
7/24/21,11:34:00,Flackarp,Erythromma_viridulum,Mature,1,,0,NA,40,2021,NA,NA
7/24/21,11:34:00,Flackarp,Erythromma_viridulum,Mature,1,,0,NA,40,2021,NA,NA
7/24/21,11:34:00,Flackarp,Erythromma_viridulum,Mature,1,,0,NA,40,2021,NA,NA
7/24/21,11:34:00,Flackarp,Erythromma_viridulum,Mature,1,,0,NA,40,2021,NA,NA
7/24/21,11:34:00,Flackarp,Erythromma_viridulum,Mature,1,,0,NA,40,2021,NA,NA
7/24/21,11:34:00,Flackarp,Erythromma_viridulum,Mature,1,,0,NA,40,2021,NA,NA
7/24/21,11:34:00,Flackarp,Erythromma_viridulum,Mature,1,,0,NA,40,2021,NA,NA
7/24/21,11:34:00,Flackarp,Erythromma_viridulum,Mature,1,,0,NA,40,2021,NA,NA
7/24/21,11:34:00,Flackarp,Erythromma_viridulum,Mature,1,,0,NA,40,2021,NA,NA
7/24/21,11:34:00,Flackarp,Erythromma_viridulum,Mature,1,,0,NA,40,2021,NA,NA
7/24/21,11:34:00,Flackarp,Erythromma_viridulum,Mature,1,,0,NA,40,2021,NA,NA
7/24/21,11:34:00,Flackarp,Erythromma_viridulum,Mature,1,,0,NA,40,2021,NA,NA
7/24/21,11:34:00,Flackarp,Erythromma_viridulum,Mature,1,,0,NA,40,2021,NA,NA
7/24/21,11:34:00,Flackarp,Erythromma_viridulum,Mature,1,,0,NA,40,2021,NA,NA
7/24/21,11:34:00,Flackarp,Erythromma_viridulum,Mature,1,,0,NA,40,2021,NA,NA
7/24/21,11:34:00,Flackarp,Erythromma_viridulum,Mature,1,,0,NA,40,2021,NA,NA
7/24/21,11:34:00,Flackarp,Erythromma_viridulum,Mature,1,,0,NA,40,2021,NA,NA
7/24/21,11:34:00,Flackarp,Erythromma_viridulum,Mature,1,,0,NA,40,2021,NA,NA
7/24/21,11:34:00,Flackarp,Erythromma_viridulum,Mature,1,,0,NA,40,2021,NA,NA
7/24/21,11:34:00,Flackarp,Erythromma_viridulum,Mature,1,,0,NA,40,2021,NA,NA
7/24/21,11:34:00,Flackarp,Erythromma_viridulum,Mature,1,,1,NA,40,2021,NA,NA
7/24/21,11:34:00,Flackarp,Erythromma_viridulum,Mature,0,Gynochrome,1,NA,40,2021,NA,NA
7/24/21,11:34:00,Flackarp,Erythromma_viridulum,Mature,1,,1,NA,40,2021,NA,NA
7/24/21,11:34:00,Flackarp,Erythromma_viridulum,Mature,0,Gynochrome,1,NA,40,2021,NA,NA
7/24/21,11:34:00,Flackarp,Erythromma_viridulum,Mature,1,,1,NA,40,2021,NA,NA
7/24/21,11:34:00,Flackarp,Erythromma_viridulum,Mature,0,Gynochrome,1,NA,40,2021,NA,NA
7/24/21,11:34:00,Flackarp,Erythromma_viridulum,Mature,1,,1,NA,40,2021,NA,NA
7/24/21,11:34:00,Flackarp,Erythromma_viridulum,Mature,0,Gynochrome,1,NA,40,2021,NA,NA
7/24/21,11:34:00,Flackarp,Erythromma_viridulum,Mature,1,,1,NA,40,2021,NA,NA
7/24/21,11:34:00,Flackarp,Erythromma_viridulum,Mature,0,Gynochrome,1,NA,40,2021,NA,NA
7/24/21,11:34:00,Flackarp,Erythromma_viridulum,Mature,1,,1,NA,40,2021,NA,NA
7/24/21,11:34:00,Flackarp,Erythromma_viridulum,Mature,0,Gynochrome,1,NA,40,2021,NA,NA
7/24/21,11:34:00,Flackarp,Erythromma_viridulum,Mature,1,,1,NA,40,2021,NA,NA
7/24/21,11:34:00,Flackarp,Erythromma_viridulum,Mature,0,Gynochrome,1,NA,40,2021,NA,NA
7/24/21,11:34:00,Flackarp,Erythromma_viridulum,Mature,1,,1,NA,40,2021,NA,NA
7/24/21,11:34:00,Flackarp,Erythromma_viridulum,Mature,0,Gynochrome,1,NA,40,2021,NA,NA
7/24/21,11:34:00,Flackarp,Erythromma_viridulum,Mature,1,,1,NA,40,2021,NA,NA
7/24/21,11:34:00,Flackarp,Erythromma_viridulum,Mature,0,Gynochrome,1,NA,40,2021,NA,NA
7/24/21,11:34:00,Flackarp,Erythromma_viridulum,Mature,1,,1,NA,40,2021,NA,NA
7/24/21,11:34:00,Flackarp,Erythromma_viridulum,Mature,0,Gynochrome,1,NA,40,2021,NA,NA
7/24/21,11:34:00,Flackarp,Aeshna_grandis,Mature,1,,0,NA,40,2021,NA,NA
7/24/21,11:34:00,Flackarp,Sympetrum_sanguineum,Mature,1,,0,NA,40,2021,NA,NA
7/24/21,11:34:00,Flackarp,Sympetrum_sanguineum,Mature,1,,0,NA,40,2021,NA,NA
7/24/21,11:34:00,Flackarp,Sympetrum_sanguineum,Mature,1,,0,NA,40,2021,NA,NA
7/24/21,11:34:00,Flackarp,Sympetrum_sanguineum,Mature,1,,0,NA,40,2021,NA,NA
7/24/21,11:34:00,Flackarp,Sympetrum_sanguineum,Mature,1,,0,NA,40,2021,NA,NA
7/24/21,11:34:00,Flackarp,Sympetrum_sanguineum,Mature,1,,0,NA,40,2021,NA,NA
7/24/21,11:34:00,Flackarp,Sympetrum_sanguineum,Mature,1,,0,NA,40,2021,NA,NA
7/24/21,11:34:00,Flackarp,Sympetrum_sanguineum,Mature,1,,0,NA,40,2021,NA,NA
7/24/21,11:34:00,Flackarp,Sympetrum_sanguineum,Mature,1,,0,NA,40,2021,NA,NA
7/24/21,11:34:00,Flackarp,Sympetrum_sanguineum,Mature,1,,0,NA,40,2021,NA,NA
7/24/21,11:34:00,Flackarp,Sympetrum_sanguineum,Mature,1,,1,NA,40,2021,NA,NA
7/24/21,11:34:00,Flackarp,Sympetrum_sanguineum,Mature,0,Gynochrome,1,NA,40,2021,NA,NA
7/24/21,11:34:00,Flackarp,Sympetrum_sanguineum,Mature,1,,1,NA,40,2021,NA,NA
7/24/21,11:34:00,Flackarp,Sympetrum_sanguineum,Mature,0,Gynochrome,1,NA,40,2021,NA,NA
7/24/21,11:34:00,Flackarp,Sympetrum_sanguineum,Mature,1,,1,NA,40,2021,NA,NA
7/24/21,11:34:00,Flackarp,Sympetrum_sanguineum,Mature,0,Gynochrome,1,NA,40,2021,NA,NA
7/24/21,14:55:00,Hoje_A_6,Aeshna_grandis,Mature,1,,0,NA,40,2021,NA,NA
7/24/21,14:55:00,Hoje_A_6,Enallagma_cyathigerum,Mature,1,,1,NA,40,2021,NA,NA
7/24/21,14:55:00,Hoje_A_6,Enallagma_cyathigerum,Mature,0,Gynochrome,1,NA,40,2021,NA,NA
7/24/21,14:55:00,Hoje_A_6,Enallagma_cyathigerum,Mature,1,,1,NA,40,2021,NA,NA
7/24/21,14:55:00,Hoje_A_6,Enallagma_cyathigerum,Mature,0,Gynochrome,1,NA,40,2021,NA,NA
7/24/21,14:55:00,Hoje_A_6,Enallagma_cyathigerum,Mature,1,,0,1,40,2021,NA,NA
7/24/21,14:55:00,Hoje_A_6,Enallagma_cyathigerum,Mature,1,,0,8,40,2021,NA,NA
7/24/21,14:55:00,Hoje_A_6,Enallagma_cyathigerum,Mature,1,,0,0,40,2021,NA,NA
7/24/21,14:55:00,Hoje_A_6,Enallagma_cyathigerum,Mature,1,,0,0,40,2021,NA,NA
7/24/21,14:55:00,Hoje_A_6,Enallagma_cyathigerum,Mature,1,,0,1,40,2021,NA,NA
7/24/21,14:55:00,Hoje_A_6,Enallagma_cyathigerum,Mature,1,,0,0,40,2021,NA,NA
7/24/21,14:55:00,Hoje_A_6,Lestes_sponsa,Mature,1,,0,0,40,2021,NA,NA
7/24/21,14:55:00,Hoje_A_6,Enallagma_cyathigerum,Immature,1,,0,0,40,2021,NA,NA
7/24/21,14:55:00,Hoje_A_6,Lestes_sponsa,Mature,1,,0,0,40,2021,NA,NA
7/24/21,14:55:00,Hoje_A_6,Enallagma_cyathigerum,Mature,1,,0,0,40,2021,NA,NA
7/24/21,14:55:00,Hoje_A_6,Enallagma_cyathigerum,Immature,1,,0,14,40,2021,NA,NA
7/24/21,14:55:00,Hoje_A_6,Enallagma_cyathigerum,Mature,1,,0,0,40,2021,NA,NA
7/24/21,14:55:00,Hoje_A_6,Sympetrum_sanguineum,Mature,1,,0,0,40,2021,NA,NA
7/24/21,14:55:00,Hoje_A_6,Enallagma_cyathigerum,Mature,1,,0,0,40,2021,NA,NA
7/24/21,14:55:00,Hoje_A_6,Enallagma_cyathigerum,Mature,1,,0,0,40,2021,NA,NA
7/24/21,14:55:00,Hoje_A_6,Enallagma_cyathigerum,Mature,1,,0,0,40,2021,NA,NA
7/24/21,14:55:00,Hoje_A_6,Enallagma_cyathigerum,Mature,1,,0,0,40,2021,NA,NA
7/24/21,14:55:00,Hoje_A_6,Sympetrum_sanguineum,Mature,1,,0,0,40,2021,NA,NA
7/24/21,14:55:00,Hoje_A_6,Enallagma_cyathigerum,Mature,1,,0,0,40,2021,NA,NA
7/24/21,14:55:00,Hoje_A_6,Enallagma_cyathigerum,Mature,1,,0,0,40,2021,NA,NA
7/24/21,14:55:00,Hoje_A_6,Enallagma_cyathigerum,Mature,1,,0,0,40,2021,NA,NA
7/24/21,14:55:00,Hoje_A_6,Enallagma_cyathigerum,Mature,1,,0,0,40,2021,NA,NA
7/24/21,14:55:00,Hoje_A_6,Enallagma_cyathigerum,Mature,1,,0,0,40,2021,NA,NA
7/24/21,14:55:00,Hoje_A_6,Enallagma_cyathigerum,Mature,1,,0,0,40,2021,NA,NA
7/24/21,14:55:00,Hoje_A_6,Sympetrum_sanguineum,Mature,1,,0,0,40,2021,NA,NA
7/24/21,14:55:00,Hoje_A_6,Enallagma_cyathigerum,Mature,1,,0,0,40,2021,NA,NA
7/24/21,14:55:00,Hoje_A_6,Enallagma_cyathigerum,Mature,1,,0,1,40,2021,NA,NA
7/24/21,14:55:00,Hoje_A_6,Lestes_sponsa,Mature,1,,0,0,40,2021,NA,NA
7/24/21,14:55:00,Hoje_A_6,Sympetrum_sanguineum,Immature,1,,0,0,40,2021,NA,NA
7/24/21,14:55:00,Hoje_A_6,Enallagma_cyathigerum,Mature,1,,0,0,40,2021,NA,NA
7/24/21,14:55:00,Hoje_A_6,Enallagma_cyathigerum,Mature,1,,0,3,40,2021,NA,NA
7/24/21,14:55:00,Hoje_A_6,Enallagma_cyathigerum,Mature,0,Gynochrome,0,0,40,2021,NA,NA
7/24/21,14:55:00,Hoje_A_6,Enallagma_cyathigerum,Mature,1,,0,0,40,2021,NA,NA
7/24/21,14:55:00,Hoje_A_6,Sympetrum_sanguineum,Mature,1,,0,0,40,2021,NA,NA
7/24/21,14:55:00,Hoje_A_6,Enallagma_cyathigerum,Mature,1,,0,1,40,2021,NA,NA
7/24/21,14:55:00,Hoje_A_6,Enallagma_cyathigerum,Mature,1,,0,20,40,2021,NA,NA
7/24/21,14:55:00,Hoje_A_6,Sympetrum_sanguineum,Mature,1,,0,NA,40,2021,NA,NA
7/24/21,14:55:00,Hoje_A_6,Sympetrum_sanguineum,Mature,1,,0,0,40,2021,NA,NA
7/24/21,14:55:00,Hoje_A_6,Sympetrum_sanguineum,Mature,1,,0,NA,40,2021,NA,NA
7/24/21,14:55:00,Hoje_A_6,Sympetrum_sanguineum,Mature,1,,0,NA,40,2021,NA,NA
7/24/21,14:55:00,Hoje_A_6,Sympetrum_sanguineum,Mature,1,,0,NA,40,2021,NA,NA
7/24/21,14:55:00,Hoje_A_6,Sympetrum_sanguineum,Mature,1,,0,NA,40,2021,NA,NA
7/24/21,14:55:00,Hoje_A_6,Sympetrum_sanguineum,Mature,1,,0,NA,40,2021,NA,NA
7/24/21,14:55:00,Hoje_A_6,Sympetrum_sanguineum,Mature,1,,0,NA,40,2021,NA,NA
7/24/21,14:55:00,Hoje_A_6,Sympetrum_sanguineum,Mature,1,,0,NA,40,2021,NA,NA
7/24/21,14:55:00,Hoje_A_6,Sympetrum_sanguineum,Mature,1,,0,0,40,2021,NA,NA
7/24/21,14:55:00,Hoje_A_6,Sympetrum_sanguineum,Mature,1,,0,NA,40,2021,NA,NA
7/24/21,14:55:00,Hoje_A_6,Sympetrum_sanguineum,Mature,1,,0,0,40,2021,NA,NA
7/24/21,14:55:00,Hoje_A_6,Sympetrum_sanguineum,Mature,1,,0,NA,40,2021,NA,NA
7/24/21,14:55:00,Hoje_A_6,Sympetrum_sanguineum,Mature,1,,0,NA,40,2021,NA,NA
7/24/21,14:55:00,Hoje_A_6,Sympetrum_sanguineum,Mature,1,,0,NA,40,2021,NA,NA
7/24/21,14:55:00,Hoje_A_6,Sympetrum_sanguineum,Mature,1,,0,NA,40,2021,NA,NA
7/24/21,14:55:00,Hoje_A_6,Sympetrum_sanguineum,Mature,1,,0,NA,40,2021,NA,NA
7/24/21,14:55:00,Hoje_A_6,Sympetrum_sanguineum,Mature,1,,0,NA,40,2021,NA,NA
7/24/21,14:55:00,Hoje_A_6,Sympetrum_sanguineum,Mature,1,,0,NA,40,2021,NA,NA
7/24/21,14:55:00,Hoje_A_6,Sympetrum_sanguineum,Mature,1,,0,NA,40,2021,NA,NA
7/24/21,14:55:00,Hoje_A_6,Sympetrum_sanguineum,Mature,1,,0,NA,40,2021,NA,NA
7/24/21,14:55:00,Hoje_A_6,Sympetrum_sanguineum,Mature,1,,0,NA,40,2021,NA,NA
7/24/21,14:55:00,Hoje_A_6,Sympetrum_sanguineum,Immature,1,,0,0,40,2021,NA,NA
7/24/21,14:55:00,Hoje_A_6,Sympetrum_sanguineum,Mature,1,,1,NA,40,2021,NA,NA
7/24/21,14:55:00,Hoje_A_6,Sympetrum_sanguineum,Mature,0,Gynochrome,1,NA,40,2021,NA,NA
7/24/21,14:55:00,Hoje_A_6,Sympetrum_sanguineum,Mature,1,,1,NA,40,2021,NA,NA
7/24/21,14:55:00,Hoje_A_6,Sympetrum_sanguineum,Mature,0,Gynochrome,1,NA,40,2021,NA,NA
7/24/21,14:55:00,Hoje_A_6,Sympetrum_sanguineum,Mature,1,,1,NA,40,2021,NA,NA
7/24/21,14:55:00,Hoje_A_6,Sympetrum_sanguineum,Mature,0,Gynochrome,1,NA,40,2021,NA,NA
7/24/21,15:45:00,Hoje_A_14,Anax_imperator,Mature,1,,0,NA,40,2021,NA,NA
7/24/21,15:45:00,Hoje_A_14,Lestes_sponsa,Mature,1,,1,0,40,2021,NA,NA
7/24/21,15:45:00,Hoje_A_14,Lestes_sponsa,Mature,0,Gynochrome,1,0,40,2021,NA,NA
7/24/21,15:45:00,Hoje_A_14,Anax_imperator,Mature,1,,0,NA,40,2021,NA,NA
7/24/21,15:45:00,Hoje_A_14,Anax_imperator,Mature,1,,0,NA,40,2021,NA,NA
7/24/21,15:45:00,Hoje_A_14,Anax_imperator,Mature,0,Gynochrome,0,NA,40,2021,NA,NA
7/24/21,15:45:00,Hoje_A_14,Lestes_sponsa,Mature,1,,0,0,40,2021,NA,NA
7/24/21,15:45:00,Hoje_A_14,Lestes_sponsa,Mature,1,,0,0,40,2021,NA,NA
7/24/21,15:45:00,Hoje_A_14,Lestes_sponsa,Mature,1,,0,0,40,2021,NA,NA
7/24/21,15:45:00,Hoje_A_14,Enallagma_cyathigerum,Mature,1,,0,1,40,2021,NA,NA
7/24/21,15:45:00,Hoje_A_14,Enallagma_cyathigerum,Immature,1,,0,0,40,2021,NA,NA
7/24/21,15:45:00,Hoje_A_14,Erythromma_viridulum,Immature,1,,0,0,40,2021,NA,NA
7/24/21,15:45:00,Hoje_A_14,Enallagma_cyathigerum,Mature,1,,0,0,40,2021,NA,NA
7/24/21,15:45:00,Hoje_A_14,Lestes_sponsa,Mature,1,,0,0,40,2021,NA,NA
7/24/21,15:45:00,Hoje_A_14,Lestes_sponsa,Mature,1,,0,0,40,2021,NA,NA
7/24/21,15:45:00,Hoje_A_14,Lestes_sponsa,Mature,1,,0,0,40,2021,NA,NA
7/24/21,15:45:00,Hoje_A_14,Lestes_sponsa,Mature,1,,0,0,40,2021,NA,NA
7/24/21,15:45:00,Hoje_A_14,Lestes_sponsa,Mature,1,,0,0,40,2021,NA,NA
7/24/21,15:45:00,Hoje_A_14,Erythromma_viridulum,Mature,1,,0,1,40,2021,NA,NA
7/24/21,15:45:00,Hoje_A_14,Enallagma_cyathigerum,Mature,1,,0,1,40,2021,NA,NA
7/24/21,15:45:00,Hoje_A_14,Lestes_sponsa,Mature,1,,0,0,40,2021,NA,NA
7/24/21,15:45:00,Hoje_A_14,Lestes_sponsa,Mature,1,,0,0,40,2021,NA,NA
7/24/21,15:45:00,Hoje_A_14,Lestes_sponsa,Mature,1,,0,0,40,2021,NA,NA
7/24/21,15:45:00,Hoje_A_14,Lestes_sponsa,Mature,1,,0,0,40,2021,NA,NA
7/24/21,15:45:00,Hoje_A_14,Lestes_sponsa,Mature,1,,0,0,40,2021,NA,NA
7/24/21,15:45:00,Hoje_A_14,Enallagma_cyathigerum,Mature,1,,0,0,40,2021,NA,NA
7/24/21,15:45:00,Hoje_A_14,Lestes_sponsa,Mature,1,,0,0,40,2021,NA,NA
7/24/21,15:45:00,Hoje_A_14,Lestes_sponsa,Mature,1,,0,0,40,2021,NA,NA
7/24/21,15:45:00,Hoje_A_14,Enallagma_cyathigerum,Immature,1,,0,0,40,2021,NA,NA
7/24/21,15:45:00,Hoje_A_14,Enallagma_cyathigerum,Mature,1,,0,0,40,2021,NA,NA
7/24/21,15:45:00,Hoje_A_14,Enallagma_cyathigerum,Mature,1,,0,0,40,2021,NA,NA
7/24/21,15:45:00,Hoje_A_14,Enallagma_cyathigerum,Mature,1,,0,0,40,2021,NA,NA
7/24/21,15:45:00,Hoje_A_14,Enallagma_cyathigerum,Mature,1,,0,0,40,2021,NA,NA
7/24/21,15:45:00,Hoje_A_14,Lestes_sponsa,Mature,0,Gynochrome,0,0,40,2021,NA,NA
7/24/21,15:45:00,Hoje_A_14,Lestes_sponsa,Mature,1,,0,0,40,2021,NA,NA
7/24/21,15:45:00,Hoje_A_14,Enallagma_cyathigerum,Mature,1,,0,0,40,2021,NA,NA
7/24/21,15:45:00,Hoje_A_14,Enallagma_cyathigerum,Mature,1,,0,0,40,2021,NA,NA
7/24/21,15:45:00,Hoje_A_14,Lestes_sponsa,Mature,1,,0,0,40,2021,NA,NA
7/24/21,15:45:00,Hoje_A_14,Lestes_sponsa,Mature,1,,0,0,40,2021,NA,NA
7/24/21,15:45:00,Hoje_A_14,Enallagma_cyathigerum,Mature,1,,0,1,40,2021,NA,NA
7/24/21,15:45:00,Hoje_A_14,Enallagma_cyathigerum,Mature,0,Gynochrome,0,0,40,2021,NA,NA
7/24/21,15:45:00,Hoje_A_14,Enallagma_cyathigerum,Mature,1,,0,0,40,2021,NA,NA
7/24/21,15:45:00,Hoje_A_14,Lestes_sponsa,Mature,1,,0,0,40,2021,NA,NA
7/24/21,15:45:00,Hoje_A_14,Lestes_sponsa,Mature,1,,0,0,40,2021,NA,NA
7/24/21,15:45:00,Hoje_A_14,Lestes_sponsa,Mature,1,,0,0,40,2021,NA,NA
7/24/21,15:45:00,Hoje_A_14,Enallagma_cyathigerum,Mature,1,,0,2,40,2021,NA,NA
7/24/21,15:45:00,Hoje_A_14,Enallagma_cyathigerum,Mature,0,Gynochrome,0,0,40,2021,NA,NA
7/24/21,15:45:00,Hoje_A_14,Enallagma_cyathigerum,Mature,1,,0,3,40,2021,NA,NA
7/24/21,15:45:00,Hoje_A_14,Erythromma_viridulum,Mature,1,,0,0,40,2021,NA,NA
7/24/21,15:45:00,Hoje_A_14,Lestes_sponsa,Mature,1,,0,0,40,2021,NA,NA
7/24/21,15:45:00,Hoje_A_14,Lestes_sponsa,Mature,1,,0,0,40,2021,NA,NA
7/24/21,15:45:00,Hoje_A_14,Sympetrum_sanguineum,Mature,1,,0,0,40,2021,NA,NA
7/24/21,15:45:00,Hoje_A_14,Lestes_sponsa,Mature,1,,0,0,40,2021,NA,NA
7/24/21,15:45:00,Hoje_A_14,Lestes_sponsa,Mature,1,,0,0,40,2021,NA,NA
7/24/21,15:45:00,Hoje_A_14,Sympetrum_sanguineum,Mature,1,,0,NA,40,2021,NA,NA
7/24/21,15:45:00,Hoje_A_14,Enallagma_cyathigerum,Mature,1,,0,1,40,2021,NA,NA
7/24/21,15:45:00,Hoje_A_14,Sympetrum_sanguineum,Mature,1,,0,NA,40,2021,NA,NA
7/24/21,15:45:00,Hoje_A_14,Sympetrum_sanguineum,Mature,1,,0,NA,40,2021,NA,NA
7/24/21,15:45:00,Hoje_A_14,Sympetrum_sanguineum,Mature,1,,0,NA,40,2021,NA,NA
7/24/21,15:45:00,Hoje_A_14,Enallagma_cyathigerum,Mature,1,,0,0,40,2021,NA,NA
7/24/21,15:45:00,Hoje_A_14,Erythromma_viridulum,Immature,1,,0,0,40,2021,NA,NA
7/24/21,15:45:00,Hoje_A_14,Sympetrum_sanguineum,Mature,1,,0,NA,40,2021,NA,NA
7/24/21,15:45:00,Hoje_A_14,Sympetrum_sanguineum,Mature,1,,0,NA,40,2021,NA,NA
7/24/21,15:45:00,Hoje_A_14,Lestes_sponsa,Immature,1,,0,0,40,2021,NA,NA
7/24/21,15:45:00,Hoje_A_14,Sympetrum_sanguineum,Mature,1,,0,NA,40,2021,NA,NA
7/24/21,15:45:00,Hoje_A_14,Lestes_sponsa,Mature,1,,0,0,40,2021,NA,NA
7/24/21,15:45:00,Hoje_A_14,Enallagma_cyathigerum,Mature,1,,0,0,40,2021,NA,NA
7/24/21,15:45:00,Hoje_A_14,Enallagma_cyathigerum,Mature,1,,0,0,40,2021,NA,NA
7/24/21,15:45:00,Hoje_A_14,Sympetrum_sanguineum,Mature,1,,0,NA,40,2021,NA,NA
7/24/21,15:45:00,Hoje_A_14,Sympetrum_sanguineum,Mature,1,,0,NA,40,2021,NA,NA
7/24/21,15:45:00,Hoje_A_14,Sympetrum_sanguineum,Mature,1,,0,NA,40,2021,NA,NA
7/24/21,15:45:00,Hoje_A_14,Sympetrum_sanguineum,Mature,1,,0,NA,40,2021,NA,NA
7/24/21,15:45:00,Hoje_A_14,Sympetrum_sanguineum,Mature,1,,0,NA,40,2021,NA,NA
7/24/21,15:45:00,Hoje_A_14,Sympetrum_sanguineum,Mature,1,,0,NA,40,2021,NA,NA
7/24/21,15:45:00,Hoje_A_14,Sympetrum_sanguineum,Mature,1,,0,NA,40,2021,NA,NA
7/24/21,15:45:00,Hoje_A_14,Sympetrum_sanguineum,Mature,1,,0,NA,40,2021,NA,NA
7/24/21,15:45:00,Hoje_A_14,Erythromma_viridulum,Mature,1,,0,NA,40,2021,NA,NA
7/24/21,15:45:00,Hoje_A_14,Erythromma_viridulum,Mature,1,,0,NA,40,2021,NA,NA
7/24/21,15:45:00,Hoje_A_14,Erythromma_viridulum,Mature,1,,0,NA,40,2021,NA,NA
7/24/21,15:45:00,Hoje_A_14,Erythromma_viridulum,Mature,1,,0,NA,40,2021,NA,NA
7/24/21,15:45:00,Hoje_A_14,Erythromma_viridulum,Mature,1,,0,NA,40,2021,NA,NA
7/24/21,15:45:00,Hoje_A_14,Erythromma_viridulum,Mature,1,,0,NA,40,2021,NA,NA
7/24/21,15:45:00,Hoje_A_14,Erythromma_viridulum,Mature,1,,0,NA,40,2021,NA,NA
7/24/21,15:45:00,Hoje_A_14,Erythromma_viridulum,Mature,1,,0,NA,40,2021,NA,NA
7/24/21,15:45:00,Hoje_A_14,Erythromma_viridulum,Mature,1,,0,NA,40,2021,NA,NA
7/24/21,15:45:00,Hoje_A_14,Erythromma_viridulum,Mature,1,,0,NA,40,2021,NA,NA
7/24/21,15:45:00,Hoje_A_14,Erythromma_viridulum,Mature,1,,0,NA,40,2021,NA,NA
7/24/21,15:45:00,Hoje_A_14,Erythromma_viridulum,Mature,1,,0,NA,40,2021,NA,NA
7/24/21,15:45:00,Hoje_A_14,Erythromma_viridulum,Mature,1,,0,NA,40,2021,NA,NA
7/24/21,15:45:00,Hoje_A_14,Erythromma_viridulum,Mature,1,,0,NA,40,2021,NA,NA
7/24/21,15:45:00,Hoje_A_14,Erythromma_viridulum,Mature,1,,0,NA,40,2021,NA,NA
7/24/21,15:45:00,Hoje_A_14,Erythromma_viridulum,Mature,1,,0,NA,40,2021,NA,NA
7/24/21,15:45:00,Hoje_A_14,Erythromma_viridulum,Mature,1,,0,NA,40,2021,NA,NA
7/24/21,15:45:00,Hoje_A_14,Erythromma_viridulum,Mature,1,,0,NA,40,2021,NA,NA
7/24/21,15:45:00,Hoje_A_14,Erythromma_viridulum,Mature,1,,0,NA,40,2021,NA,NA
7/24/21,15:45:00,Hoje_A_14,Erythromma_viridulum,Mature,1,,0,NA,40,2021,NA,NA
7/24/21,15:45:00,Hoje_A_14,Erythromma_viridulum,Mature,1,,0,NA,40,2021,NA,NA
7/24/21,15:45:00,Hoje_A_14,Erythromma_viridulum,Mature,1,,0,NA,40,2021,NA,NA
7/24/21,15:45:00,Hoje_A_14,Erythromma_viridulum,Mature,1,,0,NA,40,2021,NA,NA
7/24/21,15:45:00,Hoje_A_14,Erythromma_viridulum,Mature,1,,0,NA,40,2021,NA,NA
7/24/21,15:45:00,Hoje_A_14,Erythromma_viridulum,Mature,1,,0,NA,40,2021,NA,NA
7/24/21,15:45:00,Hoje_A_14,Erythromma_viridulum,Mature,1,,0,NA,40,2021,NA,NA
7/24/21,15:45:00,Hoje_A_14,Erythromma_viridulum,Mature,1,,0,NA,40,2021,NA,NA
7/24/21,15:45:00,Hoje_A_14,Erythromma_viridulum,Mature,1,,0,NA,40,2021,NA,NA
7/24/21,15:45:00,Hoje_A_14,Erythromma_viridulum,Mature,1,,0,NA,40,2021,NA,NA
7/24/21,15:45:00,Hoje_A_14,Erythromma_viridulum,Mature,1,,0,NA,40,2021,NA,NA
7/24/21,15:45:00,Hoje_A_14,Erythromma_viridulum,Mature,1,,0,NA,40,2021,NA,NA
7/24/21,15:45:00,Hoje_A_14,Erythromma_viridulum,Mature,1,,0,NA,40,2021,NA,NA
7/24/21,15:45:00,Hoje_A_14,Erythromma_viridulum,Mature,1,,0,NA,40,2021,NA,NA
7/24/21,15:45:00,Hoje_A_14,Erythromma_viridulum,Mature,1,,0,NA,40,2021,NA,NA
7/24/21,15:45:00,Hoje_A_14,Erythromma_viridulum,Mature,1,,0,NA,40,2021,NA,NA
7/24/21,15:45:00,Hoje_A_14,Erythromma_viridulum,Mature,1,,0,NA,40,2021,NA,NA
7/24/21,15:45:00,Hoje_A_14,Erythromma_viridulum,Mature,1,,0,NA,40,2021,NA,NA
7/24/21,15:45:00,Hoje_A_14,Erythromma_viridulum,Mature,1,,0,NA,40,2021,NA,NA
7/24/21,15:45:00,Hoje_A_14,Erythromma_viridulum,Mature,1,,0,NA,40,2021,NA,NA
7/24/21,15:45:00,Hoje_A_14,Erythromma_viridulum,Mature,1,,0,NA,40,2021,NA,NA
7/24/21,15:45:00,Hoje_A_14,Erythromma_viridulum,Mature,1,,0,NA,40,2021,NA,NA
7/24/21,15:45:00,Hoje_A_14,Erythromma_viridulum,Mature,1,,0,NA,40,2021,NA,NA
7/24/21,15:45:00,Hoje_A_14,Erythromma_viridulum,Mature,1,,0,NA,40,2021,NA,NA
7/24/21,15:45:00,Hoje_A_14,Erythromma_viridulum,Mature,1,,0,NA,40,2021,NA,NA
7/24/21,15:45:00,Hoje_A_14,Erythromma_viridulum,Mature,1,,0,NA,40,2021,NA,NA
7/24/21,15:45:00,Hoje_A_14,Erythromma_viridulum,Mature,1,,0,NA,40,2021,NA,NA
7/24/21,15:45:00,Hoje_A_14,Erythromma_viridulum,Mature,1,,0,NA,40,2021,NA,NA
7/24/21,15:45:00,Hoje_A_14,Erythromma_viridulum,Mature,1,,0,NA,40,2021,NA,NA
7/24/21,15:45:00,Hoje_A_14,Erythromma_viridulum,Mature,1,,0,NA,40,2021,NA,NA
7/24/21,15:45:00,Hoje_A_14,Erythromma_viridulum,Mature,1,,0,NA,40,2021,NA,NA
7/24/21,15:45:00,Hoje_A_14,Erythromma_viridulum,Mature,1,,1,NA,40,2021,NA,NA
7/24/21,15:45:00,Hoje_A_14,Erythromma_viridulum,Mature,0,Gynochrome,1,NA,40,2021,NA,NA
7/24/21,15:45:00,Hoje_A_14,Erythromma_viridulum,Mature,1,,1,NA,40,2021,NA,NA
7/24/21,15:45:00,Hoje_A_14,Erythromma_viridulum,Mature,0,Gynochrome,1,NA,40,2021,NA,NA
7/24/21,15:45:00,Hoje_A_14,Erythromma_viridulum,Mature,1,,1,NA,40,2021,NA,NA
7/24/21,15:45:00,Hoje_A_14,Erythromma_viridulum,Mature,0,Gynochrome,1,NA,40,2021,NA,NA
7/24/21,15:45:00,Hoje_A_14,Erythromma_viridulum,Mature,0,Gynochrome,1,NA,40,2021,NA,NA
7/24/21,15:45:00,Hoje_A_14,Erythromma_viridulum,Mature,1,,1,NA,40,2021,NA,NA
7/24/21,15:45:00,Hoje_A_14,Erythromma_viridulum,Mature,1,,1,NA,40,2021,NA,NA
7/24/21,15:45:00,Hoje_A_14,Erythromma_viridulum,Mature,0,Gynochrome,1,NA,40,2021,NA,NA
7/24/21,15:45:00,Hoje_A_14,Erythromma_viridulum,Mature,1,,1,NA,40,2021,NA,NA
7/24/21,15:45:00,Hoje_A_14,Erythromma_viridulum,Mature,0,Gynochrome,1,NA,40,2021,NA,NA
7/24/21,15:45:00,Hoje_A_14,Erythromma_viridulum,Mature,0,Gynochrome,1,NA,40,2021,NA,NA
7/24/21,15:45:00,Hoje_A_14,Erythromma_viridulum,Mature,1,,1,NA,40,2021,NA,NA
7/24/21,15:45:00,Hoje_A_14,Erythromma_viridulum,Mature,1,,1,NA,40,2021,NA,NA
7/24/21,15:45:00,Hoje_A_14,Erythromma_viridulum,Mature,0,Gynochrome,1,NA,40,2021,NA,NA
7/24/21,15:45:00,Hoje_A_14,Erythromma_viridulum,Mature,1,,1,NA,40,2021,NA,NA
7/24/21,15:45:00,Hoje_A_14,Erythromma_viridulum,Mature,0,Gynochrome,1,NA,40,2021,NA,NA
7/24/21,15:45:00,Hoje_A_14,Erythromma_viridulum,Mature,1,,1,NA,40,2021,NA,NA
7/24/21,15:45:00,Hoje_A_14,Erythromma_viridulum,Mature,0,Gynochrome,1,NA,40,2021,NA,NA
7/24/21,15:45:00,Hoje_A_14,Erythromma_viridulum,Mature,1,,1,NA,40,2021,NA,NA
7/24/21,15:45:00,Hoje_A_14,Erythromma_viridulum,Mature,0,Gynochrome,1,NA,40,2021,NA,NA
7/24/21,15:45:00,Hoje_A_14,Erythromma_viridulum,Mature,1,,1,NA,40,2021,NA,NA
7/24/21,15:45:00,Hoje_A_14,Erythromma_viridulum,Mature,0,Gynochrome,1,NA,40,2021,NA,NA
7/24/21,15:45:00,Hoje_A_14,Erythromma_viridulum,Mature,1,,1,NA,40,2021,NA,NA
7/24/21,15:45:00,Hoje_A_14,Erythromma_viridulum,Mature,0,Gynochrome,1,NA,40,2021,NA,NA
7/24/21,15:45:00,Hoje_A_14,Orthetrum_cancellatum,Mature,1,,0,NA,40,2021,NA,NA
7/24/21,15:45:00,Hoje_A_14,Orthetrum_cancellatum,Mature,1,,0,NA,40,2021,NA,NA
7/24/21,15:45:00,Hoje_A_14,Orthetrum_cancellatum,Mature,1,,0,NA,40,2021,NA,NA
7/24/21,15:45:00,Hoje_A_14,Orthetrum_cancellatum,Mature,1,,0,NA,40,2021,NA,NA
7/24/21,15:45:00,Hoje_A_14,Orthetrum_cancellatum,Mature,1,,0,NA,40,2021,NA,NA
7/24/21,15:45:00,Hoje_A_14,Orthetrum_cancellatum,Mature,1,,0,NA,40,2021,NA,NA
7/24/21,15:45:00,Hoje_A_14,Orthetrum_cancellatum,Mature,1,,0,NA,40,2021,NA,NA
7/24/21,15:45:00,Hoje_A_14,Orthetrum_cancellatum,Mature,1,,0,NA,40,2021,NA,NA
7/24/21,15:45:00,Hoje_A_14,Orthetrum_cancellatum,Mature,1,,0,NA,40,2021,NA,NA
7/24/21,15:45:00,Hoje_A_14,Orthetrum_cancellatum,Mature,1,,0,NA,40,2021,NA,NA
7/24/21,15:45:00,Hoje_A_14,Orthetrum_cancellatum,Mature,1,,0,NA,40,2021,NA,NA
7/24/21,15:45:00,Hoje_A_14,Orthetrum_cancellatum,Mature,1,,0,NA,40,2021,NA,NA
7/24/21,15:45:00,Hoje_A_14,Orthetrum_cancellatum,Mature,1,,0,NA,40,2021,NA,NA
7/24/21,15:45:00,Hoje_A_14,Orthetrum_cancellatum,Mature,1,,0,NA,40,2021,NA,NA
7/24/21,15:45:00,Hoje_A_14,Orthetrum_cancellatum,Mature,1,,0,NA,40,2021,NA,NA
7/23/21,10:34:00,Holmeja,Sympetrum_danae,Mature,0,Gynochrome,0,NA,115,2021,NA,NA
7/23/21,10:34:00,Holmeja,Sympetrum_danae,Mature,0,Gynochrome,0,NA,115,2021,NA,NA
7/23/21,10:34:00,Holmeja,Sympetrum_danae,Mature,0,Gynochrome,0,NA,115,2021,NA,NA
7/23/21,10:34:00,Holmeja,Sympetrum_danae,Mature,0,Gynochrome,0,NA,115,2021,NA,NA
7/23/21,10:34:00,Holmeja,Sympetrum_danae,Mature,1,,0,NA,115,2021,NA,NA
7/23/21,10:34:00,Holmeja,Sympetrum_danae,Mature,1,,0,NA,115,2021,NA,NA
7/23/21,10:34:00,Holmeja,Sympetrum_danae,Mature,1,,0,NA,115,2021,NA,NA
7/23/21,10:34:00,Holmeja,Sympetrum_danae,Mature,1,,0,NA,115,2021,NA,NA
7/23/21,10:34:00,Holmeja,Sympetrum_danae,Mature,1,,0,NA,115,2021,NA,NA
7/23/21,10:34:00,Holmeja,Sympetrum_danae,Mature,1,,0,NA,115,2021,NA,NA
7/23/21,10:34:00,Holmeja,Sympetrum_danae,Mature,1,,0,NA,115,2021,NA,NA
7/23/21,10:34:00,Holmeja,Sympetrum_danae,Mature,1,,0,NA,115,2021,NA,NA
7/23/21,10:34:00,Holmeja,Sympetrum_danae,Mature,1,,0,NA,115,2021,NA,NA
7/23/21,10:34:00,Holmeja,Sympetrum_danae,Mature,1,,0,NA,115,2021,NA,NA
7/23/21,10:34:00,Holmeja,Sympetrum_danae,Mature,1,,0,NA,115,2021,NA,NA
7/23/21,10:34:00,Holmeja,Sympetrum_danae,Mature,1,,0,NA,115,2021,NA,NA
7/23/21,10:34:00,Holmeja,Sympetrum_danae,Mature,1,,0,NA,115,2021,NA,NA
7/23/21,10:34:00,Holmeja,Sympetrum_danae,Mature,1,,0,NA,115,2021,NA,NA
7/23/21,10:34:00,Holmeja,Sympetrum_spp,Mature,,,0,NA,115,2021,NA,NA
7/23/21,10:34:00,Holmeja,Anax_imperator,Mature,1,,0,NA,115,2021,NA,NA
7/23/21,10:34:00,Holmeja,Anax_imperator,Mature,1,,0,NA,115,2021,NA,NA
7/23/21,10:34:00,Holmeja,Aeshna_grandis,Mature,1,,0,NA,115,2021,NA,NA
7/23/21,10:34:00,Holmeja,Aeshna_subarctica,Mature,1,,0,NA,115,2021,NA,NA
7/23/21,10:34:00,Holmeja,Aeshna_subarctica,Mature,0,,0,NA,115,2021,NA,NA
7/25/21,9:51:00,IKEA,Enallagma_cyathigerum,Teneral,0,,0,9,30,2021,NA,NA
7/25/21,9:51:00,IKEA,Lestes_sponsa,Immature,0,Gynochrome,0,0,30,2021,NA,NA
7/25/21,9:51:00,IKEA,Lestes_sponsa,Mature,0,Gynochrome,0,0,30,2021,NA,NA
7/25/21,9:51:00,IKEA,Aeshna_mixta,Teneral,1,,0,0,30,2021,NA,NA
7/24/21,15:45:00,Hoje_A_14,Calopteryx_splendens,Mature,1,,0,NA,40,2021,NA,NA
7/25/21,9:51:00,IKEA,Lestes_sponsa,Mature,1,,0,NA,30,2021,NA,NA
7/25/21,9:51:00,IKEA,Lestes_sponsa,Mature,1,,0,NA,30,2021,NA,NA
7/25/21,9:51:00,IKEA,Sympetrum_sanguineum,Mature,1,,0,NA,30,2021,NA,NA
7/25/21,10:39:00,Bunkeflostrand,Sympetrum_vulgatum,Teneral,0,,0,0,45,2021,NA,NA
7/25/21,10:39:00,Bunkeflostrand,Enallagma_cyathigerum,Mature,1,,0,0,45,2021,NA,NA
7/25/21,10:39:00,Bunkeflostrand,Enallagma_cyathigerum,Mature,1,,0,0,45,2021,NA,NA
7/25/21,10:39:00,Bunkeflostrand,Enallagma_cyathigerum,Mature,1,,0,0,45,2021,NA,NA
7/25/21,10:39:00,Bunkeflostrand,Enallagma_cyathigerum,Immature,1,,0,0,45,2021,NA,NA
7/25/21,10:39:00,Bunkeflostrand,Sympetrum_vulgatum,Teneral,0,,0,0,45,2021,NA,NA
7/25/21,10:39:00,Bunkeflostrand,Sympetrum_sanguineum,Mature,1,,0,0,45,2021,NA,NA
7/25/21,10:39:00,Bunkeflostrand,Ischnura_pumilio,Mature,1,,0,0,45,2021,NA,NA
7/25/21,10:39:00,Bunkeflostrand,Sympetrum_vulgatum,Teneral,0,,0,0,45,2021,NA,NA
7/25/21,10:39:00,Bunkeflostrand,Ischnura_pumilio,Mature,1,,0,0,45,2021,NA,NA
7/25/21,10:39:00,Bunkeflostrand,Lestes_sponsa,Mature,1,,0,0,45,2021,NA,NA
7/25/21,10:39:00,Bunkeflostrand,Ischnura_pumilio,Mature,1,,0,0,45,2021,NA,NA
7/25/21,10:39:00,Bunkeflostrand,Enallagma_cyathigerum,Mature,0,Gynochrome,0,0,45,2021,NA,NA
7/25/21,10:39:00,Bunkeflostrand,Orthetrum_coerulescens,Mature,1,,0,0,45,2021,NA,NA
7/25/21,10:39:00,Bunkeflostrand,Orthetrum_coerulescens,Mature,1,,0,NA,45,2021,NA,NA
7/25/21,10:39:00,Bunkeflostrand,Orthetrum_coerulescens,Mature,1,,0,NA,45,2021,NA,NA
7/25/21,10:39:00,Bunkeflostrand,Orthetrum_coerulescens,Mature,1,,0,NA,45,2021,NA,NA
7/25/21,10:39:00,Bunkeflostrand,Anax_imperator,Mature,1,,0,NA,45,2021,NA,NA
7/25/21,10:39:00,Bunkeflostrand,Sympetrum_sanguineum,Mature,1,,0,NA,45,2021,NA,NA
7/25/21,10:39:00,Bunkeflostrand,Sympetrum_spp,Teneral,,,0,NA,45,2021,NA,NA
7/25/21,10:39:00,Bunkeflostrand,Sympetrum_spp,Teneral,,,0,NA,45,2021,NA,NA
7/25/21,12:24:00,Rabydammen,Enallagma_cyathigerum,Mature,1,,1,8,30,2021,NA,NA
7/25/21,12:24:00,Rabydammen,Enallagma_cyathigerum,Immature,0,Gynochrome,1,8,30,2021,NA,NA
7/25/21,12:24:00,Rabydammen,Enallagma_cyathigerum,Mature,1,,1,5,30,2021,NA,NA
7/25/21,12:24:00,Rabydammen,Enallagma_cyathigerum,Mature,0,Gynochrome,1,17,30,2021,NA,NA
7/25/21,12:24:00,Rabydammen,Enallagma_cyathigerum,Mature,1,,1,0,30,2021,NA,NA
7/25/21,12:24:00,Rabydammen,Enallagma_cyathigerum,Mature,0,Gynochrome,1,5,30,2021,NA,NA
7/25/21,12:24:00,Rabydammen,Erythromma_viridulum,Mature,1,,0,0,30,2021,NA,NA
7/25/21,12:24:00,Rabydammen,Erythromma_viridulum,Mature,1,,0,3,30,2021,NA,NA
7/25/21,12:24:00,Rabydammen,Erythromma_viridulum,Mature,1,,0,15,30,2021,NA,NA
7/25/21,12:24:00,Rabydammen,Enallagma_cyathigerum,Mature,1,,0,0,30,2021,NA,NA
7/25/21,12:24:00,Rabydammen,Erythromma_viridulum,Mature,1,,0,7,30,2021,NA,NA
7/25/21,12:24:00,Rabydammen,Enallagma_cyathigerum,Mature,1,,0,0,30,2021,NA,NA
7/25/21,12:24:00,Rabydammen,Erythromma_viridulum,Mature,1,,0,5,30,2021,NA,NA
7/25/21,12:24:00,Rabydammen,Enallagma_cyathigerum,Mature,1,,0,6,30,2021,NA,NA
7/25/21,12:24:00,Rabydammen,Enallagma_cyathigerum,Mature,1,,0,0,30,2021,NA,NA
7/25/21,12:24:00,Rabydammen,Erythromma_viridulum,Mature,1,,0,9,30,2021,NA,NA
7/25/21,12:24:00,Rabydammen,Coenagrion_pulchellum,Mature,1,,0,0,30,2021,NA,NA
7/25/21,12:24:00,Rabydammen,Erythromma_viridulum,Mature,1,,0,3,30,2021,NA,NA
7/25/21,12:24:00,Rabydammen,Lestes_sponsa,Immature,1,,0,0,30,2021,NA,NA
7/25/21,12:24:00,Rabydammen,Lestes_sponsa,Immature,1,,0,0,30,2021,NA,NA
7/25/21,12:24:00,Rabydammen,Enallagma_cyathigerum,Mature,1,,0,5,30,2021,NA,NA
7/25/21,12:24:00,Rabydammen,Lestes_sponsa,Mature,1,,0,0,30,2021,NA,NA
7/25/21,12:24:00,Rabydammen,Erythromma_viridulum,Teneral,0,,0,0,30,2021,NA,NA
7/25/21,12:24:00,Rabydammen,Erythromma_viridulum,Mature,1,,0,40,30,2021,NA,NA
7/25/21,12:24:00,Rabydammen,Lestes_sponsa,Mature,1,,0,0,30,2021,NA,NA
7/25/21,12:24:00,Rabydammen,Erythromma_viridulum,Immature,1,,0,0,30,2021,NA,NA
7/25/21,12:24:00,Rabydammen,Erythromma_viridulum,Teneral,1,,0,0,30,2021,NA,NA
7/25/21,12:24:00,Rabydammen,Enallagma_cyathigerum,Mature,1,,0,3,30,2021,NA,NA
7/25/21,12:24:00,Rabydammen,Erythromma_viridulum,Mature,1,,0,3,30,2021,NA,NA
7/25/21,12:24:00,Rabydammen,Lestes_sponsa,Mature,1,,0,0,30,2021,NA,NA
7/25/21,12:24:00,Rabydammen,Enallagma_cyathigerum,Mature,1,,0,2,30,2021,NA,NA
7/25/21,12:24:00,Rabydammen,Erythromma_viridulum,Teneral,1,,0,0,30,2021,NA,NA
7/25/21,12:24:00,Rabydammen,Anax_imperator,Mature,1,,0,NA,30,2021,NA,NA
7/25/21,12:24:00,Rabydammen,Anax_imperator,Mature,1,,0,NA,30,2021,NA,NA
7/25/21,12:24:00,Rabydammen,Anax_imperator,Mature,0,Androchrome,0,NA,30,2021,NA,NA
7/25/21,12:24:00,Rabydammen,Orthetrum_cancellatum,Mature,1,,0,NA,30,2021,NA,NA
7/25/21,12:24:00,Rabydammen,Orthetrum_cancellatum,Mature,1,,0,NA,30,2021,NA,NA
7/25/21,12:24:00,Rabydammen,Orthetrum_cancellatum,Mature,1,,0,NA,30,2021,NA,NA
7/25/21,12:24:00,Rabydammen,Orthetrum_cancellatum,Mature,1,,0,NA,30,2021,NA,NA
7/25/21,12:24:00,Rabydammen,Orthetrum_cancellatum,Mature,1,,0,NA,30,2021,NA,NA
7/25/21,12:24:00,Rabydammen,Sympetrum_sanguineum,Mature,1,,0,NA,30,2021,NA,NA
7/25/21,12:24:00,Rabydammen,Sympetrum_sanguineum,Mature,1,,0,NA,30,2021,NA,NA
7/25/21,12:24:00,Rabydammen,Sympetrum_sanguineum,Mature,1,,1,NA,30,2021,NA,NA
7/25/21,12:24:00,Rabydammen,Sympetrum_sanguineum,Mature,0,Gynochrome,1,NA,30,2021,NA,NA
7/25/21,12:24:00,Rabydammen,Sympetrum_spp,Immature,1,,0,NA,30,2021,NA,NA
7/23/21,15:27:00,Vombs_Bruksgard,Enallagma_cyathigerum,Mature,1,,0,NA,135,2021,NA,NA
7/23/21,15:27:00,Vombs_Bruksgard,Enallagma_cyathigerum,Mature,1,,0,NA,135,2021,NA,NA
7/23/21,15:27:00,Vombs_Bruksgard,Enallagma_cyathigerum,Mature,1,,0,NA,135,2021,NA,NA
7/23/21,15:27:00,Vombs_Bruksgard,Enallagma_cyathigerum,Mature,1,,0,NA,135,2021,NA,NA
7/23/21,15:27:00,Vombs_Bruksgard,Enallagma_cyathigerum,Mature,1,,0,NA,135,2021,NA,NA
7/23/21,15:27:00,Vombs_Bruksgard,Enallagma_cyathigerum,Mature,1,,0,NA,135,2021,NA,NA
7/23/21,15:27:00,Vombs_Bruksgard,Enallagma_cyathigerum,Mature,1,,0,NA,135,2021,NA,NA
7/23/21,15:27:00,Vombs_Bruksgard,Enallagma_cyathigerum,Mature,1,,0,NA,135,2021,NA,NA
7/23/21,15:27:00,Vombs_Bruksgard,Enallagma_cyathigerum,Mature,1,,0,NA,135,2021,NA,NA
7/23/21,15:27:00,Vombs_Bruksgard,Enallagma_cyathigerum,Mature,1,,0,NA,135,2021,NA,NA
7/23/21,15:27:00,Vombs_Bruksgard,Enallagma_cyathigerum,Mature,1,,0,NA,135,2021,NA,NA
7/23/21,15:27:00,Vombs_Bruksgard,Enallagma_cyathigerum,Mature,1,,0,NA,135,2021,NA,NA
7/23/21,15:27:00,Vombs_Bruksgard,Enallagma_cyathigerum,Mature,1,,0,NA,135,2021,NA,NA
7/23/21,15:27:00,Vombs_Bruksgard,Enallagma_cyathigerum,Mature,1,,0,NA,135,2021,NA,NA
7/23/21,15:27:00,Vombs_Bruksgard,Enallagma_cyathigerum,Mature,1,,0,NA,135,2021,NA,NA
7/23/21,15:27:00,Vombs_Bruksgard,Enallagma_cyathigerum,Mature,1,,1,NA,135,2021,NA,NA
7/23/21,15:27:00,Vombs_Bruksgard,Enallagma_cyathigerum,Mature,0,Gynochrome,1,NA,135,2021,NA,NA
7/23/21,15:27:00,Vombs_Bruksgard,Aeshna_grandis,Mature,1,,0,NA,135,2021,NA,NA
7/23/21,15:27:00,Vombs_Bruksgard,Sympetrum_sanguineum,Mature,1,,0,NA,135,2021,NA,NA
7/23/21,15:27:00,Vombs_Bruksgard,Sympetrum_sanguineum,Mature,1,,0,NA,135,2021,NA,NA
7/23/21,15:27:00,Vombs_Bruksgard,Sympetrum_sanguineum,Mature,1,,0,NA,135,2021,NA,NA
7/23/21,15:27:00,Vombs_Bruksgard,Sympetrum_sanguineum,Mature,1,,0,NA,135,2021,NA,NA
7/23/21,15:27:00,Vombs_Bruksgard,Sympetrum_sanguineum,Mature,1,,0,NA,135,2021,NA,NA
7/23/21,15:27:00,Vombs_Bruksgard,Sympetrum_sanguineum,Mature,1,,0,NA,135,2021,NA,NA
7/23/21,15:27:00,Vombs_Bruksgard,Sympetrum_sanguineum,Mature,1,,0,NA,135,2021,NA,NA
7/23/21,15:27:00,Vombs_Bruksgard,Sympetrum_sanguineum,Mature,1,,0,NA,135,2021,NA,NA
7/23/21,15:27:00,Vombs_Bruksgard,Sympetrum_sanguineum,Mature,1,,0,NA,135,2021,NA,NA
7/23/21,15:27:00,Vombs_Bruksgard,Sympetrum_sanguineum,Mature,1,,0,NA,135,2021,NA,NA
7/23/21,15:27:00,Vombs_Bruksgard,Sympetrum_sanguineum,Mature,1,,0,NA,135,2021,NA,NA
7/23/21,15:27:00,Vombs_Bruksgard,Sympetrum_sanguineum,Mature,1,,0,NA,135,2021,NA,NA
7/23/21,15:27:00,Vombs_Bruksgard,Sympetrum_sanguineum,Mature,1,,0,NA,135,2021,NA,NA
7/23/21,15:27:00,Vombs_Bruksgard,Sympetrum_sanguineum,Mature,1,,0,NA,135,2021,NA,NA
7/23/21,15:27:00,Vombs_Bruksgard,Sympetrum_sanguineum,Mature,1,,0,NA,135,2021,NA,NA
7/23/21,15:27:00,Vombs_Bruksgard,Sympetrum_sanguineum,Mature,1,,0,NA,135,2021,NA,NA
7/23/21,15:27:00,Vombs_Bruksgard,Sympetrum_sanguineum,Mature,1,,0,NA,135,2021,NA,NA
7/23/21,15:27:00,Vombs_Bruksgard,Sympetrum_sanguineum,Mature,1,,0,NA,135,2021,NA,NA
7/23/21,15:27:00,Vombs_Bruksgard,Sympetrum_sanguineum,Mature,1,,0,NA,135,2021,NA,NA
7/23/21,15:27:00,Vombs_Bruksgard,Sympetrum_sanguineum,Mature,1,,0,NA,135,2021,NA,NA
7/23/21,15:27:00,Vombs_Bruksgard,Sympetrum_sanguineum,Mature,1,,0,NA,135,2021,NA,NA
7/23/21,15:27:00,Vombs_Bruksgard,Sympetrum_sanguineum,Mature,1,,0,NA,135,2021,NA,NA
7/23/21,15:27:00,Vombs_Bruksgard,Sympetrum_sanguineum,Mature,1,,0,NA,135,2021,NA,NA
7/23/21,15:27:00,Vombs_Bruksgard,Sympetrum_sanguineum,Mature,1,,0,NA,135,2021,NA,NA
7/23/21,15:27:00,Vombs_Bruksgard,Sympetrum_sanguineum,Mature,1,,0,NA,135,2021,NA,NA
7/23/21,15:27:00,Vombs_Bruksgard,Sympetrum_sanguineum,Mature,1,,0,NA,135,2021,NA,NA
7/23/21,15:27:00,Vombs_Bruksgard,Sympetrum_sanguineum,Mature,1,,0,NA,135,2021,NA,NA
7/23/21,15:27:00,Vombs_Bruksgard,Sympetrum_sanguineum,Mature,1,,0,NA,135,2021,NA,NA
7/23/21,15:27:00,Vombs_Bruksgard,Sympetrum_sanguineum,Mature,1,,0,NA,135,2021,NA,NA
7/23/21,15:27:00,Vombs_Bruksgard,Sympetrum_sanguineum,Mature,1,,0,NA,135,2021,NA,NA
7/23/21,15:27:00,Vombs_Bruksgard,Libellula_quadrimaculata,Mature,,,0,NA,135,2021,NA,NA
7/23/21,15:27:00,Vombs_Bruksgard,Libellula_quadrimaculata,Mature,,,0,NA,135,2021,NA,NA
7/23/21,15:27:00,Vombs_Bruksgard,Libellula_quadrimaculata,Mature,,,0,NA,135,2021,NA,NA
7/23/21,15:27:00,Vombs_Bruksgard,Libellula_quadrimaculata,Mature,,,0,NA,135,2021,NA,NA
7/23/21,15:27:00,Vombs_Bruksgard,Libellula_quadrimaculata,Mature,,,0,NA,135,2021,NA,NA
7/23/21,15:27:00,Vombs_Bruksgard,Libellula_quadrimaculata,Mature,,,0,NA,135,2021,NA,NA
7/23/21,15:27:00,Vombs_Bruksgard,Libellula_quadrimaculata,Mature,,,0,NA,135,2021,NA,NA
7/23/21,15:27:00,Vombs_Bruksgard,Libellula_quadrimaculata,Mature,,,0,NA,135,2021,NA,NA
7/23/21,15:27:00,Vombs_Bruksgard,Libellula_quadrimaculata,Mature,,,0,NA,135,2021,NA,NA
7/23/21,15:27:00,Vombs_Bruksgard,Libellula_quadrimaculata,Mature,,,0,NA,135,2021,NA,NA
7/23/21,15:27:00,Vombs_Bruksgard,Libellula_quadrimaculata,Mature,,,0,NA,135,2021,NA,NA
7/23/21,15:27:00,Vombs_Bruksgard,Enallagma_cyathigerum,Mature,1,,1,NA,135,2021,NA,NA
7/23/21,15:27:00,Vombs_Bruksgard,Enallagma_cyathigerum,Mature,0,Gynochrome,1,NA,135,2021,NA,NA
7/23/21,15:27:00,Vombs_Bruksgard,Enallagma_cyathigerum,Mature,1,,1,NA,135,2021,NA,NA
7/23/21,15:27:00,Vombs_Bruksgard,Enallagma_cyathigerum,Mature,0,Gynochrome,1,NA,135,2021,NA,NA
7/25/21,14:41:00,Genarp,Lestes_sponsa,Mature,0,Gynochrome,0,0,45,2021,NA,NA
7/25/21,14:41:00,Genarp,Sympetrum_sanguineum,Mature,1,,0,0,45,2021,NA,NA
7/25/21,14:41:00,Genarp,Sympetrum_sanguineum,Mature,1,,0,0,45,2021,NA,NA
7/25/21,14:41:00,Genarp,Lestes_sponsa,Immature,1,,0,0,45,2021,NA,NA
7/25/21,14:41:00,Genarp,Coenagrion_pulchellum,Mature,1,,0,0,45,2021,NA,NA
7/25/21,14:41:00,Genarp,Erythromma_viridulum,Immature,1,,0,10,45,2021,NA,NA
7/25/21,14:41:00,Genarp,Enallagma_cyathigerum,Mature,1,,0,0,45,2021,NA,NA
7/25/21,14:41:00,Genarp,Erythromma_viridulum,Mature,1,,0,0,45,2021,NA,NA
7/25/21,14:41:00,Genarp,Erythromma_viridulum,Mature,1,,0,0,45,2021,NA,NA
7/25/21,14:41:00,Genarp,Erythromma_viridulum,Mature,1,,0,0,45,2021,NA,NA
7/25/21,14:41:00,Genarp,Sympetrum_sanguineum,Mature,1,,0,0,45,2021,NA,NA
7/25/21,14:41:00,Genarp,Sympetrum_sanguineum,Mature,1,,0,0,45,2021,NA,NA
7/25/21,14:41:00,Genarp,Erythromma_viridulum,Mature,0,Gynochrome,0,1,45,2021,NA,NA
7/25/21,14:41:00,Genarp,Sympetrum_sanguineum,Immature,1,,0,0,45,2021,NA,NA
7/25/21,14:41:00,Genarp,Erythromma_viridulum,Mature,1,,0,0,45,2021,NA,NA
7/25/21,14:41:00,Genarp,Sympetrum_sanguineum,Mature,1,,0,0,45,2021,NA,NA
7/25/21,14:41:00,Genarp,Erythromma_viridulum,Mature,1,,0,0,45,2021,NA,NA
7/25/21,14:41:00,Genarp,Enallagma_cyathigerum,Mature,1,,0,0,45,2021,NA,NA
7/25/21,14:41:00,Genarp,Erythromma_viridulum,Mature,1,,0,0,45,2021,NA,NA
7/25/21,14:41:00,Genarp,Erythromma_viridulum,Mature,0,Gynochrome,0,2,45,2021,NA,NA
7/25/21,14:41:00,Genarp,Sympetrum_sanguineum,Mature,1,,0,0,45,2021,NA,NA
7/25/21,14:41:00,Genarp,Erythromma_viridulum,Mature,1,,0,0,45,2021,NA,NA
7/25/21,14:41:00,Genarp,Erythromma_viridulum,Mature,0,Gynochrome,0,0,45,2021,NA,NA
7/25/21,14:41:00,Genarp,Erythromma_viridulum,Mature,1,,0,0,45,2021,NA,NA
7/25/21,14:41:00,Genarp,Erythromma_viridulum,Immature,1,,0,0,45,2021,NA,NA
7/25/21,14:41:00,Genarp,Erythromma_viridulum,Mature,1,,0,0,45,2021,NA,NA
7/25/21,14:41:00,Genarp,Erythromma_viridulum,Immature,1,,0,0,45,2021,NA,NA
7/25/21,14:41:00,Genarp,Erythromma_viridulum,Mature,0,Gynochrome,0,0,45,2021,NA,NA
7/25/21,14:41:00,Genarp,Erythromma_viridulum,Mature,0,Gynochrome,0,1,45,2021,NA,NA
7/25/21,14:41:00,Genarp,Erythromma_viridulum,Mature,0,Gynochrome,0,0,45,2021,NA,NA
7/25/21,14:41:00,Genarp,Erythromma_viridulum,Mature,1,,0,0,45,2021,NA,NA
7/25/21,14:41:00,Genarp,Erythromma_viridulum,Mature,1,,0,0,45,2021,NA,NA
7/25/21,14:41:00,Genarp,Erythromma_viridulum,Mature,0,Gynochrome,0,0,45,2021,NA,NA
7/25/21,14:41:00,Genarp,Erythromma_viridulum,Immature,0,Gynochrome,0,0,45,2021,NA,NA
7/25/21,14:41:00,Genarp,Erythromma_viridulum,Mature,1,,0,0,45,2021,NA,NA
7/25/21,14:41:00,Genarp,Erythromma_viridulum,Immature,1,,0,0,45,2021,NA,NA
7/25/21,14:41:00,Genarp,Erythromma_viridulum,Mature,0,Gynochrome,0,1,45,2021,NA,NA
7/25/21,14:41:00,Genarp,Erythromma_viridulum,Mature,0,Gynochrome,0,0,45,2021,NA,NA
7/25/21,14:41:00,Genarp,Erythromma_viridulum,Mature,0,Gynochrome,0,0,45,2021,NA,NA
7/25/21,14:41:00,Genarp,Erythromma_viridulum,Mature,1,,0,0,45,2021,NA,NA
7/25/21,14:41:00,Genarp,Erythromma_viridulum,Immature,0,Gynochrome,0,0,45,2021,NA,NA
7/25/21,14:41:00,Genarp,Erythromma_viridulum,Mature,1,,0,0,45,2021,NA,NA
7/25/21,14:41:00,Genarp,Erythromma_viridulum,Immature,0,Gynochrome,0,10,45,2021,NA,NA
7/25/21,14:41:00,Genarp,Erythromma_viridulum,Mature,0,Gynochrome,0,0,45,2021,NA,NA
7/25/21,14:41:00,Genarp,Erythromma_viridulum,Mature,1,,0,0,45,2021,NA,NA
7/25/21,14:41:00,Genarp,Erythromma_viridulum,Mature,1,,0,NA,45,2021,NA,NA
7/25/21,14:41:00,Genarp,Erythromma_viridulum,Mature,1,,0,NA,45,2021,NA,NA
7/25/21,14:41:00,Genarp,Erythromma_viridulum,Mature,1,,0,NA,45,2021,NA,NA
7/25/21,14:41:00,Genarp,Erythromma_viridulum,Mature,1,,0,NA,45,2021,NA,NA
7/25/21,14:41:00,Genarp,Erythromma_viridulum,Mature,1,,0,NA,45,2021,NA,NA
7/25/21,14:41:00,Genarp,Erythromma_viridulum,Mature,1,,0,NA,45,2021,NA,NA
7/25/21,14:41:00,Genarp,Erythromma_viridulum,Mature,1,,0,NA,45,2021,NA,NA
7/25/21,14:41:00,Genarp,Erythromma_viridulum,Mature,1,,0,NA,45,2021,NA,NA
7/25/21,14:41:00,Genarp,Erythromma_viridulum,Mature,1,,0,NA,45,2021,NA,NA
7/25/21,14:41:00,Genarp,Erythromma_viridulum,Mature,1,,0,NA,45,2021,NA,NA
7/25/21,14:41:00,Genarp,Erythromma_viridulum,Mature,1,,1,NA,45,2021,NA,NA
7/25/21,14:41:00,Genarp,Erythromma_viridulum,Mature,0,Gynochrome,1,NA,45,2021,NA,NA
7/25/21,14:41:00,Genarp,Erythromma_viridulum,Mature,1,,1,NA,45,2021,NA,NA
7/25/21,14:41:00,Genarp,Erythromma_viridulum,Mature,0,Gynochrome,1,NA,45,2021,NA,NA
7/25/21,14:41:00,Genarp,Erythromma_viridulum,Mature,1,,1,NA,45,2021,NA,NA
7/25/21,14:41:00,Genarp,Erythromma_viridulum,Mature,0,Gynochrome,1,NA,45,2021,NA,NA
7/25/21,14:41:00,Genarp,Erythromma_viridulum,Mature,1,,1,NA,45,2021,NA,NA
7/25/21,14:41:00,Genarp,Erythromma_viridulum,Mature,0,Gynochrome,1,NA,45,2021,NA,NA
7/25/21,14:41:00,Genarp,Erythromma_viridulum,Mature,1,,1,NA,45,2021,NA,NA
7/25/21,14:41:00,Genarp,Erythromma_viridulum,Mature,0,Gynochrome,1,NA,45,2021,NA,NA
7/25/21,14:41:00,Genarp,Erythromma_viridulum,Mature,1,,1,0,45,2021,NA,NA
7/25/21,14:41:00,Genarp,Erythromma_viridulum,Mature,0,Gynochrome,1,2,45,2021,NA,NA
7/25/21,14:41:00,Genarp,Calopteryx_splendens,Mature,1,,0,NA,45,2021,NA,NA
7/25/21,14:41:00,Genarp,Calopteryx_splendens,Mature,1,,0,NA,45,2021,NA,NA
7/25/21,14:41:00,Genarp,Calopteryx_splendens,Mature,0,Gynochrome,0,NA,45,2021,NA,NA
7/25/21,14:41:00,Genarp,Somatochlora_spp,Mature,,,0,NA,45,2021,NA,NA
7/25/21,14:41:00,Genarp,Sympetrum_sanguineum,Mature,1,,1,NA,45,2021,NA,NA
7/25/21,14:41:00,Genarp,Sympetrum_sanguineum,Mature,0,Gynochrome,1,NA,45,2021,NA,NA
7/25/21,14:41:00,Genarp,Sympetrum_sanguineum,Mature,1,,1,NA,45,2021,NA,NA
7/25/21,14:41:00,Genarp,Sympetrum_sanguineum,Mature,0,Gynochrome,1,NA,45,2021,NA,NA
7/25/21,14:41:00,Genarp,Sympetrum_sanguineum,Mature,1,,1,NA,45,2021,NA,NA
7/25/21,14:41:00,Genarp,Sympetrum_sanguineum,Mature,0,Gynochrome,1,NA,45,2021,NA,NA
7/25/21,14:41:00,Genarp,Sympetrum_sanguineum,Mature,1,,1,NA,45,2021,NA,NA
7/25/21,14:41:00,Genarp,Sympetrum_sanguineum,Mature,0,Gynochrome,1,NA,45,2021,NA,NA
7/25/21,14:41:00,Genarp,Sympetrum_sanguineum,Mature,0,Gynochrome,0,NA,45,2021,NA,NA
7/25/21,14:41:00,Genarp,Sympetrum_sanguineum,Mature,0,Gynochrome,0,NA,45,2021,NA,NA
7/25/21,14:41:00,Genarp,Sympetrum_sanguineum,Mature,1,,0,NA,45,2021,NA,NA
7/25/21,14:41:00,Genarp,Sympetrum_sanguineum,Mature,1,,0,NA,45,2021,NA,NA
7/25/21,14:41:00,Genarp,Sympetrum_sanguineum,Mature,1,,0,NA,45,2021,NA,NA
7/25/21,14:41:00,Genarp,Sympetrum_sanguineum,Mature,1,,0,NA,45,2021,NA,NA
7/25/21,14:41:00,Genarp,Sympetrum_sanguineum,Mature,1,,0,NA,45,2021,NA,NA
7/25/21,14:41:00,Genarp,Sympetrum_sanguineum,Mature,1,,0,NA,45,2021,NA,NA
7/25/21,14:41:00,Genarp,Sympetrum_sanguineum,Mature,1,,0,NA,45,2021,NA,NA
7/25/21,14:41:00,Genarp,Sympetrum_sanguineum,Mature,1,,0,NA,45,2021,NA,NA
7/25/21,14:41:00,Genarp,Sympetrum_sanguineum,Mature,1,,0,NA,45,2021,NA,NA
7/25/21,14:41:00,Genarp,Sympetrum_sanguineum,Mature,1,,0,NA,45,2021,NA,NA
7/25/21,14:41:00,Genarp,Sympetrum_sanguineum,Mature,1,,0,NA,45,2021,NA,NA
7/25/21,14:41:00,Genarp,Sympetrum_sanguineum,Mature,1,,0,NA,45,2021,NA,NA
7/25/21,14:41:00,Genarp,Sympetrum_sanguineum,Mature,1,,0,NA,45,2021,NA,NA
7/25/21,14:41:00,Genarp,Sympetrum_sanguineum,Mature,1,,0,NA,45,2021,NA,NA
7/25/21,14:41:00,Genarp,Sympetrum_sanguineum,Mature,1,,0,NA,45,2021,NA,NA
7/25/21,14:41:00,Genarp,Sympetrum_sanguineum,Mature,1,,0,NA,45,2021,NA,NA
7/25/21,14:41:00,Genarp,Sympetrum_sanguineum,Mature,1,,0,NA,45,2021,NA,NA
7/25/21,14:41:00,Genarp,Sympetrum_sanguineum,Mature,1,,0,NA,45,2021,NA,NA
7/25/21,14:41:00,Genarp,Sympetrum_sanguineum,Mature,1,,0,NA,45,2021,NA,NA
7/25/21,14:41:00,Genarp,Sympetrum_sanguineum,Mature,1,,0,NA,45,2021,NA,NA
7/25/21,14:41:00,Genarp,Sympetrum_sanguineum,Mature,1,,0,NA,45,2021,NA,NA
7/25/21,14:41:00,Genarp,Sympetrum_sanguineum,Mature,1,,0,NA,45,2021,NA,NA
7/25/21,14:41:00,Genarp,Sympetrum_sanguineum,Mature,1,,0,NA,45,2021,NA,NA
7/25/21,14:41:00,Genarp,Sympetrum_sanguineum,Mature,1,,0,NA,45,2021,NA,NA
7/25/21,14:41:00,Genarp,Sympetrum_sanguineum,Mature,1,,0,NA,45,2021,NA,NA
7/25/21,14:41:00,Genarp,Aeshna_grandis,Mature,1,,0,NA,45,2021,NA,NA
7/25/21,14:41:00,Genarp,Anax_imperator,Mature,1,,0,NA,45,2021,NA,NA
7/25/21,14:41:00,Genarp,Anax_imperator,Mature,,,0,NA,45,2021,NA,NA
7/25/21,15:47:00,Lunnarp,Enallagma_cyathigerum,Mature,0,Gynochrome,1,0,45,2021,NA,NA
7/25/21,15:47:00,Lunnarp,Enallagma_cyathigerum,Mature,1,,1,4,45,2021,NA,NA
7/25/21,15:47:00,Lunnarp,Lestes_sponsa,Mature,0,Gynochrome,1,0,45,2021,NA,NA
7/25/21,15:47:00,Lunnarp,Lestes_sponsa,Mature,1,,1,0,45,2021,NA,NA
7/25/21,15:47:00,Lunnarp,Lestes_sponsa,Mature,0,Gynochrome,1,0,45,2021,NA,NA
7/25/21,15:47:00,Lunnarp,Lestes_sponsa,Mature,1,,1,0,45,2021,NA,NA
7/25/21,15:47:00,Lunnarp,Lestes_sponsa,Mature,1,,1,0,45,2021,NA,NA
7/25/21,15:47:00,Lunnarp,Lestes_sponsa,Mature,0,,1,NA,45,2021,NA,NA
7/25/21,15:47:00,Lunnarp,Lestes_sponsa,Mature,0,Gynochrome,1,0,45,2021,NA,NA
7/25/21,15:47:00,Lunnarp,Lestes_sponsa,Mature,1,,1,0,45,2021,NA,NA
7/25/21,15:47:00,Lunnarp,Enallagma_cyathigerum,Mature,0,Gynochrome,1,0,45,2021,NA,NA
7/25/21,15:47:00,Lunnarp,Enallagma_cyathigerum,Mature,1,,1,0,45,2021,NA,NA
7/25/21,15:47:00,Lunnarp,Enallagma_cyathigerum,Mature,1,,1,0,45,2021,NA,NA
7/25/21,15:47:00,Lunnarp,Enallagma_cyathigerum,Mature,0,Androchrome,1,1,45,2021,NA,NA
7/25/21,15:47:00,Lunnarp,Enallagma_cyathigerum,Mature,1,,1,0,45,2021,NA,NA
7/25/21,15:47:00,Lunnarp,Enallagma_cyathigerum,Mature,0,Gynochrome,1,0,45,2021,NA,NA
7/25/21,15:47:00,Lunnarp,Erythromma_viridulum,Immature,1,,0,0,45,2021,NA,NA
7/25/21,15:47:00,Lunnarp,Sympetrum_sanguineum,Mature,0,Gynochrome,1,0,45,2021,NA,NA
7/25/21,15:47:00,Lunnarp,Sympetrum_sanguineum,Mature,1,,1,0,45,2021,NA,NA
7/25/21,15:47:00,Lunnarp,Lestes_sponsa,Mature,1,,0,0,45,2021,NA,NA
7/25/21,15:47:00,Lunnarp,Lestes_sponsa,Mature,1,,0,0,45,2021,NA,NA
7/25/21,15:47:00,Lunnarp,Lestes_sponsa,Mature,1,,0,0,45,2021,NA,NA
7/25/21,15:47:00,Lunnarp,Enallagma_cyathigerum,Immature,1,,0,0,45,2021,NA,NA
7/25/21,15:47:00,Lunnarp,Coenagrion_pulchellum,Immature,1,,0,0,45,2021,NA,NA
7/25/21,15:47:00,Lunnarp,Lestes_sponsa,Mature,1,,0,0,45,2021,NA,NA
7/25/21,15:47:00,Lunnarp,Lestes_sponsa,Mature,1,,0,0,45,2021,NA,NA
7/25/21,15:47:00,Lunnarp,Enallagma_cyathigerum,Mature,1,,0,0,45,2021,NA,NA
7/25/21,15:47:00,Lunnarp,Lestes_sponsa,Mature,1,,0,0,45,2021,NA,NA
7/25/21,15:47:00,Lunnarp,Enallagma_cyathigerum,Mature,1,,0,0,45,2021,NA,NA
7/25/21,15:47:00,Lunnarp,Enallagma_cyathigerum,Mature,0,Gynochrome,0,0,45,2021,NA,NA
7/25/21,15:47:00,Lunnarp,Lestes_sponsa,Immature,1,,0,0,45,2021,NA,NA
7/25/21,15:47:00,Lunnarp,Enallagma_cyathigerum,Mature,1,,0,0,45,2021,NA,NA
7/25/21,15:47:00,Lunnarp,Erythromma_viridulum,Immature,1,,0,0,45,2021,NA,NA
7/25/21,15:47:00,Lunnarp,Enallagma_cyathigerum,Mature,1,,0,0,45,2021,NA,NA
7/25/21,15:47:00,Lunnarp,Lestes_sponsa,Mature,1,,0,0,45,2021,NA,NA
7/25/21,15:47:00,Lunnarp,Enallagma_cyathigerum,Mature,1,,0,0,45,2021,NA,NA
7/25/21,15:47:00,Lunnarp,Lestes_sponsa,Mature,1,,0,NA,45,2021,NA,NA
7/25/21,15:47:00,Lunnarp,Erythromma_viridulum,Mature,1,,0,0,45,2021,NA,NA
7/25/21,15:47:00,Lunnarp,Coenagrion_pulchellum,Immature,1,,0,0,45,2021,NA,NA
7/25/21,15:47:00,Lunnarp,Lestes_sponsa,Mature,1,,0,NA,45,2021,NA,NA
7/25/21,15:47:00,Lunnarp,Lestes_sponsa,Mature,1,,0,NA,45,2021,NA,NA
7/25/21,15:47:00,Lunnarp,Lestes_sponsa,Mature,1,,0,NA,45,2021,NA,NA
7/25/21,15:47:00,Lunnarp,Enallagma_cyathigerum,Mature,1,,0,0,45,2021,NA,NA
7/25/21,15:47:00,Lunnarp,Enallagma_cyathigerum,Mature,1,,0,0,45,2021,NA,NA
7/25/21,15:47:00,Lunnarp,Ischnura_pumilio,Teneral,1,,0,0,45,2021,NA,NA
7/25/21,15:47:00,Lunnarp,Ischnura_pumilio,Teneral,1,,0,0,45,2021,NA,NA
7/25/21,15:47:00,Lunnarp,Enallagma_cyathigerum,Mature,1,,0,0,45,2021,NA,NA
7/25/21,15:47:00,Lunnarp,Ischnura_pumilio,Teneral,0,,0,0,45,2021,NA,NA
7/25/21,15:47:00,Lunnarp,Ischnura_pumilio,Teneral,0,,0,0,45,2021,NA,NA
7/25/21,15:47:00,Lunnarp,Enallagma_cyathigerum,Immature,1,,0,0,45,2021,NA,NA
7/25/21,15:47:00,Lunnarp,Ischnura_pumilio,Teneral,0,,0,0,45,2021,NA,NA
7/25/21,15:47:00,Lunnarp,Enallagma_cyathigerum,Mature,1,,0,0,45,2021,NA,NA
7/25/21,15:47:00,Lunnarp,Erythromma_viridulum,Teneral,0,,0,0,45,2021,NA,NA
7/25/21,15:47:00,Lunnarp,Ischnura_pumilio,Teneral,1,,0,0,45,2021,NA,NA
7/25/21,15:47:00,Lunnarp,Erythromma_viridulum,Mature,1,,0,0,45,2021,NA,NA
7/25/21,15:47:00,Lunnarp,Ischnura_pumilio,Teneral,0,,0,0,45,2021,NA,NA
7/25/21,15:47:00,Lunnarp,Lestes_sponsa,Mature,1,,0,NA,45,2021,NA,NA
7/25/21,15:47:00,Lunnarp,Enallagma_cyathigerum,Mature,1,,0,NA,45,2021,NA,NA
7/25/21,15:47:00,Lunnarp,Lestes_sponsa,Mature,1,,0,NA,45,2021,NA,NA
7/25/21,15:47:00,Lunnarp,Enallagma_cyathigerum,Mature,1,,0,0,45,2021,NA,NA
7/25/21,15:47:00,Lunnarp,Sympetrum_sanguineum,Mature,1,,0,0,45,2021,NA,NA
7/25/21,15:47:00,Lunnarp,Sympetrum_sanguineum,Mature,1,,0,0,45,2021,NA,NA
7/25/21,15:47:00,Lunnarp,Lestes_sponsa,Mature,1,,0,NA,45,2021,NA,NA
7/25/21,15:47:00,Lunnarp,Erythromma_viridulum,Immature,0,Gynochrome,0,0,45,2021,NA,NA
7/25/21,15:47:00,Lunnarp,Sympetrum_sanguineum,Mature,1,,0,0,45,2021,NA,NA
7/25/21,15:47:00,Lunnarp,Lestes_sponsa,Mature,1,,0,NA,45,2021,NA,NA
7/25/21,15:47:00,Lunnarp,Lestes_sponsa,Immature,1,,0,NA,45,2021,NA,NA
7/25/21,15:47:00,Lunnarp,Sympetrum_sanguineum,Mature,1,,0,0,45,2021,NA,NA
7/25/21,15:47:00,Lunnarp,Erythromma_viridulum,Immature,1,,0,0,45,2021,NA,NA
7/25/21,15:47:00,Lunnarp,Sympetrum_sanguineum,Mature,1,,0,0,45,2021,NA,NA
7/25/21,15:47:00,Lunnarp,Enallagma_cyathigerum,Mature,1,,0,0,45,2021,NA,NA
7/25/21,15:47:00,Lunnarp,Erythromma_viridulum,Immature,1,,0,0,45,2021,NA,NA
7/25/21,15:47:00,Lunnarp,Erythromma_viridulum,Mature,1,,0,NA,45,2021,NA,NA
7/25/21,15:47:00,Lunnarp,Sympetrum_sanguineum,Immature,0,Gynochrome,0,0,45,2021,NA,NA
7/25/21,15:47:00,Lunnarp,Erythromma_viridulum,Immature,1,,0,0,45,2021,NA,NA
7/25/21,15:47:00,Lunnarp,Erythromma_viridulum,Mature,1,,0,0,45,2021,NA,NA
7/25/21,15:47:00,Lunnarp,Erythromma_viridulum,Immature,1,,0,1,45,2021,NA,NA
7/25/21,15:47:00,Lunnarp,Sympetrum_sanguineum,Mature,0,Gynochrome,0,0,45,2021,NA,NA
7/25/21,15:47:00,Lunnarp,Erythromma_viridulum,Mature,1,,0,0,45,2021,NA,NA
7/25/21,15:47:00,Lunnarp,Sympetrum_sanguineum,Immature,1,,0,0,45,2021,NA,NA
7/25/21,15:47:00,Lunnarp,Erythromma_viridulum,Mature,1,,0,0,45,2021,NA,NA
7/25/21,15:47:00,Lunnarp,Lestes_sponsa,Mature,1,,0,0,45,2021,NA,NA
7/25/21,15:47:00,Lunnarp,Erythromma_viridulum,Mature,1,,0,0,45,2021,NA,NA
7/25/21,15:47:00,Lunnarp,Sympetrum_sanguineum,Mature,1,,0,0,45,2021,NA,NA
7/25/21,15:47:00,Lunnarp,Erythromma_viridulum,Mature,1,,0,0,45,2021,NA,NA
7/25/21,15:47:00,Lunnarp,Enallagma_cyathigerum,Mature,1,,0,0,45,2021,NA,NA
7/25/21,15:47:00,Lunnarp,Sympetrum_sanguineum,Mature,0,Gynochrome,0,0,45,2021,NA,NA
7/25/21,15:47:00,Lunnarp,Sympetrum_sanguineum,Mature,1,,0,0,45,2021,NA,NA
7/25/21,15:47:00,Lunnarp,Lestes_sponsa,Mature,1,,0,0,45,2021,NA,NA
7/25/21,15:47:00,Lunnarp,Erythromma_viridulum,Immature,1,,0,1,45,2021,NA,NA
7/25/21,15:47:00,Lunnarp,Enallagma_cyathigerum,Mature,1,,0,0,45,2021,NA,NA
7/25/21,15:47:00,Lunnarp,Erythromma_viridulum,Mature,1,,0,0,45,2021,NA,NA
7/25/21,15:47:00,Lunnarp,Enallagma_cyathigerum,Mature,1,,0,0,45,2021,NA,NA
7/25/21,15:47:00,Lunnarp,Coenagrion_puella,Mature,1,,0,0,45,2021,NA,NA
7/25/21,15:47:00,Lunnarp,Erythromma_viridulum,Mature,1,,0,0,45,2021,NA,NA
7/25/21,15:47:00,Lunnarp,Erythromma_viridulum,Mature,1,,0,0,45,2021,NA,NA
7/25/21,15:47:00,Lunnarp,Anax_imperator,Mature,1,,0,NA,45,2021,NA,NA
7/25/21,15:47:00,Lunnarp,Anax_imperator,Mature,1,,0,NA,45,2021,NA,NA
7/25/21,15:47:00,Lunnarp,Anax_imperator,Mature,1,,0,NA,45,2021,NA,NA
7/25/21,15:47:00,Lunnarp,Anax_imperator,Mature,1,,0,NA,45,2021,NA,NA
7/25/21,15:47:00,Lunnarp,Anax_imperator,Mature,0,Gynochrome,0,NA,45,2021,NA,NA
7/25/21,15:47:00,Lunnarp,Anax_imperator,Mature,0,Gynochrome,0,NA,45,2021,NA,NA
7/25/21,15:47:00,Lunnarp,Orthetrum_cancellatum,Mature,1,,0,NA,45,2021,NA,NA
7/25/21,15:47:00,Lunnarp,Orthetrum_cancellatum,Mature,1,,0,NA,45,2021,NA,NA
7/25/21,15:47:00,Lunnarp,Orthetrum_cancellatum,Mature,0,Gynochrome,0,NA,45,2021,NA,NA
7/25/21,15:47:00,Lunnarp,Orthetrum_cancellatum,Mature,0,Gynochrome,0,NA,45,2021,NA,NA
7/25/21,15:47:00,Lunnarp,Sympetrum_sanguineum,Mature,1,,0,NA,45,2021,NA,NA
7/25/21,15:47:00,Lunnarp,Sympetrum_sanguineum,Mature,1,,0,NA,45,2021,NA,NA
7/25/21,15:47:00,Lunnarp,Sympetrum_sanguineum,Mature,1,,0,NA,45,2021,NA,NA
7/25/21,15:47:00,Lunnarp,Sympetrum_sanguineum,Mature,1,,0,NA,45,2021,NA,NA
7/25/21,15:47:00,Lunnarp,Sympetrum_sanguineum,Mature,1,,0,NA,45,2021,NA,NA
7/25/21,15:47:00,Lunnarp,Sympetrum_sanguineum,Mature,1,,0,NA,45,2021,NA,NA
7/25/21,15:47:00,Lunnarp,Sympetrum_sanguineum,Mature,1,,0,NA,45,2021,NA,NA
7/25/21,15:47:00,Lunnarp,Sympetrum_sanguineum,Mature,1,,0,NA,45,2021,NA,NA
7/25/21,15:47:00,Lunnarp,Sympetrum_sanguineum,Mature,1,,0,NA,45,2021,NA,NA
7/25/21,15:47:00,Lunnarp,Sympetrum_sanguineum,Mature,1,,0,NA,45,2021,NA,NA
7/25/21,15:47:00,Lunnarp,Sympetrum_sanguineum,Mature,1,,0,NA,45,2021,NA,NA
7/25/21,15:47:00,Lunnarp,Sympetrum_sanguineum,Mature,1,,0,NA,45,2021,NA,NA
7/25/21,15:47:00,Lunnarp,Sympetrum_sanguineum,Mature,0,Gynochrome,0,NA,45,2021,NA,NA
7/25/21,15:47:00,Lunnarp,Sympetrum_sanguineum,Mature,1,,1,NA,45,2021,NA,NA
7/25/21,15:47:00,Lunnarp,Sympetrum_sanguineum,Mature,0,Gynochrome,1,NA,45,2021,NA,NA
7/25/21,15:47:00,Lunnarp,Sympetrum_sanguineum,Mature,1,,1,NA,45,2021,NA,NA
7/25/21,15:47:00,Lunnarp,Sympetrum_sanguineum,Mature,0,Gynochrome,1,NA,45,2021,NA,NA
7/25/21,15:47:00,Lunnarp,Libellula_quadrimaculata,Mature,0,,0,NA,45,2021,NA,NA
7/25/21,15:47:00,Lunnarp,Erythromma_viridulum,Mature,1,,1,NA,45,2021,NA,NA
7/25/21,15:47:00,Lunnarp,Erythromma_viridulum,Mature,0,Gynochrome,1,NA,45,2021,NA,NA
7/25/21,15:47:00,Lunnarp,Erythromma_viridulum,Mature,1,,1,NA,45,2021,NA,NA
7/25/21,15:47:00,Lunnarp,Erythromma_viridulum,Mature,0,Gynochrome,1,NA,45,2021,NA,NA
7/25/21,15:47:00,Lunnarp,Erythromma_viridulum,Mature,1,,1,NA,45,2021,NA,NA
7/25/21,15:47:00,Lunnarp,Erythromma_viridulum,Mature,0,Gynochrome,1,NA,45,2021,NA,NA
7/25/21,15:47:00,Lunnarp,Erythromma_viridulum,Mature,1,,1,NA,45,2021,NA,NA
7/25/21,15:47:00,Lunnarp,Erythromma_viridulum,Mature,0,Gynochrome,1,NA,45,2021,NA,NA
7/25/21,15:47:00,Lunnarp,Erythromma_viridulum,Mature,1,,1,NA,45,2021,NA,NA
7/25/21,15:47:00,Lunnarp,Erythromma_viridulum,Mature,0,Gynochrome,1,NA,45,2021,NA,NA
7/25/21,15:47:00,Lunnarp,Lestes_sponsa,Mature,0,Gynochrome,1,NA,45,2021,NA,NA
7/25/21,15:47:00,Lunnarp,Lestes_sponsa,Mature,1,,1,NA,45,2021,NA,NA
7/25/21,15:47:00,Lunnarp,Erythromma_viridulum,Mature,1,,0,NA,45,2021,NA,NA
7/25/21,15:47:00,Lunnarp,Erythromma_viridulum,Mature,1,,0,NA,45,2021,NA,NA
7/25/21,15:47:00,Lunnarp,Erythromma_viridulum,Mature,1,,0,NA,45,2021,NA,NA
7/25/21,15:47:00,Lunnarp,Erythromma_viridulum,Mature,1,,0,NA,45,2021,NA,NA
7/25/21,15:47:00,Lunnarp,Erythromma_viridulum,Mature,1,,0,NA,45,2021,NA,NA
7/25/21,15:47:00,Lunnarp,Erythromma_viridulum,Mature,1,,0,NA,45,2021,NA,NA
7/25/21,15:47:00,Lunnarp,Erythromma_viridulum,Mature,1,,0,NA,45,2021,NA,NA
7/25/21,15:47:00,Lunnarp,Erythromma_viridulum,Mature,1,,0,NA,45,2021,NA,NA
7/25/21,15:47:00,Lunnarp,Erythromma_viridulum,Mature,1,,0,NA,45,2021,NA,NA
7/25/21,15:47:00,Lunnarp,Erythromma_viridulum,Mature,1,,0,NA,45,2021,NA,NA
7/26/21,9:43:00,Lomma_Kyrkdamm,Erythromma_viridulum,Mature,1,,0,10,40,2021,NA,NA
7/26/21,9:43:00,Lomma_Kyrkdamm,Enallagma_cyathigerum,Mature,1,,0,0,40,2021,NA,NA
7/26/21,9:43:00,Lomma_Kyrkdamm,Erythromma_viridulum,Mature,1,,0,0,40,2021,NA,NA
7/26/21,9:43:00,Lomma_Kyrkdamm,Enallagma_cyathigerum,Mature,1,,0,0,40,2021,NA,NA
7/26/21,9:43:00,Lomma_Kyrkdamm,Enallagma_cyathigerum,Mature,1,,0,4,40,2021,NA,NA
7/26/21,9:43:00,Lomma_Kyrkdamm,Enallagma_cyathigerum,Mature,1,,0,3,40,2021,NA,NA
7/26/21,9:43:00,Lomma_Kyrkdamm,Enallagma_cyathigerum,Mature,1,,0,0,40,2021,NA,NA
7/26/21,9:43:00,Lomma_Kyrkdamm,Enallagma_cyathigerum,Mature,1,,0,1,40,2021,NA,NA
7/26/21,9:43:00,Lomma_Kyrkdamm,Enallagma_cyathigerum,Immature,1,,0,0,40,2021,NA,NA
7/26/21,9:43:00,Lomma_Kyrkdamm,Erythromma_viridulum,Mature,0,,0,13,40,2021,NA,NA
7/26/21,9:43:00,Lomma_Kyrkdamm,Erythromma_viridulum,Mature,1,,0,0,40,2021,NA,NA
7/26/21,9:43:00,Lomma_Kyrkdamm,Erythromma_viridulum,Mature,1,,0,1,40,2021,NA,NA
7/26/21,9:43:00,Lomma_Kyrkdamm,Erythromma_viridulum,Mature,1,,0,1,40,2021,NA,NA
7/26/21,9:43:00,Lomma_Kyrkdamm,Enallagma_cyathigerum,Mature,0,Gynochrome,0,0,40,2021,NA,NA
7/26/21,9:43:00,Lomma_Kyrkdamm,Enallagma_cyathigerum,Mature,1,,0,0,40,2021,NA,NA
7/26/21,9:43:00,Lomma_Kyrkdamm,Enallagma_cyathigerum,Mature,1,,0,4,40,2021,NA,NA
7/26/21,9:43:00,Lomma_Kyrkdamm,Enallagma_cyathigerum,Immature,1,,0,0,40,2021,NA,NA
7/26/21,9:43:00,Lomma_Kyrkdamm,Erythromma_viridulum,Mature,1,,0,9,40,2021,NA,NA
7/26/21,9:43:00,Lomma_Kyrkdamm,Enallagma_cyathigerum,Mature,1,,0,1,40,2021,NA,NA
7/26/21,9:43:00,Lomma_Kyrkdamm,Enallagma_cyathigerum,Immature,1,,0,0,40,2021,NA,NA
7/26/21,9:43:00,Lomma_Kyrkdamm,Erythromma_viridulum,Mature,1,,0,NA,40,2021,NA,NA
7/26/21,9:43:00,Lomma_Kyrkdamm,Erythromma_viridulum,Mature,1,,0,13,40,2021,NA,NA
7/26/21,9:43:00,Lomma_Kyrkdamm,Erythromma_viridulum,Mature,1,,0,3,40,2021,NA,NA
7/26/21,9:43:00,Lomma_Kyrkdamm,Aeshna_grandis,Mature,1,,0,NA,40,2021,NA,NA
7/26/21,9:43:00,Lomma_Kyrkdamm,Aeshna_grandis,Mature,0,Gynochrome,0,NA,40,2021,NA,NA
7/26/21,9:43:00,Lomma_Kyrkdamm,Sympetrum_sanguineum,Mature,1,,0,NA,40,2021,NA,NA
7/26/21,9:43:00,Lomma_Kyrkdamm,Sympetrum_sanguineum,Mature,1,,0,NA,40,2021,NA,NA
7/26/21,9:43:00,Lomma_Kyrkdamm,Sympetrum_sanguineum,Mature,1,,0,NA,40,2021,NA,NA
7/26/21,9:43:00,Lomma_Kyrkdamm,Sympetrum_spp,Mature,0,,0,NA,40,2021,NA,NA
7/26/21,10:25:00,Habo_Gard,Aeshna_mixta,Mature,1,,0,NA,20,2021,NA,NA
7/26/21,10:25:00,Habo_Gard,Somatochlora_spp,Mature,1,,0,NA,20,2021,NA,NA
7/26/21,10:25:00,Habo_Gard,Calopteryx_splendens,Mature,1,,0,NA,20,2021,NA,NA
7/26/21,10:25:00,Habo_Gard,Calopteryx_splendens,Mature,1,,0,NA,20,2021,NA,NA
7/26/21,12:21:00,Krutladan,Enallagma_cyathigerum,Mature,1,,0,0,40,2021,NA,NA
7/26/21,12:21:00,Krutladan,Enallagma_cyathigerum,Mature,1,,0,0,40,2021,NA,NA
7/26/21,12:21:00,Krutladan,Enallagma_cyathigerum,Mature,1,,0,0,40,2021,NA,NA
7/26/21,12:21:00,Krutladan,Enallagma_cyathigerum,Mature,1,,0,0,40,2021,NA,NA
7/26/21,12:21:00,Krutladan,Enallagma_cyathigerum,Mature,0,Gynochrome,0,0,40,2021,NA,NA
7/26/21,12:21:00,Krutladan,Enallagma_cyathigerum,Teneral,0,,0,0,40,2021,NA,NA
7/26/21,12:21:00,Krutladan,Enallagma_cyathigerum,Mature,1,,0,0,40,2021,NA,NA
7/26/21,12:21:00,Krutladan,Enallagma_cyathigerum,Mature,1,,0,1,40,2021,NA,NA
7/26/21,12:21:00,Krutladan,Enallagma_cyathigerum,Mature,1,,0,0,40,2021,NA,NA
7/26/21,12:21:00,Krutladan,Enallagma_cyathigerum,Teneral,0,,0,0,40,2021,NA,NA
7/26/21,12:21:00,Krutladan,Enallagma_cyathigerum,Mature,1,,0,0,40,2021,NA,NA
7/26/21,12:21:00,Krutladan,Enallagma_cyathigerum,Mature,1,,0,0,40,2021,NA,NA
7/26/21,12:21:00,Krutladan,Enallagma_cyathigerum,Teneral,0,,0,0,40,2021,NA,NA
7/26/21,12:21:00,Krutladan,Enallagma_cyathigerum,Mature,1,,0,NA,40,2021,NA,NA
7/26/21,12:21:00,Krutladan,Enallagma_cyathigerum,Mature,1,,0,0,40,2021,NA,NA
7/26/21,12:21:00,Krutladan,Enallagma_cyathigerum,Mature,1,,0,0,40,2021,NA,NA
7/26/21,12:21:00,Krutladan,Enallagma_cyathigerum,Mature,1,,0,0,40,2021,NA,NA
7/26/21,12:21:00,Krutladan,Enallagma_cyathigerum,Immature,1,,0,0,40,2021,NA,NA
7/26/21,12:21:00,Krutladan,Enallagma_cyathigerum,Mature,1,,0,0,40,2021,NA,NA
7/26/21,12:21:00,Krutladan,Enallagma_cyathigerum,Mature,1,,0,0,40,2021,NA,NA
7/26/21,12:21:00,Krutladan,Enallagma_cyathigerum,Mature,1,,0,0,40,2021,NA,NA
7/26/21,12:21:00,Krutladan,Enallagma_cyathigerum,Mature,1,,0,0,40,2021,NA,NA
7/26/21,12:21:00,Krutladan,Enallagma_cyathigerum,Mature,1,,0,0,40,2021,NA,NA
7/26/21,12:21:00,Krutladan,Enallagma_cyathigerum,Mature,1,,0,0,40,2021,NA,NA
7/26/21,12:21:00,Krutladan,Enallagma_cyathigerum,Mature,1,,0,0,40,2021,NA,NA
7/26/21,12:21:00,Krutladan,Enallagma_cyathigerum,Mature,1,,0,0,40,2021,NA,NA
7/26/21,12:21:00,Krutladan,Enallagma_cyathigerum,Teneral,1,,0,0,40,2021,NA,NA
7/26/21,12:21:00,Krutladan,Enallagma_cyathigerum,Mature,1,,0,0,40,2021,NA,NA
7/26/21,12:21:00,Krutladan,Enallagma_cyathigerum,Immature,1,,0,0,40,2021,NA,NA
7/26/21,12:21:00,Krutladan,Enallagma_cyathigerum,Mature,1,,0,0,40,2021,NA,NA
7/26/21,12:21:00,Krutladan,Enallagma_cyathigerum,Mature,1,,0,0,40,2021,NA,NA
7/26/21,12:21:00,Krutladan,Enallagma_cyathigerum,Mature,1,,0,0,40,2021,NA,NA
7/26/21,12:21:00,Krutladan,Enallagma_cyathigerum,Mature,1,,0,0,40,2021,NA,NA
7/26/21,12:21:00,Krutladan,Enallagma_cyathigerum,Mature,1,,0,0,40,2021,NA,NA
7/26/21,12:21:00,Krutladan,Enallagma_cyathigerum,Mature,1,,0,0,40,2021,NA,NA
7/26/21,12:21:00,Krutladan,Enallagma_cyathigerum,Mature,1,,0,0,40,2021,NA,NA
7/26/21,12:21:00,Krutladan,Enallagma_cyathigerum,Mature,1,,0,0,40,2021,NA,NA
7/26/21,12:21:00,Krutladan,Enallagma_cyathigerum,Mature,1,,0,0,40,2021,NA,NA
7/26/21,12:21:00,Krutladan,Enallagma_cyathigerum,Immature,0,,0,0,40,2021,NA,NA
7/26/21,12:21:00,Krutladan,Enallagma_cyathigerum,Mature,1,,0,0,40,2021,NA,NA
7/26/21,12:21:00,Krutladan,Enallagma_cyathigerum,Immature,1,,0,0,40,2021,NA,NA
7/26/21,12:21:00,Krutladan,Enallagma_cyathigerum,Teneral,0,,0,0,40,2021,NA,NA
7/26/21,12:21:00,Krutladan,Enallagma_cyathigerum,Mature,1,,0,0,40,2021,NA,NA
7/26/21,12:21:00,Krutladan,Enallagma_cyathigerum,Mature,1,,0,0,40,2021,NA,NA
7/26/21,12:21:00,Krutladan,Enallagma_cyathigerum,Mature,1,,0,0,40,2021,NA,NA
7/26/21,12:21:00,Krutladan,Enallagma_cyathigerum,Mature,1,,0,0,40,2021,NA,NA
7/26/21,12:21:00,Krutladan,Enallagma_cyathigerum,Mature,1,,0,0,40,2021,NA,NA
7/26/21,12:21:00,Krutladan,Enallagma_cyathigerum,Mature,1,,0,0,40,2021,NA,NA
7/26/21,12:21:00,Krutladan,Enallagma_cyathigerum,Mature,1,,0,0,40,2021,NA,NA
7/26/21,12:21:00,Krutladan,Enallagma_cyathigerum,Mature,1,,0,0,40,2021,NA,NA
7/26/21,12:21:00,Krutladan,Enallagma_cyathigerum,Teneral,0,,0,0,40,2021,NA,NA
7/26/21,12:21:00,Krutladan,Enallagma_cyathigerum,Mature,1,,0,0,40,2021,NA,NA
7/26/21,12:21:00,Krutladan,Enallagma_cyathigerum,Mature,1,,0,0,40,2021,NA,NA
7/26/21,12:21:00,Krutladan,Enallagma_cyathigerum,Mature,1,,0,0,40,2021,NA,NA
7/26/21,12:21:00,Krutladan,Enallagma_cyathigerum,Teneral,0,,0,0,40,2021,NA,NA
7/26/21,12:21:00,Krutladan,Enallagma_cyathigerum,Teneral,1,,0,0,40,2021,NA,NA
7/26/21,12:21:00,Krutladan,Enallagma_cyathigerum,Mature,0,Gynochrome,0,0,40,2021,NA,NA
7/26/21,12:21:00,Krutladan,Enallagma_cyathigerum,Teneral,1,,0,0,40,2021,NA,NA
7/26/21,12:21:00,Krutladan,Enallagma_cyathigerum,Mature,1,,0,1,40,2021,NA,NA
7/26/21,12:21:00,Krutladan,Enallagma_cyathigerum,Mature,1,,0,0,40,2021,NA,NA
7/26/21,12:21:00,Krutladan,Enallagma_cyathigerum,Mature,1,,0,0,40,2021,NA,NA
7/26/21,12:21:00,Krutladan,Enallagma_cyathigerum,Mature,1,,0,0,40,2021,NA,NA
7/26/21,12:21:00,Krutladan,Enallagma_cyathigerum,Immature,0,,0,0,40,2021,NA,NA
7/26/21,12:21:00,Krutladan,Enallagma_cyathigerum,Teneral,0,,0,0,40,2021,NA,NA
7/26/21,12:21:00,Krutladan,Enallagma_cyathigerum,Teneral,0,,0,0,40,2021,NA,NA
7/26/21,12:21:00,Krutladan,Enallagma_cyathigerum,Teneral,0,,0,0,40,2021,NA,NA
7/26/21,12:21:00,Krutladan,Enallagma_cyathigerum,Mature,1,,0,0,40,2021,NA,NA
7/26/21,12:21:00,Krutladan,Enallagma_cyathigerum,Mature,1,,0,1,40,2021,NA,NA
7/26/21,12:21:00,Krutladan,Enallagma_cyathigerum,Mature,1,,0,0,40,2021,NA,NA
7/26/21,12:21:00,Krutladan,Enallagma_cyathigerum,Mature,1,,0,0,40,2021,NA,NA
7/26/21,12:21:00,Krutladan,Enallagma_cyathigerum,Teneral,0,,0,0,40,2021,NA,NA
7/26/21,12:21:00,Krutladan,Enallagma_cyathigerum,Mature,1,,0,0,40,2021,NA,NA
7/26/21,12:21:00,Krutladan,Enallagma_cyathigerum,Mature,1,,0,0,40,2021,NA,NA
7/26/21,12:21:00,Krutladan,Enallagma_cyathigerum,Mature,1,,0,0,40,2021,NA,NA
7/26/21,12:21:00,Krutladan,Enallagma_cyathigerum,Mature,1,,0,0,40,2021,NA,NA
7/26/21,12:21:00,Krutladan,Enallagma_cyathigerum,Mature,1,,0,0,40,2021,NA,NA
7/26/21,12:21:00,Krutladan,Enallagma_cyathigerum,Mature,1,,0,0,40,2021,NA,NA
7/26/21,12:21:00,Krutladan,Enallagma_cyathigerum,Immature,1,,0,0,40,2021,NA,NA
7/26/21,12:21:00,Krutladan,Enallagma_cyathigerum,Immature,1,,0,0,40,2021,NA,NA
7/26/21,12:21:00,Krutladan,Enallagma_cyathigerum,Teneral,0,,0,0,40,2021,NA,NA
7/26/21,12:21:00,Krutladan,Sympecma_fusca,Teneral,1,,0,0,40,2021,NA,NA
7/26/21,12:21:00,Krutladan,Enallagma_cyathigerum,Mature,1,,0,NA,40,2021,NA,NA
7/26/21,12:21:00,Krutladan,Enallagma_cyathigerum,Mature,1,,0,NA,40,2021,NA,NA
7/26/21,12:21:00,Krutladan,Enallagma_cyathigerum,Mature,1,,0,NA,40,2021,NA,NA
7/26/21,12:21:00,Krutladan,Enallagma_cyathigerum,Mature,1,,0,NA,40,2021,NA,NA
7/26/21,12:21:00,Krutladan,Enallagma_cyathigerum,Mature,1,,0,NA,40,2021,NA,NA
7/26/21,12:21:00,Krutladan,Enallagma_cyathigerum,Mature,1,,0,NA,40,2021,NA,NA
7/26/21,12:21:00,Krutladan,Enallagma_cyathigerum,Mature,1,,1,NA,40,2021,NA,NA
7/26/21,12:21:00,Krutladan,Enallagma_cyathigerum,Mature,1,,1,NA,40,2021,NA,NA
7/26/21,12:21:00,Krutladan,Enallagma_cyathigerum,Mature,0,Gynochrome,1,NA,40,2021,NA,NA
7/26/21,12:21:00,Krutladan,Enallagma_cyathigerum,Mature,0,Gynochrome,1,NA,40,2021,NA,NA
7/26/21,12:21:00,Krutladan,Anax_imperator,Mature,1,,0,NA,40,2021,NA,NA
7/26/21,12:21:00,Krutladan,Sympetrum_sanguineum,Mature,1,,0,NA,40,2021,NA,NA
7/26/21,12:21:00,Krutladan,Sympetrum_sanguineum,Mature,1,,0,NA,40,2021,NA,NA
7/26/21,12:21:00,Krutladan,Sympetrum_sanguineum,Mature,1,,0,NA,40,2021,NA,NA
7/26/21,12:21:00,Krutladan,Sympetrum_sanguineum,Mature,1,,0,NA,40,2021,NA,NA
7/26/21,12:21:00,Krutladan,Sympetrum_sanguineum,Mature,1,,0,NA,40,2021,NA,NA
7/26/21,12:21:00,Krutladan,Sympetrum_sanguineum,Mature,1,,0,NA,40,2021,NA,NA
7/26/21,12:21:00,Krutladan,Sympetrum_sanguineum,Mature,1,,0,NA,40,2021,NA,NA
7/26/21,12:21:00,Krutladan,Sympetrum_sanguineum,Mature,1,,0,NA,40,2021,NA,NA
7/26/21,12:21:00,Krutladan,Sympetrum_sanguineum,Mature,0,Gynochrome,0,NA,40,2021,NA,NA
7/26/21,16:11:00,Ilstorp,Orthetrum_cancellatum,Mature,0,Gynochrome,1,0,40,2021,NA,NA
7/26/21,16:11:00,Ilstorp,Orthetrum_cancellatum,Mature,1,,1,0,40,2021,NA,NA
7/26/21,16:11:00,Ilstorp,Aeshna_grandis,Mature,0,Gynochrome,0,0,40,2021,NA,NA
7/26/21,16:11:00,Ilstorp,Enallagma_cyathigerum,Mature,1,,0,1,40,2021,NA,NA
7/26/21,16:11:00,Ilstorp,Enallagma_cyathigerum,Immature,0,,0,6,40,2021,NA,NA
7/26/21,16:11:00,Ilstorp,Enallagma_cyathigerum,Mature,1,,0,13,40,2021,NA,NA
7/26/21,16:11:00,Ilstorp,Enallagma_cyathigerum,Mature,1,,0,0,40,2021,NA,NA
7/26/21,16:11:00,Ilstorp,Enallagma_cyathigerum,Mature,1,,0,0,40,2021,NA,NA
7/26/21,16:11:00,Ilstorp,Enallagma_cyathigerum,Mature,1,,0,1,40,2021,NA,NA
7/26/21,16:11:00,Ilstorp,Enallagma_cyathigerum,Mature,1,,0,8,40,2021,NA,NA
7/26/21,16:11:00,Ilstorp,Enallagma_cyathigerum,Mature,1,,0,7,40,2021,NA,NA
7/26/21,16:11:00,Ilstorp,Enallagma_cyathigerum,Mature,1,,0,0,40,2021,NA,NA
7/26/21,16:11:00,Ilstorp,Enallagma_cyathigerum,Mature,1,,0,9,40,2021,NA,NA
7/26/21,16:11:00,Ilstorp,Enallagma_cyathigerum,Mature,1,,0,0,40,2021,NA,NA
7/26/21,16:11:00,Ilstorp,Sympetrum_sanguineum,Mature,1,,0,0,40,2021,NA,NA
7/26/21,16:11:00,Ilstorp,Sympetrum_sanguineum,Mature,1,,0,0,40,2021,NA,NA
7/26/21,16:11:00,Ilstorp,Sympetrum_sanguineum,Mature,1,,0,0,40,2021,NA,NA
7/26/21,16:11:00,Ilstorp,Sympetrum_sanguineum,Immature,1,,0,0,40,2021,NA,NA
7/26/21,16:11:00,Ilstorp,Sympetrum_sanguineum,Immature,1,,0,0,40,2021,NA,NA
7/26/21,16:11:00,Ilstorp,Enallagma_cyathigerum,Mature,1,,0,0,40,2021,NA,NA
7/26/21,16:11:00,Ilstorp,Enallagma_cyathigerum,Mature,1,,0,2,40,2021,NA,NA
7/26/21,16:11:00,Ilstorp,Enallagma_cyathigerum,Mature,1,,0,3,40,2021,NA,NA
7/26/21,16:11:00,Ilstorp,Enallagma_cyathigerum,Mature,1,,0,8,40,2021,NA,NA
7/26/21,16:11:00,Ilstorp,Enallagma_cyathigerum,Mature,1,,0,7,40,2021,NA,NA
7/26/21,16:11:00,Ilstorp,Enallagma_cyathigerum,Mature,1,,0,2,40,2021,NA,NA
7/26/21,16:11:00,Ilstorp,Enallagma_cyathigerum,Mature,1,,0,0,40,2021,NA,NA
7/26/21,16:11:00,Ilstorp,Enallagma_cyathigerum,Mature,1,,0,0,40,2021,NA,NA
7/26/21,16:11:00,Ilstorp,Enallagma_cyathigerum,Mature,1,,0,7,40,2021,NA,NA
7/26/21,16:11:00,Ilstorp,Enallagma_cyathigerum,Mature,1,,0,0,40,2021,NA,NA
7/26/21,16:11:00,Ilstorp,Enallagma_cyathigerum,Mature,1,,0,15,40,2021,NA,NA
7/26/21,16:11:00,Ilstorp,Enallagma_cyathigerum,Mature,1,,0,5,40,2021,NA,NA
7/26/21,16:11:00,Ilstorp,Enallagma_cyathigerum,Mature,1,,0,NA,40,2021,NA,NA
7/26/21,16:11:00,Ilstorp,Enallagma_cyathigerum,Mature,1,,0,1,40,2021,NA,NA
7/26/21,16:11:00,Ilstorp,Enallagma_cyathigerum,Mature,1,,0,0,40,2021,NA,NA
7/26/21,16:11:00,Ilstorp,Enallagma_cyathigerum,Mature,1,,0,1,40,2021,NA,NA
7/26/21,16:11:00,Ilstorp,Enallagma_cyathigerum,Mature,1,,0,3,40,2021,NA,NA
7/26/21,16:11:00,Ilstorp,Enallagma_cyathigerum,Mature,1,,0,0,40,2021,NA,NA
7/26/21,16:11:00,Ilstorp,Enallagma_cyathigerum,Mature,1,,0,1,40,2021,NA,NA
7/26/21,16:11:00,Ilstorp,Enallagma_cyathigerum,Teneral,0,,0,5,40,2021,NA,NA
7/26/21,16:11:00,Ilstorp,Enallagma_cyathigerum,Teneral,0,,0,9,40,2021,NA,NA
7/26/21,16:11:00,Ilstorp,Enallagma_cyathigerum,Mature,1,,0,0,40,2021,NA,NA
7/26/21,16:11:00,Ilstorp,Enallagma_cyathigerum,Mature,1,,0,2,40,2021,NA,NA
7/26/21,16:11:00,Ilstorp,Enallagma_cyathigerum,Teneral,1,,0,7,40,2021,NA,NA
7/26/21,16:11:00,Ilstorp,Sympetrum_sanguineum,Mature,0,Gynochrome,0,0,40,2021,NA,NA
7/26/21,16:11:00,Ilstorp,Sympetrum_vulgatum,Mature,1,,0,0,40,2021,NA,NA
7/26/21,16:11:00,Ilstorp,Enallagma_cyathigerum,Mature,1,,0,0,40,2021,NA,NA
7/26/21,16:11:00,Ilstorp,Sympetrum_sanguineum,Mature,0,Gynochrome,0,0,40,2021,NA,NA
7/26/21,16:11:00,Ilstorp,Sympetrum_sanguineum,Mature,1,,0,0,40,2021,NA,NA
7/26/21,16:11:00,Ilstorp,Sympetrum_sanguineum,Mature,1,,0,0,40,2021,NA,NA
7/26/21,16:11:00,Ilstorp,Sympetrum_sanguineum,Mature,1,,0,0,40,2021,NA,NA
7/26/21,16:11:00,Ilstorp,Sympetrum_sanguineum,Mature,1,,0,0,40,2021,NA,NA
7/26/21,16:11:00,Ilstorp,Sympetrum_sanguineum,Mature,1,,0,0,40,2021,NA,NA
7/26/21,16:11:00,Ilstorp,Sympetrum_sanguineum,Mature,1,,0,0,40,2021,NA,NA
7/26/21,16:11:00,Ilstorp,Sympetrum_vulgatum,Mature,1,,0,0,40,2021,NA,NA
7/26/21,16:11:00,Ilstorp,Sympetrum_vulgatum,Mature,1,,0,0,40,2021,NA,NA
7/26/21,16:11:00,Ilstorp,Sympetrum_vulgatum,Mature,1,,0,0,40,2021,NA,NA
7/26/21,16:11:00,Ilstorp,Sympetrum_vulgatum,Teneral,0,,0,0,40,2021,NA,NA
7/26/21,16:11:00,Ilstorp,Enallagma_cyathigerum,Mature,1,,1,0,40,2021,NA,NA
7/26/21,16:11:00,Ilstorp,Enallagma_cyathigerum,Mature,0,Gynochrome,1,6,40,2021,NA,NA
7/26/21,16:11:00,Ilstorp,Enallagma_cyathigerum,Immature,0,Gynochrome,1,19,40,2021,NA,NA
7/26/21,16:11:00,Ilstorp,Enallagma_cyathigerum,Mature,1,,1,1,40,2021,NA,NA
7/26/21,16:11:00,Ilstorp,Sympetrum_sanguineum,Mature,1,,1,0,40,2021,NA,NA
7/26/21,16:11:00,Ilstorp,Sympetrum_sanguineum,Mature,0,Gynochrome,1,0,40,2021,NA,NA
7/26/21,16:11:00,Ilstorp,Enallagma_cyathigerum,Mature,1,,1,2,40,2021,NA,NA
7/26/21,16:11:00,Ilstorp,Enallagma_cyathigerum,Mature,0,Gynochrome,1,6,40,2021,NA,NA
7/26/21,16:11:00,Ilstorp,Anax_imperator,Mature,1,,0,NA,40,2021,NA,NA
7/26/21,16:11:00,Ilstorp,Anax_imperator,Mature,1,,0,NA,40,2021,NA,NA
7/26/21,16:11:00,Ilstorp,Anax_imperator,Mature,1,,0,NA,40,2021,NA,NA
7/26/21,16:11:00,Ilstorp,Anax_imperator,Mature,1,,0,NA,40,2021,NA,NA
7/26/21,16:11:00,Ilstorp,Anax_imperator,Mature,1,,0,NA,40,2021,NA,NA
7/26/21,16:11:00,Ilstorp,Anax_imperator,Mature,1,,0,NA,40,2021,NA,NA
7/26/21,16:11:00,Ilstorp,Anax_imperator,Mature,1,,0,NA,40,2021,NA,NA
7/26/21,16:11:00,Ilstorp,Anax_imperator,Mature,1,,0,NA,40,2021,NA,NA
7/26/21,16:11:00,Ilstorp,Anax_imperator,Mature,1,,0,NA,40,2021,NA,NA
7/26/21,16:11:00,Ilstorp,Anax_imperator,Mature,1,,0,NA,40,2021,NA,NA
7/26/21,16:11:00,Ilstorp,Anax_imperator,Mature,1,,0,NA,40,2021,NA,NA
7/26/21,16:11:00,Ilstorp,Anax_imperator,Mature,1,,0,NA,40,2021,NA,NA
7/26/21,16:11:00,Ilstorp,Anax_imperator,Mature,1,,0,NA,40,2021,NA,NA
7/26/21,16:11:00,Ilstorp,Anax_imperator,Mature,1,,0,NA,40,2021,NA,NA
7/26/21,16:11:00,Ilstorp,Anax_imperator,Mature,1,,0,NA,40,2021,NA,NA
7/26/21,16:11:00,Ilstorp,Anax_imperator,Mature,1,,0,NA,40,2021,NA,NA
7/26/21,16:11:00,Ilstorp,Anax_imperator,Mature,1,,0,NA,40,2021,NA,NA
7/26/21,16:11:00,Ilstorp,Anax_imperator,Mature,1,,0,NA,40,2021,NA,NA
7/26/21,16:11:00,Ilstorp,Anax_imperator,Mature,1,,0,NA,40,2021,NA,NA
7/26/21,16:11:00,Ilstorp,Anax_imperator,Mature,0,Gynochrome,0,NA,40,2021,NA,NA
7/26/21,16:11:00,Ilstorp,Anax_imperator,Mature,0,Gynochrome,0,NA,40,2021,NA,NA
7/26/21,16:11:00,Ilstorp,Anax_imperator,Mature,0,Androchrome,0,NA,40,2021,NA,NA
7/26/21,16:11:00,Ilstorp,Anax_imperator,Mature,0,Gynochrome,0,NA,40,2021,NA,NA
7/26/21,16:11:00,Ilstorp,Anax_imperator,Mature,0,Gynochrome,0,NA,40,2021,NA,NA
7/26/21,16:11:00,Ilstorp,Orthetrum_cancellatum,Mature,1,,0,NA,40,2021,NA,NA
7/26/21,16:11:00,Ilstorp,Orthetrum_cancellatum,Mature,1,,0,NA,40,2021,NA,NA
7/26/21,16:11:00,Ilstorp,Orthetrum_cancellatum,Mature,1,,0,NA,40,2021,NA,NA
7/26/21,16:11:00,Ilstorp,Orthetrum_cancellatum,Mature,1,,0,NA,40,2021,NA,NA
7/26/21,16:11:00,Ilstorp,Orthetrum_cancellatum,Mature,1,,0,NA,40,2021,NA,NA
7/26/21,16:11:00,Ilstorp,Orthetrum_cancellatum,Mature,1,,0,NA,40,2021,NA,NA
7/26/21,16:11:00,Ilstorp,Orthetrum_cancellatum,Mature,1,,0,NA,40,2021,NA,NA
7/26/21,16:11:00,Ilstorp,Orthetrum_cancellatum,Mature,1,,0,NA,40,2021,NA,NA
7/26/21,16:11:00,Ilstorp,Orthetrum_cancellatum,Mature,1,,0,NA,40,2021,NA,NA
7/26/21,16:11:00,Ilstorp,Orthetrum_cancellatum,Mature,1,,0,NA,40,2021,NA,NA
7/26/21,16:11:00,Ilstorp,Orthetrum_cancellatum,Mature,1,,0,NA,40,2021,NA,NA
7/26/21,16:11:00,Ilstorp,Orthetrum_cancellatum,Mature,1,,0,NA,40,2021,NA,NA
7/26/21,16:11:00,Ilstorp,Orthetrum_cancellatum,Mature,1,,0,NA,40,2021,NA,NA
7/26/21,16:11:00,Ilstorp,Orthetrum_cancellatum,Mature,1,,0,NA,40,2021,NA,NA
7/26/21,16:11:00,Ilstorp,Orthetrum_cancellatum,Mature,1,,0,NA,40,2021,NA,NA
7/26/21,16:11:00,Ilstorp,Orthetrum_cancellatum,Mature,1,,0,NA,40,2021,NA,NA
7/26/21,16:11:00,Ilstorp,Orthetrum_cancellatum,Mature,1,,0,NA,40,2021,NA,NA
7/26/21,16:11:00,Ilstorp,Orthetrum_cancellatum,Mature,1,,0,NA,40,2021,NA,NA
7/26/21,16:11:00,Ilstorp,Orthetrum_cancellatum,Mature,1,,0,NA,40,2021,NA,NA
7/26/21,16:11:00,Ilstorp,Orthetrum_cancellatum,Mature,1,,0,NA,40,2021,NA,NA
7/26/21,16:11:00,Ilstorp,Orthetrum_cancellatum,Mature,1,,0,NA,40,2021,NA,NA
7/26/21,16:11:00,Ilstorp,Orthetrum_cancellatum,Mature,1,,0,NA,40,2021,NA,NA
7/26/21,16:11:00,Ilstorp,Orthetrum_cancellatum,Mature,1,,0,NA,40,2021,NA,NA
7/26/21,16:11:00,Ilstorp,Orthetrum_cancellatum,Mature,1,,0,NA,40,2021,NA,NA
7/26/21,16:11:00,Ilstorp,Orthetrum_cancellatum,Mature,1,,0,NA,40,2021,NA,NA
7/26/21,16:11:00,Ilstorp,Orthetrum_cancellatum,Mature,1,,0,NA,40,2021,NA,NA
7/26/21,16:11:00,Ilstorp,Orthetrum_cancellatum,Mature,1,,0,NA,40,2021,NA,NA
7/26/21,16:11:00,Ilstorp,Orthetrum_cancellatum,Mature,1,,0,NA,40,2021,NA,NA
7/26/21,16:11:00,Ilstorp,Orthetrum_cancellatum,Mature,1,,0,NA,40,2021,NA,NA
7/26/21,16:11:00,Ilstorp,Orthetrum_cancellatum,Mature,1,,0,NA,40,2021,NA,NA
7/26/21,16:11:00,Ilstorp,Orthetrum_cancellatum,Mature,1,,0,NA,40,2021,NA,NA
7/26/21,16:11:00,Ilstorp,Orthetrum_cancellatum,Mature,1,,0,NA,40,2021,NA,NA
7/26/21,16:11:00,Ilstorp,Orthetrum_cancellatum,Mature,1,,0,NA,40,2021,NA,NA
7/26/21,16:11:00,Ilstorp,Orthetrum_cancellatum,Mature,0,Gynochrome,0,NA,40,2021,NA,NA
7/26/21,16:11:00,Ilstorp,Orthetrum_cancellatum,Mature,0,Gynochrome,0,NA,40,2021,NA,NA
7/26/21,16:11:00,Ilstorp,Orthetrum_cancellatum,Mature,0,Gynochrome,0,NA,40,2021,NA,NA
7/26/21,16:11:00,Ilstorp,Orthetrum_cancellatum,Mature,0,Gynochrome,0,NA,40,2021,NA,NA
7/26/21,16:11:00,Ilstorp,Orthetrum_cancellatum,Mature,0,Gynochrome,0,NA,40,2021,NA,NA
7/26/21,16:11:00,Ilstorp,Orthetrum_cancellatum,Mature,1,,1,NA,40,2021,NA,NA
7/26/21,16:11:00,Ilstorp,Orthetrum_cancellatum,Mature,1,,1,NA,40,2021,NA,NA
7/26/21,16:11:00,Ilstorp,Orthetrum_cancellatum,Mature,1,,1,NA,40,2021,NA,NA
7/26/21,16:11:00,Ilstorp,Orthetrum_cancellatum,Mature,0,Gynochrome,1,NA,40,2021,NA,NA
7/26/21,16:11:00,Ilstorp,Orthetrum_cancellatum,Mature,0,Gynochrome,1,NA,40,2021,NA,NA
7/26/21,16:11:00,Ilstorp,Orthetrum_cancellatum,Mature,0,Gynochrome,1,NA,40,2021,NA,NA
7/26/21,16:11:00,Ilstorp,Aeshna_grandis,Mature,1,,0,NA,40,2021,NA,NA
7/26/21,16:11:00,Ilstorp,Aeshna_grandis,Mature,0,Gynochrome,0,NA,40,2021,NA,NA
7/26/21,16:11:00,Ilstorp,Libellula_quadrimaculata,Mature,0,Gynochrome,1,NA,40,2021,NA,NA
7/26/21,16:11:00,Ilstorp,Libellula_quadrimaculata,Mature,0,Gynochrome,1,NA,40,2021,NA,NA
7/26/21,16:11:00,Ilstorp,Libellula_quadrimaculata,Mature,1,,1,NA,40,2021,NA,NA
7/26/21,16:11:00,Ilstorp,Libellula_quadrimaculata,Mature,1,,1,NA,40,2021,NA,NA
7/26/21,16:11:00,Ilstorp,Sympetrum_sanguineum,Mature,1,,0,NA,40,2021,NA,NA
7/26/21,16:11:00,Ilstorp,Sympetrum_sanguineum,Mature,1,,0,NA,40,2021,NA,NA
7/26/21,16:11:00,Ilstorp,Sympetrum_sanguineum,Mature,1,,0,NA,40,2021,NA,NA
7/26/21,16:11:00,Ilstorp,Sympetrum_sanguineum,Mature,1,,0,NA,40,2021,NA,NA
7/26/21,16:11:00,Ilstorp,Sympetrum_sanguineum,Mature,1,,0,NA,40,2021,NA,NA
7/26/21,16:11:00,Ilstorp,Sympetrum_sanguineum,Mature,1,,0,NA,40,2021,NA,NA
7/26/21,16:11:00,Ilstorp,Sympetrum_sanguineum,Mature,1,,0,NA,40,2021,NA,NA
7/26/21,16:11:00,Ilstorp,Sympetrum_sanguineum,Mature,1,,0,NA,40,2021,NA,NA
7/26/21,16:11:00,Ilstorp,Sympetrum_sanguineum,Mature,1,,0,NA,40,2021,NA,NA
7/26/21,16:11:00,Ilstorp,Sympetrum_sanguineum,Mature,1,,0,NA,40,2021,NA,NA
7/26/21,16:11:00,Ilstorp,Sympetrum_sanguineum,Mature,1,,0,NA,40,2021,NA,NA
7/26/21,16:11:00,Ilstorp,Sympetrum_sanguineum,Mature,1,,0,NA,40,2021,NA,NA
7/26/21,16:11:00,Ilstorp,Sympetrum_sanguineum,Mature,1,,0,NA,40,2021,NA,NA
7/26/21,16:11:00,Ilstorp,Sympetrum_sanguineum,Mature,1,,0,NA,40,2021,NA,NA
7/26/21,16:11:00,Ilstorp,Sympetrum_sanguineum,Mature,1,,0,NA,40,2021,NA,NA
7/26/21,16:11:00,Ilstorp,Sympetrum_sanguineum,Mature,1,,0,NA,40,2021,NA,NA
7/26/21,16:11:00,Ilstorp,Sympetrum_sanguineum,Mature,1,,0,NA,40,2021,NA,NA
7/26/21,16:11:00,Ilstorp,Sympetrum_sanguineum,Mature,1,,0,NA,40,2021,NA,NA
7/26/21,16:11:00,Ilstorp,Sympetrum_sanguineum,Mature,1,,0,NA,40,2021,NA,NA
7/26/21,16:11:00,Ilstorp,Sympetrum_sanguineum,Mature,1,,0,NA,40,2021,NA,NA
7/26/21,16:11:00,Ilstorp,Sympetrum_sanguineum,Mature,1,,0,NA,40,2021,NA,NA
7/26/21,16:11:00,Ilstorp,Sympetrum_sanguineum,Mature,1,,0,NA,40,2021,NA,NA
7/26/21,16:11:00,Ilstorp,Sympetrum_sanguineum,Mature,1,,0,NA,40,2021,NA,NA
7/26/21,16:11:00,Ilstorp,Sympetrum_sanguineum,Mature,1,,0,NA,40,2021,NA,NA
7/26/21,16:11:00,Ilstorp,Sympetrum_sanguineum,Mature,1,,0,NA,40,2021,NA,NA
7/26/21,16:11:00,Ilstorp,Sympetrum_sanguineum,Mature,1,,0,NA,40,2021,NA,NA
7/26/21,16:11:00,Ilstorp,Sympetrum_sanguineum,Mature,1,,0,NA,40,2021,NA,NA
7/26/21,16:11:00,Ilstorp,Sympetrum_sanguineum,Mature,1,,0,NA,40,2021,NA,NA
7/26/21,16:11:00,Ilstorp,Sympetrum_sanguineum,Mature,1,,0,NA,40,2021,NA,NA
7/26/21,16:11:00,Ilstorp,Sympetrum_sanguineum,Mature,1,,0,NA,40,2021,NA,NA
7/26/21,16:11:00,Ilstorp,Sympetrum_sanguineum,Mature,1,,0,NA,40,2021,NA,NA
7/26/21,16:11:00,Ilstorp,Sympetrum_sanguineum,Mature,1,,0,NA,40,2021,NA,NA
7/26/21,16:11:00,Ilstorp,Sympetrum_sanguineum,Mature,1,,0,NA,40,2021,NA,NA
7/26/21,16:11:00,Ilstorp,Sympetrum_sanguineum,Mature,1,,0,NA,40,2021,NA,NA
7/26/21,16:11:00,Ilstorp,Sympetrum_sanguineum,Mature,1,,0,NA,40,2021,NA,NA
7/26/21,16:11:00,Ilstorp,Sympetrum_sanguineum,Mature,1,,0,NA,40,2021,NA,NA
7/26/21,16:11:00,Ilstorp,Sympetrum_sanguineum,Mature,1,,0,NA,40,2021,NA,NA
7/26/21,16:11:00,Ilstorp,Sympetrum_sanguineum,Mature,1,,0,NA,40,2021,NA,NA
7/26/21,16:11:00,Ilstorp,Sympetrum_sanguineum,Mature,1,,0,NA,40,2021,NA,NA
7/26/21,16:11:00,Ilstorp,Sympetrum_sanguineum,Mature,1,,0,NA,40,2021,NA,NA
7/26/21,16:11:00,Ilstorp,Sympetrum_sanguineum,Mature,1,,0,NA,40,2021,NA,NA
7/26/21,16:11:00,Ilstorp,Sympetrum_sanguineum,Mature,1,,0,NA,40,2021,NA,NA
7/26/21,16:11:00,Ilstorp,Sympetrum_sanguineum,Mature,1,,0,NA,40,2021,NA,NA
7/26/21,16:11:00,Ilstorp,Sympetrum_sanguineum,Mature,1,,0,NA,40,2021,NA,NA
7/26/21,16:11:00,Ilstorp,Sympetrum_sanguineum,Mature,1,,0,NA,40,2021,NA,NA
7/26/21,16:11:00,Ilstorp,Sympetrum_sanguineum,Mature,1,,0,NA,40,2021,NA,NA
7/26/21,16:11:00,Ilstorp,Sympetrum_sanguineum,Mature,1,,0,NA,40,2021,NA,NA
7/26/21,16:11:00,Ilstorp,Sympetrum_sanguineum,Mature,1,,0,NA,40,2021,NA,NA
7/26/21,16:11:00,Ilstorp,Sympetrum_sanguineum,Mature,1,,0,NA,40,2021,NA,NA
7/26/21,16:11:00,Ilstorp,Sympetrum_sanguineum,Mature,1,,0,NA,40,2021,NA,NA
7/26/21,16:11:00,Ilstorp,Sympetrum_sanguineum,Mature,1,,0,NA,40,2021,NA,NA
7/26/21,16:11:00,Ilstorp,Sympetrum_sanguineum,Mature,1,,0,NA,40,2021,NA,NA
7/26/21,16:11:00,Ilstorp,Sympetrum_sanguineum,Mature,1,,0,NA,40,2021,NA,NA
7/26/21,16:11:00,Ilstorp,Sympetrum_sanguineum,Mature,1,,0,NA,40,2021,NA,NA
7/26/21,16:11:00,Ilstorp,Sympetrum_sanguineum,Mature,1,,0,NA,40,2021,NA,NA
7/26/21,16:11:00,Ilstorp,Sympetrum_sanguineum,Mature,1,,0,NA,40,2021,NA,NA
7/26/21,16:11:00,Ilstorp,Sympetrum_sanguineum,Mature,1,,0,NA,40,2021,NA,NA
7/26/21,16:11:00,Ilstorp,Sympetrum_sanguineum,Mature,1,,0,NA,40,2021,NA,NA
7/26/21,16:11:00,Ilstorp,Sympetrum_sanguineum,Mature,1,,0,NA,40,2021,NA,NA
7/26/21,16:11:00,Ilstorp,Sympetrum_sanguineum,Mature,1,,0,NA,40,2021,NA,NA
7/26/21,16:11:00,Ilstorp,Sympetrum_spp,Mature,1,,0,NA,40,2021,NA,NA
7/26/21,16:11:00,Ilstorp,Sympetrum_spp,Mature,0,,0,NA,40,2021,NA,NA
7/26/21,16:11:00,Ilstorp,Sympetrum_sanguineum,Mature,1,,1,NA,40,2021,NA,NA
7/26/21,16:11:00,Ilstorp,Sympetrum_sanguineum,Mature,1,,1,NA,40,2021,NA,NA
7/26/21,16:11:00,Ilstorp,Sympetrum_sanguineum,Mature,1,,1,NA,40,2021,NA,NA
7/26/21,16:11:00,Ilstorp,Sympetrum_sanguineum,Mature,1,,1,NA,40,2021,NA,NA
7/26/21,16:11:00,Ilstorp,Sympetrum_sanguineum,Mature,1,,1,NA,40,2021,NA,NA
7/26/21,16:11:00,Ilstorp,Sympetrum_sanguineum,Mature,1,,1,NA,40,2021,NA,NA
7/26/21,16:11:00,Ilstorp,Sympetrum_sanguineum,Mature,1,,1,NA,40,2021,NA,NA
7/26/21,16:11:00,Ilstorp,Sympetrum_sanguineum,Mature,1,,1,NA,40,2021,NA,NA
7/26/21,16:11:00,Ilstorp,Sympetrum_sanguineum,Mature,1,,1,NA,40,2021,NA,NA
7/26/21,16:11:00,Ilstorp,Sympetrum_sanguineum,Mature,1,,1,NA,40,2021,NA,NA
7/26/21,16:11:00,Ilstorp,Sympetrum_sanguineum,Mature,1,,1,NA,40,2021,NA,NA
7/26/21,16:11:00,Ilstorp,Sympetrum_sanguineum,Mature,1,,1,NA,40,2021,NA,NA
7/26/21,16:11:00,Ilstorp,Sympetrum_sanguineum,Mature,1,,1,NA,40,2021,NA,NA
7/26/21,16:11:00,Ilstorp,Sympetrum_sanguineum,Mature,1,,1,NA,40,2021,NA,NA
7/26/21,16:11:00,Ilstorp,Sympetrum_sanguineum,Mature,1,,1,NA,40,2021,NA,NA
7/26/21,16:11:00,Ilstorp,Sympetrum_sanguineum,Mature,1,,1,NA,40,2021,NA,NA
7/26/21,16:11:00,Ilstorp,Sympetrum_sanguineum,Mature,1,,1,NA,40,2021,NA,NA
7/26/21,16:11:00,Ilstorp,Sympetrum_sanguineum,Mature,1,,1,NA,40,2021,NA,NA
7/26/21,16:11:00,Ilstorp,Sympetrum_sanguineum,Mature,1,,1,NA,40,2021,NA,NA
7/26/21,16:11:00,Ilstorp,Sympetrum_sanguineum,Mature,1,,1,NA,40,2021,NA,NA
7/26/21,16:11:00,Ilstorp,Sympetrum_sanguineum,Mature,1,,1,NA,40,2021,NA,NA
7/26/21,16:11:00,Ilstorp,Sympetrum_sanguineum,Mature,1,,1,NA,40,2021,NA,NA
7/26/21,16:11:00,Ilstorp,Sympetrum_sanguineum,Mature,0,Gynochrome,1,NA,40,2021,NA,NA
7/26/21,16:11:00,Ilstorp,Sympetrum_sanguineum,Mature,0,Gynochrome,1,NA,40,2021,NA,NA
7/26/21,16:11:00,Ilstorp,Sympetrum_sanguineum,Mature,0,Gynochrome,1,NA,40,2021,NA,NA
7/26/21,16:11:00,Ilstorp,Sympetrum_sanguineum,Mature,0,Gynochrome,1,NA,40,2021,NA,NA
7/26/21,16:11:00,Ilstorp,Sympetrum_sanguineum,Mature,0,Gynochrome,1,NA,40,2021,NA,NA
7/26/21,16:11:00,Ilstorp,Sympetrum_sanguineum,Mature,0,Gynochrome,1,NA,40,2021,NA,NA
7/26/21,16:11:00,Ilstorp,Sympetrum_sanguineum,Mature,0,Gynochrome,1,NA,40,2021,NA,NA
7/26/21,16:11:00,Ilstorp,Sympetrum_sanguineum,Mature,0,Gynochrome,1,NA,40,2021,NA,NA
7/26/21,16:11:00,Ilstorp,Sympetrum_sanguineum,Mature,0,Gynochrome,1,NA,40,2021,NA,NA
7/26/21,16:11:00,Ilstorp,Sympetrum_sanguineum,Mature,0,Gynochrome,1,NA,40,2021,NA,NA
7/26/21,16:11:00,Ilstorp,Sympetrum_sanguineum,Mature,0,Gynochrome,1,NA,40,2021,NA,NA
7/26/21,16:11:00,Ilstorp,Sympetrum_sanguineum,Mature,0,Gynochrome,1,NA,40,2021,NA,NA
7/26/21,16:11:00,Ilstorp,Sympetrum_sanguineum,Mature,0,Gynochrome,1,NA,40,2021,NA,NA
7/26/21,16:11:00,Ilstorp,Sympetrum_sanguineum,Mature,0,Gynochrome,1,NA,40,2021,NA,NA
7/26/21,16:11:00,Ilstorp,Sympetrum_sanguineum,Mature,0,Gynochrome,1,NA,40,2021,NA,NA
7/26/21,16:11:00,Ilstorp,Sympetrum_sanguineum,Mature,0,Gynochrome,1,NA,40,2021,NA,NA
7/26/21,16:11:00,Ilstorp,Sympetrum_sanguineum,Mature,0,Gynochrome,1,NA,40,2021,NA,NA
7/26/21,16:11:00,Ilstorp,Sympetrum_sanguineum,Mature,0,Gynochrome,1,NA,40,2021,NA,NA
7/26/21,16:11:00,Ilstorp,Sympetrum_sanguineum,Mature,0,Gynochrome,1,NA,40,2021,NA,NA
7/26/21,16:11:00,Ilstorp,Sympetrum_sanguineum,Mature,0,Gynochrome,1,NA,40,2021,NA,NA
7/26/21,16:11:00,Ilstorp,Sympetrum_sanguineum,Mature,0,Gynochrome,1,NA,40,2021,NA,NA
7/26/21,16:11:00,Ilstorp,Enallagma_cyathigerum,Mature,1,,0,NA,40,2021,NA,NA
7/26/21,16:11:00,Ilstorp,Enallagma_cyathigerum,Mature,1,,0,NA,40,2021,NA,NA
7/26/21,16:11:00,Ilstorp,Enallagma_cyathigerum,Mature,1,,0,NA,40,2021,NA,NA
7/26/21,16:11:00,Ilstorp,Enallagma_cyathigerum,Mature,1,,0,NA,40,2021,NA,NA
7/26/21,16:11:00,Ilstorp,Enallagma_cyathigerum,Mature,1,,0,NA,40,2021,NA,NA
7/26/21,16:11:00,Ilstorp,Enallagma_cyathigerum,Mature,1,,0,NA,40,2021,NA,NA
7/26/21,16:11:00,Ilstorp,Enallagma_cyathigerum,Mature,1,,0,NA,40,2021,NA,NA
7/26/21,16:11:00,Ilstorp,Enallagma_cyathigerum,Mature,1,,0,NA,40,2021,NA,NA
7/26/21,16:11:00,Ilstorp,Enallagma_cyathigerum,Mature,1,,0,NA,40,2021,NA,NA
7/26/21,16:11:00,Ilstorp,Enallagma_cyathigerum,Mature,1,,0,NA,40,2021,NA,NA
7/26/21,16:11:00,Ilstorp,Enallagma_cyathigerum,Mature,1,,0,NA,40,2021,NA,NA
7/26/21,16:11:00,Ilstorp,Enallagma_cyathigerum,Mature,1,,0,NA,40,2021,NA,NA
7/26/21,16:11:00,Ilstorp,Enallagma_cyathigerum,Mature,1,,0,NA,40,2021,NA,NA
7/26/21,16:11:00,Ilstorp,Enallagma_cyathigerum,Mature,1,,0,NA,40,2021,NA,NA
7/26/21,16:11:00,Ilstorp,Enallagma_cyathigerum,Mature,1,,0,NA,40,2021,NA,NA
7/26/21,16:11:00,Ilstorp,Enallagma_cyathigerum,Mature,1,,0,NA,40,2021,NA,NA
7/26/21,16:11:00,Ilstorp,Enallagma_cyathigerum,Mature,1,,0,NA,40,2021,NA,NA
7/26/21,16:11:00,Ilstorp,Enallagma_cyathigerum,Mature,1,,0,NA,40,2021,NA,NA
7/26/21,16:11:00,Ilstorp,Enallagma_cyathigerum,Mature,1,,0,NA,40,2021,NA,NA
7/26/21,16:11:00,Ilstorp,Enallagma_cyathigerum,Mature,1,,0,NA,40,2021,NA,NA
7/26/21,16:11:00,Ilstorp,Enallagma_cyathigerum,Mature,1,,0,NA,40,2021,NA,NA
7/26/21,16:11:00,Ilstorp,Enallagma_cyathigerum,Mature,1,,0,NA,40,2021,NA,NA
7/26/21,16:11:00,Ilstorp,Enallagma_cyathigerum,Mature,1,,0,NA,40,2021,NA,NA
7/26/21,16:11:00,Ilstorp,Enallagma_cyathigerum,Mature,1,,0,NA,40,2021,NA,NA
7/26/21,16:11:00,Ilstorp,Enallagma_cyathigerum,Mature,1,,0,NA,40,2021,NA,NA
7/26/21,16:11:00,Ilstorp,Enallagma_cyathigerum,Mature,1,,0,NA,40,2021,NA,NA
7/26/21,16:11:00,Ilstorp,Enallagma_cyathigerum,Mature,1,,0,NA,40,2021,NA,NA
7/26/21,16:11:00,Ilstorp,Enallagma_cyathigerum,Mature,1,,0,NA,40,2021,NA,NA
7/26/21,16:11:00,Ilstorp,Enallagma_cyathigerum,Mature,1,,0,NA,40,2021,NA,NA
7/26/21,16:11:00,Ilstorp,Enallagma_cyathigerum,Mature,1,,0,NA,40,2021,NA,NA
7/26/21,16:11:00,Ilstorp,Enallagma_cyathigerum,Mature,1,,0,NA,40,2021,NA,NA
7/26/21,16:11:00,Ilstorp,Enallagma_cyathigerum,Mature,1,,0,NA,40,2021,NA,NA
7/26/21,16:11:00,Ilstorp,Enallagma_cyathigerum,Mature,1,,0,NA,40,2021,NA,NA
7/26/21,16:11:00,Ilstorp,Enallagma_cyathigerum,Mature,1,,0,NA,40,2021,NA,NA
7/26/21,16:11:00,Ilstorp,Enallagma_cyathigerum,Mature,1,,0,NA,40,2021,NA,NA
7/26/21,16:11:00,Ilstorp,Enallagma_cyathigerum,Mature,1,,0,NA,40,2021,NA,NA
7/26/21,16:11:00,Ilstorp,Enallagma_cyathigerum,Mature,1,,0,NA,40,2021,NA,NA
7/26/21,16:11:00,Ilstorp,Enallagma_cyathigerum,Mature,1,,0,NA,40,2021,NA,NA
7/26/21,16:11:00,Ilstorp,Enallagma_cyathigerum,Mature,1,,0,NA,40,2021,NA,NA
7/26/21,16:11:00,Ilstorp,Enallagma_cyathigerum,Mature,1,,0,NA,40,2021,NA,NA
7/26/21,16:11:00,Ilstorp,Enallagma_cyathigerum,Mature,1,,0,NA,40,2021,NA,NA
7/26/21,16:11:00,Ilstorp,Enallagma_cyathigerum,Mature,1,,0,NA,40,2021,NA,NA
7/26/21,16:11:00,Ilstorp,Enallagma_cyathigerum,Mature,1,,0,NA,40,2021,NA,NA
7/26/21,16:11:00,Ilstorp,Enallagma_cyathigerum,Mature,1,,0,NA,40,2021,NA,NA
7/26/21,16:11:00,Ilstorp,Enallagma_cyathigerum,Mature,1,,0,NA,40,2021,NA,NA
7/26/21,16:11:00,Ilstorp,Enallagma_cyathigerum,Mature,1,,0,NA,40,2021,NA,NA
7/26/21,16:11:00,Ilstorp,Enallagma_cyathigerum,Mature,1,,0,NA,40,2021,NA,NA
7/26/21,16:11:00,Ilstorp,Enallagma_cyathigerum,Mature,1,,0,NA,40,2021,NA,NA
7/26/21,16:11:00,Ilstorp,Enallagma_cyathigerum,Mature,1,,0,NA,40,2021,NA,NA
7/26/21,16:11:00,Ilstorp,Enallagma_cyathigerum,Mature,1,,0,NA,40,2021,NA,NA
7/26/21,16:11:00,Ilstorp,Enallagma_cyathigerum,Mature,1,,0,NA,40,2021,NA,NA
7/26/21,16:11:00,Ilstorp,Enallagma_cyathigerum,Mature,1,,0,NA,40,2021,NA,NA
7/26/21,16:11:00,Ilstorp,Enallagma_cyathigerum,Mature,1,,0,NA,40,2021,NA,NA
7/26/21,16:11:00,Ilstorp,Enallagma_cyathigerum,Mature,1,,0,NA,40,2021,NA,NA
7/26/21,16:11:00,Ilstorp,Enallagma_cyathigerum,Mature,1,,0,NA,40,2021,NA,NA
7/26/21,16:11:00,Ilstorp,Enallagma_cyathigerum,Mature,1,,0,NA,40,2021,NA,NA
7/26/21,16:11:00,Ilstorp,Enallagma_cyathigerum,Mature,1,,0,NA,40,2021,NA,NA
7/26/21,16:11:00,Ilstorp,Enallagma_cyathigerum,Mature,1,,0,NA,40,2021,NA,NA
7/26/21,16:11:00,Ilstorp,Enallagma_cyathigerum,Mature,1,,0,NA,40,2021,NA,NA
7/26/21,16:11:00,Ilstorp,Enallagma_cyathigerum,Mature,1,,0,NA,40,2021,NA,NA
7/26/21,16:11:00,Ilstorp,Enallagma_cyathigerum,Mature,1,,0,NA,40,2021,NA,NA
7/26/21,16:11:00,Ilstorp,Enallagma_cyathigerum,Mature,1,,0,NA,40,2021,NA,NA
7/26/21,16:11:00,Ilstorp,Enallagma_cyathigerum,Mature,1,,0,NA,40,2021,NA,NA
7/26/21,16:11:00,Ilstorp,Enallagma_cyathigerum,Mature,1,,1,NA,40,2021,NA,NA
7/26/21,16:11:00,Ilstorp,Enallagma_cyathigerum,Mature,0,Gynochrome,1,NA,40,2021,NA,NA
7/26/21,16:11:00,Ilstorp,Erythromma_viridulum,Mature,1,,0,NA,40,2021,NA,NA
7/26/21,16:11:00,Ilstorp,Erythromma_viridulum,Mature,1,,0,NA,40,2021,NA,NA
7/26/21,16:11:00,Ilstorp,Erythromma_viridulum,Mature,1,,0,NA,40,2021,NA,NA
7/26/21,16:11:00,Ilstorp,Erythromma_viridulum,Mature,1,,0,NA,40,2021,NA,NA
7/26/21,16:11:00,Ilstorp,Erythromma_viridulum,Mature,1,,0,NA,40,2021,NA,NA
7/26/21,16:11:00,Ilstorp,Erythromma_viridulum,Mature,1,,0,NA,40,2021,NA,NA
7/26/21,16:11:00,Ilstorp,Erythromma_viridulum,Mature,1,,0,NA,40,2021,NA,NA
7/26/21,16:11:00,Ilstorp,Erythromma_viridulum,Mature,1,,0,NA,40,2021,NA,NA
7/26/21,16:11:00,Ilstorp,Erythromma_viridulum,Mature,1,,0,NA,40,2021,NA,NA
7/26/21,16:11:00,Ilstorp,Erythromma_viridulum,Mature,1,,0,NA,40,2021,NA,NA
7/26/21,16:11:00,Ilstorp,Erythromma_viridulum,Mature,1,,0,NA,40,2021,NA,NA
7/26/21,16:11:00,Ilstorp,Erythromma_viridulum,Mature,1,,0,NA,40,2021,NA,NA
7/26/21,16:11:00,Ilstorp,Erythromma_viridulum,Mature,1,,0,NA,40,2021,NA,NA
7/26/21,16:11:00,Ilstorp,Erythromma_viridulum,Mature,1,,0,NA,40,2021,NA,NA
7/26/21,16:11:00,Ilstorp,Erythromma_viridulum,Mature,1,,0,NA,40,2021,NA,NA
7/26/21,16:11:00,Ilstorp,Erythromma_viridulum,Mature,1,,0,NA,40,2021,NA,NA
7/26/21,16:11:00,Ilstorp,Erythromma_viridulum,Mature,1,,0,NA,40,2021,NA,NA
7/26/21,16:11:00,Ilstorp,Erythromma_viridulum,Mature,1,,0,NA,40,2021,NA,NA
7/26/21,16:11:00,Ilstorp,Erythromma_viridulum,Mature,1,,0,NA,40,2021,NA,NA
7/26/21,16:11:00,Ilstorp,Erythromma_viridulum,Mature,1,,0,NA,40,2021,NA,NA
7/26/21,16:11:00,Ilstorp,Erythromma_viridulum,Mature,1,,0,NA,40,2021,NA,NA
7/26/21,16:11:00,Ilstorp,Erythromma_viridulum,Mature,1,,0,NA,40,2021,NA,NA
7/26/21,16:11:00,Ilstorp,Erythromma_viridulum,Mature,1,,0,NA,40,2021,NA,NA
7/26/21,16:11:00,Ilstorp,Erythromma_viridulum,Mature,1,,0,NA,40,2021,NA,NA
7/26/21,16:11:00,Ilstorp,Erythromma_viridulum,Mature,1,,0,NA,40,2021,NA,NA
7/26/21,16:11:00,Ilstorp,Erythromma_viridulum,Mature,1,,0,NA,40,2021,NA,NA
7/26/21,16:11:00,Ilstorp,Erythromma_viridulum,Mature,1,,0,NA,40,2021,NA,NA
7/26/21,16:11:00,Ilstorp,Erythromma_viridulum,Mature,1,,0,NA,40,2021,NA,NA
7/26/21,16:11:00,Ilstorp,Erythromma_viridulum,Mature,1,,0,NA,40,2021,NA,NA
7/26/21,16:11:00,Ilstorp,Erythromma_viridulum,Mature,1,,0,NA,40,2021,NA,NA
7/26/21,16:11:00,Ilstorp,Erythromma_viridulum,Mature,1,,0,NA,40,2021,NA,NA
7/26/21,16:11:00,Ilstorp,Erythromma_viridulum,Mature,1,,0,NA,40,2021,NA,NA
7/26/21,16:11:00,Ilstorp,Erythromma_viridulum,Mature,1,,0,NA,40,2021,NA,NA
7/26/21,16:11:00,Ilstorp,Erythromma_viridulum,Mature,1,,0,NA,40,2021,NA,NA
7/26/21,16:11:00,Ilstorp,Erythromma_viridulum,Mature,1,,0,NA,40,2021,NA,NA
7/26/21,16:11:00,Ilstorp,Erythromma_viridulum,Mature,1,,0,NA,40,2021,NA,NA
7/26/21,16:11:00,Ilstorp,Erythromma_viridulum,Mature,1,,0,NA,40,2021,NA,NA
7/26/21,16:11:00,Ilstorp,Erythromma_viridulum,Mature,1,,0,NA,40,2021,NA,NA
7/26/21,16:11:00,Ilstorp,Erythromma_viridulum,Mature,1,,0,NA,40,2021,NA,NA
7/26/21,16:11:00,Ilstorp,Erythromma_viridulum,Mature,1,,0,NA,40,2021,NA,NA
7/26/21,16:11:00,Ilstorp,Erythromma_viridulum,Mature,1,,0,NA,40,2021,NA,NA
7/26/21,16:11:00,Ilstorp,Erythromma_viridulum,Mature,1,,0,NA,40,2021,NA,NA
7/26/21,16:11:00,Ilstorp,Erythromma_viridulum,Mature,1,,0,NA,40,2021,NA,NA
7/26/21,16:11:00,Ilstorp,Erythromma_viridulum,Mature,1,,0,NA,40,2021,NA,NA
7/26/21,16:11:00,Ilstorp,Erythromma_viridulum,Mature,1,,0,NA,40,2021,NA,NA
7/26/21,16:11:00,Ilstorp,Erythromma_viridulum,Mature,1,,0,NA,40,2021,NA,NA
7/27/21,14:43:00,Sovdemolla,Aeshna_grandis,Mature,1,,0,0,20,2021,NA,NA
7/27/21,14:43:00,Sovdemolla,Aeshna_grandis,Mature,0,Gynochrome,0,0,20,2021,NA,NA
7/27/21,14:43:00,Sovdemolla,Sympetrum_sanguineum,Mature,1,,0,0,20,2021,NA,NA
7/27/21,14:43:00,Sovdemolla,Sympetrum_sanguineum,Immature,1,,0,0,20,2021,NA,NA
7/27/21,14:43:00,Sovdemolla,Sympetrum_sanguineum,Mature,1,,0,0,20,2021,NA,NA
7/27/21,14:43:00,Sovdemolla,Sympetrum_sanguineum,Mature,1,,0,0,20,2021,NA,NA
7/27/21,14:43:00,Sovdemolla,Sympetrum_sanguineum,Mature,1,,0,NA,20,2021,NA,NA
7/27/21,14:43:00,Sovdemolla,Calopteryx_splendens,Mature,0,Gynochrome,0,0,20,2021,NA,NA
7/27/21,14:43:00,Sovdemolla,Calopteryx_splendens,Mature,0,Gynochrome,0,0,20,2021,NA,NA
7/27/21,14:43:00,Sovdemolla,Platycnemis_pennipes,Mature,1,,0,0,20,2021,NA,NA
7/27/21,14:43:00,Sovdemolla,Platycnemis_pennipes,Mature,1,,0,0,20,2021,NA,NA
7/27/21,14:43:00,Sovdemolla,Platycnemis_pennipes,Immature,1,,0,0,20,2021,NA,NA
7/27/21,14:43:00,Sovdemolla,Platycnemis_pennipes,Mature,1,,0,0,20,2021,NA,NA
7/27/21,14:43:00,Sovdemolla,Platycnemis_pennipes,Mature,1,,0,0,20,2021,NA,NA
7/27/21,14:43:00,Sovdemolla,Calopteryx_splendens,Mature,1,,0,0,20,2021,NA,NA
7/27/21,14:43:00,Sovdemolla,Calopteryx_splendens,Mature,1,,0,0,20,2021,NA,NA
7/27/21,14:43:00,Sovdemolla,Calopteryx_splendens,Mature,1,,0,NA,20,2021,NA,NA
7/27/21,14:43:00,Sovdemolla,Calopteryx_splendens,Mature,1,,0,NA,20,2021,NA,NA
7/27/21,14:43:00,Sovdemolla,Calopteryx_splendens,Mature,1,,0,NA,20,2021,NA,NA
7/27/21,14:43:00,Sovdemolla,Calopteryx_splendens,Mature,1,,0,NA,20,2021,NA,NA
7/27/21,14:43:00,Sovdemolla,Calopteryx_splendens,Mature,1,,0,NA,20,2021,NA,NA
7/27/21,14:43:00,Sovdemolla,Calopteryx_splendens,Mature,1,,0,NA,20,2021,NA,NA
7/27/21,14:43:00,Sovdemolla,Calopteryx_splendens,Mature,1,,0,NA,20,2021,NA,NA
7/27/21,14:43:00,Sovdemolla,Calopteryx_splendens,Mature,1,,0,NA,20,2021,NA,NA
7/27/21,14:43:00,Sovdemolla,Calopteryx_splendens,Mature,1,,0,NA,20,2021,NA,NA
7/27/21,14:43:00,Sovdemolla,Calopteryx_splendens,Mature,1,,0,NA,20,2021,NA,NA
7/27/21,14:43:00,Sovdemolla,Calopteryx_splendens,Mature,1,,0,NA,20,2021,NA,NA
7/27/21,14:43:00,Sovdemolla,Calopteryx_splendens,Mature,1,,0,NA,20,2021,NA,NA
7/27/21,14:43:00,Sovdemolla,Calopteryx_splendens,Mature,1,,0,NA,20,2021,NA,NA
7/27/21,14:43:00,Sovdemolla,Calopteryx_splendens,Mature,1,,0,NA,20,2021,NA,NA
7/27/21,14:43:00,Sovdemolla,Calopteryx_splendens,Mature,1,,0,NA,20,2021,NA,NA
7/27/21,14:43:00,Sovdemolla,Calopteryx_splendens,Mature,1,,0,NA,20,2021,NA,NA
7/27/21,14:43:00,Sovdemolla,Calopteryx_splendens,Mature,1,,0,NA,20,2021,NA,NA
7/27/21,14:43:00,Sovdemolla,Calopteryx_splendens,Mature,1,,0,NA,20,2021,NA,NA
7/27/21,14:43:00,Sovdemolla,Calopteryx_splendens,Mature,1,,0,NA,20,2021,NA,NA
7/27/21,14:43:00,Sovdemolla,Calopteryx_splendens,Mature,1,,0,NA,20,2021,NA,NA
7/27/21,14:43:00,Sovdemolla,Calopteryx_splendens,Mature,1,,0,NA,20,2021,NA,NA
7/27/21,14:43:00,Sovdemolla,Calopteryx_splendens,Mature,1,,0,NA,20,2021,NA,NA
7/27/21,14:43:00,Sovdemolla,Calopteryx_splendens,Mature,1,,0,NA,20,2021,NA,NA
7/27/21,14:43:00,Sovdemolla,Calopteryx_splendens,Mature,1,,0,NA,20,2021,NA,NA
7/27/21,14:43:00,Sovdemolla,Calopteryx_splendens,Mature,1,,0,NA,20,2021,NA,NA
7/27/21,14:43:00,Sovdemolla,Calopteryx_splendens,Mature,1,,0,NA,20,2021,NA,NA
7/27/21,14:43:00,Sovdemolla,Calopteryx_splendens,Mature,1,,0,NA,20,2021,NA,NA
7/27/21,14:43:00,Sovdemolla,Calopteryx_splendens,Mature,1,,0,NA,20,2021,NA,NA
7/27/21,14:43:00,Sovdemolla,Calopteryx_splendens,Mature,1,,0,NA,20,2021,NA,NA
7/27/21,14:43:00,Sovdemolla,Calopteryx_splendens,Mature,1,,0,NA,20,2021,NA,NA
7/27/21,14:43:00,Sovdemolla,Calopteryx_splendens,Mature,1,,0,NA,20,2021,NA,NA
7/27/21,14:43:00,Sovdemolla,Calopteryx_splendens,Mature,1,,0,NA,20,2021,NA,NA
7/27/21,14:43:00,Sovdemolla,Calopteryx_splendens,Mature,1,,0,NA,20,2021,NA,NA
7/27/21,14:43:00,Sovdemolla,Calopteryx_splendens,Mature,1,,0,NA,20,2021,NA,NA
7/27/21,14:43:00,Sovdemolla,Calopteryx_splendens,Mature,1,,0,NA,20,2021,NA,NA
7/27/21,14:43:00,Sovdemolla,Calopteryx_splendens,Mature,1,,0,NA,20,2021,NA,NA
7/27/21,14:43:00,Sovdemolla,Calopteryx_splendens,Mature,1,,0,NA,20,2021,NA,NA
7/27/21,14:43:00,Sovdemolla,Calopteryx_splendens,Mature,1,,0,NA,20,2021,NA,NA
7/27/21,14:43:00,Sovdemolla,Calopteryx_splendens,Mature,1,,0,NA,20,2021,NA,NA
7/27/21,14:43:00,Sovdemolla,Calopteryx_splendens,Mature,1,,0,NA,20,2021,NA,NA
7/27/21,14:43:00,Sovdemolla,Calopteryx_splendens,Mature,1,,0,NA,20,2021,NA,NA
7/27/21,14:43:00,Sovdemolla,Calopteryx_splendens,Mature,1,,0,NA,20,2021,NA,NA
7/27/21,14:43:00,Sovdemolla,Calopteryx_splendens,Mature,1,,0,NA,20,2021,NA,NA
7/27/21,14:43:00,Sovdemolla,Calopteryx_splendens,Mature,1,,0,NA,20,2021,NA,NA
7/27/21,14:43:00,Sovdemolla,Calopteryx_splendens,Mature,1,,0,NA,20,2021,NA,NA
7/27/21,14:43:00,Sovdemolla,Calopteryx_splendens,Mature,1,,0,NA,20,2021,NA,NA
7/27/21,14:43:00,Sovdemolla,Calopteryx_splendens,Mature,1,,0,NA,20,2021,NA,NA
7/27/21,14:43:00,Sovdemolla,Calopteryx_splendens,Mature,1,,0,NA,20,2021,NA,NA
7/27/21,14:43:00,Sovdemolla,Calopteryx_splendens,Mature,1,,0,NA,20,2021,NA,NA
7/27/21,14:43:00,Sovdemolla,Calopteryx_splendens,Mature,1,,0,NA,20,2021,NA,NA
7/27/21,14:43:00,Sovdemolla,Calopteryx_splendens,Mature,1,,0,NA,20,2021,NA,NA
7/27/21,14:43:00,Sovdemolla,Calopteryx_splendens,Mature,1,,0,NA,20,2021,NA,NA
7/27/21,14:43:00,Sovdemolla,Calopteryx_splendens,Mature,1,,0,NA,20,2021,NA,NA
7/27/21,14:43:00,Sovdemolla,Calopteryx_splendens,Mature,1,,0,NA,20,2021,NA,NA
7/27/21,14:43:00,Sovdemolla,Calopteryx_splendens,Mature,1,,0,NA,20,2021,NA,NA
7/27/21,14:43:00,Sovdemolla,Calopteryx_splendens,Mature,1,,0,NA,20,2021,NA,NA
7/27/21,14:43:00,Sovdemolla,Calopteryx_splendens,Mature,1,,0,NA,20,2021,NA,NA
7/27/21,14:43:00,Sovdemolla,Calopteryx_splendens,Mature,1,,0,NA,20,2021,NA,NA
7/27/21,14:43:00,Sovdemolla,Calopteryx_splendens,Mature,1,,0,NA,20,2021,NA,NA
7/27/21,14:43:00,Sovdemolla,Calopteryx_splendens,Mature,1,,0,NA,20,2021,NA,NA
7/27/21,14:43:00,Sovdemolla,Calopteryx_splendens,Mature,0,Gynochrome,0,NA,20,2021,NA,NA
7/27/21,14:43:00,Sovdemolla,Calopteryx_splendens,Mature,0,Gynochrome,0,NA,20,2021,NA,NA
7/27/21,14:43:00,Sovdemolla,Calopteryx_splendens,Mature,0,Gynochrome,0,NA,20,2021,NA,NA
7/27/21,14:43:00,Sovdemolla,Calopteryx_splendens,Mature,0,Gynochrome,0,NA,20,2021,NA,NA
7/27/21,14:43:00,Sovdemolla,Calopteryx_splendens,Mature,0,Gynochrome,0,NA,20,2021,NA,NA
7/27/21,14:43:00,Sovdemolla,Calopteryx_splendens,Mature,0,Gynochrome,0,NA,20,2021,NA,NA
7/27/21,14:43:00,Sovdemolla,Calopteryx_splendens,Mature,0,Gynochrome,0,NA,20,2021,NA,NA
7/27/21,14:43:00,Sovdemolla,Calopteryx_splendens,Mature,0,Gynochrome,0,NA,20,2021,NA,NA
7/27/21,14:43:00,Sovdemolla,Calopteryx_splendens,Mature,0,Gynochrome,0,NA,20,2021,NA,NA
7/27/21,14:43:00,Sovdemolla,Calopteryx_splendens,Mature,0,Gynochrome,0,NA,20,2021,NA,NA
7/27/21,14:43:00,Sovdemolla,Calopteryx_splendens,Mature,0,Gynochrome,0,NA,20,2021,NA,NA
7/27/21,14:43:00,Sovdemolla,Calopteryx_splendens,Mature,0,Gynochrome,0,NA,20,2021,NA,NA
7/27/21,14:43:00,Sovdemolla,Calopteryx_splendens,Mature,0,Gynochrome,0,NA,20,2021,NA,NA
7/27/21,14:43:00,Sovdemolla,Calopteryx_splendens,Mature,0,Gynochrome,0,NA,20,2021,NA,NA
7/27/21,14:43:00,Sovdemolla,Calopteryx_splendens,Mature,0,Gynochrome,0,NA,20,2021,NA,NA
7/27/21,14:43:00,Sovdemolla,Calopteryx_splendens,Mature,0,Gynochrome,0,NA,20,2021,NA,NA
7/27/21,14:43:00,Sovdemolla,Calopteryx_splendens,Mature,0,Gynochrome,0,NA,20,2021,NA,NA
7/27/21,14:43:00,Sovdemolla,Calopteryx_splendens,Mature,0,Gynochrome,0,NA,20,2021,NA,NA
7/27/21,14:43:00,Sovdemolla,Calopteryx_splendens,Mature,0,Gynochrome,0,NA,20,2021,NA,NA
7/27/21,14:43:00,Sovdemolla,Calopteryx_splendens,Mature,0,Gynochrome,0,NA,20,2021,NA,NA
7/27/21,14:43:00,Sovdemolla,Calopteryx_splendens,Mature,0,Gynochrome,0,NA,20,2021,NA,NA
7/27/21,14:43:00,Sovdemolla,Calopteryx_splendens,Mature,0,Gynochrome,0,NA,20,2021,NA,NA
7/27/21,14:43:00,Sovdemolla,Calopteryx_splendens,Mature,0,Gynochrome,0,NA,20,2021,NA,NA
7/27/21,14:43:00,Sovdemolla,Calopteryx_splendens,Mature,0,Gynochrome,0,NA,20,2021,NA,NA
7/27/21,14:43:00,Sovdemolla,Calopteryx_splendens,Mature,0,Gynochrome,0,NA,20,2021,NA,NA
7/27/21,14:43:00,Sovdemolla,Somatochlora_flavomaculata,Mature,,,0,NA,20,2021,NA,NA
7/27/21,14:43:00,Sovdemolla,Sympetrum_spp,Mature,,,0,NA,20,2021,NA,NA
7/27/21,14:43:00,Sovdemolla,Sympetrum_spp,Mature,,,0,NA,20,2021,NA,NA
7/27/21,14:43:00,Sovdemolla,Sympetrum_spp,Mature,,,0,NA,20,2021,NA,NA
7/27/21,14:43:00,Sovdemolla,Sympetrum_spp,Mature,,,0,NA,20,2021,NA,NA
7/27/21,14:43:00,Sovdemolla,Sympetrum_spp,Mature,,,0,NA,20,2021,NA,NA
7/27/21,14:43:00,Sovdemolla,Sympetrum_spp,Mature,,,0,NA,20,2021,NA,NA
7/27/21,14:43:00,Sovdemolla,Sympetrum_spp,Mature,,,0,NA,20,2021,NA,NA
7/27/21,14:43:00,Sovdemolla,Sympetrum_sanguineum,Mature,1,,0,NA,20,2021,NA,NA
7/27/21,14:43:00,Sovdemolla,Sympetrum_sanguineum,Mature,1,,0,NA,20,2021,NA,NA
7/27/21,14:43:00,Sovdemolla,Sympetrum_sanguineum,Mature,1,,0,NA,20,2021,NA,NA
7/27/21,14:43:00,Sovdemolla,Sympetrum_sanguineum,Mature,1,,0,NA,20,2021,NA,NA
7/27/21,14:43:00,Sovdemolla,Sympetrum_sanguineum,Mature,1,,0,NA,20,2021,NA,NA
7/27/21,14:43:00,Sovdemolla,Sympetrum_sanguineum,Mature,1,,0,NA,20,2021,NA,NA
7/27/21,14:43:00,Sovdemolla,Sympetrum_spp,Mature,1,,0,NA,20,2021,NA,NA
7/27/21,14:43:00,Sovdemolla,Sympetrum_spp,Mature,1,,0,NA,20,2021,NA,NA
7/27/21,14:43:00,Sovdemolla,Sympetrum_spp,Mature,1,,0,NA,20,2021,NA,NA
7/27/21,16:02:00,Vombs_Vattenverk,Enallagma_cyathigerum,Mature,1,,1,0,30,2021,NA,NA
7/27/21,16:02:00,Vombs_Vattenverk,Enallagma_cyathigerum,Mature,0,Gynochrome,1,0,30,2021,NA,NA
7/27/21,16:02:00,Vombs_Vattenverk,Enallagma_cyathigerum,Mature,0,Gynochrome,1,0,30,2021,NA,NA
7/27/21,16:02:00,Vombs_Vattenverk,Enallagma_cyathigerum,Mature,1,,1,0,30,2021,NA,NA
7/27/21,16:02:00,Vombs_Vattenverk,Enallagma_cyathigerum,Mature,0,Gynochrome,1,1,30,2021,NA,NA
7/27/21,16:02:00,Vombs_Vattenverk,Enallagma_cyathigerum,Mature,1,,1,0,30,2021,NA,NA
7/27/21,16:02:00,Vombs_Vattenverk,Enallagma_cyathigerum,Mature,1,,1,2,30,2021,NA,NA
7/27/21,16:02:00,Vombs_Vattenverk,Enallagma_cyathigerum,Mature,0,Gynochrome,1,69,30,2021,NA,NA
7/27/21,16:02:00,Vombs_Vattenverk,Enallagma_cyathigerum,Mature,0,Gynochrome,1,0,30,2021,NA,NA
7/27/21,16:02:00,Vombs_Vattenverk,Enallagma_cyathigerum,Mature,1,,1,0,30,2021,NA,NA
7/27/21,16:02:00,Vombs_Vattenverk,Enallagma_cyathigerum,Mature,1,,1,0,30,2021,NA,NA
7/27/21,16:02:00,Vombs_Vattenverk,Enallagma_cyathigerum,Mature,0,Gynochrome,1,0,30,2021,NA,NA
7/27/21,16:02:00,Vombs_Vattenverk,Sympetrum_vulgatum,Mature,0,Gynochrome,0,0,30,2021,NA,NA
7/27/21,16:02:00,Vombs_Vattenverk,Sympetrum_striolatum,Mature,0,Gynochrome,0,0,30,2021,NA,NA
7/27/21,16:02:00,Vombs_Vattenverk,Enallagma_cyathigerum,Mature,1,,0,0,30,2021,NA,NA
7/27/21,16:02:00,Vombs_Vattenverk,Enallagma_cyathigerum,Mature,1,,0,0,30,2021,NA,NA
7/27/21,16:02:00,Vombs_Vattenverk,Enallagma_cyathigerum,Mature,1,,0,11,30,2021,NA,NA
7/27/21,16:02:00,Vombs_Vattenverk,Enallagma_cyathigerum,Mature,1,,0,0,30,2021,NA,NA
7/27/21,16:02:00,Vombs_Vattenverk,Enallagma_cyathigerum,Mature,1,,0,1,30,2021,NA,NA
7/27/21,16:02:00,Vombs_Vattenverk,Erythromma_viridulum,Mature,1,,0,0,30,2021,NA,NA
7/27/21,16:02:00,Vombs_Vattenverk,Enallagma_cyathigerum,Mature,1,,0,0,30,2021,NA,NA
7/27/21,16:02:00,Vombs_Vattenverk,Enallagma_cyathigerum,Mature,1,,0,0,30,2021,NA,NA
7/27/21,16:02:00,Vombs_Vattenverk,Enallagma_cyathigerum,Mature,0,Gynochrome,0,1,30,2021,NA,NA
7/27/21,16:02:00,Vombs_Vattenverk,Enallagma_cyathigerum,Mature,1,,0,0,30,2021,NA,NA
7/27/21,16:02:00,Vombs_Vattenverk,Enallagma_cyathigerum,Mature,1,,0,0,30,2021,NA,NA
7/27/21,16:02:00,Vombs_Vattenverk,Enallagma_cyathigerum,Mature,1,,0,0,30,2021,NA,NA
7/27/21,16:02:00,Vombs_Vattenverk,Enallagma_cyathigerum,Mature,1,,0,0,30,2021,NA,NA
7/27/21,16:02:00,Vombs_Vattenverk,Enallagma_cyathigerum,Mature,1,,0,0,30,2021,NA,NA
7/27/21,16:02:00,Vombs_Vattenverk,Enallagma_cyathigerum,Mature,1,,0,0,30,2021,NA,NA
7/27/21,16:02:00,Vombs_Vattenverk,Enallagma_cyathigerum,Mature,1,,0,0,30,2021,NA,NA
7/27/21,16:02:00,Vombs_Vattenverk,Enallagma_cyathigerum,Mature,1,,0,0,30,2021,NA,NA
7/27/21,16:02:00,Vombs_Vattenverk,Erythromma_viridulum,Mature,1,,0,0,30,2021,NA,NA
7/27/21,16:02:00,Vombs_Vattenverk,Erythromma_viridulum,Mature,1,,0,0,30,2021,NA,NA
7/27/21,16:02:00,Vombs_Vattenverk,Enallagma_cyathigerum,Teneral,1,,0,0,30,2021,NA,NA
7/27/21,16:02:00,Vombs_Vattenverk,Erythromma_viridulum,Mature,1,,0,0,30,2021,NA,NA
7/27/21,16:02:00,Vombs_Vattenverk,Enallagma_cyathigerum,Mature,1,,0,0,30,2021,NA,NA
7/27/21,16:02:00,Vombs_Vattenverk,Enallagma_cyathigerum,Mature,1,,0,0,30,2021,NA,NA
7/27/21,16:02:00,Vombs_Vattenverk,Erythromma_viridulum,Mature,1,,0,1,30,2021,NA,NA
7/27/21,16:02:00,Vombs_Vattenverk,Enallagma_cyathigerum,Mature,1,,0,0,30,2021,NA,NA
7/27/21,16:02:00,Vombs_Vattenverk,Enallagma_cyathigerum,Mature,1,,0,NA,30,2021,NA,NA
7/27/21,16:02:00,Vombs_Vattenverk,Enallagma_cyathigerum,Mature,1,,0,7,30,2021,NA,NA
7/27/21,16:02:00,Vombs_Vattenverk,Enallagma_cyathigerum,Mature,1,,0,0,30,2021,NA,NA
7/27/21,16:02:00,Vombs_Vattenverk,Enallagma_cyathigerum,Mature,1,,0,0,30,2021,NA,NA
7/27/21,16:02:00,Vombs_Vattenverk,Enallagma_cyathigerum,Mature,1,,0,0,30,2021,NA,NA
7/27/21,16:02:00,Vombs_Vattenverk,Enallagma_cyathigerum,Mature,1,,0,0,30,2021,NA,NA
7/27/21,16:02:00,Vombs_Vattenverk,Erythromma_viridulum,Mature,1,,0,0,30,2021,NA,NA
7/27/21,16:02:00,Vombs_Vattenverk,Enallagma_cyathigerum,Mature,1,,0,0,30,2021,NA,NA
7/27/21,16:02:00,Vombs_Vattenverk,Enallagma_cyathigerum,Mature,1,,0,0,30,2021,NA,NA
7/27/21,16:02:00,Vombs_Vattenverk,Erythromma_viridulum,Mature,1,,0,0,30,2021,NA,NA
7/27/21,16:02:00,Vombs_Vattenverk,Enallagma_cyathigerum,Mature,1,,0,1,30,2021,NA,NA
7/27/21,16:02:00,Vombs_Vattenverk,Lestes_sponsa,Mature,0,Gynochrome,0,0,30,2021,NA,NA
7/27/21,16:02:00,Vombs_Vattenverk,Erythromma_viridulum,Mature,1,,0,0,30,2021,NA,NA
7/28/21,14:59:00,Holmeja,Sympetrum_sanguineum,Mature,0,Gynochrome,1,0,45,2021,NA,NA
7/28/21,14:59:00,Holmeja,Sympetrum_sanguineum,Immature,0,Gynochrome,1,0,45,2021,NA,NA
7/28/21,14:59:00,Holmeja,Sympetrum_sanguineum,Immature,1,,1,0,45,2021,NA,NA
7/28/21,14:59:00,Holmeja,Sympetrum_sanguineum,Mature,1,,1,0,45,2021,NA,NA
7/28/21,14:59:00,Holmeja,Sympetrum_sanguineum,Mature,1,,1,0,45,2021,NA,NA
7/28/21,14:59:00,Holmeja,Aeshna_mixta,Immature,1,,0,0,45,2021,NA,NA
7/28/21,14:59:00,Holmeja,Sympetrum_sanguineum,Mature,0,Gynochrome,1,0,45,2021,NA,NA
7/28/21,14:59:00,Holmeja,Sympetrum_sanguineum,Immature,1,,0,0,45,2021,NA,NA
7/28/21,14:59:00,Holmeja,Sympetrum_sanguineum,Mature,1,,0,0,45,2021,NA,NA
7/28/21,14:59:00,Holmeja,Sympetrum_sanguineum,Mature,1,,0,0,45,2021,NA,NA
7/28/21,14:59:00,Holmeja,Sympetrum_sanguineum,Mature,1,,0,0,45,2021,NA,NA
7/28/21,14:59:00,Holmeja,Sympetrum_sanguineum,Mature,0,Gynochrome,0,0,45,2021,NA,NA
7/28/21,14:59:00,Holmeja,Sympetrum_sanguineum,Mature,1,,0,0,45,2021,NA,NA
7/28/21,14:59:00,Holmeja,Sympetrum_sanguineum,Mature,1,,0,0,45,2021,NA,NA
7/28/21,14:59:00,Holmeja,Sympetrum_danae,Mature,1,,0,0,45,2021,NA,NA
7/28/21,14:59:00,Holmeja,Sympetrum_sanguineum,Mature,1,,0,0,45,2021,NA,NA
7/28/21,14:59:00,Holmeja,Sympetrum_sanguineum,Mature,1,,0,0,45,2021,NA,NA
7/28/21,14:59:00,Holmeja,Sympetrum_danae,Mature,1,,0,0,45,2021,NA,NA
7/28/21,14:59:00,Holmeja,Sympetrum_danae,Mature,0,Gynochrome,0,0,45,2021,NA,NA
7/28/21,14:59:00,Holmeja,Sympetrum_sanguineum,Mature,1,,0,0,45,2021,NA,NA
7/28/21,14:59:00,Holmeja,Sympetrum_sanguineum,Mature,1,,0,0,45,2021,NA,NA
7/28/21,14:59:00,Holmeja,Sympetrum_sanguineum,Immature,1,,0,0,45,2021,NA,NA
7/28/21,14:59:00,Holmeja,Sympetrum_sanguineum,Mature,1,,0,0,45,2021,NA,NA
7/28/21,14:59:00,Holmeja,Sympetrum_danae,Mature,1,,0,0,45,2021,NA,NA
7/28/21,14:59:00,Holmeja,Sympetrum_sanguineum,Immature,1,,0,0,45,2021,NA,NA
7/28/21,14:59:00,Holmeja,Sympetrum_sanguineum,Mature,1,,0,0,45,2021,NA,NA
7/28/21,14:59:00,Holmeja,Sympetrum_danae,Mature,1,,0,0,45,2021,NA,NA
7/28/21,14:59:00,Holmeja,Sympetrum_sanguineum,Mature,1,,0,0,45,2021,NA,NA
7/28/21,14:59:00,Holmeja,Sympetrum_sanguineum,Mature,1,,0,0,45,2021,NA,NA
7/28/21,14:59:00,Holmeja,Sympetrum_sanguineum,Mature,1,,0,0,45,2021,NA,NA
7/28/21,14:59:00,Holmeja,Sympetrum_danae,Mature,1,,0,0,45,2021,NA,NA
7/28/21,14:59:00,Holmeja,Sympetrum_sanguineum,Mature,1,,0,0,45,2021,NA,NA
7/28/21,14:59:00,Holmeja,Sympetrum_sanguineum,Immature,1,,0,0,45,2021,NA,NA
7/28/21,14:59:00,Holmeja,Sympetrum_sanguineum,Mature,1,,0,0,45,2021,NA,NA
7/28/21,14:59:00,Holmeja,Sympetrum_danae,Mature,1,,0,0,45,2021,NA,NA
7/28/21,14:59:00,Holmeja,Somatochlora_flavomaculata,Mature,1,,0,0,45,2021,NA,NA
7/28/21,14:59:00,Holmeja,Sympetrum_sanguineum,Mature,1,,0,0,45,2021,NA,NA
7/28/21,14:59:00,Holmeja,Sympetrum_danae,Mature,1,,0,0,45,2021,NA,NA
7/28/21,14:59:00,Holmeja,Sympetrum_danae,Immature,1,,0,0,45,2021,NA,NA
7/28/21,14:59:00,Holmeja,Lestes_virens,Immature,1,,0,0,45,2021,NA,NA
7/28/21,14:59:00,Holmeja,Sympetrum_sanguineum,Mature,1,,0,0,45,2021,NA,NA
7/28/21,14:59:00,Holmeja,Sympetrum_sanguineum,Mature,1,,0,0,45,2021,NA,NA
7/28/21,14:59:00,Holmeja,Sympetrum_danae,Mature,1,,0,0,45,2021,NA,NA
7/28/21,14:59:00,Holmeja,Lestes_dryas,Mature,1,,0,0,45,2021,NA,NA
7/28/21,14:59:00,Holmeja,Sympetrum_sanguineum,Mature,1,,0,0,45,2021,NA,NA
7/28/21,14:59:00,Holmeja,Lestes_dryas,Mature,1,,0,0,45,2021,NA,NA
7/28/21,14:59:00,Holmeja,Lestes_virens,Immature,0,Gynochrome,0,0,45,2021,NA,NA
7/28/21,14:59:00,Holmeja,Lestes_dryas,Mature,1,,0,0,45,2021,NA,NA
7/28/21,14:59:00,Holmeja,Lestes_sponsa,Mature,1,,0,0,45,2021,NA,NA
7/28/21,14:59:00,Holmeja,Lestes_sponsa,Mature,1,,0,0,45,2021,NA,NA
7/28/21,14:59:00,Holmeja,Lestes_sponsa,Mature,1,,0,0,45,2021,NA,NA
7/28/21,14:59:00,Holmeja,Lestes_dryas,Mature,1,,0,0,45,2021,NA,NA
7/28/21,14:59:00,Holmeja,Lestes_dryas,Mature,1,,0,0,45,2021,NA,NA
7/28/21,14:59:00,Holmeja,Lestes_sponsa,Mature,1,,0,0,45,2021,NA,NA
7/28/21,14:59:00,Holmeja,Lestes_sponsa,Mature,1,,0,0,45,2021,NA,NA
7/28/21,14:59:00,Holmeja,Lestes_sponsa,Mature,1,,0,0,45,2021,NA,NA
7/28/21,14:59:00,Holmeja,Lestes_sponsa,Mature,1,,0,0,45,2021,NA,NA
7/28/21,14:59:00,Holmeja,Lestes_sponsa,Mature,1,,0,0,45,2021,NA,NA
7/28/21,14:59:00,Holmeja,Lestes_sponsa,Mature,1,,0,0,45,2021,NA,NA
7/28/21,14:59:00,Holmeja,Lestes_sponsa,Mature,1,,0,0,45,2021,NA,NA
7/28/21,14:59:00,Holmeja,Lestes_sponsa,Mature,1,,0,0,45,2021,NA,NA
7/28/21,14:59:00,Holmeja,Anax_imperator,Mature,1,,0,NA,45,2021,NA,NA
7/28/21,14:59:00,Holmeja,Aeshna_grandis,Mature,1,,0,NA,45,2021,NA,NA
7/28/21,14:59:00,Holmeja,Aeshna_grandis,Mature,1,,0,NA,45,2021,NA,NA
7/28/21,14:59:00,Holmeja,Aeshna_grandis,Mature,1,,0,NA,45,2021,NA,NA
7/28/21,14:59:00,Holmeja,Aeshna_grandis,Mature,1,,0,NA,45,2021,NA,NA
7/28/21,14:59:00,Holmeja,Aeshna_grandis,Mature,1,,0,NA,45,2021,NA,NA
7/28/21,14:59:00,Holmeja,Aeshna_grandis,Mature,1,,0,NA,45,2021,NA,NA
7/28/21,14:59:00,Holmeja,Somatochlora_flavomaculata,Mature,1,,0,NA,45,2021,NA,NA
7/28/21,14:59:00,Holmeja,Somatochlora_flavomaculata,Mature,1,,0,NA,45,2021,NA,NA
7/28/21,14:59:00,Holmeja,Somatochlora_flavomaculata,Mature,1,,0,NA,45,2021,NA,NA
7/28/21,14:59:00,Holmeja,Somatochlora_flavomaculata,Mature,1,,0,NA,45,2021,NA,NA
7/28/21,14:59:00,Holmeja,Somatochlora_flavomaculata,Mature,1,,0,NA,45,2021,NA,NA
7/28/21,14:59:00,Holmeja,Somatochlora_flavomaculata,Mature,1,,0,NA,45,2021,NA,NA
7/28/21,14:59:00,Holmeja,Sympetrum_sanguineum,Mature,1,,0,NA,45,2021,NA,NA
7/28/21,14:59:00,Holmeja,Sympetrum_sanguineum,Mature,1,,0,NA,45,2021,NA,NA
7/28/21,14:59:00,Holmeja,Sympetrum_sanguineum,Mature,1,,0,NA,45,2021,NA,NA
7/28/21,14:59:00,Holmeja,Sympetrum_sanguineum,Mature,1,,0,NA,45,2021,NA,NA
7/28/21,14:59:00,Holmeja,Sympetrum_sanguineum,Mature,1,,0,NA,45,2021,NA,NA
7/28/21,14:59:00,Holmeja,Sympetrum_sanguineum,Mature,1,,0,NA,45,2021,NA,NA
7/28/21,14:59:00,Holmeja,Sympetrum_sanguineum,Mature,1,,0,NA,45,2021,NA,NA
7/28/21,14:59:00,Holmeja,Sympetrum_sanguineum,Mature,1,,0,NA,45,2021,NA,NA
7/28/21,14:59:00,Holmeja,Sympetrum_sanguineum,Mature,1,,0,NA,45,2021,NA,NA
7/28/21,14:59:00,Holmeja,Sympetrum_sanguineum,Mature,1,,0,NA,45,2021,NA,NA
7/28/21,14:59:00,Holmeja,Sympetrum_sanguineum,Mature,1,,0,NA,45,2021,NA,NA
7/28/21,14:59:00,Holmeja,Sympetrum_sanguineum,Mature,1,,0,NA,45,2021,NA,NA
7/28/21,14:59:00,Holmeja,Sympetrum_sanguineum,Mature,1,,0,NA,45,2021,NA,NA
7/28/21,14:59:00,Holmeja,Sympetrum_sanguineum,Mature,1,,0,NA,45,2021,NA,NA
7/28/21,14:59:00,Holmeja,Sympetrum_sanguineum,Mature,1,,0,NA,45,2021,NA,NA
7/28/21,14:59:00,Holmeja,Sympetrum_sanguineum,Mature,1,,0,NA,45,2021,NA,NA
7/28/21,14:59:00,Holmeja,Sympetrum_sanguineum,Mature,1,,0,NA,45,2021,NA,NA
7/28/21,14:59:00,Holmeja,Sympetrum_sanguineum,Mature,1,,0,NA,45,2021,NA,NA
7/28/21,14:59:00,Holmeja,Sympetrum_sanguineum,Mature,1,,0,NA,45,2021,NA,NA
7/28/21,14:59:00,Holmeja,Sympetrum_sanguineum,Mature,1,,0,NA,45,2021,NA,NA
7/28/21,14:59:00,Holmeja,Sympetrum_sanguineum,Mature,1,,0,NA,45,2021,NA,NA
7/28/21,14:59:00,Holmeja,Sympetrum_sanguineum,Mature,1,,0,NA,45,2021,NA,NA
7/28/21,14:59:00,Holmeja,Sympetrum_sanguineum,Mature,1,,0,NA,45,2021,NA,NA
7/28/21,14:59:00,Holmeja,Sympetrum_sanguineum,Mature,1,,0,NA,45,2021,NA,NA
7/28/21,14:59:00,Holmeja,Sympetrum_sanguineum,Mature,1,,0,NA,45,2021,NA,NA
7/28/21,14:59:00,Holmeja,Sympetrum_sanguineum,Mature,1,,0,NA,45,2021,NA,NA
7/28/21,14:59:00,Holmeja,Sympetrum_sanguineum,Mature,1,,0,NA,45,2021,NA,NA
7/28/21,14:59:00,Holmeja,Sympetrum_sanguineum,Mature,1,,0,NA,45,2021,NA,NA
7/28/21,14:59:00,Holmeja,Sympetrum_sanguineum,Mature,1,,0,NA,45,2021,NA,NA
7/28/21,14:59:00,Holmeja,Sympetrum_sanguineum,Mature,1,,0,NA,45,2021,NA,NA
7/28/21,14:59:00,Holmeja,Sympetrum_sanguineum,Mature,1,,0,NA,45,2021,NA,NA
7/28/21,14:59:00,Holmeja,Sympetrum_sanguineum,Mature,1,,0,NA,45,2021,NA,NA
7/28/21,14:59:00,Holmeja,Sympetrum_sanguineum,Mature,1,,0,NA,45,2021,NA,NA
7/28/21,14:59:00,Holmeja,Sympetrum_sanguineum,Mature,1,,0,NA,45,2021,NA,NA
7/28/21,14:59:00,Holmeja,Sympetrum_sanguineum,Mature,1,,0,NA,45,2021,NA,NA
7/28/21,14:59:00,Holmeja,Sympetrum_sanguineum,Mature,1,,0,NA,45,2021,NA,NA
7/28/21,14:59:00,Holmeja,Sympetrum_sanguineum,Mature,1,,0,NA,45,2021,NA,NA
7/28/21,14:59:00,Holmeja,Sympetrum_sanguineum,Mature,1,,0,NA,45,2021,NA,NA
7/28/21,14:59:00,Holmeja,Sympetrum_sanguineum,Mature,1,,0,NA,45,2021,NA,NA
7/28/21,14:59:00,Holmeja,Sympetrum_sanguineum,Mature,1,,0,NA,45,2021,NA,NA
7/28/21,14:59:00,Holmeja,Sympetrum_sanguineum,Mature,1,,0,NA,45,2021,NA,NA
7/28/21,14:59:00,Holmeja,Sympetrum_sanguineum,Mature,1,,0,NA,45,2021,NA,NA
7/28/21,14:59:00,Holmeja,Sympetrum_sanguineum,Mature,1,,0,NA,45,2021,NA,NA
7/28/21,14:59:00,Holmeja,Sympetrum_sanguineum,Mature,1,,0,NA,45,2021,NA,NA
7/28/21,14:59:00,Holmeja,Sympetrum_sanguineum,Mature,1,,0,NA,45,2021,NA,NA
7/28/21,14:59:00,Holmeja,Sympetrum_sanguineum,Mature,1,,0,NA,45,2021,NA,NA
7/28/21,14:59:00,Holmeja,Sympetrum_sanguineum,Mature,1,,0,NA,45,2021,NA,NA
7/28/21,14:59:00,Holmeja,Sympetrum_sanguineum,Mature,1,,0,NA,45,2021,NA,NA
7/28/21,14:59:00,Holmeja,Sympetrum_sanguineum,Mature,1,,0,NA,45,2021,NA,NA
7/28/21,14:59:00,Holmeja,Sympetrum_sanguineum,Mature,1,,0,NA,45,2021,NA,NA
7/28/21,14:59:00,Holmeja,Sympetrum_sanguineum,Mature,1,,0,NA,45,2021,NA,NA
7/28/21,14:59:00,Holmeja,Sympetrum_sanguineum,Mature,1,,0,NA,45,2021,NA,NA
7/28/21,14:59:00,Holmeja,Sympetrum_sanguineum,Mature,1,,0,NA,45,2021,NA,NA
7/28/21,14:59:00,Holmeja,Sympetrum_sanguineum,Mature,1,,0,NA,45,2021,NA,NA
7/28/21,14:59:00,Holmeja,Sympetrum_sanguineum,Mature,1,,0,NA,45,2021,NA,NA
7/28/21,14:59:00,Holmeja,Sympetrum_sanguineum,Mature,1,,0,NA,45,2021,NA,NA
7/28/21,14:59:00,Holmeja,Sympetrum_sanguineum,Mature,1,,0,NA,45,2021,NA,NA
7/28/21,14:59:00,Holmeja,Sympetrum_sanguineum,Mature,1,,0,NA,45,2021,NA,NA
7/28/21,14:59:00,Holmeja,Sympetrum_sanguineum,Mature,1,,0,NA,45,2021,NA,NA
7/28/21,14:59:00,Holmeja,Sympetrum_sanguineum,Mature,1,,0,NA,45,2021,NA,NA
7/28/21,14:59:00,Holmeja,Sympetrum_sanguineum,Mature,1,,0,NA,45,2021,NA,NA
7/28/21,14:59:00,Holmeja,Sympetrum_sanguineum,Mature,1,,0,NA,45,2021,NA,NA
7/28/21,14:59:00,Holmeja,Sympetrum_sanguineum,Mature,1,,0,NA,45,2021,NA,NA
7/28/21,14:59:00,Holmeja,Sympetrum_sanguineum,Mature,1,,0,NA,45,2021,NA,NA
7/28/21,14:59:00,Holmeja,Sympetrum_sanguineum,Mature,1,,0,NA,45,2021,NA,NA
7/28/21,14:59:00,Holmeja,Sympetrum_sanguineum,Mature,1,,0,NA,45,2021,NA,NA
7/28/21,14:59:00,Holmeja,Sympetrum_sanguineum,Mature,1,,0,NA,45,2021,NA,NA
7/28/21,14:59:00,Holmeja,Sympetrum_sanguineum,Mature,1,,0,NA,45,2021,NA,NA
7/28/21,14:59:00,Holmeja,Sympetrum_sanguineum,Mature,1,,0,NA,45,2021,NA,NA
7/28/21,14:59:00,Holmeja,Sympetrum_sanguineum,Mature,1,,0,NA,45,2021,NA,NA
7/28/21,14:59:00,Holmeja,Sympetrum_sanguineum,Mature,1,,0,NA,45,2021,NA,NA
7/28/21,14:59:00,Holmeja,Sympetrum_sanguineum,Mature,1,,0,NA,45,2021,NA,NA
7/28/21,14:59:00,Holmeja,Sympetrum_sanguineum,Mature,1,,0,NA,45,2021,NA,NA
7/28/21,14:59:00,Holmeja,Sympetrum_sanguineum,Mature,1,,0,NA,45,2021,NA,NA
7/28/21,14:59:00,Holmeja,Sympetrum_sanguineum,Mature,1,,0,NA,45,2021,NA,NA
7/28/21,14:59:00,Holmeja,Sympetrum_sanguineum,Mature,1,,0,NA,45,2021,NA,NA
7/28/21,14:59:00,Holmeja,Sympetrum_sanguineum,Mature,1,,0,NA,45,2021,NA,NA
7/28/21,14:59:00,Holmeja,Sympetrum_sanguineum,Mature,1,,0,NA,45,2021,NA,NA
7/28/21,14:59:00,Holmeja,Sympetrum_sanguineum,Mature,1,,0,NA,45,2021,NA,NA
7/28/21,14:59:00,Holmeja,Sympetrum_sanguineum,Mature,1,,0,NA,45,2021,NA,NA
7/28/21,14:59:00,Holmeja,Sympetrum_sanguineum,Mature,0,Gynochrome,0,NA,45,2021,NA,NA
7/28/21,14:59:00,Holmeja,Sympetrum_sanguineum,Mature,0,Gynochrome,0,NA,45,2021,NA,NA
7/28/21,14:59:00,Holmeja,Sympetrum_sanguineum,Mature,0,Gynochrome,0,NA,45,2021,NA,NA
7/28/21,14:59:00,Holmeja,Sympetrum_sanguineum,Mature,0,Gynochrome,0,NA,45,2021,NA,NA
7/28/21,14:59:00,Holmeja,Sympetrum_sanguineum,Mature,0,Gynochrome,0,NA,45,2021,NA,NA
7/28/21,14:59:00,Holmeja,Sympetrum_sanguineum,Mature,0,Gynochrome,0,NA,45,2021,NA,NA
7/28/21,14:59:00,Holmeja,Sympetrum_danae,Mature,0,Gynochrome,0,NA,45,2021,NA,NA
7/28/21,14:59:00,Holmeja,Sympetrum_danae,Mature,0,Gynochrome,0,NA,45,2021,NA,NA
7/28/21,14:59:00,Holmeja,Sympetrum_danae,Mature,0,Gynochrome,0,NA,45,2021,NA,NA
7/28/21,14:59:00,Holmeja,Sympetrum_danae,Mature,0,Gynochrome,0,NA,45,2021,NA,NA
7/28/21,14:59:00,Holmeja,Sympetrum_danae,Mature,0,Gynochrome,0,NA,45,2021,NA,NA
7/28/21,14:59:00,Holmeja,Sympetrum_danae,Mature,1,,0,NA,45,2021,NA,NA
7/28/21,14:59:00,Holmeja,Sympetrum_danae,Mature,1,,0,NA,45,2021,NA,NA
7/28/21,14:59:00,Holmeja,Sympetrum_danae,Mature,1,,0,NA,45,2021,NA,NA
7/28/21,14:59:00,Holmeja,Sympetrum_danae,Mature,1,,0,NA,45,2021,NA,NA
7/28/21,14:59:00,Holmeja,Sympetrum_danae,Mature,1,,0,NA,45,2021,NA,NA
7/28/21,14:59:00,Holmeja,Sympetrum_danae,Mature,1,,0,NA,45,2021,NA,NA
7/28/21,14:59:00,Holmeja,Sympetrum_danae,Mature,1,,0,NA,45,2021,NA,NA
7/28/21,14:59:00,Holmeja,Sympetrum_danae,Mature,1,,0,NA,45,2021,NA,NA
7/28/21,14:59:00,Holmeja,Sympetrum_danae,Mature,1,,0,NA,45,2021,NA,NA
7/28/21,14:59:00,Holmeja,Sympetrum_danae,Mature,1,,0,NA,45,2021,NA,NA
7/28/21,14:59:00,Holmeja,Sympetrum_danae,Mature,1,,0,NA,45,2021,NA,NA
7/28/21,14:59:00,Holmeja,Sympetrum_danae,Mature,1,,0,NA,45,2021,NA,NA
7/28/21,14:59:00,Holmeja,Sympetrum_danae,Mature,1,,0,NA,45,2021,NA,NA
7/28/21,14:59:00,Holmeja,Sympetrum_danae,Mature,1,,0,NA,45,2021,NA,NA
7/28/21,14:59:00,Holmeja,Sympetrum_danae,Mature,1,,0,NA,45,2021,NA,NA
7/28/21,14:59:00,Holmeja,Sympetrum_danae,Mature,1,,0,NA,45,2021,NA,NA
7/28/21,14:59:00,Holmeja,Sympetrum_danae,Mature,1,,0,NA,45,2021,NA,NA
7/28/21,14:59:00,Holmeja,Sympetrum_danae,Mature,1,,0,NA,45,2021,NA,NA
7/28/21,14:59:00,Holmeja,Sympetrum_danae,Mature,1,,0,NA,45,2021,NA,NA
7/28/21,14:59:00,Holmeja,Sympetrum_danae,Mature,1,,0,NA,45,2021,NA,NA
7/28/21,14:59:00,Holmeja,Sympetrum_danae,Mature,1,,0,NA,45,2021,NA,NA
7/28/21,14:59:00,Holmeja,Sympetrum_danae,Mature,1,,0,NA,45,2021,NA,NA
7/28/21,14:59:00,Holmeja,Sympetrum_danae,Mature,1,,0,NA,45,2021,NA,NA
7/28/21,14:59:00,Holmeja,Sympetrum_danae,Mature,1,,0,NA,45,2021,NA,NA
7/28/21,14:59:00,Holmeja,Sympetrum_danae,Mature,1,,0,NA,45,2021,NA,NA
7/28/21,14:59:00,Holmeja,Sympetrum_danae,Mature,1,,0,NA,45,2021,NA,NA
7/28/21,14:59:00,Holmeja,Sympetrum_danae,Mature,1,,0,NA,45,2021,NA,NA
7/28/21,14:59:00,Holmeja,Sympetrum_danae,Mature,1,,0,NA,45,2021,NA,NA
7/28/21,14:59:00,Holmeja,Sympetrum_danae,Mature,1,,0,NA,45,2021,NA,NA
7/28/21,14:59:00,Holmeja,Sympetrum_danae,Mature,1,,0,NA,45,2021,NA,NA
7/28/21,14:59:00,Holmeja,Sympetrum_danae,Mature,1,,0,NA,45,2021,NA,NA
7/28/21,14:59:00,Holmeja,Sympetrum_danae,Mature,1,,0,NA,45,2021,NA,NA
7/28/21,14:59:00,Holmeja,Sympetrum_danae,Mature,1,,0,NA,45,2021,NA,NA
7/28/21,14:59:00,Holmeja,Sympetrum_danae,Mature,1,,0,NA,45,2021,NA,NA
7/28/21,14:59:00,Holmeja,Sympetrum_danae,Mature,1,,0,NA,45,2021,NA,NA
7/28/21,14:59:00,Holmeja,Aeshna_mixta,Mature,1,,0,NA,45,2021,NA,NA
7/28/21,14:59:00,Holmeja,Aeshna_mixta,Mature,1,,0,NA,45,2021,NA,NA
7/28/21,14:59:00,Holmeja,Aeshna_mixta,Mature,1,,0,NA,45,2021,NA,NA
7/28/21,14:59:00,Holmeja,Aeshna_mixta,Mature,1,,0,NA,45,2021,NA,NA
7/28/21,14:59:00,Holmeja,Aeshna_mixta,Mature,1,,0,NA,45,2021,NA,NA
7/28/21,14:59:00,Holmeja,Aeshna_mixta,Mature,1,,0,NA,45,2021,NA,NA
7/28/21,14:59:00,Holmeja,Aeshna_mixta,Mature,1,,0,NA,45,2021,NA,NA
7/28/21,14:59:00,Holmeja,Aeshna_mixta,Mature,1,,0,NA,45,2021,NA,NA
7/28/21,14:59:00,Holmeja,Aeshna_mixta,Mature,1,,0,NA,45,2021,NA,NA
7/28/21,14:59:00,Holmeja,Aeshna_mixta,Mature,1,,0,NA,45,2021,NA,NA
7/28/21,14:59:00,Holmeja,Aeshna_mixta,Mature,1,,0,NA,45,2021,NA,NA
7/28/21,14:59:00,Holmeja,Aeshna_mixta,Mature,1,,0,NA,45,2021,NA,NA
7/28/21,14:59:00,Holmeja,Aeshna_mixta,Mature,1,,0,NA,45,2021,NA,NA
7/28/21,14:59:00,Holmeja,Aeshna_mixta,Mature,1,,0,NA,45,2021,NA,NA
7/28/21,14:59:00,Holmeja,Aeshna_mixta,Mature,1,,0,NA,45,2021,NA,NA
7/28/21,14:59:00,Holmeja,Aeshna_mixta,Mature,1,,0,NA,45,2021,NA,NA
7/28/21,14:59:00,Holmeja,Aeshna_mixta,Mature,1,,0,NA,45,2021,NA,NA
7/28/21,14:59:00,Holmeja,Aeshna_mixta,Mature,1,,0,NA,45,2021,NA,NA
7/28/21,14:59:00,Holmeja,Aeshna_mixta,Mature,1,,0,NA,45,2021,NA,NA
7/28/21,14:59:00,Holmeja,Aeshna_mixta,Mature,1,,0,NA,45,2021,NA,NA
7/28/21,14:59:00,Holmeja,Aeshna_mixta,Mature,1,,0,NA,45,2021,NA,NA
7/28/21,14:59:00,Holmeja,Aeshna_mixta,Mature,1,,0,NA,45,2021,NA,NA
7/28/21,14:59:00,Holmeja,Aeshna_mixta,Mature,1,,0,NA,45,2021,NA,NA
7/28/21,14:59:00,Holmeja,Aeshna_mixta,Mature,1,,0,NA,45,2021,NA,NA
7/28/21,14:59:00,Holmeja,Aeshna_mixta,Mature,1,,0,NA,45,2021,NA,NA
7/28/21,14:59:00,Holmeja,Aeshna_mixta,Mature,1,,0,NA,45,2021,NA,NA
7/28/21,14:59:00,Holmeja,Aeshna_mixta,Mature,1,,0,NA,45,2021,NA,NA
7/28/21,14:59:00,Holmeja,Aeshna_mixta,Mature,1,,0,NA,45,2021,NA,NA
7/28/21,14:59:00,Holmeja,Aeshna_mixta,Mature,1,,0,NA,45,2021,NA,NA
7/28/21,14:59:00,Holmeja,Aeshna_mixta,Mature,1,,0,NA,45,2021,NA,NA
7/28/21,14:59:00,Holmeja,Aeshna_mixta,Mature,1,,0,NA,45,2021,NA,NA
7/28/21,14:59:00,Holmeja,Aeshna_mixta,Mature,1,,0,NA,45,2021,NA,NA
7/28/21,14:59:00,Holmeja,Aeshna_mixta,Mature,1,,0,NA,45,2021,NA,NA
7/28/21,14:59:00,Holmeja,Aeshna_mixta,Mature,1,,0,NA,45,2021,NA,NA
7/28/21,14:59:00,Holmeja,Aeshna_mixta,Mature,1,,0,NA,45,2021,NA,NA
7/28/21,14:59:00,Holmeja,Aeshna_mixta,Mature,1,,0,NA,45,2021,NA,NA
7/28/21,14:59:00,Holmeja,Aeshna_mixta,Mature,1,,0,NA,45,2021,NA,NA
7/28/21,14:59:00,Holmeja,Aeshna_mixta,Mature,1,,0,NA,45,2021,NA,NA
7/28/21,14:59:00,Holmeja,Aeshna_mixta,Mature,1,,0,NA,45,2021,NA,NA
7/28/21,14:59:00,Holmeja,Aeshna_mixta,Mature,1,,0,NA,45,2021,NA,NA
7/28/21,14:59:00,Holmeja,Aeshna_mixta,Mature,1,,0,NA,45,2021,NA,NA
7/28/21,14:59:00,Holmeja,Aeshna_mixta,Mature,1,,0,NA,45,2021,NA,NA
7/28/21,14:59:00,Holmeja,Aeshna_mixta,Mature,1,,0,NA,45,2021,NA,NA
7/28/21,14:59:00,Holmeja,Aeshna_mixta,Mature,1,,0,NA,45,2021,NA,NA
7/28/21,14:59:00,Holmeja,Aeshna_mixta,Mature,1,,0,NA,45,2021,NA,NA
7/28/21,14:59:00,Holmeja,Aeshna_mixta,Mature,1,,0,NA,45,2021,NA,NA
7/28/21,14:59:00,Holmeja,Aeshna_mixta,Mature,1,,0,NA,45,2021,NA,NA
7/28/21,14:59:00,Holmeja,Aeshna_mixta,Mature,1,,0,NA,45,2021,NA,NA
7/28/21,14:59:00,Holmeja,Aeshna_mixta,Mature,1,,0,NA,45,2021,NA,NA
7/28/21,14:59:00,Holmeja,Aeshna_mixta,Mature,1,,0,NA,45,2021,NA,NA
7/28/21,14:59:00,Holmeja,Aeshna_mixta,Mature,1,,0,NA,45,2021,NA,NA
7/28/21,14:59:00,Holmeja,Aeshna_mixta,Mature,1,,0,NA,45,2021,NA,NA
7/28/21,14:59:00,Holmeja,Aeshna_mixta,Mature,1,,0,NA,45,2021,NA,NA
7/28/21,14:59:00,Holmeja,Aeshna_mixta,Mature,1,,0,NA,45,2021,NA,NA
7/28/21,14:59:00,Holmeja,Aeshna_mixta,Mature,1,,0,NA,45,2021,NA,NA
7/28/21,14:59:00,Holmeja,Aeshna_mixta,Mature,1,,0,NA,45,2021,NA,NA
7/28/21,14:59:00,Holmeja,Aeshna_mixta,Mature,1,,0,NA,45,2021,NA,NA
7/28/21,14:59:00,Holmeja,Aeshna_mixta,Mature,1,,0,NA,45,2021,NA,NA
7/28/21,14:59:00,Holmeja,Aeshna_mixta,Mature,1,,0,NA,45,2021,NA,NA
7/28/21,14:59:00,Holmeja,Aeshna_mixta,Mature,1,,0,NA,45,2021,NA,NA
7/28/21,14:59:00,Holmeja,Aeshna_mixta,Mature,1,,0,NA,45,2021,NA,NA
7/28/21,14:59:00,Holmeja,Aeshna_mixta,Mature,1,,0,NA,45,2021,NA,NA
7/28/21,14:59:00,Holmeja,Aeshna_mixta,Mature,1,,0,NA,45,2021,NA,NA
7/28/21,14:59:00,Holmeja,Aeshna_mixta,Mature,1,,0,NA,45,2021,NA,NA
7/28/21,14:59:00,Holmeja,Aeshna_mixta,Mature,1,,0,NA,45,2021,NA,NA
7/28/21,14:59:00,Holmeja,Aeshna_mixta,Mature,1,,0,NA,45,2021,NA,NA
7/28/21,14:59:00,Holmeja,Aeshna_mixta,Mature,1,,0,NA,45,2021,NA,NA
7/28/21,14:59:00,Holmeja,Aeshna_mixta,Mature,1,,0,NA,45,2021,NA,NA
7/28/21,14:59:00,Holmeja,Aeshna_mixta,Mature,1,,0,NA,45,2021,NA,NA
7/28/21,14:59:00,Holmeja,Aeshna_mixta,Mature,1,,0,NA,45,2021,NA,NA
7/28/21,14:59:00,Holmeja,Aeshna_mixta,Mature,1,,0,NA,45,2021,NA,NA
7/28/21,14:59:00,Holmeja,Aeshna_mixta,Mature,1,,0,NA,45,2021,NA,NA
7/28/21,14:59:00,Holmeja,Aeshna_mixta,Mature,1,,0,NA,45,2021,NA,NA
7/28/21,14:59:00,Holmeja,Aeshna_mixta,Mature,1,,0,NA,45,2021,NA,NA
7/28/21,14:59:00,Holmeja,Aeshna_mixta,Mature,1,,0,NA,45,2021,NA,NA
7/28/21,14:59:00,Holmeja,Aeshna_mixta,Mature,1,,0,NA,45,2021,NA,NA
7/28/21,14:59:00,Holmeja,Aeshna_mixta,Mature,1,,0,NA,45,2021,NA,NA
7/28/21,14:59:00,Holmeja,Aeshna_mixta,Mature,1,,0,NA,45,2021,NA,NA
7/28/21,14:59:00,Holmeja,Aeshna_mixta,Mature,1,,0,NA,45,2021,NA,NA
7/28/21,14:59:00,Holmeja,Aeshna_mixta,Mature,1,,0,NA,45,2021,NA,NA
7/28/21,14:59:00,Holmeja,Aeshna_mixta,Mature,1,,0,NA,45,2021,NA,NA
7/28/21,14:59:00,Holmeja,Aeshna_mixta,Mature,1,,0,NA,45,2021,NA,NA
7/28/21,14:59:00,Holmeja,Aeshna_mixta,Mature,1,,0,NA,45,2021,NA,NA
7/28/21,14:59:00,Holmeja,Sympetrum_sanguineum,Mature,1,,1,NA,45,2021,NA,NA
7/28/21,14:59:00,Holmeja,Sympetrum_sanguineum,Mature,1,,1,NA,45,2021,NA,NA
7/28/21,14:59:00,Holmeja,Sympetrum_sanguineum,Mature,1,,1,NA,45,2021,NA,NA
7/28/21,14:59:00,Holmeja,Sympetrum_sanguineum,Mature,1,,1,NA,45,2021,NA,NA
7/28/21,14:59:00,Holmeja,Sympetrum_sanguineum,Mature,1,,1,NA,45,2021,NA,NA
7/28/21,14:59:00,Holmeja,Sympetrum_sanguineum,Mature,1,,1,NA,45,2021,NA,NA
7/28/21,14:59:00,Holmeja,Sympetrum_sanguineum,Mature,1,,1,NA,45,2021,NA,NA
7/28/21,14:59:00,Holmeja,Sympetrum_sanguineum,Mature,1,,1,NA,45,2021,NA,NA
7/28/21,14:59:00,Holmeja,Sympetrum_sanguineum,Mature,1,,1,NA,45,2021,NA,NA
7/28/21,14:59:00,Holmeja,Sympetrum_sanguineum,Mature,1,,1,NA,45,2021,NA,NA
7/28/21,14:59:00,Holmeja,Sympetrum_sanguineum,Mature,1,,1,NA,45,2021,NA,NA
7/28/21,14:59:00,Holmeja,Sympetrum_sanguineum,Mature,1,,1,NA,45,2021,NA,NA
7/28/21,14:59:00,Holmeja,Sympetrum_sanguineum,Mature,0,Gynochrome,1,NA,45,2021,NA,NA
7/28/21,14:59:00,Holmeja,Sympetrum_sanguineum,Mature,0,Gynochrome,1,NA,45,2021,NA,NA
7/28/21,14:59:00,Holmeja,Sympetrum_sanguineum,Mature,0,Gynochrome,1,NA,45,2021,NA,NA
7/28/21,14:59:00,Holmeja,Sympetrum_sanguineum,Mature,0,Gynochrome,1,NA,45,2021,NA,NA
7/28/21,14:59:00,Holmeja,Sympetrum_sanguineum,Mature,0,Gynochrome,1,NA,45,2021,NA,NA
7/28/21,14:59:00,Holmeja,Sympetrum_sanguineum,Mature,0,Gynochrome,1,NA,45,2021,NA,NA
7/28/21,14:59:00,Holmeja,Sympetrum_sanguineum,Mature,0,Gynochrome,1,NA,45,2021,NA,NA
7/28/21,14:59:00,Holmeja,Sympetrum_sanguineum,Mature,0,Gynochrome,1,NA,45,2021,NA,NA
7/28/21,14:59:00,Holmeja,Sympetrum_sanguineum,Mature,0,Gynochrome,1,NA,45,2021,NA,NA
7/28/21,14:59:00,Holmeja,Sympetrum_sanguineum,Mature,0,Gynochrome,1,NA,45,2021,NA,NA
7/28/21,14:59:00,Holmeja,Sympetrum_sanguineum,Mature,0,Gynochrome,1,NA,45,2021,NA,NA
7/28/21,14:59:00,Holmeja,Sympetrum_sanguineum,Mature,0,Gynochrome,1,NA,45,2021,NA,NA
7/27/21,14:43:00,Sovdemolla,Aeshna_grandis,Mature,1,,0,NA,20,2021,NA,NA
7/27/21,14:43:00,Sovdemolla,Aeshna_grandis,Mature,1,,0,NA,20,2021,NA,NA
7/27/21,14:43:00,Sovdemolla,Aeshna_grandis,Mature,1,,0,NA,20,2021,NA,NA
7/27/21,14:43:00,Sovdemolla,Aeshna_grandis,Mature,1,,0,NA,20,2021,NA,NA
7/27/21,14:43:00,Sovdemolla,Aeshna_grandis,Mature,1,,0,NA,20,2021,NA,NA
7/27/21,14:43:00,Sovdemolla,Aeshna_grandis,Mature,1,,0,NA,20,2021,NA,NA
7/27/21,14:43:00,Sovdemolla,Aeshna_grandis,Mature,1,,0,NA,20,2021,NA,NA
7/27/21,14:43:00,Sovdemolla,Aeshna_grandis,Mature,0,Gynochrome,0,NA,20,2021,NA,NA
7/27/21,14:43:00,Sovdemolla,Platycnemis_pennipes,Mature,1,,1,NA,20,2021,NA,NA
7/27/21,14:43:00,Sovdemolla,Platycnemis_pennipes,Mature,1,,1,NA,20,2021,NA,NA
7/27/21,14:43:00,Sovdemolla,Platycnemis_pennipes,Mature,0,Gynochrome,1,NA,20,2021,NA,NA
7/27/21,14:43:00,Sovdemolla,Platycnemis_pennipes,Mature,0,Gynochrome,1,NA,20,2021,NA,NA
7/27/21,14:43:00,Sovdemolla,Platycnemis_pennipes,Mature,1,,0,NA,20,2021,NA,NA
7/27/21,14:43:00,Sovdemolla,Platycnemis_pennipes,Mature,1,,0,NA,20,2021,NA,NA
7/27/21,14:43:00,Sovdemolla,Platycnemis_pennipes,Mature,1,,0,NA,20,2021,NA,NA
7/27/21,14:43:00,Sovdemolla,Platycnemis_pennipes,Mature,1,,0,NA,20,2021,NA,NA
7/27/21,14:43:00,Sovdemolla,Platycnemis_pennipes,Mature,1,,0,NA,20,2021,NA,NA
7/27/21,14:43:00,Sovdemolla,Platycnemis_pennipes,Mature,1,,0,NA,20,2021,NA,NA
7/27/21,14:43:00,Sovdemolla,Aeshna_cyanea,Mature,1,,0,NA,20,2021,NA,NA
7/27/21,16:02:00,Vombs_Vattenverk,Anax_imperator,Mature,1,,0,NA,30,2021,NA,NA
7/27/21,16:02:00,Vombs_Vattenverk,Anax_imperator,Mature,1,,0,NA,30,2021,NA,NA
7/27/21,16:02:00,Vombs_Vattenverk,Anax_imperator,Mature,1,,0,NA,30,2021,NA,NA
7/27/21,16:02:00,Vombs_Vattenverk,Anax_imperator,Mature,1,,0,NA,30,2021,NA,NA
7/27/21,16:02:00,Vombs_Vattenverk,Anax_imperator,Mature,1,,0,NA,30,2021,NA,NA
7/27/21,16:02:00,Vombs_Vattenverk,Anax_imperator,Mature,1,,0,NA,30,2021,NA,NA
7/27/21,16:02:00,Vombs_Vattenverk,Anax_parthenope,Mature,1,,0,NA,30,2021,NA,NA
7/27/21,16:02:00,Vombs_Vattenverk,Anax_parthenope,Mature,1,,0,NA,30,2021,NA,NA
7/27/21,16:02:00,Vombs_Vattenverk,Anax_parthenope,Mature,1,,0,NA,30,2021,NA,NA
7/27/21,16:02:00,Vombs_Vattenverk,Orthetrum_cancellatum,Mature,1,,0,NA,30,2021,NA,NA
7/27/21,16:02:00,Vombs_Vattenverk,Orthetrum_cancellatum,Mature,1,,0,NA,30,2021,NA,NA
7/27/21,16:02:00,Vombs_Vattenverk,Orthetrum_cancellatum,Mature,1,,0,NA,30,2021,NA,NA
7/27/21,16:02:00,Vombs_Vattenverk,Orthetrum_cancellatum,Mature,1,,0,NA,30,2021,NA,NA
7/27/21,16:02:00,Vombs_Vattenverk,Orthetrum_cancellatum,Mature,1,,0,NA,30,2021,NA,NA
7/27/21,16:02:00,Vombs_Vattenverk,Orthetrum_cancellatum,Mature,1,,0,NA,30,2021,NA,NA
7/27/21,16:02:00,Vombs_Vattenverk,Orthetrum_cancellatum,Mature,1,,0,NA,30,2021,NA,NA
7/27/21,16:02:00,Vombs_Vattenverk,Orthetrum_cancellatum,Mature,1,,0,NA,30,2021,NA,NA
7/27/21,16:02:00,Vombs_Vattenverk,Orthetrum_cancellatum,Mature,1,,0,NA,30,2021,NA,NA
7/27/21,16:02:00,Vombs_Vattenverk,Orthetrum_cancellatum,Mature,1,,0,NA,30,2021,NA,NA
7/27/21,16:02:00,Vombs_Vattenverk,Orthetrum_cancellatum,Mature,0,Gynochrome,0,NA,30,2021,NA,NA
7/27/21,16:02:00,Vombs_Vattenverk,Sympetrum_sanguineum,Mature,1,,0,NA,30,2021,NA,NA
7/27/21,16:02:00,Vombs_Vattenverk,Sympetrum_sanguineum,Mature,1,,0,NA,30,2021,NA,NA
7/27/21,16:02:00,Vombs_Vattenverk,Sympetrum_sanguineum,Mature,1,,0,NA,30,2021,NA,NA
7/27/21,16:02:00,Vombs_Vattenverk,Sympetrum_sanguineum,Mature,1,,0,NA,30,2021,NA,NA
7/27/21,16:02:00,Vombs_Vattenverk,Sympetrum_sanguineum,Mature,1,,0,NA,30,2021,NA,NA
7/27/21,16:02:00,Vombs_Vattenverk,Somatochlora_spp,Mature,1,,0,NA,30,2021,NA,NA
7/27/21,16:02:00,Vombs_Vattenverk,Sympetrum_spp,Mature,1,,0,NA,30,2021,NA,NA
7/27/21,16:02:00,Vombs_Vattenverk,Sympetrum_spp,Mature,1,,0,NA,30,2021,NA,NA
7/27/21,16:02:00,Vombs_Vattenverk,Sympetrum_vulgatum,Mature,1,,0,0,30,2021,NA,NA
5/19/21,13:44:00,Lomma_Kyrkdamm,Ischnura_elegans,Immature,1,,0,0,75,2021,NA,NA
5/19/21,13:44:00,Lomma_Kyrkdamm,Ischnura_elegans,Immature,1,,0,0,75,2021,NA,NA
5/19/21,13:44:00,Lomma_Kyrkdamm,Ischnura_elegans,Immature,1,,0,0,75,2021,NA,NA
5/19/21,13:44:00,Lomma_Kyrkdamm,Ischnura_elegans,Immature,1,,0,0,75,2021,NA,NA
5/19/21,13:44:00,Lomma_Kyrkdamm,Ischnura_elegans,Immature,1,,0,0,75,2021,NA,NA
5/19/21,13:44:00,Lomma_Kyrkdamm,Ischnura_elegans,Immature,1,,0,0,75,2021,NA,NA
5/19/21,13:44:00,Lomma_Kyrkdamm,Ischnura_elegans,Immature,1,,0,0,75,2021,NA,NA
5/19/21,13:44:00,Lomma_Kyrkdamm,Ischnura_elegans,Immature,1,,0,1,75,2021,NA,NA
5/19/21,13:44:00,Lomma_Kyrkdamm,Ischnura_elegans,Immature,1,,0,0,75,2021,NA,NA
5/19/21,13:44:00,Lomma_Kyrkdamm,Ischnura_elegans,Immature,1,,0,0,75,2021,NA,NA
5/19/21,13:44:00,Lomma_Kyrkdamm,Ischnura_elegans,Immature,1,,0,1,75,2021,NA,NA
5/19/21,13:44:00,Lomma_Kyrkdamm,Ischnura_elegans,Immature,1,,0,0,75,2021,NA,NA
5/19/21,13:44:00,Lomma_Kyrkdamm,Ischnura_elegans,Immature,1,,0,0,75,2021,NA,NA
5/19/21,13:44:00,Lomma_Kyrkdamm,Ischnura_elegans,Immature,1,,0,0,75,2021,NA,NA
5/19/21,13:44:00,Lomma_Kyrkdamm,Ischnura_elegans,Teneral,1,,0,0,75,2021,NA,NA
5/19/21,13:44:00,Lomma_Kyrkdamm,Ischnura_elegans,Immature,1,,0,0,75,2021,NA,NA
5/19/21,13:44:00,Lomma_Kyrkdamm,Ischnura_elegans,Teneral,1,,0,0,75,2021,NA,NA
5/19/21,13:44:00,Lomma_Kyrkdamm,Ischnura_elegans,Teneral,1,,0,0,75,2021,NA,NA
5/19/21,13:44:00,Lomma_Kyrkdamm,Ischnura_elegans,Teneral,1,,0,0,75,2021,NA,NA
5/19/21,13:44:00,Lomma_Kyrkdamm,Ischnura_elegans,Immature,1,,0,0,75,2021,NA,NA
5/19/21,14:49:00,Habo_Gard,Ischnura_elegans,Teneral,1,,0,0,50,2021,NA,NA
5/19/21,14:49:00,Habo_Gard,Ischnura_elegans,Immature,1,,0,0,50,2021,NA,NA
5/19/21,14:49:00,Habo_Gard,Ischnura_elegans,Immature,1,,0,0,50,2021,NA,NA
5/19/21,14:49:00,Habo_Gard,Ischnura_elegans,Teneral,1,,0,0,50,2021,NA,NA
5/19/21,14:49:00,Habo_Gard,Ischnura_elegans,Immature,1,,0,0,50,2021,NA,NA
5/19/21,14:49:00,Habo_Gard,Ischnura_elegans,Immature,1,,0,2,50,2021,NA,NA
5/19/21,14:49:00,Habo_Gard,Ischnura_elegans,Immature,1,,0,0,50,2021,NA,NA
5/19/21,14:49:00,Habo_Gard,Ischnura_elegans,Immature,1,,0,0,50,2021,NA,NA
5/19/21,14:49:00,Habo_Gard,Ischnura_elegans,Teneral,1,,0,0,50,2021,NA,NA
5/28/21,13:57:00,Flackarp,Ischnura_elegans,Immature,1,,0,0,75,2021,NA,NA
5/28/21,13:57:00,Flackarp,Ischnura_elegans,Teneral,1,,0,0,75,2021,NA,NA
5/28/21,13:57:00,Flackarp,Ischnura_elegans,Teneral,1,,0,0,75,2021,NA,NA
5/28/21,13:57:00,Flackarp,Ischnura_elegans,Immature,1,,0,1,75,2021,NA,NA
5/28/21,13:57:00,Flackarp,Ischnura_elegans,Teneral,1,,0,0,75,2021,NA,NA
5/28/21,13:57:00,Flackarp,Ischnura_elegans,Immature,1,,0,7,75,2021,NA,NA
5/28/21,13:57:00,Flackarp,Ischnura_elegans,Immature,1,,0,1,75,2021,NA,NA
5/28/21,13:57:00,Flackarp,Ischnura_elegans,Immature,1,,0,0,75,2021,NA,NA
5/28/21,13:57:00,Flackarp,Ischnura_elegans,Mature,1,,0,0,75,2021,NA,NA
5/28/21,13:57:00,Flackarp,Ischnura_elegans,Teneral,1,,0,0,75,2021,NA,NA
5/29/21,10:42:00,Borgeby,Ischnura_elegans,Teneral,1,,0,0,60,2021,NA,NA
5/29/21,10:42:00,Borgeby,Ischnura_elegans,Teneral,1,,0,0,60,2021,NA,NA
5/29/21,12:06:00,Gunnesbo,Ischnura_elegans,Immature,1,,0,0,60,2021,NA,NA
5/29/21,12:06:00,Gunnesbo,Ischnura_elegans,Immature,1,,0,0,60,2021,NA,NA
5/29/21,12:06:00,Gunnesbo,Ischnura_elegans,Mature,1,,0,0,60,2021,NA,NA
5/29/21,12:06:00,Gunnesbo,Ischnura_elegans,Immature,1,,0,0,60,2021,NA,NA
5/29/21,12:06:00,Gunnesbo,Ischnura_elegans,Immature,1,,0,0,60,2021,NA,NA
5/29/21,12:06:00,Gunnesbo,Ischnura_elegans,Immature,1,,0,0,60,2021,NA,NA
5/29/21,12:06:00,Gunnesbo,Ischnura_elegans,Immature,1,,0,0,60,2021,NA,NA
5/29/21,12:06:00,Gunnesbo,Ischnura_elegans,Immature,1,,0,14,60,2021,NA,NA
5/29/21,14:21:00,Ilstorp,Ischnura_elegans,Immature,1,,1,3,80,2021,NA,NA
5/29/21,14:21:00,Ilstorp,Ischnura_elegans,Mature,1,,1,0,80,2021,NA,NA
5/30/21,11:12:00,IKEA,Ischnura_elegans,Teneral,1,,0,0,45,2021,NA,NA
5/30/21,11:12:00,IKEA,Ischnura_elegans,Immature,1,,0,0,45,2021,NA,NA
5/30/21,11:12:00,IKEA,Ischnura_elegans,Immature,1,,0,0,45,2021,NA,NA
5/30/21,11:12:00,IKEA,Ischnura_elegans,Teneral,1,,0,0,45,2021,NA,NA
5/30/21,11:12:00,Bunkeflostrand,Ischnura_elegans,Immature,1,,0,0,45,2021,NA,NA
5/30/21,11:12:00,Bunkeflostrand,Ischnura_elegans,Immature,1,,0,0,45,2021,NA,NA
5/30/21,11:12:00,Bunkeflostrand,Ischnura_elegans,Immature,1,,0,0,45,2021,NA,NA
5/30/21,11:12:00,Bunkeflostrand,Ischnura_elegans,Immature,1,,0,0,45,2021,NA,NA
5/31/21,14:20:00,Krutladan,Ischnura_elegans,Immature,1,,0,0,75,2021,NA,NA
5/31/21,14:20:00,Krutladan,Ischnura_elegans,Teneral,1,,0,0,75,2021,NA,NA
5/31/21,14:20:00,Krutladan,Ischnura_elegans,Immature,1,,0,0,75,2021,NA,NA
5/31/21,14:20:00,Krutladan,Ischnura_elegans,Immature,1,,0,0,75,2021,NA,NA
5/31/21,14:20:00,Krutladan,Ischnura_elegans,Teneral,1,,0,0,75,2021,NA,NA
5/31/21,14:20:00,Krutladan,Ischnura_elegans,Teneral,1,,0,0,75,2021,NA,NA
5/31/21,14:20:00,Krutladan,Ischnura_elegans,Teneral,1,,0,0,75,2021,NA,NA
5/31/21,14:20:00,Krutladan,Ischnura_elegans,Immature,1,,0,0,75,2021,NA,NA
5/31/21,14:20:00,Krutladan,Ischnura_elegans,Teneral,1,,0,0,75,2021,NA,NA
5/31/21,15:41:00,Rabydammen,Ischnura_elegans,Immature,1,,0,0,75,2021,NA,NA
5/31/21,15:41:00,Rabydammen,Ischnura_elegans,Mature,1,,0,1,75,2021,NA,NA
6/1/21,13:23:00,Flyinge_30_A1,Ischnura_elegans,Immature,1,,0,0,40,2021,NA,NA
6/1/21,13:23:00,Flyinge_30_A1,Ischnura_elegans,Immature,1,,0,0,40,2021,NA,NA
6/1/21,13:23:00,Flyinge_30_A1,Ischnura_elegans,Immature,1,,0,2,40,2021,NA,NA
6/1/21,13:23:00,Flyinge_30_A1,Ischnura_elegans,Mature,1,,0,1,40,2021,NA,NA
6/1/21,13:23:00,Flyinge_30_A1,Ischnura_elegans,Immature,1,,0,0,40,2021,NA,NA
6/1/21,13:23:00,Flyinge_30_A1,Ischnura_elegans,Mature,1,,0,0,40,2021,NA,NA
6/1/21,13:23:00,Flyinge_30_A1,Ischnura_elegans,Immature,1,,0,4,40,2021,NA,NA
6/1/21,13:23:00,Flyinge_30_A1,Ischnura_elegans,Immature,1,,0,0,40,2021,NA,NA
6/1/21,14:13:00,Flyinge_30_A3,Ischnura_elegans,Immature,1,,0,0,40,2021,NA,NA
6/1/21,14:13:00,Flyinge_30_A3,Ischnura_elegans,Immature,1,,0,0,40,2021,NA,NA
6/1/21,14:13:00,Flyinge_30_A3,Ischnura_elegans,Immature,1,,0,0,40,2021,NA,NA
6/1/21,14:13:00,Flyinge_30_A3,Ischnura_elegans,Immature,1,,0,0,40,2021,NA,NA
6/1/21,14:13:00,Flyinge_30_A3,Ischnura_elegans,Immature,1,,0,0,40,2021,NA,NA
6/1/21,14:13:00,Flyinge_30_A3,Ischnura_elegans,Immature,1,,0,0,40,2021,NA,NA
6/1/21,14:13:00,Flyinge_30_A3,Ischnura_elegans,Immature,1,,0,0,40,2021,NA,NA
6/1/21,14:13:00,Flyinge_30_A3,Ischnura_elegans,Immature,1,,0,1,40,2021,NA,NA
6/1/21,14:13:00,Flyinge_30_A3,Ischnura_elegans,Immature,1,,0,0,40,2021,NA,NA
6/1/21,14:13:00,Flyinge_30_A3,Ischnura_elegans,Immature,1,,0,0,40,2021,NA,NA
6/1/21,14:13:00,Flyinge_30_A3,Ischnura_elegans,Immature,1,,0,0,40,2021,NA,NA
6/1/21,14:13:00,Flyinge_30_A3,Ischnura_elegans,Teneral,1,,0,0,40,2021,NA,NA
6/1/21,14:13:00,Flyinge_30_A3,Ischnura_elegans,Immature,1,,0,0,40,2021,NA,NA
6/2/21,14:33:00,Vombs_Vattenverk,Ischnura_elegans,Immature,1,,0,0,40,2021,NA,NA
6/2/21,14:33:00,Vombs_Vattenverk,Ischnura_elegans,Mature,1,,0,0,40,2021,NA,NA
6/2/21,14:33:00,Vombs_Vattenverk,Ischnura_elegans,Immature,1,,0,0,40,2021,NA,NA
6/2/21,14:33:00,Vombs_Vattenverk,Ischnura_elegans,Immature,1,,0,0,40,2021,NA,NA
6/2/21,14:33:00,Vombs_Vattenverk,Ischnura_elegans,Immature,1,,0,0,40,2021,NA,NA
6/2/21,14:33:00,Vombs_Vattenverk,Ischnura_elegans,Mature,1,,0,0,40,2021,NA,NA
6/2/21,14:33:00,Vombs_Vattenverk,Ischnura_elegans,Mature,1,,0,0,40,2021,NA,NA
6/2/21,14:33:00,Vombs_Vattenverk,Ischnura_elegans,Immature,1,,0,0,40,2021,NA,NA
6/2/21,14:33:00,Vombs_Vattenverk,Ischnura_elegans,Immature,1,,0,0,40,2021,NA,NA
6/2/21,14:33:00,Vombs_Vattenverk,Ischnura_elegans,Immature,1,,0,0,40,2021,NA,NA
6/2/21,14:33:00,Vombs_Vattenverk,Ischnura_elegans,Teneral,1,,0,0,40,2021,NA,NA
6/2/21,14:33:00,Vombs_Vattenverk,Ischnura_elegans,Immature,1,,0,0,40,2021,NA,NA
6/2/21,14:33:00,Vombs_Vattenverk,Ischnura_elegans,Immature,1,,0,0,40,2021,NA,NA
6/2/21,14:33:00,Vombs_Vattenverk,Ischnura_elegans,Immature,1,,0,0,40,2021,NA,NA
6/2/21,14:33:00,Vombs_Vattenverk,Ischnura_elegans,Immature,1,,0,0,40,2021,NA,NA
6/2/21,14:33:00,Vombs_Vattenverk,Ischnura_elegans,Immature,1,,0,0,40,2021,NA,NA
6/2/21,14:33:00,Vombs_Vattenverk,Ischnura_elegans,Immature,1,,0,0,40,2021,NA,NA
6/2/21,14:33:00,Vombs_Vattenverk,Ischnura_elegans,Teneral,1,,0,0,40,2021,NA,NA
6/2/21,14:33:00,Vombs_Vattenverk,Ischnura_elegans,Immature,1,,0,0,40,2021,NA,NA
6/2/21,14:33:00,Vombs_Vattenverk,Ischnura_elegans,Immature,1,,0,0,40,2021,NA,NA
6/2/21,14:33:00,Vombs_Vattenverk,Ischnura_elegans,Immature,1,,0,0,40,2021,NA,NA
6/2/21,14:33:00,Vombs_Vattenverk,Ischnura_elegans,Teneral,1,,0,0,40,2021,NA,NA
6/2/21,14:33:00,Vombs_Vattenverk,Ischnura_elegans,Immature,1,,0,0,40,2021,NA,NA
6/2/21,14:33:00,Vombs_Vattenverk,Ischnura_elegans,Immature,1,,0,0,40,2021,NA,NA
6/2/21,14:33:00,Vombs_Vattenverk,Ischnura_elegans,Teneral,1,,0,0,40,2021,NA,NA
6/2/21,14:33:00,Vombs_Vattenverk,Ischnura_elegans,Immature,1,,0,0,40,2021,NA,NA
6/2/21,14:33:00,Vombs_Vattenverk,Ischnura_elegans,Teneral,1,,0,0,40,2021,NA,NA
6/2/21,14:33:00,Vombs_Vattenverk,Ischnura_elegans,Teneral,1,,0,0,40,2021,NA,NA
6/2/21,14:33:00,Vombs_Vattenverk,Ischnura_elegans,Immature,1,,0,0,40,2021,NA,NA
6/3/21,9:53:00,Hoje_A_14,Ischnura_elegans,Mature,1,,1,NA,45,2021,NA,NA
6/3/21,9:53:00,Hoje_A_14,Ischnura_elegans,Mature,1,,0,0,45,2021,NA,NA
6/3/21,9:53:00,Hoje_A_14,Ischnura_elegans,Immature,1,,0,0,45,2021,NA,NA
6/3/21,9:53:00,Hoje_A_14,Ischnura_elegans,Immature,1,,0,0,45,2021,NA,NA
6/3/21,9:53:00,Hoje_A_14,Ischnura_elegans,Teneral,1,,0,0,45,2021,NA,NA
6/3/21,9:53:00,Hoje_A_14,Ischnura_elegans,Mature,1,,0,2,45,2021,NA,NA
6/3/21,9:53:00,Hoje_A_14,Ischnura_elegans,Mature,1,,0,0,45,2021,NA,NA
6/3/21,9:53:00,Hoje_A_14,Ischnura_elegans,Teneral,1,,0,0,45,2021,NA,NA
6/3/21,9:53:00,Hoje_A_14,Ischnura_elegans,Immature,1,,0,0,45,2021,NA,NA
6/3/21,9:53:00,Hoje_A_14,Ischnura_elegans,Mature,1,,0,0,45,2021,NA,NA
6/3/21,9:53:00,Hoje_A_6,Ischnura_elegans,Mature,1,,0,0,30,2021,NA,NA
6/3/21,9:53:00,Hoje_A_6,Ischnura_elegans,Mature,1,,0,0,30,2021,NA,NA
6/3/21,12:12:00,Hoje_A_7,Ischnura_elegans,Teneral,1,,0,0,45,2021,NA,NA
6/3/21,12:12:00,Hoje_A_7,Ischnura_elegans,Teneral,1,,0,0,45,2021,NA,NA
6/3/21,12:12:00,Hoje_A_7,Ischnura_elegans,Teneral,1,,0,0,45,2021,NA,NA
6/3/21,12:12:00,Hoje_A_7,Ischnura_elegans,Immature,1,,0,0,45,2021,NA,NA
6/3/21,12:12:00,Hoje_A_7,Ischnura_elegans,Immature,1,,0,0,45,2021,NA,NA
6/3/21,12:12:00,Hoje_A_7,Ischnura_elegans,Teneral,1,,0,0,45,2021,NA,NA
6/3/21,12:12:00,Hoje_A_7,Ischnura_elegans,Immature,1,,0,0,45,2021,NA,NA
6/3/21,12:12:00,Hoje_A_7,Ischnura_elegans,Immature,1,,0,0,45,2021,NA,NA
6/3/21,12:12:00,Hoje_A_7,Ischnura_elegans,Immature,1,,0,0,45,2021,NA,NA
6/3/21,12:12:00,Hoje_A_7,Ischnura_elegans,Teneral,1,,0,0,45,2021,NA,NA
6/3/21,12:12:00,Hoje_A_7,Ischnura_elegans,Immature,1,,0,0,45,2021,NA,NA
6/3/21,12:12:00,Hoje_A_7,Ischnura_elegans,Immature,1,,0,0,45,2021,NA,NA
6/3/21,12:12:00,Hoje_A_7,Ischnura_elegans,Mature,1,,0,0,45,2021,NA,NA
6/3/21,12:12:00,Hoje_A_7,Ischnura_elegans,Immature,1,,0,0,45,2021,NA,NA
6/3/21,12:12:00,Hoje_A_7,Ischnura_elegans,Immature,1,,0,0,45,2021,NA,NA
6/3/21,12:12:00,Hoje_A_7,Ischnura_elegans,Immature,1,,0,0,45,2021,NA,NA
6/3/21,12:12:00,Hoje_A_7,Ischnura_elegans,Immature,1,,0,0,45,2021,NA,NA
6/3/21,12:12:00,Hoje_A_7,Ischnura_elegans,Teneral,1,,0,0,45,2021,NA,NA
6/3/21,12:12:00,Hoje_A_7,Ischnura_elegans,Immature,1,,0,0,45,2021,NA,NA
6/3/21,12:12:00,Hoje_A_7,Ischnura_elegans,Immature,1,,0,0,45,2021,NA,NA
6/3/21,12:12:00,Hoje_A_7,Ischnura_elegans,Immature,1,,0,0,45,2021,NA,NA
6/4/21,14:13:00,Lunnarp,Ischnura_elegans,Teneral,1,,0,0,60,2021,NA,NA
6/4/21,14:13:00,Lunnarp,Ischnura_elegans,Immature,1,,0,1,60,2021,NA,NA
6/4/21,14:13:00,Lunnarp,Ischnura_elegans,Teneral,1,,0,0,60,2021,NA,NA
6/4/21,14:13:00,Lunnarp,Ischnura_elegans,Teneral,1,,0,0,60,2021,NA,NA
6/4/21,14:13:00,Lunnarp,Ischnura_elegans,Teneral,1,,0,0,60,2021,NA,NA
6/4/21,14:13:00,Lunnarp,Ischnura_elegans,Immature,1,,0,0,60,2021,NA,NA
6/4/21,14:13:00,Lunnarp,Ischnura_elegans,Immature,1,,0,0,60,2021,NA,NA
6/4/21,14:13:00,Lunnarp,Ischnura_elegans,Teneral,1,,0,0,60,2021,NA,NA
6/4/21,14:13:00,Lunnarp,Ischnura_elegans,Teneral,1,,0,0,60,2021,NA,NA
6/4/21,14:13:00,Lunnarp,Ischnura_elegans,Immature,1,,0,0,60,2021,NA,NA
6/4/21,14:13:00,Lunnarp,Ischnura_elegans,Immature,1,,0,0,60,2021,NA,NA
6/4/21,14:13:00,Lunnarp,Ischnura_elegans,Teneral,1,,0,0,60,2021,NA,NA
6/4/21,14:13:00,Lunnarp,Ischnura_elegans,Teneral,1,,0,0,60,2021,NA,NA
6/6/21,10:34:00,Genarp,Ischnura_elegans,Mature,1,,1,2,45,2021,NA,NA
6/6/21,10:34:00,Genarp,Ischnura_elegans,Teneral,1,,0,0,45,2021,NA,NA
6/6/21,10:34:00,Genarp,Ischnura_elegans,Mature,1,,0,0,45,2021,NA,NA
6/6/21,10:34:00,Genarp,Ischnura_elegans,Teneral,1,,0,0,45,2021,NA,NA
6/6/21,12:47:00,Flackarp,Ischnura_elegans,Teneral,1,,0,18,45,2021,NA,NA
6/6/21,12:47:00,Flackarp,Ischnura_elegans,Immature,1,,0,21,45,2021,NA,NA
6/6/21,12:47:00,Flackarp,Ischnura_elegans,Immature,1,,0,0,45,2021,NA,NA
6/6/21,12:47:00,Flackarp,Ischnura_elegans,Teneral,1,,0,10,45,2021,NA,NA
6/7/21,10:23:00,Borgeby,Ischnura_elegans,Immature,1,,1,1,80,2021,NA,NA
6/7/21,10:23:00,Borgeby,Ischnura_elegans,Immature,1,,0,0,80,2021,NA,NA
6/7/21,10:23:00,Borgeby,Ischnura_elegans,Teneral,1,,0,0,80,2021,NA,NA
6/7/21,10:23:00,Borgeby,Ischnura_elegans,Immature,1,,0,0,80,2021,NA,NA
6/7/21,10:23:00,Borgeby,Ischnura_elegans,Immature,1,,0,2,80,2021,NA,NA
6/7/21,10:23:00,Borgeby,Ischnura_elegans,Immature,1,,0,1,80,2021,NA,NA
6/7/21,10:23:00,Borgeby,Ischnura_elegans,Immature,1,,0,0,80,2021,NA,NA
6/7/21,10:23:00,Borgeby,Ischnura_elegans,Immature,1,,0,1,80,2021,NA,NA
6/7/21,10:23:00,Borgeby,Ischnura_elegans,Immature,1,,0,0,80,2021,NA,NA
6/7/21,10:23:00,Borgeby,Ischnura_elegans,Teneral,1,,0,0,80,2021,NA,NA
6/7/21,10:23:00,Borgeby,Ischnura_elegans,Immature,1,,0,0,80,2021,NA,NA
6/7/21,10:23:00,Borgeby,Ischnura_elegans,Immature,1,,0,0,80,2021,NA,NA
6/7/21,10:23:00,Borgeby,Ischnura_elegans,Immature,1,,0,0,80,2021,NA,NA
6/7/21,10:23:00,Borgeby,Ischnura_elegans,Immature,1,,0,0,80,2021,NA,NA
6/7/21,10:23:00,Borgeby,Ischnura_elegans,Immature,1,,0,0,80,2021,NA,NA
6/7/21,10:23:00,Borgeby,Ischnura_elegans,Immature,1,,0,0,80,2021,NA,NA
6/7/21,10:23:00,Borgeby,Ischnura_elegans,Immature,1,,0,0,80,2021,NA,NA
6/7/21,10:23:00,Borgeby,Ischnura_elegans,Immature,1,,0,0,80,2021,NA,NA
6/7/21,10:23:00,Borgeby,Ischnura_elegans,Teneral,1,,0,0,80,2021,NA,NA
6/7/21,10:23:00,Borgeby,Ischnura_elegans,Teneral,1,,0,0,80,2021,NA,NA
6/7/21,10:23:00,Borgeby,Ischnura_elegans,Teneral,1,,0,1,80,2021,NA,NA
6/7/21,10:23:00,Borgeby,Ischnura_elegans,Teneral,1,,0,0,80,2021,NA,NA
6/7/21,10:23:00,Borgeby,Ischnura_elegans,Teneral,1,,0,3,80,2021,NA,NA
6/7/21,10:23:00,Borgeby,Ischnura_elegans,Teneral,1,,0,0,80,2021,NA,NA
6/7/21,10:23:00,Borgeby,Ischnura_elegans,Immature,1,,0,0,80,2021,NA,NA
6/7/21,10:23:00,Habo_Gard,Ischnura_elegans,Immature,1,,0,0,80,2021,NA,NA
6/7/21,10:23:00,Habo_Gard,Ischnura_elegans,Mature,1,,1,0,80,2021,NA,NA
6/7/21,10:23:00,Habo_Gard,Ischnura_elegans,Immature,1,,1,0,80,2021,NA,NA
6/7/21,10:23:00,Habo_Gard,Ischnura_elegans,Teneral,1,,0,0,80,2021,NA,NA
6/7/21,10:23:00,Habo_Gard,Ischnura_elegans,Mature,1,,0,0,80,2021,NA,NA
6/7/21,10:23:00,Habo_Gard,Ischnura_elegans,Mature,1,,0,0,80,2021,NA,NA
6/7/21,10:23:00,Habo_Gard,Ischnura_elegans,Immature,1,,0,0,80,2021,NA,NA
6/7/21,10:23:00,Habo_Gard,Ischnura_elegans,Mature,1,,0,0,80,2021,NA,NA
6/7/21,10:23:00,Habo_Gard,Ischnura_elegans,Immature,1,,0,0,80,2021,NA,NA
6/7/21,10:23:00,Habo_Gard,Ischnura_elegans,Immature,1,,0,0,80,2021,NA,NA
6/7/21,10:23:00,Habo_Gard,Ischnura_elegans,Mature,1,,0,0,80,2021,NA,NA
6/7/21,13:40:00,Lomma_Kyrkdamm,Ischnura_elegans,Mature,1,,1,0,80,2021,NA,NA
6/7/21,13:40:00,Lomma_Kyrkdamm,Ischnura_elegans,Mature,1,,1,1,80,2021,NA,NA
6/7/21,13:40:00,Lomma_Kyrkdamm,Ischnura_elegans,Mature,1,,1,0,80,2021,NA,NA
6/7/21,13:40:00,Lomma_Kyrkdamm,Ischnura_elegans,Immature,1,,1,0,80,2021,NA,NA
6/7/21,13:40:00,Lomma_Kyrkdamm,Ischnura_elegans,Immature,1,,0,2,80,2021,NA,NA
6/7/21,13:40:00,Lomma_Kyrkdamm,Ischnura_elegans,Immature,1,,0,0,80,2021,NA,NA
6/7/21,13:40:00,Lomma_Kyrkdamm,Ischnura_elegans,Mature,1,,0,0,80,2021,NA,NA
6/7/21,13:40:00,Lomma_Kyrkdamm,Ischnura_elegans,Immature,1,,0,1,80,2021,NA,NA
6/7/21,13:40:00,Lomma_Kyrkdamm,Ischnura_elegans,Immature,1,,0,2,80,2021,NA,NA
6/7/21,13:40:00,Lomma_Kyrkdamm,Ischnura_elegans,Mature,1,,0,1,80,2021,NA,NA
6/7/21,13:40:00,Lomma_Kyrkdamm,Ischnura_elegans,Immature,1,,0,0,80,2021,NA,NA
6/7/21,13:40:00,Lomma_Kyrkdamm,Ischnura_elegans,Mature,1,,0,0,80,2021,NA,NA
6/7/21,13:40:00,Lomma_Kyrkdamm,Ischnura_elegans,Immature,1,,0,30,80,2021,NA,NA
6/7/21,13:40:00,Lomma_Kyrkdamm,Ischnura_elegans,Immature,1,,0,20,80,2021,NA,NA
6/7/21,13:40:00,Lomma_Kyrkdamm,Ischnura_elegans,Mature,1,,0,0,80,2021,NA,NA
6/7/21,13:40:00,Lomma_Kyrkdamm,Ischnura_elegans,Mature,1,,0,0,80,2021,NA,NA
6/7/21,13:40:00,Lomma_Kyrkdamm,Ischnura_elegans,Immature,1,,0,0,80,2021,NA,NA
6/7/21,13:40:00,Lomma_Kyrkdamm,Ischnura_elegans,Immature,1,,0,0,80,2021,NA,NA
6/8/21,10:40:00,Krutladan,Ischnura_elegans,Immature,1,,0,0,140,2021,NA,NA
6/8/21,10:40:00,Krutladan,Ischnura_elegans,Immature,1,,0,0,140,2021,NA,NA
6/8/21,10:40:00,Krutladan,Ischnura_elegans,Immature,1,,0,0,140,2021,NA,NA
6/8/21,10:40:00,Krutladan,Ischnura_elegans,Teneral,1,,0,0,140,2021,NA,NA
6/8/21,10:40:00,Krutladan,Ischnura_elegans,Teneral,1,,0,0,140,2021,NA,NA
6/8/21,10:40:00,Krutladan,Ischnura_elegans,Immature,1,,0,0,140,2021,NA,NA
6/8/21,10:40:00,Krutladan,Ischnura_elegans,Immature,1,,0,0,140,2021,NA,NA
6/8/21,10:40:00,Krutladan,Ischnura_elegans,Immature,1,,0,0,140,2021,NA,NA
6/8/21,10:40:00,Krutladan,Ischnura_elegans,Teneral,1,,0,0,140,2021,NA,NA
6/8/21,10:40:00,Krutladan,Ischnura_elegans,Immature,1,,0,0,140,2021,NA,NA
6/8/21,10:40:00,Krutladan,Ischnura_elegans,Immature,1,,0,0,140,2021,NA,NA
6/8/21,10:40:00,Krutladan,Ischnura_elegans,Immature,1,,0,0,140,2021,NA,NA
6/8/21,10:40:00,Krutladan,Ischnura_elegans,Immature,1,,0,0,140,2021,NA,NA
6/8/21,10:40:00,Krutladan,Ischnura_elegans,Teneral,1,,0,0,140,2021,NA,NA
6/8/21,10:40:00,Krutladan,Ischnura_elegans,Immature,1,,0,0,140,2021,NA,NA
6/8/21,10:40:00,Krutladan,Ischnura_elegans,Immature,1,,0,0,140,2021,NA,NA
6/8/21,10:40:00,Krutladan,Ischnura_elegans,Teneral,1,,0,0,140,2021,NA,NA
6/8/21,10:40:00,Krutladan,Ischnura_elegans,Immature,1,,0,0,140,2021,NA,NA
6/8/21,10:40:00,Krutladan,Ischnura_elegans,Immature,1,,0,0,140,2021,NA,NA
6/8/21,10:40:00,Krutladan,Ischnura_elegans,Immature,1,,0,0,140,2021,NA,NA
6/8/21,10:40:00,Krutladan,Ischnura_elegans,Teneral,1,,0,0,140,2021,NA,NA
6/8/21,10:40:00,Krutladan,Ischnura_elegans,Immature,1,,0,0,140,2021,NA,NA
6/8/21,10:40:00,Krutladan,Ischnura_elegans,Immature,1,,0,0,140,2021,NA,NA
6/8/21,10:40:00,Krutladan,Ischnura_elegans,Immature,1,,0,0,140,2021,NA,NA
6/8/21,12:12:00,Hoje_A_14,Ischnura_elegans,Immature,1,,0,0,75,2021,NA,NA
6/8/21,12:12:00,Hoje_A_14,Ischnura_elegans,Mature,1,,0,0,75,2021,NA,NA
6/8/21,12:12:00,Hoje_A_14,Ischnura_elegans,Immature,1,,1,0,75,2021,NA,NA
6/8/21,12:12:00,Hoje_A_14,Ischnura_elegans,Immature,1,,1,0,75,2021,NA,NA
6/8/21,12:12:00,Hoje_A_14,Ischnura_elegans,Immature,1,,0,0,75,2021,NA,NA
6/8/21,12:12:00,Hoje_A_14,Ischnura_elegans,Immature,1,,0,0,75,2021,NA,NA
6/8/21,12:12:00,Hoje_A_14,Ischnura_elegans,Immature,1,,0,0,75,2021,NA,NA
6/8/21,12:12:00,Hoje_A_14,Ischnura_elegans,Immature,1,,0,0,75,2021,NA,NA
6/8/21,12:12:00,Hoje_A_14,Ischnura_elegans,Immature,1,,1,0,75,2021,NA,NA
6/8/21,12:12:00,Hoje_A_14,Ischnura_elegans,Immature,1,,1,0,75,2021,NA,NA
6/8/21,12:12:00,Hoje_A_14,Ischnura_elegans,Mature,1,,1,0,75,2021,NA,NA
6/8/21,12:12:00,Hoje_A_14,Ischnura_elegans,Mature,1,,1,0,75,2021,NA,NA
6/8/21,12:12:00,Hoje_A_14,Ischnura_elegans,Mature,1,,1,0,75,2021,NA,NA
6/8/21,12:12:00,Hoje_A_14,Ischnura_elegans,Mature,1,,1,0,75,2021,NA,NA
6/8/21,12:12:00,Hoje_A_14,Ischnura_elegans,Mature,1,,0,0,75,2021,NA,NA
6/8/21,12:12:00,Hoje_A_14,Ischnura_elegans,Mature,1,,1,0,75,2021,NA,NA
6/8/21,12:12:00,Hoje_A_14,Ischnura_elegans,Immature,1,,1,0,75,2021,NA,NA
6/8/21,12:12:00,Hoje_A_14,Ischnura_elegans,Immature,1,,1,0,75,2021,NA,NA
6/8/21,12:12:00,Hoje_A_14,Ischnura_elegans,Mature,1,,0,20,75,2021,NA,NA
6/8/21,12:12:00,Hoje_A_14,Ischnura_elegans,Mature,1,,0,18,75,2021,NA,NA
6/8/21,12:12:00,Hoje_A_14,Ischnura_elegans,Mature,1,,0,0,75,2021,NA,NA
6/8/21,12:12:00,Hoje_A_14,Ischnura_elegans,Immature,1,,0,0,75,2021,NA,NA
6/8/21,12:12:00,Hoje_A_14,Ischnura_elegans,Mature,1,,0,0,75,2021,NA,NA
6/8/21,12:12:00,Hoje_A_14,Ischnura_elegans,Immature,1,,1,0,75,2021,NA,NA
6/8/21,12:12:00,Hoje_A_14,Ischnura_elegans,Immature,1,,0,0,75,2021,NA,NA
6/8/21,12:12:00,Hoje_A_14,Ischnura_elegans,Immature,1,,0,0,75,2021,NA,NA
6/8/21,15:06:00,Rabydammen,Ischnura_elegans,Mature,1,,0,0,30,2021,NA,NA
6/8/21,15:06:00,Rabydammen,Ischnura_elegans,Teneral,1,,0,0,30,2021,NA,NA
6/8/21,15:06:00,Rabydammen,Ischnura_elegans,Mature,1,,0,0,30,2021,NA,NA
6/9/21,10:16:00,IKEA,Ischnura_elegans,Mature,1,,0,0,60,2021,NA,NA
6/9/21,10:16:00,IKEA,Ischnura_elegans,Mature,1,,0,0,60,2021,NA,NA
6/9/21,10:16:00,IKEA,Ischnura_elegans,Mature,1,,0,0,60,2021,NA,NA
6/9/21,10:16:00,IKEA,Ischnura_elegans,Mature,1,,0,0,60,2021,NA,NA
6/9/21,10:16:00,IKEA,Ischnura_elegans,Immature,1,,0,0,60,2021,NA,NA
6/9/21,10:16:00,IKEA,Ischnura_elegans,Immature,1,,0,1,60,2021,NA,NA
6/9/21,10:16:00,IKEA,Ischnura_elegans,Immature,1,,0,0,60,2021,NA,NA
6/9/21,10:16:00,IKEA,Ischnura_elegans,Mature,1,,0,0,60,2021,NA,NA
6/9/21,11:29:00,Bunkeflostrand,Ischnura_elegans,Mature,1,,1,0,60,2021,NA,NA
6/9/21,11:29:00,Bunkeflostrand,Ischnura_elegans,Mature,1,,0,9,60,2021,NA,NA
6/9/21,11:29:00,Bunkeflostrand,Ischnura_elegans,Immature,1,,0,0,60,2021,NA,NA
6/9/21,11:29:00,Bunkeflostrand,Ischnura_elegans,Teneral,1,,0,0,60,2021,NA,NA
6/9/21,11:29:00,Bunkeflostrand,Ischnura_elegans,Immature,1,,0,0,60,2021,NA,NA
6/10/21,10:46:00,Hoje_A_7,Ischnura_elegans,Mature,1,,1,0,40,2021,NA,NA
6/10/21,10:46:00,Hoje_A_7,Ischnura_elegans,Mature,1,,1,0,40,2021,NA,NA
6/10/21,10:46:00,Hoje_A_7,Ischnura_elegans,Mature,1,,1,0,40,2021,NA,NA
6/10/21,10:46:00,Hoje_A_7,Ischnura_elegans,Mature,1,,1,0,40,2021,NA,NA
6/10/21,10:46:00,Hoje_A_7,Ischnura_elegans,Mature,1,,0,0,40,2021,NA,NA
6/10/21,10:46:00,Hoje_A_7,Ischnura_elegans,Immature,1,,0,0,40,2021,NA,NA
6/10/21,10:46:00,Hoje_A_7,Ischnura_elegans,Immature,1,,0,0,40,2021,NA,NA
6/10/21,10:46:00,Hoje_A_7,Ischnura_elegans,Mature,1,,0,0,40,2021,NA,NA
6/10/21,10:46:00,Hoje_A_7,Ischnura_elegans,Mature,1,,0,0,40,2021,NA,NA
6/10/21,10:46:00,Hoje_A_7,Ischnura_elegans,Mature,1,,0,0,40,2021,NA,NA
6/10/21,10:46:00,Hoje_A_7,Ischnura_elegans,Mature,1,,0,0,40,2021,NA,NA
6/10/21,10:46:00,Hoje_A_7,Ischnura_elegans,Mature,1,,0,0,40,2021,NA,NA
6/10/21,10:46:00,Hoje_A_7,Ischnura_elegans,Immature,1,,0,0,40,2021,NA,NA
6/10/21,10:46:00,Hoje_A_7,Ischnura_elegans,Immature,1,,0,0,40,2021,NA,NA
6/10/21,10:46:00,Hoje_A_7,Ischnura_elegans,Immature,1,,0,0,40,2021,NA,NA
6/10/21,10:46:00,Hoje_A_7,Ischnura_elegans,Immature,1,,0,0,40,2021,NA,NA
6/10/21,10:46:00,Hoje_A_7,Ischnura_elegans,Immature,1,,0,0,40,2021,NA,NA
6/10/21,10:46:00,Hoje_A_7,Ischnura_elegans,Immature,1,,0,0,40,2021,NA,NA
6/10/21,10:46:00,Hoje_A_7,Ischnura_elegans,Mature,1,,1,0,40,2021,NA,NA
6/10/21,10:46:00,Hoje_A_7,Ischnura_elegans,Immature,1,,0,0,40,2021,NA,NA
6/10/21,10:46:00,Hoje_A_7,Ischnura_elegans,Immature,1,,0,0,40,2021,NA,NA
6/10/21,10:46:00,Hoje_A_7,Ischnura_elegans,Immature,1,,0,0,40,2021,NA,NA
6/10/21,10:46:00,Hoje_A_7,Ischnura_elegans,Immature,1,,0,0,40,2021,NA,NA
6/10/21,10:46:00,Hoje_A_7,Ischnura_elegans,Immature,1,,0,0,40,2021,NA,NA
6/10/21,12:13:00,Hoje_A_6,Ischnura_elegans,Mature,1,,1,0,40,2021,NA,NA
6/10/21,12:13:00,Hoje_A_6,Ischnura_elegans,Mature,1,,1,0,40,2021,NA,NA
6/10/21,12:13:00,Hoje_A_6,Ischnura_elegans,Mature,1,,1,0,40,2021,NA,NA
6/10/21,12:13:00,Hoje_A_6,Ischnura_elegans,Mature,1,,1,0,40,2021,NA,NA
6/10/21,12:13:00,Hoje_A_6,Ischnura_elegans,Mature,1,,1,3,40,2021,NA,NA
6/10/21,12:13:00,Hoje_A_6,Ischnura_elegans,Mature,1,,1,0,40,2021,NA,NA
6/10/21,12:13:00,Hoje_A_6,Ischnura_elegans,Mature,1,,1,0,40,2021,NA,NA
6/10/21,12:13:00,Hoje_A_6,Ischnura_elegans,Mature,1,,0,0,40,2021,NA,NA
6/10/21,12:13:00,Hoje_A_6,Ischnura_elegans,Mature,1,,0,0,40,2021,NA,NA
6/10/21,12:13:00,Hoje_A_6,Ischnura_elegans,Mature,1,,0,0,40,2021,NA,NA
6/10/21,12:13:00,Hoje_A_6,Ischnura_elegans,Immature,1,,0,0,40,2021,NA,NA
6/11/21,11:05:00,Flyinge_30_A1,Ischnura_elegans,Mature,1,,0,0,45,2021,NA,NA
6/11/21,11:05:00,Flyinge_30_A1,Ischnura_elegans,Immature,1,,0,0,45,2021,NA,NA
6/11/21,11:05:00,Flyinge_30_A1,Ischnura_elegans,Immature,1,,0,0,45,2021,NA,NA
6/11/21,11:05:00,Flyinge_30_A1,Ischnura_elegans,Immature,1,,0,1,45,2021,NA,NA
6/11/21,12:58:00,Flyinge_30_A3,Ischnura_elegans,Immature,1,,0,0,45,2021,NA,NA
6/11/21,12:58:00,Flyinge_30_A3,Ischnura_elegans,Immature,1,,0,0,45,2021,NA,NA
6/11/21,12:58:00,Flyinge_30_A3,Ischnura_elegans,Immature,1,,0,0,45,2021,NA,NA
6/11/21,12:58:00,Flyinge_30_A3,Ischnura_elegans,Mature,1,,0,1,45,2021,NA,NA
6/11/21,12:58:00,Flyinge_30_A3,Ischnura_elegans,Immature,1,,0,0,45,2021,NA,NA
6/11/21,12:58:00,Flyinge_30_A3,Ischnura_elegans,Teneral,1,,0,0,45,2021,NA,NA
6/11/21,12:58:00,Flyinge_30_A3,Ischnura_elegans,Teneral,1,,0,0,45,2021,NA,NA
6/11/21,12:58:00,Flyinge_30_A3,Ischnura_elegans,Immature,1,,0,0,45,2021,NA,NA
6/11/21,12:58:00,Flyinge_30_A3,Ischnura_elegans,Teneral,1,,0,0,45,2021,NA,NA
6/11/21,12:58:00,Flyinge_30_A3,Ischnura_elegans,Immature,1,,0,0,45,2021,NA,NA
6/11/21,12:58:00,Flyinge_30_A3,Ischnura_elegans,Mature,1,,0,0,45,2021,NA,NA
6/11/21,12:58:00,Flyinge_30_A3,Ischnura_elegans,Mature,1,,0,1,45,2021,NA,NA
6/11/21,12:58:00,Flyinge_30_A3,Ischnura_elegans,Immature,1,,0,0,45,2021,NA,NA
6/11/21,12:58:00,Flyinge_30_A3,Ischnura_elegans,Immature,1,,0,0,45,2021,NA,NA
6/11/21,12:58:00,Flyinge_30_A3,Ischnura_elegans,Mature,1,,0,0,45,2021,NA,NA
6/11/21,12:58:00,Flyinge_30_A3,Ischnura_elegans,Immature,1,,0,0,45,2021,NA,NA
6/13/21,11:04:00,Genarp,Ischnura_elegans,Mature,1,,1,0,50,2021,NA,NA
6/13/21,11:04:00,Genarp,Ischnura_elegans,Mature,1,,1,0,50,2021,NA,NA
6/13/21,11:04:00,Genarp,Ischnura_elegans,Mature,1,,1,0,50,2021,NA,NA
6/13/21,11:04:00,Genarp,Ischnura_elegans,Mature,1,,1,0,50,2021,NA,NA
6/13/21,11:04:00,Genarp,Ischnura_elegans,Mature,1,,1,0,50,2021,NA,NA
6/13/21,11:04:00,Genarp,Ischnura_elegans,Mature,1,,1,0,50,2021,NA,NA
6/13/21,11:04:00,Genarp,Ischnura_elegans,Mature,1,,1,0,50,2021,NA,NA
6/13/21,11:04:00,Genarp,Ischnura_elegans,Mature,1,,1,0,50,2021,NA,NA
6/13/21,11:04:00,Genarp,Ischnura_elegans,Mature,1,,0,0,50,2021,NA,NA
6/13/21,11:04:00,Genarp,Ischnura_elegans,Mature,1,,0,0,50,2021,NA,NA
6/13/21,11:04:00,Genarp,Ischnura_elegans,Mature,1,,0,0,50,2021,NA,NA
6/13/21,11:04:00,Genarp,Ischnura_elegans,Immature,1,,0,0,50,2021,NA,NA
6/13/21,11:04:00,Genarp,Ischnura_elegans,Mature,1,,0,0,50,2021,NA,NA
6/13/21,11:04:00,Genarp,Ischnura_elegans,Mature,1,,0,0,50,2021,NA,NA
6/13/21,11:04:00,Genarp,Ischnura_elegans,Mature,1,,0,0,50,2021,NA,NA
6/13/21,11:04:00,Genarp,Ischnura_elegans,Mature,1,,0,0,50,2021,NA,NA
6/13/21,11:04:00,Genarp,Ischnura_elegans,Teneral,1,,0,0,50,2021,NA,NA
6/13/21,11:04:00,Genarp,Ischnura_elegans,Immature,1,,0,0,50,2021,NA,NA
6/13/21,11:04:00,Genarp,Ischnura_elegans,Immature,1,,0,27,50,2021,NA,NA
6/13/21,11:04:00,Genarp,Ischnura_elegans,Immature,1,,0,0,50,2021,NA,NA
6/14/21,14:38:00,Lunnarp,Ischnura_elegans,Mature,1,,1,0,50,2021,NA,NA
6/14/21,14:38:00,Lunnarp,Ischnura_elegans,Mature,1,,1,0,50,2021,NA,NA
6/14/21,14:38:00,Lunnarp,Ischnura_elegans,Mature,1,,1,0,50,2021,NA,NA
6/14/21,14:38:00,Lunnarp,Ischnura_elegans,Mature,1,,1,0,50,2021,NA,NA
6/14/21,14:38:00,Lunnarp,Ischnura_elegans,Mature,1,,1,0,50,2021,NA,NA
6/14/21,14:38:00,Lunnarp,Ischnura_elegans,Mature,1,,0,0,50,2021,NA,NA
6/14/21,14:38:00,Lunnarp,Ischnura_elegans,Immature,1,,0,0,50,2021,NA,NA
6/14/21,14:38:00,Lunnarp,Ischnura_elegans,Immature,1,,0,1,50,2021,NA,NA
6/14/21,14:38:00,Lunnarp,Ischnura_elegans,Mature,1,,0,0,50,2021,NA,NA
6/14/21,14:38:00,Lunnarp,Ischnura_elegans,Immature,1,,0,0,50,2021,NA,NA
6/14/21,14:38:00,Lunnarp,Ischnura_elegans,Immature,1,,0,0,50,2021,NA,NA
6/14/21,14:38:00,Lunnarp,Ischnura_elegans,Immature,1,,0,0,50,2021,NA,NA
6/14/21,14:38:00,Lunnarp,Ischnura_elegans,Mature,1,,0,0,50,2021,NA,NA
6/14/21,14:38:00,Lunnarp,Ischnura_elegans,Immature,1,,0,0,50,2021,NA,NA
6/14/21,14:38:00,Lunnarp,Ischnura_elegans,Immature,1,,0,3,50,2021,NA,NA
6/14/21,14:38:00,Lunnarp,Ischnura_elegans,Teneral,1,,0,0,50,2021,NA,NA
6/14/21,14:38:00,Lunnarp,Ischnura_elegans,Immature,1,,0,0,50,2021,NA,NA
6/14/21,14:38:00,Lunnarp,Ischnura_elegans,Immature,1,,0,1,50,2021,NA,NA
6/14/21,14:38:00,Lunnarp,Ischnura_elegans,Immature,1,,0,0,50,2021,NA,NA
6/14/21,14:38:00,Lunnarp,Ischnura_elegans,Immature,1,,0,0,50,2021,NA,NA
6/14/21,14:38:00,Lunnarp,Ischnura_elegans,Teneral,1,,0,0,50,2021,NA,NA
6/14/21,14:38:00,Lunnarp,Ischnura_elegans,Immature,1,,0,0,50,2021,NA,NA
6/14/21,14:38:00,Lunnarp,Ischnura_elegans,Mature,1,,0,0,50,2021,NA,NA
6/14/21,14:38:00,Lunnarp,Ischnura_elegans,Immature,1,,0,0,50,2021,NA,NA
6/14/21,14:38:00,Lunnarp,Ischnura_elegans,Immature,1,,0,0,50,2021,NA,NA
6/14/21,14:38:00,Lunnarp,Ischnura_elegans,Mature,1,,0,0,50,2021,NA,NA
6/14/21,14:38:00,Lunnarp,Ischnura_elegans,Immature,1,,0,0,50,2021,NA,NA
6/14/21,14:38:00,Lunnarp,Ischnura_elegans,Mature,1,,0,1,50,2021,NA,NA
6/14/21,14:38:00,Lunnarp,Ischnura_elegans,Immature,1,,0,0,50,2021,NA,NA
6/14/21,14:38:00,Lunnarp,Ischnura_elegans,Immature,1,,0,0,50,2021,NA,NA
6/14/21,14:38:00,Lunnarp,Ischnura_elegans,Immature,1,,0,0,50,2021,NA,NA
6/14/21,14:38:00,Lunnarp,Ischnura_elegans,Immature,1,,0,0,50,2021,NA,NA
6/14/21,14:38:00,Lunnarp,Ischnura_elegans,Immature,1,,0,NA,50,2021,NA,NA
6/14/21,14:38:00,Lunnarp,Ischnura_elegans,Immature,1,,0,1,50,2021,NA,NA
6/14/21,14:38:00,Lunnarp,Ischnura_elegans,Immature,1,,0,0,50,2021,NA,NA
6/14/21,14:38:00,Lunnarp,Ischnura_elegans,Immature,1,,0,0,50,2021,NA,NA
6/14/21,14:38:00,Lunnarp,Ischnura_elegans,Teneral,1,,0,0,50,2021,NA,NA
6/14/21,14:38:00,Lunnarp,Ischnura_elegans,Immature,1,,0,0,50,2021,NA,NA
6/14/21,14:38:00,Lunnarp,Ischnura_elegans,Immature,1,,0,0,50,2021,NA,NA
6/14/21,14:38:00,Lunnarp,Ischnura_elegans,Immature,1,,0,0,50,2021,NA,NA
6/15/21,10:30:00,Vombs_Bruksgard,Ischnura_elegans,Immature,1,,0,35,75,2021,NA,NA
6/15/21,10:30:00,Vombs_Bruksgard,Ischnura_elegans,Immature,1,,0,1,75,2021,NA,NA
6/16/21,11:48:00,Ilstorp,Ischnura_elegans,Mature,1,,1,0,45,2021,NA,NA
6/16/21,11:48:00,Ilstorp,Ischnura_elegans,Mature,1,,1,7,45,2021,NA,NA
6/16/21,11:48:00,Ilstorp,Ischnura_elegans,Immature,1,,0,28,45,2021,NA,NA
6/16/21,11:48:00,Ilstorp,Ischnura_elegans,Immature,1,,0,4,45,2021,NA,NA
6/16/21,11:48:00,Ilstorp,Ischnura_elegans,Mature,1,,0,0,45,2021,NA,NA
6/16/21,11:48:00,Ilstorp,Ischnura_elegans,Immature,1,,0,15,45,2021,NA,NA
6/16/21,11:48:00,Ilstorp,Ischnura_elegans,Immature,1,,0,0,45,2021,NA,NA
6/16/21,11:48:00,Ilstorp,Ischnura_elegans,Immature,1,,0,0,45,2021,NA,NA
6/16/21,11:48:00,Ilstorp,Ischnura_elegans,Immature,1,,0,35,45,2021,NA,NA
6/16/21,15:59:00,Gunnesbo,Ischnura_elegans,Immature,1,,0,19,60,2021,NA,NA
6/16/21,15:59:00,Gunnesbo,Ischnura_elegans,Immature,1,,1,0,60,2021,NA,NA
6/16/21,15:59:00,Gunnesbo,Ischnura_elegans,Mature,1,,1,0,60,2021,NA,NA
6/16/21,15:59:00,Gunnesbo,Ischnura_elegans,Immature,1,,0,1,60,2021,NA,NA
6/16/21,15:59:00,Gunnesbo,Ischnura_elegans,Mature,1,,1,0,60,2021,NA,NA
6/16/21,15:59:00,Gunnesbo,Ischnura_elegans,Immature,1,,0,0,60,2021,NA,NA
6/16/21,15:59:00,Gunnesbo,Ischnura_elegans,Immature,1,,0,0,60,2021,NA,NA
6/16/21,15:59:00,Gunnesbo,Ischnura_elegans,Immature,1,,0,0,60,2021,NA,NA
6/16/21,15:59:00,Gunnesbo,Ischnura_elegans,Immature,1,,0,0,60,2021,NA,NA
6/16/21,15:59:00,Gunnesbo,Ischnura_elegans,Immature,1,,0,0,60,2021,NA,NA
6/16/21,15:59:00,Gunnesbo,Ischnura_elegans,Teneral,1,,0,0,60,2021,NA,NA
6/16/21,15:59:00,Gunnesbo,Ischnura_elegans,Immature,1,,0,0,60,2021,NA,NA
6/16/21,15:59:00,Gunnesbo,Ischnura_elegans,Teneral,1,,0,0,60,2021,NA,NA
6/16/21,15:59:00,Gunnesbo,Ischnura_elegans,Immature,1,,0,0,60,2021,NA,NA
6/17/21,15:30:00,Vombs_Vattenverk,Ischnura_elegans,Immature,1,,1,0,40,2021,NA,NA
6/17/21,15:30:00,Vombs_Vattenverk,Ischnura_elegans,Immature,1,,1,0,40,2021,NA,NA
6/17/21,15:30:00,Vombs_Vattenverk,Ischnura_elegans,Mature,1,,1,0,40,2021,NA,NA
6/17/21,15:30:00,Vombs_Vattenverk,Ischnura_elegans,Mature,1,,1,0,40,2021,NA,NA
6/17/21,15:30:00,Vombs_Vattenverk,Ischnura_elegans,Mature,1,,1,0,40,2021,NA,NA
6/17/21,15:30:00,Vombs_Vattenverk,Ischnura_elegans,Mature,1,,1,3,40,2021,NA,NA
6/17/21,15:30:00,Vombs_Vattenverk,Ischnura_elegans,Mature,1,,1,0,40,2021,NA,NA
6/17/21,15:30:00,Vombs_Vattenverk,Ischnura_elegans,Mature,1,,1,1,40,2021,NA,NA
6/17/21,15:30:00,Vombs_Vattenverk,Ischnura_elegans,Mature,1,,1,0,40,2021,NA,NA
6/17/21,15:30:00,Vombs_Vattenverk,Ischnura_elegans,Mature,1,,1,0,40,2021,NA,NA
6/17/21,15:30:00,Vombs_Vattenverk,Ischnura_elegans,Mature,1,,1,0,40,2021,NA,NA
6/17/21,15:30:00,Vombs_Vattenverk,Ischnura_elegans,Mature,1,,1,1,40,2021,NA,NA
6/17/21,15:30:00,Vombs_Vattenverk,Ischnura_elegans,Mature,1,,1,0,40,2021,NA,NA
6/17/21,15:30:00,Vombs_Vattenverk,Ischnura_elegans,Immature,1,,1,0,40,2021,NA,NA
6/17/21,15:30:00,Vombs_Vattenverk,Ischnura_elegans,Mature,1,,1,0,40,2021,NA,NA
6/17/21,15:30:00,Vombs_Vattenverk,Ischnura_elegans,Mature,1,,1,0,40,2021,NA,NA
6/17/21,15:30:00,Vombs_Vattenverk,Ischnura_elegans,Mature,1,,1,0,40,2021,NA,NA
6/17/21,15:30:00,Vombs_Vattenverk,Ischnura_elegans,Mature,1,,1,1,40,2021,NA,NA
6/17/21,15:30:00,Vombs_Vattenverk,Ischnura_elegans,Mature,1,,1,0,40,2021,NA,NA
6/17/21,15:30:00,Vombs_Vattenverk,Ischnura_elegans,Mature,1,,1,0,40,2021,NA,NA
6/17/21,15:30:00,Vombs_Vattenverk,Ischnura_elegans,Mature,1,,1,0,40,2021,NA,NA
6/17/21,15:30:00,Vombs_Vattenverk,Ischnura_elegans,Mature,1,,1,0,40,2021,NA,NA
6/17/21,15:30:00,Vombs_Vattenverk,Ischnura_elegans,Mature,1,,1,0,40,2021,NA,NA
6/17/21,15:30:00,Vombs_Vattenverk,Ischnura_elegans,Mature,1,,1,0,40,2021,NA,NA
6/17/21,15:30:00,Vombs_Vattenverk,Ischnura_elegans,Mature,1,,0,0,40,2021,NA,NA
6/17/21,15:30:00,Vombs_Vattenverk,Ischnura_elegans,Immature,1,,0,0,40,2021,NA,NA
6/17/21,15:30:00,Vombs_Vattenverk,Ischnura_elegans,Immature,1,,0,7,40,2021,NA,NA
6/17/21,15:30:00,Vombs_Vattenverk,Ischnura_elegans,Mature,1,,0,0,40,2021,NA,NA
6/17/21,15:30:00,Vombs_Vattenverk,Ischnura_elegans,Immature,1,,0,0,40,2021,NA,NA
6/17/21,15:30:00,Vombs_Vattenverk,Ischnura_elegans,Mature,1,,0,0,40,2021,NA,NA
6/17/21,15:30:00,Vombs_Vattenverk,Ischnura_elegans,Mature,1,,0,0,40,2021,NA,NA
6/17/21,15:30:00,Vombs_Vattenverk,Ischnura_elegans,Mature,1,,0,0,40,2021,NA,NA
6/17/21,15:30:00,Vombs_Vattenverk,Ischnura_elegans,Immature,1,,0,0,40,2021,NA,NA
6/17/21,15:30:00,Vombs_Vattenverk,Ischnura_elegans,Immature,1,,0,0,40,2021,NA,NA
6/17/21,15:30:00,Vombs_Vattenverk,Ischnura_elegans,Immature,1,,0,0,40,2021,NA,NA
6/17/21,15:30:00,Vombs_Vattenverk,Ischnura_elegans,Immature,1,,0,0,40,2021,NA,NA
6/17/21,15:30:00,Vombs_Vattenverk,Ischnura_elegans,Immature,1,,0,0,40,2021,NA,NA
6/17/21,15:30:00,Vombs_Vattenverk,Ischnura_elegans,Immature,1,,0,0,40,2021,NA,NA
6/17/21,15:30:00,Vombs_Vattenverk,Ischnura_elegans,Mature,1,,0,0,40,2021,NA,NA
6/17/21,15:30:00,Vombs_Vattenverk,Ischnura_elegans,Immature,1,,0,0,40,2021,NA,NA
6/17/21,15:30:00,Vombs_Vattenverk,Ischnura_elegans,Mature,1,,0,0,40,2021,NA,NA
6/17/21,15:30:00,Vombs_Vattenverk,Ischnura_elegans,Immature,1,,0,0,40,2021,NA,NA
6/17/21,15:30:00,Vombs_Vattenverk,Ischnura_elegans,Mature,1,,0,0,40,2021,NA,NA
6/18/21,9:39:00,Hoje_A_14,Ischnura_elegans,Mature,1,,1,0,30,2021,NA,NA
6/18/21,9:39:00,Hoje_A_14,Ischnura_elegans,Mature,1,,1,0,30,2021,NA,NA
6/18/21,9:39:00,Hoje_A_14,Ischnura_elegans,Mature,1,,1,0,30,2021,NA,NA
6/18/21,9:39:00,Hoje_A_14,Ischnura_elegans,Mature,1,,1,0,30,2021,NA,NA
6/18/21,9:39:00,Hoje_A_14,Ischnura_elegans,Mature,1,,1,0,30,2021,NA,NA
6/18/21,9:39:00,Hoje_A_14,Ischnura_elegans,Mature,1,,1,0,30,2021,NA,NA
6/18/21,9:39:00,Hoje_A_14,Ischnura_elegans,Mature,1,,1,0,30,2021,NA,NA
6/18/21,9:39:00,Hoje_A_14,Ischnura_elegans,Mature,1,,1,0,30,2021,NA,NA
6/18/21,9:39:00,Hoje_A_14,Ischnura_elegans,Mature,1,,1,0,30,2021,NA,NA
6/18/21,9:39:00,Hoje_A_14,Ischnura_elegans,Mature,1,,1,0,30,2021,NA,NA
6/18/21,9:39:00,Hoje_A_14,Ischnura_elegans,Mature,1,,0,0,30,2021,NA,NA
6/18/21,9:39:00,Hoje_A_14,Ischnura_elegans,Immature,1,,0,0,30,2021,NA,NA
6/18/21,9:39:00,Hoje_A_14,Ischnura_elegans,Mature,1,,0,0,30,2021,NA,NA
6/18/21,9:39:00,Hoje_A_14,Ischnura_elegans,Mature,1,,0,0,30,2021,NA,NA
6/18/21,9:39:00,Hoje_A_14,Ischnura_elegans,Immature,1,,0,0,30,2021,NA,NA
6/18/21,9:39:00,Hoje_A_14,Ischnura_elegans,Immature,1,,0,0,30,2021,NA,NA
6/18/21,9:39:00,Hoje_A_14,Ischnura_elegans,Mature,1,,0,0,30,2021,NA,NA
6/18/21,9:39:00,Hoje_A_14,Ischnura_elegans,Immature,1,,0,0,30,2021,NA,NA
6/18/21,9:39:00,Hoje_A_14,Ischnura_elegans,Immature,1,,0,0,30,2021,NA,NA
6/18/21,9:39:00,Hoje_A_14,Ischnura_elegans,Immature,1,,0,0,30,2021,NA,NA
6/18/21,9:39:00,Hoje_A_14,Ischnura_elegans,Mature,1,,1,0,30,2021,NA,NA
6/18/21,9:39:00,Hoje_A_14,Ischnura_elegans,Mature,1,,1,1,30,2021,NA,NA
6/18/21,9:39:00,Hoje_A_14,Ischnura_elegans,Mature,1,,1,0,30,2021,NA,NA
6/18/21,9:39:00,Hoje_A_14,Ischnura_elegans,Mature,1,,1,0,30,2021,NA,NA
6/18/21,9:39:00,Hoje_A_14,Ischnura_elegans,Mature,1,,1,0,30,2021,NA,NA
6/18/21,9:39:00,Hoje_A_14,Ischnura_elegans,Mature,1,,1,0,30,2021,NA,NA
6/18/21,9:39:00,Hoje_A_14,Ischnura_elegans,Mature,1,,0,0,30,2021,NA,NA
6/18/21,9:39:00,Hoje_A_14,Ischnura_elegans,Mature,1,,0,0,30,2021,NA,NA
6/18/21,9:39:00,Hoje_A_14,Ischnura_elegans,Immature,1,,0,0,30,2021,NA,NA
6/18/21,9:39:00,Hoje_A_14,Ischnura_elegans,Mature,1,,0,0,30,2021,NA,NA
6/18/21,9:39:00,Hoje_A_14,Ischnura_elegans,Immature,1,,0,0,30,2021,NA,NA
6/18/21,11:14:00,Hoje_A_6,Ischnura_elegans,Mature,1,,1,0,30,2021,NA,NA
6/18/21,11:14:00,Hoje_A_6,Ischnura_elegans,Mature,1,,1,0,30,2021,NA,NA
6/18/21,11:14:00,Hoje_A_6,Ischnura_elegans,Mature,1,,0,0,30,2021,NA,NA
6/18/21,11:14:00,Hoje_A_6,Ischnura_elegans,Mature,1,,0,0,30,2021,NA,NA
6/18/21,11:14:00,Hoje_A_6,Ischnura_elegans,Mature,1,,0,1,30,2021,NA,NA
6/18/21,11:14:00,Hoje_A_6,Ischnura_elegans,Mature,1,,0,3,30,2021,NA,NA
6/18/21,11:14:00,Hoje_A_6,Ischnura_elegans,Immature,1,,0,4,30,2021,NA,NA
6/18/21,11:14:00,Hoje_A_6,Ischnura_elegans,Mature,1,,0,0,30,2021,NA,NA
6/18/21,11:14:00,Hoje_A_6,Ischnura_elegans,Immature,1,,0,1,30,2021,NA,NA
6/18/21,11:14:00,Hoje_A_6,Ischnura_elegans,Teneral,1,,0,20,30,2021,NA,NA
6/18/21,11:14:00,Hoje_A_6,Ischnura_elegans,Mature,1,,0,2,30,2021,NA,NA
6/18/21,11:14:00,Hoje_A_6,Ischnura_elegans,Teneral,1,,0,52,30,2021,NA,NA
6/18/21,11:14:00,Hoje_A_6,Ischnura_elegans,Mature,1,,0,23,30,2021,NA,NA
6/19/21,14:25:00,Krutladan,Ischnura_elegans,Mature,1,,1,0,45,2021,NA,NA
6/19/21,14:25:00,Krutladan,Ischnura_elegans,Mature,1,,0,0,45,2021,NA,NA
6/19/21,14:25:00,Krutladan,Ischnura_elegans,Teneral,1,,0,0,45,2021,NA,NA
6/19/21,14:25:00,Krutladan,Ischnura_elegans,Mature,1,,0,0,45,2021,NA,NA
6/19/21,14:25:00,Krutladan,Ischnura_elegans,Teneral,1,,0,0,45,2021,NA,NA
6/19/21,14:25:00,Krutladan,Ischnura_elegans,Mature,1,,0,0,45,2021,NA,NA
6/19/21,14:25:00,Krutladan,Ischnura_elegans,Mature,1,,0,0,45,2021,NA,NA
6/19/21,14:25:00,Krutladan,Ischnura_elegans,Mature,1,,0,0,45,2021,NA,NA
6/19/21,14:25:00,Krutladan,Ischnura_elegans,Mature,1,,0,0,45,2021,NA,NA
6/19/21,14:25:00,Krutladan,Ischnura_elegans,Mature,1,,0,0,45,2021,NA,NA
6/19/21,14:25:00,Krutladan,Ischnura_elegans,Immature,1,,0,0,45,2021,NA,NA
6/19/21,14:25:00,Krutladan,Ischnura_elegans,Immature,1,,0,0,45,2021,NA,NA
6/19/21,14:25:00,Krutladan,Ischnura_elegans,Immature,1,,0,0,45,2021,NA,NA
6/19/21,14:25:00,Krutladan,Ischnura_elegans,Immature,1,,0,0,45,2021,NA,NA
6/19/21,14:25:00,Krutladan,Ischnura_elegans,Immature,1,,0,0,45,2021,NA,NA
6/19/21,14:25:00,Krutladan,Ischnura_elegans,Immature,1,,0,0,45,2021,NA,NA
6/19/21,14:25:00,Krutladan,Ischnura_elegans,Immature,1,,0,0,45,2021,NA,NA
6/20/21,9:42:00,IKEA,Ischnura_elegans,Immature,1,,0,0,60,2021,NA,NA
6/20/21,9:42:00,IKEA,Ischnura_elegans,Immature,1,,0,0,60,2021,NA,NA
6/20/21,9:42:00,IKEA,Ischnura_elegans,Mature,1,,0,0,60,2021,NA,NA
6/20/21,9:42:00,IKEA,Ischnura_elegans,Immature,1,,0,0,60,2021,NA,NA
6/20/21,9:42:00,IKEA,Ischnura_elegans,Immature,1,,0,0,60,2021,NA,NA
6/20/21,9:42:00,IKEA,Ischnura_elegans,Immature,1,,0,0,60,2021,NA,NA
6/20/21,9:42:00,IKEA,Ischnura_elegans,Mature,1,,0,0,60,2021,NA,NA
6/20/21,9:42:00,IKEA,Ischnura_elegans,Mature,1,,0,0,60,2021,NA,NA
6/20/21,9:42:00,IKEA,Ischnura_elegans,Immature,1,,0,0,60,2021,NA,NA
6/20/21,10:52:00,Bunkeflostrand,Ischnura_elegans,Mature,1,,1,0,60,2021,NA,NA
6/20/21,10:52:00,Bunkeflostrand,Ischnura_elegans,Mature,1,,1,0,60,2021,NA,NA
6/20/21,10:52:00,Bunkeflostrand,Ischnura_elegans,Mature,1,,1,0,60,2021,NA,NA
6/20/21,10:52:00,Bunkeflostrand,Ischnura_elegans,Immature,1,,0,0,60,2021,NA,NA
6/20/21,10:52:00,Bunkeflostrand,Ischnura_elegans,Immature,1,,0,0,60,2021,NA,NA
6/20/21,10:52:00,Bunkeflostrand,Ischnura_elegans,Immature,1,,0,1,60,2021,NA,NA
6/20/21,10:52:00,Bunkeflostrand,Ischnura_elegans,Mature,1,,0,0,60,2021,NA,NA
6/20/21,10:52:00,Bunkeflostrand,Ischnura_elegans,Immature,1,,0,8,60,2021,NA,NA
6/20/21,10:52:00,Bunkeflostrand,Ischnura_elegans,Immature,1,,0,20,60,2021,NA,NA
6/20/21,10:52:00,Bunkeflostrand,Ischnura_elegans,Immature,1,,0,0,60,2021,NA,NA
6/20/21,10:52:00,Bunkeflostrand,Ischnura_elegans,Mature,1,,0,0,60,2021,NA,NA
6/20/21,10:52:00,Bunkeflostrand,Ischnura_elegans,Immature,1,,0,2,60,2021,NA,NA
6/20/21,10:52:00,Bunkeflostrand,Ischnura_elegans,Immature,1,,0,40,60,2021,NA,NA
6/20/21,10:52:00,Bunkeflostrand,Ischnura_elegans,Immature,1,,0,0,60,2021,NA,NA
6/20/21,10:52:00,Bunkeflostrand,Ischnura_elegans,Immature,1,,0,1,60,2021,NA,NA
6/20/21,10:52:00,Bunkeflostrand,Ischnura_elegans,Immature,1,,0,0,60,2021,NA,NA
6/20/21,10:52:00,Bunkeflostrand,Ischnura_elegans,Immature,1,,0,0,60,2021,NA,NA
6/22/21,10:06:00,Borgeby,Ischnura_elegans,Mature,1,,1,0,54,2021,NA,NA
6/22/21,10:06:00,Borgeby,Ischnura_elegans,Mature,1,,0,0,54,2021,NA,NA
6/22/21,10:06:00,Borgeby,Ischnura_elegans,Mature,1,,0,3,54,2021,NA,NA
6/22/21,10:06:00,Borgeby,Ischnura_elegans,Mature,1,,0,0,54,2021,NA,NA
6/22/21,10:06:00,Borgeby,Ischnura_elegans,Mature,1,,0,0,54,2021,NA,NA
6/22/21,10:06:00,Borgeby,Ischnura_elegans,Immature,1,,0,1,54,2021,NA,NA
6/22/21,10:06:00,Borgeby,Ischnura_elegans,Immature,1,,0,0,54,2021,NA,NA
6/22/21,10:06:00,Borgeby,Ischnura_elegans,Mature,1,,0,0,54,2021,NA,NA
6/22/21,10:06:00,Borgeby,Ischnura_elegans,Mature,1,,0,0,54,2021,NA,NA
6/22/21,10:06:00,Borgeby,Ischnura_elegans,Mature,1,,0,0,54,2021,NA,NA
6/22/21,10:06:00,Borgeby,Ischnura_elegans,Mature,1,,0,0,54,2021,NA,NA
6/22/21,10:06:00,Borgeby,Ischnura_elegans,Immature,1,,0,0,54,2021,NA,NA
6/22/21,10:06:00,Borgeby,Ischnura_elegans,Mature,1,,0,0,54,2021,NA,NA
6/22/21,10:06:00,Borgeby,Ischnura_elegans,Immature,1,,0,0,54,2021,NA,NA
6/22/21,10:06:00,Borgeby,Ischnura_elegans,Mature,1,,0,0,54,2021,NA,NA
6/22/21,10:06:00,Borgeby,Ischnura_elegans,Mature,1,,0,0,54,2021,NA,NA
6/22/21,10:06:00,Borgeby,Ischnura_elegans,Mature,1,,0,0,54,2021,NA,NA
6/22/21,10:06:00,Borgeby,Ischnura_elegans,Mature,1,,0,0,54,2021,NA,NA
6/22/21,10:06:00,Borgeby,Ischnura_elegans,Mature,1,,0,0,54,2021,NA,NA
6/22/21,10:06:00,Borgeby,Ischnura_elegans,Mature,1,,0,0,54,2021,NA,NA
6/22/21,10:06:00,Borgeby,Ischnura_elegans,Mature,1,,0,0,54,2021,NA,NA
6/22/21,10:06:00,Borgeby,Ischnura_elegans,Teneral,1,,0,0,54,2021,NA,NA
6/22/21,12:52:00,Flackarp,Ischnura_elegans,Mature,1,,1,1,90,2021,NA,NA
6/22/21,12:52:00,Flackarp,Ischnura_elegans,Mature,1,,1,0,90,2021,NA,NA
6/22/21,12:52:00,Flackarp,Ischnura_elegans,Mature,1,,1,0,90,2021,NA,NA
6/22/21,12:52:00,Flackarp,Ischnura_elegans,Mature,1,,0,0,90,2021,NA,NA
6/22/21,12:52:00,Flackarp,Ischnura_elegans,Mature,1,,0,0,90,2021,NA,NA
6/22/21,12:52:00,Flackarp,Ischnura_elegans,Mature,1,,0,0,90,2021,NA,NA
6/22/21,12:52:00,Flackarp,Ischnura_elegans,Immature,1,,0,0,90,2021,NA,NA
6/22/21,12:52:00,Flackarp,Ischnura_elegans,Teneral,1,,0,0,90,2021,NA,NA
6/22/21,12:52:00,Flackarp,Ischnura_elegans,Mature,1,,0,0,90,2021,NA,NA
6/22/21,12:52:00,Flackarp,Ischnura_elegans,Mature,1,,0,10,90,2021,NA,NA
6/22/21,12:52:00,Flackarp,Ischnura_elegans,Mature,1,,0,0,90,2021,NA,NA
6/22/21,12:52:00,Flackarp,Ischnura_elegans,Mature,1,,0,0,90,2021,NA,NA
6/22/21,12:52:00,Flackarp,Ischnura_elegans,Mature,1,,0,0,90,2021,NA,NA
6/22/21,12:52:00,Flackarp,Ischnura_elegans,Mature,1,,0,1,90,2021,NA,NA
6/22/21,12:52:00,Flackarp,Ischnura_elegans,Mature,1,,0,0,90,2021,NA,NA
6/22/21,12:52:00,Flackarp,Ischnura_elegans,Mature,1,,0,1,90,2021,NA,NA
6/22/21,14:31:00,Rabydammen,Ischnura_elegans,Mature,1,,0,0,55,2021,NA,NA
6/22/21,14:31:00,Rabydammen,Ischnura_elegans,Mature,1,,0,0,55,2021,NA,NA
6/22/21,14:31:00,Rabydammen,Ischnura_elegans,Teneral,1,,0,0,55,2021,NA,NA
6/22/21,14:31:00,Rabydammen,Ischnura_elegans,Mature,1,,0,0,55,2021,NA,NA
6/22/21,14:31:00,Rabydammen,Ischnura_elegans,Mature,1,,0,0,55,2021,NA,NA
6/22/21,14:31:00,Rabydammen,Ischnura_elegans,Mature,1,,0,12,55,2021,NA,NA
6/22/21,14:31:00,Rabydammen,Ischnura_elegans,Mature,1,,0,0,55,2021,NA,NA
6/22/21,14:31:00,Rabydammen,Ischnura_elegans,Mature,1,,0,0,55,2021,NA,NA
6/22/21,14:31:00,Rabydammen,Ischnura_elegans,Immature,1,,0,4,55,2021,NA,NA
6/22/21,14:31:00,Rabydammen,Ischnura_elegans,Mature,1,,0,0,55,2021,NA,NA
6/22/21,14:31:00,Rabydammen,Ischnura_elegans,Mature,1,,0,0,55,2021,NA,NA
6/22/21,14:31:00,Rabydammen,Ischnura_elegans,Immature,1,,0,0,55,2021,NA,NA
6/22/21,14:31:00,Rabydammen,Ischnura_elegans,Immature,1,,0,1,55,2021,NA,NA
6/22/21,14:31:00,Rabydammen,Ischnura_elegans,Teneral,1,,0,0,55,2021,NA,NA
6/22/21,14:31:00,Rabydammen,Ischnura_elegans,Mature,1,,0,0,55,2021,NA,NA
6/22/21,14:31:00,Rabydammen,Ischnura_elegans,Teneral,1,,0,0,55,2021,NA,NA
6/22/21,14:31:00,Rabydammen,Ischnura_elegans,Mature,1,,0,0,55,2021,NA,NA
6/22/21,14:31:00,Rabydammen,Ischnura_elegans,Mature,1,,0,0,55,2021,NA,NA
6/22/21,14:31:00,Rabydammen,Ischnura_elegans,Mature,1,,1,1,55,2021,NA,NA
6/22/21,14:31:00,Rabydammen,Ischnura_elegans,Mature,1,,1,1,55,2021,NA,NA
6/23/21,10:13:00,Lomma_Kyrkdamm,Ischnura_elegans,Mature,1,,1,0,60,2021,NA,NA
6/23/21,10:13:00,Lomma_Kyrkdamm,Ischnura_elegans,Mature,1,,1,3,60,2021,NA,NA
6/23/21,10:13:00,Lomma_Kyrkdamm,Ischnura_elegans,Mature,1,,1,0,60,2021,NA,NA
6/23/21,10:13:00,Lomma_Kyrkdamm,Ischnura_elegans,Mature,1,,1,0,60,2021,NA,NA
6/23/21,10:13:00,Lomma_Kyrkdamm,Ischnura_elegans,Mature,1,,0,0,60,2021,NA,NA
6/23/21,10:13:00,Lomma_Kyrkdamm,Ischnura_elegans,Mature,1,,0,0,60,2021,NA,NA
6/23/21,10:13:00,Lomma_Kyrkdamm,Ischnura_elegans,Mature,1,,0,0,60,2021,NA,NA
6/23/21,10:13:00,Lomma_Kyrkdamm,Ischnura_elegans,Mature,1,,0,0,60,2021,NA,NA
6/23/21,10:13:00,Lomma_Kyrkdamm,Ischnura_elegans,Immature,1,,0,56,60,2021,NA,NA
6/23/21,10:13:00,Lomma_Kyrkdamm,Ischnura_elegans,Mature,1,,0,2,60,2021,NA,NA
6/23/21,10:13:00,Lomma_Kyrkdamm,Ischnura_elegans,Mature,1,,0,18,60,2021,NA,NA
6/23/21,10:13:00,Lomma_Kyrkdamm,Ischnura_elegans,Immature,1,,0,3,60,2021,NA,NA
6/23/21,10:13:00,Lomma_Kyrkdamm,Ischnura_elegans,Mature,1,,0,1,60,2021,NA,NA
6/23/21,10:13:00,Lomma_Kyrkdamm,Ischnura_elegans,Mature,1,,0,0,60,2021,NA,NA
6/23/21,10:13:00,Lomma_Kyrkdamm,Ischnura_elegans,Mature,1,,0,0,60,2021,NA,NA
6/23/21,10:13:00,Lomma_Kyrkdamm,Ischnura_elegans,Mature,1,,0,9,60,2021,NA,NA
6/23/21,10:13:00,Lomma_Kyrkdamm,Ischnura_elegans,Immature,1,,0,17,60,2021,NA,NA
6/23/21,10:13:00,Lomma_Kyrkdamm,Ischnura_elegans,Immature,1,,0,0,60,2021,NA,NA
6/23/21,10:13:00,Lomma_Kyrkdamm,Ischnura_elegans,Immature,1,,0,0,60,2021,NA,NA
6/23/21,10:13:00,Lomma_Kyrkdamm,Ischnura_elegans,Mature,1,,0,0,60,2021,NA,NA
6/23/21,10:13:00,Lomma_Kyrkdamm,Ischnura_elegans,Mature,1,,0,0,60,2021,NA,NA
6/23/21,10:13:00,Lomma_Kyrkdamm,Ischnura_elegans,Mature,1,,0,7,60,2021,NA,NA
6/23/21,10:13:00,Lomma_Kyrkdamm,Ischnura_elegans,Teneral,1,,0,47,60,2021,NA,NA
6/23/21,10:13:00,Lomma_Kyrkdamm,Ischnura_elegans,Mature,1,,0,0,60,2021,NA,NA
6/23/21,10:13:00,Lomma_Kyrkdamm,Ischnura_elegans,Mature,1,,0,0,60,2021,NA,NA
6/23/21,10:13:00,Lomma_Kyrkdamm,Ischnura_elegans,Mature,1,,0,0,60,2021,NA,NA
6/23/21,10:13:00,Lomma_Kyrkdamm,Ischnura_elegans,Teneral,1,,0,11,60,2021,NA,NA
6/23/21,10:13:00,Lomma_Kyrkdamm,Ischnura_elegans,Immature,1,,0,23,60,2021,NA,NA
6/23/21,10:13:00,Lomma_Kyrkdamm,Ischnura_elegans,Mature,1,,0,1,60,2021,NA,NA
6/23/21,10:13:00,Lomma_Kyrkdamm,Ischnura_elegans,Immature,1,,0,0,60,2021,NA,NA
6/23/21,10:13:00,Lomma_Kyrkdamm,Ischnura_elegans,Immature,1,,0,0,60,2021,NA,NA
6/23/21,10:13:00,Lomma_Kyrkdamm,Ischnura_elegans,Mature,1,,1,0,60,2021,NA,NA
6/23/21,10:13:00,Lomma_Kyrkdamm,Ischnura_elegans,Immature,1,,0,39,60,2021,NA,NA
6/23/21,10:13:00,Lomma_Kyrkdamm,Ischnura_elegans,Mature,1,,0,0,60,2021,NA,NA
6/23/21,10:13:00,Lomma_Kyrkdamm,Ischnura_elegans,Mature,1,,0,0,60,2021,NA,NA
6/23/21,10:13:00,Lomma_Kyrkdamm,Ischnura_elegans,Immature,1,,0,62,60,2021,NA,NA
6/23/21,10:13:00,Lomma_Kyrkdamm,Ischnura_elegans,Mature,1,,0,0,60,2021,NA,NA
6/23/21,10:13:00,Lomma_Kyrkdamm,Ischnura_elegans,Mature,1,,0,NA,60,2021,NA,NA
6/23/21,10:13:00,Lomma_Kyrkdamm,Ischnura_elegans,Mature,1,,0,0,60,2021,NA,NA
6/23/21,10:13:00,Lomma_Kyrkdamm,Ischnura_elegans,Mature,1,,0,0,60,2021,NA,NA
6/23/21,10:13:00,Lomma_Kyrkdamm,Ischnura_elegans,Mature,1,,0,0,60,2021,NA,NA
6/23/21,10:13:00,Lomma_Kyrkdamm,Ischnura_elegans,Mature,1,,0,0,60,2021,NA,NA
6/23/21,10:13:00,Lomma_Kyrkdamm,Ischnura_elegans,Mature,1,,0,1,60,2021,NA,NA
6/23/21,10:13:00,Lomma_Kyrkdamm,Ischnura_elegans,Mature,1,,0,0,60,2021,NA,NA
6/23/21,10:13:00,Lomma_Kyrkdamm,Ischnura_elegans,Mature,1,,0,0,60,2021,NA,NA
6/23/21,10:13:00,Habo_Gard,Ischnura_elegans,Mature,1,,0,NA,60,2021,NA,NA
6/23/21,10:13:00,Habo_Gard,Ischnura_elegans,Mature,1,,0,NA,60,2021,NA,NA
6/23/21,10:13:00,Habo_Gard,Ischnura_elegans,Mature,1,,0,NA,60,2021,NA,NA
6/23/21,10:13:00,Habo_Gard,Ischnura_elegans,Mature,1,,0,NA,60,2021,NA,NA
6/23/21,10:13:00,Habo_Gard,Ischnura_elegans,Mature,1,,0,NA,60,2021,NA,NA
6/23/21,10:13:00,Habo_Gard,Ischnura_elegans,Mature,1,,0,NA,60,2021,NA,NA
6/23/21,10:13:00,Habo_Gard,Ischnura_elegans,Mature,1,,0,NA,60,2021,NA,NA
6/23/21,10:13:00,Habo_Gard,Ischnura_elegans,Mature,1,,0,NA,60,2021,NA,NA
6/23/21,10:13:00,Habo_Gard,Ischnura_elegans,Mature,1,,0,NA,60,2021,NA,NA
6/23/21,10:13:00,Habo_Gard,Ischnura_elegans,Mature,1,,0,1,60,2021,NA,NA
6/23/21,10:13:00,Habo_Gard,Ischnura_elegans,Immature,1,,0,9,60,2021,NA,NA
6/23/21,10:13:00,Habo_Gard,Ischnura_elegans,Mature,1,,0,NA,60,2021,NA,NA
6/23/21,14:54:00,Flyinge_30_A1,Ischnura_elegans,Mature,1,,1,NA,60,2021,NA,NA
6/23/21,14:54:00,Flyinge_30_A1,Ischnura_elegans,Mature,1,,1,0,60,2021,NA,NA
6/23/21,14:54:00,Flyinge_30_A1,Ischnura_elegans,Mature,1,,1,0,60,2021,NA,NA
6/23/21,14:54:00,Flyinge_30_A1,Ischnura_elegans,Immature,1,,0,4,60,2021,NA,NA
6/23/21,14:54:00,Flyinge_30_A1,Ischnura_elegans,Mature,1,,0,3,60,2021,NA,NA
6/23/21,14:54:00,Flyinge_30_A1,Ischnura_elegans,Mature,1,,0,0,60,2021,NA,NA
6/23/21,14:54:00,Flyinge_30_A1,Ischnura_elegans,Mature,1,,0,18,60,2021,NA,NA
6/23/21,14:54:00,Flyinge_30_A1,Ischnura_elegans,Mature,1,,0,0,60,2021,NA,NA
6/23/21,14:54:00,Flyinge_30_A1,Ischnura_elegans,Mature,1,,0,0,60,2021,NA,NA
6/23/21,14:54:00,Flyinge_30_A1,Ischnura_elegans,Immature,1,,0,10,60,2021,NA,NA
6/23/21,14:54:00,Flyinge_30_A1,Ischnura_elegans,Mature,1,,0,0,60,2021,NA,NA
6/23/21,14:54:00,Flyinge_30_A1,Ischnura_elegans,Mature,1,,0,0,60,2021,NA,NA
6/23/21,14:54:00,Flyinge_30_A1,Ischnura_elegans,Immature,1,,0,5,60,2021,NA,NA
6/23/21,14:54:00,Flyinge_30_A1,Ischnura_elegans,Mature,1,,0,0,60,2021,NA,NA
6/23/21,14:54:00,Flyinge_30_A1,Ischnura_elegans,Mature,1,,0,0,60,2021,NA,NA
6/23/21,14:54:00,Flyinge_30_A1,Ischnura_elegans,Immature,1,,0,0,60,2021,NA,NA
6/23/21,14:54:00,Flyinge_30_A3,Ischnura_elegans,Mature,1,,0,2,60,2021,NA,NA
6/23/21,14:54:00,Flyinge_30_A3,Ischnura_elegans,Mature,1,,0,0,60,2021,NA,NA
6/23/21,14:54:00,Flyinge_30_A3,Ischnura_elegans,Mature,1,,0,0,60,2021,NA,NA
6/23/21,14:54:00,Flyinge_30_A3,Ischnura_elegans,Mature,1,,0,0,60,2021,NA,NA
6/23/21,14:54:00,Flyinge_30_A3,Ischnura_elegans,Mature,1,,0,0,60,2021,NA,NA
6/23/21,14:54:00,Flyinge_30_A3,Ischnura_elegans,Mature,1,,0,0,60,2021,NA,NA
6/23/21,14:54:00,Flyinge_30_A3,Ischnura_elegans,Mature,1,,0,0,60,2021,NA,NA
6/23/21,14:54:00,Flyinge_30_A3,Ischnura_elegans,Immature,1,,0,0,60,2021,NA,NA
6/23/21,14:54:00,Flyinge_30_A3,Ischnura_elegans,Mature,1,,0,0,60,2021,NA,NA
6/23/21,14:54:00,Flyinge_30_A3,Ischnura_elegans,Immature,1,,0,1,60,2021,NA,NA
6/23/21,14:54:00,Flyinge_30_A3,Ischnura_elegans,Immature,1,,0,1,60,2021,NA,NA
6/23/21,14:54:00,Flyinge_30_A3,Ischnura_elegans,Immature,1,,0,0,60,2021,NA,NA
6/23/21,14:54:00,Flyinge_30_A3,Ischnura_elegans,Immature,1,,0,1,60,2021,NA,NA
6/23/21,14:54:00,Flyinge_30_A3,Ischnura_elegans,Mature,1,,0,0,60,2021,NA,NA
6/23/21,14:54:00,Flyinge_30_A3,Ischnura_elegans,Immature,1,,0,55,60,2021,NA,NA
6/23/21,14:54:00,Flyinge_30_A3,Ischnura_elegans,Immature,1,,0,20,60,2021,NA,NA
6/23/21,14:54:00,Flyinge_30_A3,Ischnura_elegans,Immature,1,,0,0,60,2021,NA,NA
6/23/21,14:54:00,Flyinge_30_A3,Ischnura_elegans,Teneral,1,,0,0,60,2021,NA,NA
6/23/21,14:54:00,Flyinge_30_A3,Ischnura_elegans,Mature,1,,0,0,60,2021,NA,NA
6/23/21,14:54:00,Flyinge_30_A3,Ischnura_elegans,Immature,1,,0,0,60,2021,NA,NA
6/23/21,14:54:00,Flyinge_30_A3,Ischnura_elegans,Immature,1,,0,0,60,2021,NA,NA
6/23/21,14:54:00,Flyinge_30_A3,Ischnura_elegans,Mature,1,,0,0,60,2021,NA,NA
6/23/21,14:54:00,Flyinge_30_A3,Ischnura_elegans,Mature,1,,0,0,60,2021,NA,NA
6/23/21,14:54:00,Flyinge_30_A3,Ischnura_elegans,Mature,1,,0,0,60,2021,NA,NA
6/23/21,14:54:00,Flyinge_30_A3,Ischnura_elegans,Immature,1,,0,0,60,2021,NA,NA
6/23/21,14:54:00,Flyinge_30_A3,Ischnura_elegans,Mature,1,,0,0,60,2021,NA,NA
6/23/21,14:54:00,Flyinge_30_A3,Ischnura_elegans,Mature,1,,0,0,60,2021,NA,NA
6/23/21,14:54:00,Flyinge_30_A3,Ischnura_elegans,Mature,1,,0,0,60,2021,NA,NA
6/23/21,14:54:00,Flyinge_30_A3,Ischnura_elegans,Mature,1,,0,0,60,2021,NA,NA
6/24/21,9:42:00,Lunnarp,Ischnura_elegans,Immature,1,,0,0,40,2021,NA,NA
6/24/21,9:42:00,Lunnarp,Ischnura_elegans,Immature,1,,0,0,40,2021,NA,NA
6/24/21,9:42:00,Lunnarp,Ischnura_elegans,Mature,1,,0,0,40,2021,NA,NA
6/24/21,9:42:00,Lunnarp,Ischnura_elegans,Immature,1,,0,0,40,2021,NA,NA
6/24/21,9:42:00,Lunnarp,Ischnura_elegans,Immature,1,,0,0,40,2021,NA,NA
6/24/21,9:42:00,Lunnarp,Ischnura_elegans,Mature,1,,0,0,40,2021,NA,NA
6/24/21,9:42:00,Lunnarp,Ischnura_elegans,Teneral,1,,0,0,40,2021,NA,NA
6/24/21,9:42:00,Lunnarp,Ischnura_elegans,Mature,1,,0,0,40,2021,NA,NA
6/24/21,9:42:00,Lunnarp,Ischnura_elegans,Immature,1,,0,0,40,2021,NA,NA
6/24/21,9:42:00,Lunnarp,Ischnura_elegans,Immature,1,,0,0,40,2021,NA,NA
6/24/21,9:42:00,Lunnarp,Ischnura_elegans,Teneral,1,,0,0,40,2021,NA,NA
6/24/21,9:42:00,Lunnarp,Ischnura_elegans,Mature,1,,0,0,40,2021,NA,NA
6/24/21,9:42:00,Lunnarp,Ischnura_elegans,Mature,1,,0,0,40,2021,NA,NA
6/24/21,9:42:00,Lunnarp,Ischnura_elegans,Teneral,1,,0,0,40,2021,NA,NA
6/24/21,9:42:00,Lunnarp,Ischnura_elegans,Teneral,1,,0,0,40,2021,NA,NA
6/24/21,9:42:00,Lunnarp,Ischnura_elegans,Immature,1,,0,1,40,2021,NA,NA
6/24/21,9:42:00,Lunnarp,Ischnura_elegans,Mature,1,,0,1,40,2021,NA,NA
6/24/21,9:42:00,Lunnarp,Ischnura_elegans,Immature,1,,0,0,40,2021,NA,NA
6/24/21,9:42:00,Lunnarp,Ischnura_elegans,Immature,1,,0,0,40,2021,NA,NA
6/28/21,9:36:00,Hoje_A_7,Ischnura_elegans,Mature,1,,0,0,60,2021,NA,NA
6/28/21,9:36:00,Hoje_A_7,Ischnura_elegans,Immature,1,,0,0,60,2021,NA,NA
6/28/21,9:36:00,Hoje_A_7,Ischnura_elegans,Mature,1,,0,0,60,2021,NA,NA
6/28/21,9:36:00,Hoje_A_7,Ischnura_elegans,Immature,1,,0,0,60,2021,NA,NA
6/28/21,9:36:00,Hoje_A_7,Ischnura_elegans,Mature,1,,0,0,60,2021,NA,NA
6/28/21,9:36:00,Hoje_A_7,Ischnura_elegans,Immature,1,,0,0,60,2021,NA,NA
6/28/21,9:36:00,Hoje_A_7,Ischnura_elegans,Immature,1,,0,0,60,2021,NA,NA
6/28/21,9:36:00,Hoje_A_7,Ischnura_elegans,Mature,1,,0,0,60,2021,NA,NA
6/28/21,9:36:00,Hoje_A_7,Ischnura_elegans,Mature,1,,0,0,60,2021,NA,NA
6/28/21,9:36:00,Hoje_A_7,Ischnura_elegans,Mature,1,,0,0,60,2021,NA,NA
6/28/21,9:36:00,Hoje_A_7,Ischnura_elegans,Mature,1,,0,0,60,2021,NA,NA
6/28/21,9:36:00,Hoje_A_7,Ischnura_elegans,Immature,1,,0,0,60,2021,NA,NA
6/28/21,9:36:00,Hoje_A_7,Ischnura_elegans,Mature,1,,0,0,60,2021,NA,NA
6/28/21,9:36:00,Hoje_A_7,Ischnura_elegans,Mature,1,,0,0,60,2021,NA,NA
6/28/21,9:36:00,Hoje_A_7,Ischnura_elegans,Mature,1,,0,0,60,2021,NA,NA
6/28/21,9:36:00,Hoje_A_7,Ischnura_elegans,Mature,1,,0,0,60,2021,NA,NA
6/28/21,9:36:00,Hoje_A_7,Ischnura_elegans,Mature,1,,0,0,60,2021,NA,NA
6/28/21,9:36:00,Hoje_A_7,Ischnura_elegans,Immature,1,,0,0,60,2021,NA,NA
6/28/21,9:36:00,Hoje_A_7,Ischnura_elegans,Mature,1,,0,0,60,2021,NA,NA
6/28/21,9:36:00,Hoje_A_7,Ischnura_elegans,Mature,1,,0,3,60,2021,NA,NA
6/28/21,9:36:00,Hoje_A_7,Ischnura_elegans,Mature,1,,0,0,60,2021,NA,NA
6/28/21,9:36:00,Hoje_A_7,Ischnura_elegans,Mature,1,,0,0,60,2021,NA,NA
6/28/21,9:36:00,Hoje_A_7,Ischnura_elegans,Immature,1,,0,0,60,2021,NA,NA
6/28/21,9:36:00,Hoje_A_7,Ischnura_elegans,Mature,1,,0,0,60,2021,NA,NA
6/28/21,9:36:00,Hoje_A_7,Ischnura_elegans,Immature,1,,0,0,60,2021,NA,NA
6/28/21,9:36:00,Hoje_A_7,Ischnura_elegans,Immature,1,,0,0,60,2021,NA,NA
6/28/21,9:36:00,Hoje_A_7,Ischnura_elegans,Immature,1,,0,0,60,2021,NA,NA
6/28/21,9:36:00,Hoje_A_7,Ischnura_elegans,Mature,1,,0,0,60,2021,NA,NA
6/28/21,9:36:00,Hoje_A_7,Ischnura_elegans,Mature,1,,0,0,60,2021,NA,NA
6/28/21,9:36:00,Hoje_A_7,Ischnura_elegans,Immature,1,,0,0,60,2021,NA,NA
6/28/21,9:36:00,Hoje_A_7,Ischnura_elegans,Mature,1,,0,0,60,2021,NA,NA
6/28/21,9:36:00,Hoje_A_7,Ischnura_elegans,Mature,1,,0,NA,60,2021,NA,NA
6/28/21,9:36:00,Hoje_A_7,Ischnura_elegans,Mature,1,,0,0,60,2021,NA,NA
6/28/21,9:36:00,Hoje_A_7,Ischnura_elegans,Mature,1,,0,0,60,2021,NA,NA
6/28/21,9:36:00,Hoje_A_7,Ischnura_elegans,Mature,1,,0,0,60,2021,NA,NA
6/28/21,9:36:00,Hoje_A_7,Ischnura_elegans,Mature,1,,0,0,60,2021,NA,NA
6/28/21,9:36:00,Hoje_A_7,Ischnura_elegans,Mature,1,,0,0,60,2021,NA,NA
6/28/21,9:36:00,Hoje_A_7,Ischnura_elegans,Mature,1,,0,0,60,2021,NA,NA
6/28/21,9:36:00,Hoje_A_7,Ischnura_elegans,Immature,1,,0,0,60,2021,NA,NA
6/28/21,9:36:00,Hoje_A_7,Ischnura_elegans,Teneral,1,,0,0,60,2021,NA,NA
6/28/21,9:36:00,Hoje_A_7,Ischnura_elegans,Mature,1,,1,0,60,2021,NA,NA
6/28/21,9:36:00,Hoje_A_7,Ischnura_elegans,Mature,1,,0,0,60,2021,NA,NA
6/28/21,11:39:00,Genarp,Ischnura_elegans,Mature,1,,1,0,45,2021,NA,NA
6/28/21,11:39:00,Genarp,Ischnura_elegans,Mature,1,,1,0,45,2021,NA,NA
6/28/21,11:39:00,Genarp,Ischnura_elegans,Mature,1,,1,0,45,2021,NA,NA
6/28/21,11:39:00,Genarp,Ischnura_elegans,Mature,1,,1,0,45,2021,NA,NA
6/28/21,11:39:00,Genarp,Ischnura_elegans,Mature,1,,1,0,45,2021,NA,NA
6/28/21,11:39:00,Genarp,Ischnura_elegans,Mature,1,,1,4,45,2021,NA,NA
6/28/21,11:39:00,Genarp,Ischnura_elegans,Mature,1,,1,1,45,2021,NA,NA
6/28/21,11:39:00,Genarp,Ischnura_elegans,Mature,1,,1,0,45,2021,NA,NA
6/28/21,11:39:00,Genarp,Ischnura_elegans,Mature,1,,1,0,45,2021,NA,NA
6/28/21,11:39:00,Genarp,Ischnura_elegans,Mature,1,,1,0,45,2021,NA,NA
6/28/21,11:39:00,Genarp,Ischnura_elegans,Mature,1,,1,0,45,2021,NA,NA
6/28/21,11:39:00,Genarp,Ischnura_elegans,Mature,1,,1,2,45,2021,NA,NA
6/28/21,11:39:00,Genarp,Ischnura_elegans,Mature,1,,0,0,45,2021,NA,NA
6/28/21,11:39:00,Genarp,Ischnura_elegans,Immature,1,,0,7,45,2021,NA,NA
6/28/21,11:39:00,Genarp,Ischnura_elegans,Mature,1,,0,0,45,2021,NA,NA
6/28/21,11:39:00,Genarp,Ischnura_elegans,Mature,1,,0,0,45,2021,NA,NA
6/28/21,11:39:00,Genarp,Ischnura_elegans,Mature,1,,0,0,45,2021,NA,NA
6/28/21,11:39:00,Genarp,Ischnura_elegans,Mature,1,,0,0,45,2021,NA,NA
6/28/21,11:39:00,Genarp,Ischnura_elegans,Immature,1,,0,0,45,2021,NA,NA
6/28/21,11:39:00,Genarp,Ischnura_elegans,Immature,1,,0,0,45,2021,NA,NA
6/28/21,11:39:00,Genarp,Ischnura_elegans,Mature,1,,0,0,45,2021,NA,NA
6/28/21,11:39:00,Genarp,Ischnura_elegans,Immature,1,,0,0,45,2021,NA,NA
6/28/21,11:39:00,Genarp,Ischnura_elegans,Immature,1,,0,0,45,2021,NA,NA
6/28/21,11:39:00,Genarp,Ischnura_elegans,Immature,1,,0,0,45,2021,NA,NA
6/28/21,11:39:00,Genarp,Ischnura_elegans,Mature,1,,0,0,45,2021,NA,NA
6/28/21,11:39:00,Genarp,Ischnura_elegans,Immature,1,,0,0,45,2021,NA,NA
6/28/21,11:39:00,Genarp,Ischnura_elegans,Mature,1,,0,0,45,2021,NA,NA
6/28/21,11:39:00,Genarp,Ischnura_elegans,Mature,1,,0,0,45,2021,NA,NA
6/28/21,11:39:00,Genarp,Ischnura_elegans,Mature,1,,0,0,45,2021,NA,NA
6/28/21,11:39:00,Genarp,Ischnura_elegans,Immature,1,,0,0,45,2021,NA,NA
6/28/21,11:39:00,Genarp,Ischnura_elegans,Immature,1,,0,0,45,2021,NA,NA
6/28/21,11:39:00,Genarp,Ischnura_elegans,Mature,1,,0,0,45,2021,NA,NA
6/28/21,11:39:00,Genarp,Ischnura_elegans,Immature,1,,0,15,45,2021,NA,NA
6/28/21,11:39:00,Gunnesbo,Ischnura_elegans,Mature,1,,1,0,40,2021,NA,NA
6/28/21,11:39:00,Gunnesbo,Ischnura_elegans,Mature,1,,0,0,40,2021,NA,NA
6/28/21,11:39:00,Gunnesbo,Ischnura_elegans,Mature,1,,0,0,40,2021,NA,NA
6/28/21,11:39:00,Gunnesbo,Ischnura_elegans,Mature,1,,0,0,40,2021,NA,NA
6/28/21,11:39:00,Gunnesbo,Ischnura_elegans,Mature,1,,0,0,40,2021,NA,NA
6/28/21,11:39:00,Gunnesbo,Ischnura_elegans,Mature,1,,0,0,40,2021,NA,NA
6/29/21,9:50:00,Krutladan,Ischnura_elegans,Mature,1,,0,0,45,2021,NA,NA
6/29/21,9:50:00,Krutladan,Ischnura_elegans,Mature,1,,0,0,45,2021,NA,NA
6/29/21,9:50:00,Krutladan,Ischnura_elegans,Mature,1,,0,0,45,2021,NA,NA
6/29/21,9:50:00,Krutladan,Ischnura_elegans,Immature,1,,0,0,45,2021,NA,NA
6/29/21,9:50:00,Krutladan,Ischnura_elegans,Mature,1,,0,0,45,2021,NA,NA
6/29/21,9:50:00,Krutladan,Ischnura_elegans,Mature,1,,0,0,45,2021,NA,NA
6/29/21,9:50:00,Krutladan,Ischnura_elegans,Immature,1,,0,0,45,2021,NA,NA
6/29/21,9:50:00,Krutladan,Ischnura_elegans,Mature,1,,0,0,45,2021,NA,NA
6/29/21,9:50:00,Krutladan,Ischnura_elegans,Mature,1,,0,0,45,2021,NA,NA
6/29/21,9:50:00,Krutladan,Ischnura_elegans,Immature,1,,0,0,45,2021,NA,NA
6/29/21,9:50:00,Krutladan,Ischnura_elegans,Mature,1,,0,0,45,2021,NA,NA
6/29/21,9:50:00,Krutladan,Ischnura_elegans,Mature,1,,0,0,45,2021,NA,NA
6/29/21,16:18:00,Vombs_Vattenverk,Ischnura_elegans,Mature,1,,1,1,40,2021,NA,NA
6/29/21,16:18:00,Vombs_Vattenverk,Ischnura_elegans,Mature,1,,1,3,40,2021,NA,NA
6/29/21,16:18:00,Vombs_Vattenverk,Ischnura_elegans,Mature,1,,1,0,40,2021,NA,NA
6/29/21,16:18:00,Vombs_Vattenverk,Ischnura_elegans,Mature,1,,1,0,40,2021,NA,NA
6/29/21,16:18:00,Vombs_Vattenverk,Ischnura_elegans,Mature,1,,1,0,40,2021,NA,NA
6/29/21,16:18:00,Vombs_Vattenverk,Ischnura_elegans,Mature,1,,1,0,40,2021,NA,NA
6/29/21,16:18:00,Vombs_Vattenverk,Ischnura_elegans,Mature,1,,1,0,40,2021,NA,NA
6/29/21,16:18:00,Vombs_Vattenverk,Ischnura_elegans,Mature,1,,1,0,40,2021,NA,NA
6/29/21,16:18:00,Vombs_Vattenverk,Ischnura_elegans,Mature,1,,1,3,40,2021,NA,NA
6/29/21,16:18:00,Vombs_Vattenverk,Ischnura_elegans,Mature,1,,1,0,40,2021,NA,NA
6/29/21,16:18:00,Vombs_Vattenverk,Ischnura_elegans,Mature,1,,1,0,40,2021,NA,NA
6/29/21,16:18:00,Vombs_Vattenverk,Ischnura_elegans,Mature,1,,1,0,40,2021,NA,NA
6/29/21,16:18:00,Vombs_Vattenverk,Ischnura_elegans,Mature,1,,1,0,40,2021,NA,NA
6/29/21,16:18:00,Vombs_Vattenverk,Ischnura_elegans,Mature,1,,1,2,40,2021,NA,NA
6/29/21,16:18:00,Vombs_Vattenverk,Ischnura_elegans,Mature,1,,1,NA,40,2021,NA,NA
6/29/21,16:18:00,Vombs_Vattenverk,Ischnura_elegans,Mature,1,,1,3,40,2021,NA,NA
6/29/21,16:18:00,Vombs_Vattenverk,Ischnura_elegans,Mature,1,,1,0,40,2021,NA,NA
6/29/21,16:18:00,Vombs_Vattenverk,Ischnura_elegans,Mature,1,,1,0,40,2021,NA,NA
6/29/21,16:18:00,Vombs_Vattenverk,Ischnura_elegans,Mature,1,,1,0,40,2021,NA,NA
6/29/21,16:18:00,Vombs_Vattenverk,Ischnura_elegans,Mature,1,,0,0,40,2021,NA,NA
6/29/21,16:18:00,Vombs_Vattenverk,Ischnura_elegans,Teneral,1,,0,0,40,2021,NA,NA
6/29/21,16:18:00,Vombs_Vattenverk,Ischnura_elegans,Mature,1,,0,0,40,2021,NA,NA
6/29/21,16:18:00,Vombs_Vattenverk,Ischnura_elegans,Mature,1,,0,0,40,2021,NA,NA
6/29/21,16:18:00,Vombs_Vattenverk,Ischnura_elegans,Mature,1,,0,0,40,2021,NA,NA
6/29/21,16:18:00,Vombs_Vattenverk,Ischnura_elegans,Mature,1,,0,3,40,2021,NA,NA
6/29/21,16:18:00,Vombs_Vattenverk,Ischnura_elegans,Immature,1,,0,0,40,2021,NA,NA
6/29/21,16:18:00,Vombs_Vattenverk,Ischnura_elegans,Immature,1,,0,7,40,2021,NA,NA
6/29/21,16:18:00,Vombs_Vattenverk,Ischnura_elegans,Mature,1,,0,0,40,2021,NA,NA
6/29/21,16:18:00,Vombs_Vattenverk,Ischnura_elegans,Mature,1,,0,0,40,2021,NA,NA
7/3/21,10:35:00,Sovdemolla,Ischnura_elegans,Mature,1,,0,NA,45,2021,NA,NA
7/3/21,10:35:00,Sovdemolla,Ischnura_elegans,Mature,1,,0,NA,45,2021,NA,NA
7/3/21,11:46:00,Ilstorp,Ischnura_elegans,Mature,1,,1,2,60,2021,NA,NA
7/3/21,11:46:00,Ilstorp,Ischnura_elegans,Mature,1,,1,13,60,2021,NA,NA
7/3/21,11:46:00,Ilstorp,Ischnura_elegans,Mature,1,,1,0,60,2021,NA,NA
7/3/21,11:46:00,Ilstorp,Ischnura_elegans,Mature,1,,0,5,60,2021,NA,NA
7/3/21,11:46:00,Ilstorp,Ischnura_elegans,Mature,1,,0,0,60,2021,NA,NA
7/3/21,11:46:00,Ilstorp,Ischnura_elegans,Immature,1,,0,0,60,2021,NA,NA
7/3/21,11:46:00,Ilstorp,Ischnura_elegans,Mature,1,,0,22,60,2021,NA,NA
7/3/21,11:46:00,Ilstorp,Ischnura_elegans,Mature,1,,0,0,60,2021,NA,NA
7/3/21,11:46:00,Ilstorp,Ischnura_elegans,Immature,1,,0,0,60,2021,NA,NA
7/3/21,11:46:00,Ilstorp,Ischnura_elegans,Mature,1,,0,0,60,2021,NA,NA
7/3/21,11:46:00,Ilstorp,Ischnura_elegans,Mature,1,,0,18,60,2021,NA,NA
7/3/21,11:46:00,Ilstorp,Ischnura_elegans,Mature,1,,0,0,60,2021,NA,NA
7/3/21,11:46:00,Ilstorp,Ischnura_elegans,Mature,1,,0,5,60,2021,NA,NA
7/4/21,10:02:00,Hoje_A_14,Ischnura_elegans,Mature,1,,1,0,40,2021,NA,NA
7/4/21,10:02:00,Hoje_A_14,Ischnura_elegans,Mature,1,,1,0,40,2021,NA,NA
7/4/21,10:02:00,Hoje_A_14,Ischnura_elegans,Mature,1,,1,0,40,2021,NA,NA
7/4/21,10:02:00,Hoje_A_14,Ischnura_elegans,Mature,1,,1,0,40,2021,NA,NA
7/4/21,10:02:00,Hoje_A_14,Ischnura_elegans,Mature,1,,1,0,40,2021,NA,NA
7/4/21,10:02:00,Hoje_A_14,Ischnura_elegans,Immature,1,,1,0,40,2021,NA,NA
7/4/21,10:02:00,Hoje_A_14,Ischnura_elegans,Mature,1,,1,0,40,2021,NA,NA
7/4/21,10:02:00,Hoje_A_14,Ischnura_elegans,Mature,1,,0,0,40,2021,NA,NA
7/4/21,10:02:00,Hoje_A_14,Ischnura_elegans,Immature,1,,0,0,40,2021,NA,NA
7/4/21,10:02:00,Hoje_A_14,Ischnura_elegans,Mature,1,,0,0,40,2021,NA,NA
7/4/21,10:02:00,Hoje_A_14,Ischnura_elegans,Mature,1,,0,0,40,2021,NA,NA
7/4/21,10:02:00,Hoje_A_14,Ischnura_elegans,Mature,1,,0,0,40,2021,NA,NA
7/4/21,10:02:00,Hoje_A_14,Ischnura_elegans,Immature,1,,0,0,40,2021,NA,NA
7/4/21,10:02:00,Hoje_A_14,Ischnura_elegans,Mature,1,,0,0,40,2021,NA,NA
7/4/21,10:02:00,Hoje_A_14,Ischnura_elegans,Immature,1,,0,0,40,2021,NA,NA
7/4/21,10:02:00,Hoje_A_14,Ischnura_elegans,Immature,1,,0,0,40,2021,NA,NA
7/4/21,10:02:00,Hoje_A_14,Ischnura_elegans,Mature,1,,0,0,40,2021,NA,NA
7/4/21,10:02:00,Hoje_A_14,Ischnura_elegans,Immature,1,,0,0,40,2021,NA,NA
7/4/21,10:02:00,Hoje_A_14,Ischnura_elegans,Immature,1,,0,0,40,2021,NA,NA
7/4/21,10:02:00,Hoje_A_6,Ischnura_elegans,Mature,1,,1,1,40,2021,NA,NA
7/4/21,10:02:00,Hoje_A_6,Ischnura_elegans,Mature,1,,1,0,40,2021,NA,NA
7/4/21,10:02:00,Hoje_A_6,Ischnura_elegans,Mature,1,,1,0,40,2021,NA,NA
7/4/21,10:02:00,Hoje_A_6,Ischnura_elegans,Mature,1,,0,NA,40,2021,NA,NA
7/4/21,10:02:00,Hoje_A_6,Ischnura_elegans,Mature,1,,0,0,40,2021,NA,NA
7/4/21,10:02:00,Hoje_A_6,Ischnura_elegans,Immature,1,,0,18,40,2021,NA,NA
7/4/21,10:02:00,Hoje_A_6,Ischnura_elegans,Mature,1,,0,1,40,2021,NA,NA
7/4/21,10:02:00,Hoje_A_6,Ischnura_elegans,Immature,1,,0,0,40,2021,NA,NA
7/4/21,10:02:00,Hoje_A_6,Ischnura_elegans,Mature,1,,0,13,40,2021,NA,NA
7/4/21,10:02:00,Hoje_A_6,Ischnura_elegans,Teneral,1,,0,0,40,2021,NA,NA
7/4/21,10:02:00,Hoje_A_6,Ischnura_elegans,Immature,1,,0,19,40,2021,NA,NA
7/4/21,10:02:00,Hoje_A_6,Ischnura_elegans,Mature,1,,0,0,40,2021,NA,NA
7/4/21,10:02:00,Hoje_A_6,Ischnura_elegans,Immature,1,,0,0,40,2021,NA,NA
7/4/21,10:02:00,Hoje_A_6,Ischnura_elegans,Teneral,1,,0,47,40,2021,NA,NA
7/4/21,10:02:00,Hoje_A_6,Ischnura_elegans,Immature,1,,0,0,40,2021,NA,NA
7/4/21,10:02:00,Flyinge_30_A1,Ischnura_elegans,Mature,1,,0,1,40,2021,NA,NA
7/4/21,10:02:00,Flyinge_30_A1,Ischnura_elegans,Mature,1,,0,0,40,2021,NA,NA
7/4/21,10:02:00,Flyinge_30_A1,Ischnura_elegans,Teneral,1,,0,0,40,2021,NA,NA
7/4/21,10:02:00,Flyinge_30_A1,Ischnura_elegans,Mature,1,,0,0,40,2021,NA,NA
7/4/21,10:02:00,Flyinge_30_A1,Ischnura_elegans,Mature,1,,0,0,40,2021,NA,NA
7/4/21,10:02:00,Flyinge_30_A1,Ischnura_elegans,Mature,1,,0,0,40,2021,NA,NA
7/4/21,10:02:00,Flyinge_30_A1,Ischnura_elegans,Mature,1,,0,0,40,2021,NA,NA
7/4/21,10:02:00,Flyinge_30_A1,Ischnura_elegans,Mature,1,,0,0,40,2021,NA,NA
7/4/21,10:02:00,Flyinge_30_A1,Ischnura_elegans,Mature,1,,0,0,40,2021,NA,NA
7/4/21,10:02:00,Flyinge_30_A1,Ischnura_elegans,Mature,1,,0,0,40,2021,NA,NA
7/4/21,10:02:00,Flyinge_30_A1,Ischnura_elegans,Mature,1,,1,0,40,2021,NA,NA
7/4/21,10:02:00,Flyinge_30_A1,Ischnura_elegans,Mature,1,,1,0,40,2021,NA,NA
7/4/21,10:02:00,Flyinge_30_A1,Ischnura_elegans,Mature,1,,1,0,40,2021,NA,NA
7/4/21,10:02:00,Flyinge_30_A3,Ischnura_elegans,Mature,1,,1,0,40,2021,NA,NA
7/4/21,10:02:00,Flyinge_30_A3,Ischnura_elegans,Mature,1,,1,0,40,2021,NA,NA
7/4/21,10:02:00,Flyinge_30_A3,Ischnura_elegans,Mature,1,,1,0,40,2021,NA,NA
7/4/21,10:02:00,Flyinge_30_A3,Ischnura_elegans,Mature,1,,1,0,40,2021,NA,NA
7/4/21,10:02:00,Flyinge_30_A3,Ischnura_elegans,Mature,1,,1,0,40,2021,NA,NA
7/4/21,10:02:00,Flyinge_30_A3,Ischnura_elegans,Mature,1,,1,0,40,2021,NA,NA
7/4/21,10:02:00,Flyinge_30_A3,Ischnura_elegans,Immature,1,,0,0,40,2021,NA,NA
7/4/21,10:02:00,Flyinge_30_A3,Ischnura_elegans,Mature,1,,0,0,40,2021,NA,NA
7/4/21,10:02:00,Flyinge_30_A3,Ischnura_elegans,Teneral,1,,0,0,40,2021,NA,NA
7/4/21,10:02:00,Flyinge_30_A3,Ischnura_elegans,Mature,1,,0,0,40,2021,NA,NA
7/4/21,10:02:00,Flyinge_30_A3,Ischnura_elegans,Mature,1,,0,0,40,2021,NA,NA
7/4/21,10:02:00,Flyinge_30_A3,Ischnura_elegans,Immature,1,,0,0,40,2021,NA,NA
7/4/21,10:02:00,Flyinge_30_A3,Ischnura_elegans,Mature,1,,0,0,40,2021,NA,NA
7/4/21,10:02:00,Flyinge_30_A3,Ischnura_elegans,Immature,1,,0,0,40,2021,NA,NA
7/4/21,10:02:00,Flyinge_30_A3,Ischnura_elegans,Immature,1,,0,0,40,2021,NA,NA
7/4/21,10:02:00,Flyinge_30_A3,Ischnura_elegans,Mature,1,,0,0,40,2021,NA,NA
7/4/21,10:02:00,Flyinge_30_A3,Ischnura_elegans,Immature,1,,0,0,40,2021,NA,NA
7/4/21,10:02:00,Flyinge_30_A3,Ischnura_elegans,Mature,1,,0,0,40,2021,NA,NA
7/4/21,10:02:00,Flyinge_30_A3,Ischnura_elegans,Immature,1,,0,0,40,2021,NA,NA
7/4/21,10:02:00,Flyinge_30_A3,Ischnura_elegans,Mature,1,,0,0,40,2021,NA,NA
7/4/21,10:02:00,Flyinge_30_A3,Ischnura_elegans,Immature,1,,0,0,40,2021,NA,NA
7/4/21,10:02:00,Flyinge_30_A3,Ischnura_elegans,Immature,1,,0,0,40,2021,NA,NA
7/4/21,10:02:00,Flyinge_30_A3,Ischnura_elegans,Immature,1,,0,1,40,2021,NA,NA
7/4/21,10:02:00,Flyinge_30_A3,Ischnura_elegans,Teneral,1,,0,0,40,2021,NA,NA
7/4/21,10:02:00,Flyinge_30_A3,Ischnura_elegans,Teneral,1,,0,0,40,2021,NA,NA
7/4/21,10:02:00,Flyinge_30_A3,Ischnura_elegans,Immature,1,,0,0,40,2021,NA,NA
7/4/21,10:02:00,Flyinge_30_A3,Ischnura_elegans,Teneral,1,,0,0,40,2021,NA,NA
7/4/21,10:02:00,Flyinge_30_A3,Ischnura_elegans,Mature,1,,0,0,40,2021,NA,NA
7/4/21,10:02:00,Flyinge_30_A3,Ischnura_elegans,Mature,1,,0,0,40,2021,NA,NA
7/4/21,10:02:00,Flyinge_30_A3,Ischnura_elegans,Immature,1,,0,0,40,2021,NA,NA
7/4/21,10:02:00,Flyinge_30_A3,Ischnura_elegans,Mature,1,,0,0,40,2021,NA,NA
7/4/21,10:02:00,Flyinge_30_A3,Ischnura_elegans,Immature,1,,0,0,40,2021,NA,NA
7/4/21,10:02:00,Flyinge_30_A3,Ischnura_elegans,Mature,1,,0,0,40,2021,NA,NA
7/4/21,10:02:00,Flyinge_30_A3,Ischnura_elegans,Mature,1,,0,0,40,2021,NA,NA
7/4/21,10:02:00,Flyinge_30_A3,Ischnura_elegans,Immature,1,,0,0,40,2021,NA,NA
7/4/21,10:02:00,Flyinge_30_A3,Ischnura_elegans,Mature,1,,0,0,40,2021,NA,NA
7/4/21,10:02:00,Flyinge_30_A3,Ischnura_elegans,Mature,1,,0,0,40,2021,NA,NA
7/4/21,10:02:00,Flyinge_30_A3,Ischnura_elegans,Immature,1,,0,0,40,2021,NA,NA
7/4/21,10:02:00,Flyinge_30_A3,Ischnura_elegans,Mature,1,,0,0,40,2021,NA,NA
7/4/21,10:02:00,Flyinge_30_A3,Ischnura_elegans,Mature,1,,0,0,40,2021,NA,NA
7/4/21,10:02:00,Flyinge_30_A3,Ischnura_elegans,Mature,1,,0,0,40,2021,NA,NA
7/5/21,11:48:00,Genarp,Ischnura_elegans,Mature,1,,1,0,40,2021,NA,NA
7/5/21,11:48:00,Genarp,Ischnura_elegans,Mature,1,,1,0,40,2021,NA,NA
7/5/21,11:48:00,Genarp,Ischnura_elegans,Mature,1,,0,0,40,2021,NA,NA
7/5/21,11:48:00,Genarp,Ischnura_elegans,Mature,1,,0,6,40,2021,NA,NA
7/5/21,11:48:00,Genarp,Ischnura_elegans,Immature,1,,0,0,40,2021,NA,NA
7/5/21,11:48:00,Genarp,Ischnura_elegans,Immature,1,,0,0,40,2021,NA,NA
7/8/21,10:06:00,IKEA,Ischnura_elegans,Mature,1,,0,0,60,2021,NA,NA
7/8/21,10:06:00,IKEA,Ischnura_elegans,Immature,1,,0,0,60,2021,NA,NA
7/8/21,10:06:00,IKEA,Ischnura_elegans,Mature,1,,0,0,60,2021,NA,NA
7/8/21,10:06:00,IKEA,Ischnura_elegans,Mature,1,,0,0,60,2021,NA,NA
7/8/21,10:06:00,IKEA,Ischnura_elegans,Mature,1,,0,0,60,2021,NA,NA
7/8/21,10:06:00,IKEA,Ischnura_elegans,Mature,1,,0,0,60,2021,NA,NA
7/8/21,11:01:00,Bunkeflostrand,Ischnura_elegans,Mature,1,,0,NA,60,2021,NA,NA
7/8/21,11:01:00,Bunkeflostrand,Ischnura_elegans,Immature,1,,0,0,60,2021,NA,NA
7/8/21,11:01:00,Bunkeflostrand,Ischnura_elegans,Immature,1,,0,0,60,2021,NA,NA
7/8/21,11:01:00,Bunkeflostrand,Ischnura_elegans,Mature,1,,0,0,60,2021,NA,NA
7/8/21,11:01:00,Bunkeflostrand,Ischnura_elegans,Immature,1,,0,1,60,2021,NA,NA
7/8/21,11:01:00,Bunkeflostrand,Ischnura_elegans,Immature,1,,0,0,60,2021,NA,NA
7/8/21,11:01:00,Bunkeflostrand,Ischnura_elegans,Immature,1,,0,0,60,2021,NA,NA
7/8/21,11:01:00,Bunkeflostrand,Ischnura_elegans,Immature,1,,0,0,60,2021,NA,NA
7/8/21,11:01:00,Borgeby,Ischnura_elegans,Mature,1,,1,NA,40,2021,NA,NA
7/8/21,11:01:00,Borgeby,Ischnura_elegans,Mature,1,,0,0,40,2021,NA,NA
7/8/21,11:01:00,Borgeby,Ischnura_elegans,Mature,1,,0,0,40,2021,NA,NA
7/8/21,11:01:00,Borgeby,Ischnura_elegans,Mature,1,,0,NA,40,2021,NA,NA
7/8/21,11:01:00,Borgeby,Ischnura_elegans,Mature,1,,0,0,40,2021,NA,NA
7/8/21,11:01:00,Borgeby,Ischnura_elegans,Mature,1,,0,0,40,2021,NA,NA
7/8/21,11:01:00,Borgeby,Ischnura_elegans,Immature,1,,0,0,40,2021,NA,NA
7/8/21,11:01:00,Borgeby,Ischnura_elegans,Immature,1,,0,0,40,2021,NA,NA
7/8/21,11:01:00,Borgeby,Ischnura_elegans,Mature,1,,0,0,40,2021,NA,NA
7/8/21,11:01:00,Borgeby,Ischnura_elegans,Mature,1,,0,0,40,2021,NA,NA
7/8/21,11:01:00,Borgeby,Ischnura_elegans,Mature,1,,0,0,40,2021,NA,NA
7/8/21,11:01:00,Borgeby,Ischnura_elegans,Mature,1,,0,0,40,2021,NA,NA
7/8/21,11:01:00,Borgeby,Ischnura_elegans,Mature,1,,0,0,40,2021,NA,NA
7/8/21,11:01:00,Flackarp,Ischnura_elegans,Mature,1,,0,0,40,2021,NA,NA
7/8/21,11:01:00,Flackarp,Ischnura_elegans,Immature,1,,0,23,40,2021,NA,NA
7/8/21,11:01:00,Flackarp,Ischnura_elegans,Teneral,1,,0,0,40,2021,NA,NA
7/8/21,11:01:00,Flackarp,Ischnura_elegans,Mature,1,,0,0,40,2021,NA,NA
7/8/21,11:01:00,Flackarp,Ischnura_elegans,Mature,1,,0,0,40,2021,NA,NA
7/8/21,11:01:00,Flackarp,Ischnura_elegans,Teneral,1,,0,0,40,2021,NA,NA
7/8/21,11:01:00,Flackarp,Ischnura_elegans,Mature,1,,0,1,40,2021,NA,NA
7/9/21,10:15:00,Lomma_Kyrkdamm,Ischnura_elegans,Mature,1,,1,0,45,2021,NA,NA
7/9/21,10:15:00,Lomma_Kyrkdamm,Ischnura_elegans,Mature,1,,1,2,45,2021,NA,NA
7/9/21,10:15:00,Lomma_Kyrkdamm,Ischnura_elegans,Mature,1,,0,0,45,2021,NA,NA
7/9/21,10:15:00,Lomma_Kyrkdamm,Ischnura_elegans,Mature,1,,0,0,45,2021,NA,NA
7/9/21,10:15:00,Lomma_Kyrkdamm,Ischnura_elegans,Mature,1,,0,1,45,2021,NA,NA
7/9/21,10:15:00,Lomma_Kyrkdamm,Ischnura_elegans,Immature,1,,0,20,45,2021,NA,NA
7/9/21,10:15:00,Lomma_Kyrkdamm,Ischnura_elegans,Immature,1,,0,2,45,2021,NA,NA
7/9/21,10:15:00,Lomma_Kyrkdamm,Ischnura_elegans,Immature,1,,0,28,45,2021,NA,NA
7/9/21,10:15:00,Lomma_Kyrkdamm,Ischnura_elegans,Immature,1,,0,11,45,2021,NA,NA
7/9/21,10:15:00,Lomma_Kyrkdamm,Ischnura_elegans,Immature,1,,0,10,45,2021,NA,NA
7/9/21,10:15:00,Lomma_Kyrkdamm,Ischnura_elegans,Immature,1,,0,7,45,2021,NA,NA
7/9/21,10:15:00,Lomma_Kyrkdamm,Ischnura_elegans,Mature,1,,0,0,45,2021,NA,NA
7/9/21,10:15:00,Lomma_Kyrkdamm,Ischnura_elegans,Mature,1,,0,52,45,2021,NA,NA
7/9/21,10:15:00,Lomma_Kyrkdamm,Ischnura_elegans,Mature,1,,0,0,45,2021,NA,NA
7/9/21,10:15:00,Lomma_Kyrkdamm,Ischnura_elegans,Mature,1,,0,0,45,2021,NA,NA
7/9/21,10:15:00,Lomma_Kyrkdamm,Ischnura_elegans,Mature,1,,0,0,45,2021,NA,NA
7/9/21,10:15:00,Lomma_Kyrkdamm,Ischnura_elegans,Mature,1,,0,NA,45,2021,NA,NA
7/9/21,10:15:00,Lomma_Kyrkdamm,Ischnura_elegans,Mature,1,,0,0,45,2021,NA,NA
7/9/21,10:15:00,Lomma_Kyrkdamm,Ischnura_elegans,Immature,1,,0,0,45,2021,NA,NA
7/9/21,10:15:00,Lomma_Kyrkdamm,Ischnura_elegans,Mature,1,,0,NA,45,2021,NA,NA
7/9/21,10:15:00,Lomma_Kyrkdamm,Ischnura_elegans,Mature,1,,0,0,45,2021,NA,NA
7/9/21,10:15:00,Lomma_Kyrkdamm,Ischnura_elegans,Immature,1,,0,17,45,2021,NA,NA
7/9/21,10:15:00,Lomma_Kyrkdamm,Ischnura_elegans,Immature,1,,0,6,45,2021,NA,NA
7/9/21,10:15:00,Lomma_Kyrkdamm,Ischnura_elegans,Mature,1,,0,0,45,2021,NA,NA
7/9/21,10:15:00,Lomma_Kyrkdamm,Ischnura_elegans,Mature,1,,0,0,45,2021,NA,NA
7/9/21,10:15:00,Lomma_Kyrkdamm,Ischnura_elegans,Immature,1,,0,4,45,2021,NA,NA
7/9/21,10:15:00,Lomma_Kyrkdamm,Ischnura_elegans,Immature,1,,0,16,45,2021,NA,NA
7/9/21,10:15:00,Lomma_Kyrkdamm,Ischnura_elegans,Mature,1,,0,0,45,2021,NA,NA
7/9/21,10:15:00,Lomma_Kyrkdamm,Ischnura_elegans,Immature,1,,0,0,45,2021,NA,NA
7/9/21,10:15:00,Lomma_Kyrkdamm,Ischnura_elegans,Mature,1,,0,0,45,2021,NA,NA
7/9/21,10:15:00,Lomma_Kyrkdamm,Ischnura_elegans,Immature,1,,0,NA,45,2021,NA,NA
7/9/21,10:15:00,Lomma_Kyrkdamm,Ischnura_elegans,Immature,1,,0,8,45,2021,NA,NA
7/9/21,10:15:00,Lomma_Kyrkdamm,Ischnura_elegans,Immature,1,,0,22,45,2021,NA,NA
7/9/21,10:15:00,Lomma_Kyrkdamm,Ischnura_elegans,Mature,1,,0,1,45,2021,NA,NA
7/9/21,10:15:00,Lomma_Kyrkdamm,Ischnura_elegans,Mature,1,,0,1,45,2021,NA,NA
7/9/21,10:15:00,Lomma_Kyrkdamm,Ischnura_elegans,Mature,1,,0,2,45,2021,NA,NA
7/9/21,10:15:00,Lomma_Kyrkdamm,Ischnura_elegans,Mature,1,,0,3,45,2021,NA,NA
7/9/21,10:15:00,Lomma_Kyrkdamm,Ischnura_elegans,Immature,1,,0,38,45,2021,NA,NA
7/9/21,10:15:00,Lomma_Kyrkdamm,Ischnura_elegans,Mature,1,,0,0,45,2021,NA,NA
7/9/21,10:15:00,Lomma_Kyrkdamm,Ischnura_elegans,Mature,1,,0,0,45,2021,NA,NA
7/9/21,10:15:00,Lomma_Kyrkdamm,Ischnura_elegans,Mature,1,,0,0,45,2021,NA,NA
7/9/21,10:15:00,Habo_Gard,Ischnura_elegans,Mature,1,,0,0,30,2021,NA,NA
7/9/21,10:15:00,Habo_Gard,Ischnura_elegans,Immature,1,,0,0,30,2021,NA,NA
7/11/21,10:34:00,Lunnarp,Ischnura_elegans,Mature,1,,0,0,50,2021,NA,NA
7/11/21,10:34:00,Lunnarp,Ischnura_elegans,Mature,1,,0,0,50,2021,NA,NA
7/11/21,10:34:00,Lunnarp,Ischnura_elegans,Mature,1,,0,0,50,2021,NA,NA
7/11/21,10:34:00,Lunnarp,Ischnura_elegans,Mature,1,,0,0,50,2021,NA,NA
7/11/21,10:34:00,Lunnarp,Ischnura_elegans,Mature,1,,0,0,50,2021,NA,NA
7/11/21,10:34:00,Lunnarp,Ischnura_elegans,Mature,1,,0,0,50,2021,NA,NA
7/11/21,10:34:00,Lunnarp,Ischnura_elegans,Mature,1,,0,0,50,2021,NA,NA
7/11/21,10:34:00,Lunnarp,Ischnura_elegans,Immature,1,,0,0,50,2021,NA,NA
7/11/21,10:34:00,Lunnarp,Ischnura_elegans,Mature,1,,1,0,50,2021,NA,NA
7/11/21,10:34:00,Lunnarp,Ischnura_elegans,Mature,1,,1,0,50,2021,NA,NA
7/11/21,10:34:00,Hoje_A_7,Ischnura_elegans,Mature,1,,1,0,40,2021,NA,NA
7/11/21,10:34:00,Hoje_A_7,Ischnura_elegans,Mature,1,,1,0,40,2021,NA,NA
7/11/21,10:34:00,Hoje_A_7,Ischnura_elegans,Mature,1,,0,0,40,2021,NA,NA
7/11/21,10:34:00,Hoje_A_7,Ischnura_elegans,Mature,1,,1,0,40,2021,NA,NA
7/11/21,10:34:00,Hoje_A_7,Ischnura_elegans,Mature,1,,1,0,40,2021,NA,NA
7/11/21,10:34:00,Hoje_A_7,Ischnura_elegans,Mature,1,,1,5,40,2021,NA,NA
7/11/21,10:34:00,Hoje_A_7,Ischnura_elegans,Mature,1,,0,0,40,2021,NA,NA
7/11/21,10:34:00,Hoje_A_7,Ischnura_elegans,Mature,1,,0,0,40,2021,NA,NA
7/11/21,10:34:00,Hoje_A_7,Ischnura_elegans,Mature,1,,0,0,40,2021,NA,NA
7/11/21,10:34:00,Hoje_A_7,Ischnura_elegans,Mature,1,,0,0,40,2021,NA,NA
7/11/21,10:34:00,Hoje_A_7,Ischnura_elegans,Mature,1,,0,0,40,2021,NA,NA
7/11/21,10:34:00,Hoje_A_7,Ischnura_elegans,Mature,1,,0,0,40,2021,NA,NA
7/11/21,10:34:00,Hoje_A_7,Ischnura_elegans,Mature,1,,0,0,40,2021,NA,NA
7/11/21,10:34:00,Hoje_A_7,Ischnura_elegans,Mature,1,,0,0,40,2021,NA,NA
7/11/21,10:34:00,Hoje_A_7,Ischnura_elegans,Teneral,1,,0,0,40,2021,NA,NA
7/11/21,10:34:00,Hoje_A_7,Ischnura_elegans,Immature,1,,0,0,40,2021,NA,NA
7/11/21,10:34:00,Hoje_A_7,Ischnura_elegans,Mature,1,,0,0,40,2021,NA,NA
7/11/21,10:34:00,Hoje_A_7,Ischnura_elegans,Mature,1,,0,0,40,2021,NA,NA
7/11/21,10:34:00,Hoje_A_7,Ischnura_elegans,Immature,1,,0,0,40,2021,NA,NA
7/11/21,10:34:00,Rabydammen,Ischnura_elegans,Mature,1,,1,0,40,2021,NA,NA
7/11/21,10:34:00,Rabydammen,Ischnura_elegans,Mature,1,,1,0,40,2021,NA,NA
7/11/21,10:34:00,Rabydammen,Ischnura_elegans,Mature,1,,1,NA,40,2021,NA,NA
7/11/21,10:34:00,Rabydammen,Ischnura_elegans,Mature,1,,1,0,40,2021,NA,NA
7/11/21,10:34:00,Rabydammen,Ischnura_elegans,Mature,1,,1,0,40,2021,NA,NA
7/11/21,10:34:00,Rabydammen,Ischnura_elegans,Mature,1,,1,1,40,2021,NA,NA
7/11/21,10:34:00,Rabydammen,Ischnura_elegans,Mature,1,,1,0,40,2021,NA,NA
7/11/21,10:34:00,Rabydammen,Ischnura_elegans,Mature,1,,1,0,40,2021,NA,NA
7/11/21,10:34:00,Rabydammen,Ischnura_elegans,Mature,1,,1,0,40,2021,NA,NA
7/11/21,10:34:00,Rabydammen,Ischnura_elegans,Mature,1,,1,0,40,2021,NA,NA
7/11/21,10:34:00,Rabydammen,Ischnura_elegans,Mature,1,,0,0,40,2021,NA,NA
7/11/21,10:34:00,Rabydammen,Ischnura_elegans,Mature,1,,0,0,40,2021,NA,NA
7/11/21,10:34:00,Rabydammen,Ischnura_elegans,Mature,1,,0,0,40,2021,NA,NA
7/11/21,10:34:00,Rabydammen,Ischnura_elegans,Immature,1,,0,0,40,2021,NA,NA
7/11/21,10:34:00,Rabydammen,Ischnura_elegans,Immature,1,,0,0,40,2021,NA,NA
7/11/21,10:34:00,Rabydammen,Ischnura_elegans,Immature,1,,0,24,40,2021,NA,NA
7/11/21,10:34:00,Rabydammen,Ischnura_elegans,Mature,1,,0,5,40,2021,NA,NA
7/11/21,10:34:00,Rabydammen,Ischnura_elegans,Mature,1,,0,0,40,2021,NA,NA
7/11/21,10:34:00,Rabydammen,Ischnura_elegans,Mature,1,,0,0,40,2021,NA,NA
7/11/21,10:34:00,Rabydammen,Ischnura_elegans,Mature,1,,0,0,40,2021,NA,NA
7/11/21,10:34:00,Rabydammen,Ischnura_elegans,Mature,1,,0,0,40,2021,NA,NA
7/11/21,10:34:00,Rabydammen,Ischnura_elegans,Mature,1,,0,0,40,2021,NA,NA
7/11/21,10:34:00,Rabydammen,Ischnura_elegans,Immature,1,,0,0,40,2021,NA,NA
7/11/21,10:34:00,Rabydammen,Ischnura_elegans,Mature,1,,0,0,40,2021,NA,NA
7/11/21,10:34:00,Rabydammen,Ischnura_elegans,Immature,1,,0,10,40,2021,NA,NA
7/11/21,10:34:00,Rabydammen,Ischnura_elegans,Immature,1,,0,14,40,2021,NA,NA
7/11/21,10:34:00,Rabydammen,Ischnura_elegans,Mature,1,,0,0,40,2021,NA,NA
7/11/21,10:34:00,Rabydammen,Ischnura_elegans,Mature,1,,0,0,40,2021,NA,NA
7/11/21,10:34:00,Rabydammen,Ischnura_elegans,Immature,1,,0,19,40,2021,NA,NA
7/11/21,10:34:00,Rabydammen,Ischnura_elegans,Immature,1,,0,5,40,2021,NA,NA
7/11/21,10:34:00,Rabydammen,Ischnura_elegans,Mature,1,,0,0,40,2021,NA,NA
7/11/21,10:34:00,Rabydammen,Ischnura_elegans,Immature,1,,0,0,40,2021,NA,NA
7/11/21,10:34:00,Rabydammen,Ischnura_elegans,Immature,1,,0,4,40,2021,NA,NA
7/11/21,10:34:00,Rabydammen,Ischnura_elegans,Immature,1,,0,7,40,2021,NA,NA
7/12/21,10:25:00,Vombs_Vattenverk,Ischnura_elegans,Mature,1,,1,0,30,2021,NA,NA
7/12/21,10:25:00,Vombs_Vattenverk,Ischnura_elegans,Mature,1,,1,0,30,2021,NA,NA
7/12/21,10:25:00,Vombs_Vattenverk,Ischnura_elegans,Mature,1,,1,0,30,2021,NA,NA
7/12/21,10:25:00,Vombs_Vattenverk,Ischnura_elegans,Mature,1,,1,0,30,2021,NA,NA
7/12/21,10:25:00,Vombs_Vattenverk,Ischnura_elegans,Mature,1,,1,2,30,2021,NA,NA
7/12/21,10:25:00,Vombs_Vattenverk,Ischnura_elegans,Mature,1,,1,0,30,2021,NA,NA
7/12/21,10:25:00,Vombs_Vattenverk,Ischnura_elegans,Mature,1,,1,0,30,2021,NA,NA
7/12/21,10:25:00,Vombs_Vattenverk,Ischnura_elegans,Mature,1,,1,0,30,2021,NA,NA
7/12/21,10:25:00,Vombs_Vattenverk,Ischnura_elegans,Mature,1,,1,0,30,2021,NA,NA
7/12/21,10:25:00,Vombs_Vattenverk,Ischnura_elegans,Mature,1,,1,0,30,2021,NA,NA
7/12/21,10:25:00,Vombs_Vattenverk,Ischnura_elegans,Mature,1,,1,1,30,2021,NA,NA
7/12/21,10:25:00,Vombs_Vattenverk,Ischnura_elegans,Mature,1,,1,0,30,2021,NA,NA
7/12/21,10:25:00,Vombs_Vattenverk,Ischnura_elegans,Mature,1,,1,0,30,2021,NA,NA
7/12/21,10:25:00,Vombs_Vattenverk,Ischnura_elegans,Mature,1,,1,0,30,2021,NA,NA
7/12/21,10:25:00,Vombs_Vattenverk,Ischnura_elegans,Mature,1,,1,0,30,2021,NA,NA
7/12/21,10:25:00,Vombs_Vattenverk,Ischnura_elegans,Mature,1,,1,0,30,2021,NA,NA
7/12/21,10:25:00,Vombs_Vattenverk,Ischnura_elegans,Mature,1,,0,0,30,2021,NA,NA
7/12/21,10:25:00,Vombs_Vattenverk,Ischnura_elegans,Mature,1,,0,0,30,2021,NA,NA
7/12/21,10:25:00,Vombs_Vattenverk,Ischnura_elegans,Mature,1,,0,0,30,2021,NA,NA
7/12/21,10:25:00,Vombs_Vattenverk,Ischnura_elegans,Mature,1,,0,0,30,2021,NA,NA
7/12/21,10:25:00,Vombs_Vattenverk,Ischnura_elegans,Immature,1,,0,1,30,2021,NA,NA
7/12/21,10:25:00,Vombs_Vattenverk,Ischnura_elegans,Mature,1,,0,0,30,2021,NA,NA
7/12/21,10:25:00,Vombs_Vattenverk,Ischnura_elegans,Mature,1,,0,NA,30,2021,NA,NA
7/12/21,10:25:00,Vombs_Vattenverk,Ischnura_elegans,Mature,1,,0,0,30,2021,NA,NA
7/12/21,10:25:00,Vombs_Vattenverk,Ischnura_elegans,Immature,1,,0,2,30,2021,NA,NA
7/12/21,10:25:00,Vombs_Vattenverk,Ischnura_elegans,Mature,1,,0,0,30,2021,NA,NA
7/12/21,10:25:00,Vombs_Vattenverk,Ischnura_elegans,Immature,1,,0,0,30,2021,NA,NA
7/12/21,10:25:00,Vombs_Vattenverk,Ischnura_elegans,Mature,1,,0,1,30,2021,NA,NA
7/12/21,10:25:00,Vombs_Vattenverk,Ischnura_elegans,Mature,1,,0,1,30,2021,NA,NA
7/12/21,10:25:00,Vombs_Vattenverk,Ischnura_elegans,Mature,1,,0,0,30,2021,NA,NA
7/12/21,10:25:00,Gunnesbo,Ischnura_elegans,Mature,1,,1,0,45,2021,NA,NA
7/12/21,10:25:00,Gunnesbo,Ischnura_elegans,Immature,1,,0,0,45,2021,NA,NA
7/12/21,10:25:00,Gunnesbo,Ischnura_elegans,Mature,1,,0,0,45,2021,NA,NA
7/12/21,10:25:00,Gunnesbo,Ischnura_elegans,Teneral,1,,0,0,45,2021,NA,NA
7/12/21,10:25:00,Gunnesbo,Ischnura_elegans,Immature,1,,0,0,45,2021,NA,NA
7/13/21,14:44:00,Sovdemolla,Ischnura_elegans,Mature,1,,0,0,45,2021,NA,NA
7/13/21,14:44:00,Sovdemolla,Ischnura_elegans,Mature,1,,0,0,45,2021,NA,NA
7/13/21,14:44:00,Sovdemolla,Ischnura_elegans,Mature,1,,0,0,45,2021,NA,NA
7/13/21,14:44:00,Sovdemolla,Ischnura_elegans,Mature,1,,0,0,45,2021,NA,NA
7/13/21,15:58:00,Ilstorp,Ischnura_elegans,Mature,1,,1,0,45,2021,NA,NA
7/13/21,15:58:00,Ilstorp,Ischnura_elegans,Mature,1,,1,2,45,2021,NA,NA
7/13/21,15:58:00,Ilstorp,Ischnura_elegans,Mature,1,,1,4,45,2021,NA,NA
7/13/21,15:58:00,Ilstorp,Ischnura_elegans,Mature,1,,0,0,45,2021,NA,NA
7/13/21,15:58:00,Ilstorp,Ischnura_elegans,Mature,1,,0,1,45,2021,NA,NA
7/15/21,9:41:00,Flyinge_30_A1,Ischnura_elegans,Immature,1,,0,0,40,2021,NA,NA
7/15/21,9:41:00,Flyinge_30_A1,Ischnura_elegans,Mature,1,,0,0,40,2021,NA,NA
7/15/21,9:41:00,Flyinge_30_A1,Ischnura_elegans,Mature,1,,0,0,40,2021,NA,NA
7/15/21,9:41:00,Flyinge_30_A1,Ischnura_elegans,Teneral,1,,0,0,40,2021,NA,NA
7/15/21,9:41:00,Flyinge_30_A3,Ischnura_elegans,Mature,1,,0,0,40,2021,NA,NA
7/15/21,9:41:00,Flyinge_30_A3,Ischnura_elegans,Mature,1,,0,0,40,2021,NA,NA
7/15/21,9:41:00,Flyinge_30_A3,Ischnura_elegans,Mature,1,,0,0,40,2021,NA,NA
7/15/21,9:41:00,Flyinge_30_A3,Ischnura_elegans,Mature,1,,0,0,40,2021,NA,NA
7/15/21,9:41:00,Flyinge_30_A3,Ischnura_elegans,Mature,1,,0,0,40,2021,NA,NA
7/15/21,9:41:00,Flyinge_30_A3,Ischnura_elegans,Mature,1,,0,1,40,2021,NA,NA
7/15/21,9:41:00,Flyinge_30_A3,Ischnura_elegans,Mature,1,,0,0,40,2021,NA,NA
7/15/21,9:41:00,Flyinge_30_A3,Ischnura_elegans,Mature,1,,0,0,40,2021,NA,NA
7/15/21,9:41:00,Flyinge_30_A3,Ischnura_elegans,Mature,1,,0,0,40,2021,NA,NA
7/16/21,10:06:00,Hoje_A_14,Ischnura_elegans,Mature,1,,1,0,45,2021,NA,NA
7/16/21,10:06:00,Hoje_A_14,Ischnura_elegans,Mature,1,,1,0,45,2021,NA,NA
7/16/21,10:06:00,Hoje_A_14,Ischnura_elegans,Mature,1,,1,0,45,2021,NA,NA
7/16/21,10:06:00,Hoje_A_14,Ischnura_elegans,Mature,1,,1,0,45,2021,NA,NA
7/16/21,10:06:00,Hoje_A_14,Ischnura_elegans,Mature,1,,1,0,45,2021,NA,NA
7/16/21,10:06:00,Hoje_A_14,Ischnura_elegans,Mature,1,,1,0,45,2021,NA,NA
7/16/21,10:06:00,Hoje_A_14,Ischnura_elegans,Mature,1,,1,0,45,2021,NA,NA
7/16/21,10:06:00,Hoje_A_14,Ischnura_elegans,Mature,1,,1,0,45,2021,NA,NA
7/16/21,10:06:00,Hoje_A_14,Ischnura_elegans,Mature,1,,1,0,45,2021,NA,NA
7/16/21,10:06:00,Hoje_A_14,Ischnura_elegans,Mature,1,,1,0,45,2021,NA,NA
7/16/21,10:06:00,Hoje_A_14,Ischnura_elegans,Mature,1,,1,0,45,2021,NA,NA
7/16/21,10:06:00,Hoje_A_14,Ischnura_elegans,Mature,1,,1,0,45,2021,NA,NA
7/16/21,10:06:00,Hoje_A_14,Ischnura_elegans,Mature,1,,1,0,45,2021,NA,NA
7/16/21,10:06:00,Hoje_A_14,Ischnura_elegans,Mature,1,,1,0,45,2021,NA,NA
7/16/21,10:06:00,Hoje_A_14,Ischnura_elegans,Mature,1,,0,0,45,2021,NA,NA
7/16/21,10:06:00,Hoje_A_14,Ischnura_elegans,Immature,1,,0,0,45,2021,NA,NA
7/16/21,10:06:00,Hoje_A_14,Ischnura_elegans,Mature,1,,0,0,45,2021,NA,NA
7/16/21,10:06:00,Hoje_A_14,Ischnura_elegans,Mature,1,,0,0,45,2021,NA,NA
7/16/21,11:45:00,Hoje_A_6,Ischnura_elegans,Mature,1,,0,0,45,2021,NA,NA
7/16/21,11:45:00,Hoje_A_6,Ischnura_elegans,Mature,1,,0,0,45,2021,NA,NA
7/16/21,11:45:00,Hoje_A_6,Ischnura_elegans,Mature,1,,0,NA,45,2021,NA,NA
7/16/21,11:45:00,Hoje_A_6,Ischnura_elegans,Mature,1,,0,0,45,2021,NA,NA
7/16/21,11:45:00,Hoje_A_6,Ischnura_elegans,Mature,1,,0,0,45,2021,NA,NA
7/16/21,11:45:00,Hoje_A_6,Ischnura_elegans,Mature,1,,0,0,45,2021,NA,NA
7/16/21,11:45:00,Hoje_A_6,Ischnura_elegans,Mature,1,,1,0,45,2021,NA,NA
7/17/21,10:00:00,Borgeby,Ischnura_elegans,Mature,1,,0,0,40,2021,NA,NA
7/17/21,10:00:00,Borgeby,Ischnura_elegans,Mature,1,,0,0,40,2021,NA,NA
7/17/21,10:00:00,Borgeby,Ischnura_elegans,Mature,1,,0,0,40,2021,NA,NA
7/17/21,10:00:00,Borgeby,Ischnura_elegans,Mature,1,,0,0,40,2021,NA,NA
7/17/21,10:00:00,Borgeby,Ischnura_elegans,Mature,1,,0,NA,40,2021,NA,NA
7/17/21,10:00:00,Borgeby,Ischnura_elegans,Mature,1,,0,0,40,2021,NA,NA
7/17/21,10:00:00,Borgeby,Ischnura_elegans,Mature,1,,0,0,40,2021,NA,NA
7/17/21,10:00:00,Borgeby,Ischnura_elegans,Mature,1,,0,0,40,2021,NA,NA
7/17/21,10:00:00,Borgeby,Ischnura_elegans,Mature,1,,0,NA,40,2021,NA,NA
7/17/21,10:00:00,Borgeby,Ischnura_elegans,Mature,1,,0,0,40,2021,NA,NA
7/17/21,10:00:00,Borgeby,Ischnura_elegans,Mature,1,,0,0,40,2021,NA,NA
7/17/21,10:00:00,Borgeby,Ischnura_elegans,Mature,1,,0,0,40,2021,NA,NA
7/17/21,10:00:00,Borgeby,Ischnura_elegans,Mature,1,,0,0,40,2021,NA,NA
7/17/21,10:00:00,Borgeby,Ischnura_elegans,Mature,1,,0,0,40,2021,NA,NA
7/17/21,10:00:00,Borgeby,Ischnura_elegans,Mature,1,,0,0,40,2021,NA,NA
7/17/21,10:00:00,Borgeby,Ischnura_elegans,Mature,1,,0,0,40,2021,NA,NA
7/17/21,10:00:00,Borgeby,Ischnura_elegans,Mature,1,,0,0,40,2021,NA,NA
7/17/21,10:00:00,Borgeby,Ischnura_elegans,Immature,1,,0,0,40,2021,NA,NA
7/17/21,10:00:00,Borgeby,Ischnura_elegans,Immature,1,,0,0,40,2021,NA,NA
7/17/21,10:00:00,Borgeby,Ischnura_elegans,Mature,1,,0,0,40,2021,NA,NA
7/17/21,10:00:00,Borgeby,Ischnura_elegans,Mature,1,,0,0,40,2021,NA,NA
7/17/21,10:00:00,Borgeby,Ischnura_elegans,Mature,1,,0,0,40,2021,NA,NA
7/17/21,10:00:00,Borgeby,Ischnura_elegans,Mature,1,,0,0,40,2021,NA,NA
7/17/21,10:00:00,Borgeby,Ischnura_elegans,Mature,1,,0,0,40,2021,NA,NA
7/17/21,10:00:00,Borgeby,Ischnura_elegans,Mature,1,,0,0,40,2021,NA,NA
7/17/21,10:00:00,Borgeby,Ischnura_elegans,Immature,1,,0,3,40,2021,NA,NA
7/17/21,10:00:00,Borgeby,Ischnura_elegans,Mature,1,,1,0,40,2021,NA,NA
7/17/21,10:00:00,Borgeby,Ischnura_elegans,Mature,1,,1,0,40,2021,NA,NA
7/17/21,10:00:00,Borgeby,Ischnura_elegans,Mature,1,,1,0,40,2021,NA,NA
7/19/21,10:20:00,IKEA,Ischnura_elegans,Mature,1,,0,0,40,2021,NA,NA
7/15/21,15:00:00,Krutladan,Ischnura_elegans,Mature,1,,1,0,40,2021,NA,NA
7/15/21,15:00:00,Krutladan,Ischnura_elegans,Mature,1,,1,0,40,2021,NA,NA
7/15/21,15:00:00,Krutladan,Ischnura_elegans,Mature,1,,0,0,40,2021,NA,NA
7/15/21,15:00:00,Krutladan,Ischnura_elegans,Immature,1,,0,0,40,2021,NA,NA
7/19/21,10:20:00,Bunkeflostrand,Ischnura_elegans,Mature,1,,1,0,60,2021,NA,NA
7/19/21,10:20:00,Bunkeflostrand,Ischnura_elegans,Immature,1,,1,0,60,2021,NA,NA
7/19/21,10:20:00,Bunkeflostrand,Ischnura_elegans,Mature,1,,1,0,60,2021,NA,NA
7/19/21,10:20:00,Bunkeflostrand,Ischnura_elegans,Mature,1,,1,0,60,2021,NA,NA
7/19/21,10:20:00,Bunkeflostrand,Ischnura_elegans,Mature,1,,1,NA,60,2021,NA,NA
7/19/21,10:20:00,Bunkeflostrand,Ischnura_elegans,Mature,1,,0,0,60,2021,NA,NA
7/19/21,10:20:00,Bunkeflostrand,Ischnura_elegans,Mature,1,,0,0,60,2021,NA,NA
7/19/21,10:20:00,Bunkeflostrand,Ischnura_elegans,Immature,1,,0,0,60,2021,NA,NA
7/19/21,10:20:00,Bunkeflostrand,Ischnura_elegans,Immature,1,,0,0,60,2021,NA,NA
7/19/21,10:20:00,Bunkeflostrand,Ischnura_elegans,Immature,1,,0,3,60,2021,NA,NA
7/19/21,10:20:00,Bunkeflostrand,Ischnura_elegans,Mature,1,,0,0,60,2021,NA,NA
7/19/21,10:20:00,Bunkeflostrand,Ischnura_elegans,Mature,1,,0,0,60,2021,NA,NA
7/19/21,10:20:00,Bunkeflostrand,Ischnura_elegans,Mature,1,,0,0,60,2021,NA,NA
7/19/21,10:20:00,Bunkeflostrand,Ischnura_elegans,Immature,1,,0,0,60,2021,NA,NA
7/19/21,10:20:00,Bunkeflostrand,Ischnura_elegans,Teneral,1,,0,1,60,2021,NA,NA
7/19/21,10:20:00,Bunkeflostrand,Ischnura_elegans,Mature,1,,0,0,60,2021,NA,NA
7/19/21,10:20:00,Bunkeflostrand,Ischnura_elegans,Immature,1,,0,0,60,2021,NA,NA
7/19/21,10:20:00,Bunkeflostrand,Ischnura_elegans,Mature,1,,0,1,60,2021,NA,NA
7/19/21,10:20:00,Bunkeflostrand,Ischnura_elegans,Immature,1,,0,0,60,2021,NA,NA
7/19/21,10:20:00,Bunkeflostrand,Ischnura_elegans,Mature,1,,0,0,60,2021,NA,NA
7/19/21,10:20:00,Bunkeflostrand,Ischnura_elegans,Immature,1,,0,1,60,2021,NA,NA
7/19/21,15:07:00,Flackarp,Ischnura_elegans,Mature,1,,1,0,40,2021,NA,NA
7/19/21,15:07:00,Flackarp,Ischnura_elegans,Mature,1,,0,0,40,2021,NA,NA
7/19/21,15:07:00,Flackarp,Ischnura_elegans,Mature,1,,0,0,40,2021,NA,NA
7/19/21,15:07:00,Flackarp,Ischnura_elegans,Mature,1,,0,1,40,2021,NA,NA
7/19/21,15:07:00,Flackarp,Ischnura_elegans,Mature,1,,0,0,40,2021,NA,NA
7/19/21,15:07:00,Flackarp,Ischnura_elegans,Mature,1,,0,0,40,2021,NA,NA
7/19/21,15:07:00,Flackarp,Ischnura_elegans,Mature,1,,0,0,40,2021,NA,NA
7/19/21,15:07:00,Flackarp,Ischnura_elegans,Mature,1,,0,0,40,2021,NA,NA
7/19/21,15:07:00,Flackarp,Ischnura_elegans,Mature,1,,0,0,40,2021,NA,NA
7/19/21,15:07:00,Flackarp,Ischnura_elegans,Mature,1,,0,0,40,2021,NA,NA
7/19/21,15:07:00,Flackarp,Ischnura_elegans,Mature,1,,0,1,40,2021,NA,NA
7/19/21,15:07:00,Flackarp,Ischnura_elegans,Mature,1,,0,0,40,2021,NA,NA
7/19/21,15:07:00,Flackarp,Ischnura_elegans,Mature,1,,0,0,40,2021,NA,NA
7/19/21,15:07:00,Flackarp,Ischnura_elegans,Immature,1,,0,0,40,2021,NA,NA
7/20/21,10:23:00,Rabydammen,Ischnura_elegans,Mature,1,,0,0,40,2021,NA,NA
7/20/21,10:23:00,Rabydammen,Ischnura_elegans,Mature,1,,0,0,40,2021,NA,NA
7/20/21,10:23:00,Rabydammen,Ischnura_elegans,Mature,1,,0,3,40,2021,NA,NA
7/20/21,10:23:00,Rabydammen,Ischnura_elegans,Immature,1,,0,0,40,2021,NA,NA
7/20/21,10:23:00,Rabydammen,Ischnura_elegans,Immature,1,,0,0,40,2021,NA,NA
7/20/21,10:23:00,Rabydammen,Ischnura_elegans,Mature,1,,0,11,40,2021,NA,NA
7/20/21,10:23:00,Rabydammen,Ischnura_elegans,Immature,1,,0,0,40,2021,NA,NA
7/20/21,10:23:00,Rabydammen,Ischnura_elegans,Immature,1,,0,9,40,2021,NA,NA
7/20/21,10:23:00,Rabydammen,Ischnura_elegans,Immature,1,,0,16,40,2021,NA,NA
7/20/21,10:23:00,Rabydammen,Ischnura_elegans,NA,1,,0,NA,40,2021,NA,NA
7/20/21,10:23:00,Rabydammen,Ischnura_elegans,Immature,1,,0,28,40,2021,NA,NA
7/20/21,10:23:00,Rabydammen,Ischnura_elegans,Mature,1,,0,1,40,2021,NA,NA
7/20/21,10:23:00,Rabydammen,Ischnura_elegans,Immature,1,,0,23,40,2021,NA,NA
7/20/21,10:23:00,Rabydammen,Ischnura_elegans,Mature,1,,0,0,40,2021,NA,NA
7/20/21,10:23:00,Rabydammen,Ischnura_elegans,Immature,1,,0,2,40,2021,NA,NA
7/20/21,10:23:00,Rabydammen,Ischnura_elegans,Immature,1,,0,0,40,2021,NA,NA
7/20/21,10:23:00,Rabydammen,Ischnura_elegans,Immature,1,,0,18,40,2021,NA,NA
7/20/21,10:23:00,Rabydammen,Ischnura_elegans,Immature,1,,0,7,40,2021,NA,NA
7/20/21,10:23:00,Rabydammen,Ischnura_elegans,Teneral,1,,0,0,40,2021,NA,NA
7/20/21,10:23:00,Rabydammen,Ischnura_elegans,Mature,1,,0,0,40,2021,NA,NA
7/20/21,10:23:00,Rabydammen,Ischnura_elegans,Mature,1,,0,0,40,2021,NA,NA
7/20/21,10:23:00,Rabydammen,Ischnura_elegans,Mature,1,,0,0,40,2021,NA,NA
7/20/21,10:23:00,Rabydammen,Ischnura_elegans,Immature,1,,0,NA,40,2021,NA,NA
7/20/21,10:23:00,Rabydammen,Ischnura_elegans,Mature,1,,0,0,40,2021,NA,NA
7/20/21,10:23:00,Rabydammen,Ischnura_elegans,Mature,1,,0,0,40,2021,NA,NA
7/20/21,10:23:00,Rabydammen,Ischnura_elegans,Immature,1,,0,0,40,2021,NA,NA
7/20/21,10:23:00,Rabydammen,Ischnura_elegans,Mature,1,,0,0,40,2021,NA,NA
7/20/21,10:23:00,Rabydammen,Ischnura_elegans,Mature,1,,0,0,40,2021,NA,NA
7/20/21,10:23:00,Rabydammen,Ischnura_elegans,Mature,1,,0,0,40,2021,NA,NA
7/20/21,11:45:00,Hoje_A_7,Ischnura_elegans,Mature,1,,0,0,40,2021,NA,NA
7/20/21,11:45:00,Hoje_A_7,Ischnura_elegans,Mature,1,,0,0,40,2021,NA,NA
7/20/21,11:45:00,Hoje_A_7,Ischnura_elegans,Mature,1,,0,0,40,2021,NA,NA
7/20/21,11:45:00,Hoje_A_7,Ischnura_elegans,Mature,1,,0,0,40,2021,NA,NA
7/20/21,11:45:00,Hoje_A_7,Ischnura_elegans,Mature,1,,0,0,40,2021,NA,NA
7/20/21,11:45:00,Hoje_A_7,Ischnura_elegans,Mature,1,,0,0,40,2021,NA,NA
7/20/21,11:45:00,Hoje_A_7,Ischnura_elegans,Immature,1,,0,0,40,2021,NA,NA
7/20/21,11:45:00,Hoje_A_7,Ischnura_elegans,Mature,1,,0,0,40,2021,NA,NA
7/20/21,11:45:00,Hoje_A_7,Ischnura_elegans,Mature,1,,0,0,40,2021,NA,NA
7/20/21,11:45:00,Hoje_A_7,Ischnura_elegans,Mature,1,,0,0,40,2021,NA,NA
7/20/21,11:45:00,Hoje_A_7,Ischnura_elegans,Mature,1,,1,0,40,2021,NA,NA
7/20/21,14:48:00,Gunnesbo,Ischnura_elegans,Mature,1,,0,0,45,2021,NA,NA
7/20/21,14:48:00,Gunnesbo,Ischnura_elegans,Mature,1,,0,0,45,2021,NA,NA
7/20/21,14:48:00,Gunnesbo,Ischnura_elegans,Mature,1,,0,0,45,2021,NA,NA
7/20/21,14:48:00,Gunnesbo,Ischnura_elegans,Mature,1,,0,0,45,2021,NA,NA
7/20/21,14:48:00,Gunnesbo,Ischnura_elegans,Mature,1,,0,0,45,2021,NA,NA
7/20/21,14:48:00,Gunnesbo,Ischnura_elegans,Mature,1,,0,0,45,2021,NA,NA
7/20/21,14:48:00,Gunnesbo,Ischnura_elegans,Mature,1,,0,0,45,2021,NA,NA
7/20/21,14:48:00,Gunnesbo,Ischnura_elegans,Mature,1,,0,NA,45,2021,NA,NA
7/20/21,14:48:00,Gunnesbo,Ischnura_elegans,Mature,1,,0,NA,45,2021,NA,NA
7/20/21,14:48:00,Gunnesbo,Ischnura_elegans,Immature,1,,0,0,45,2021,NA,NA
7/20/21,14:48:00,Gunnesbo,Ischnura_elegans,Mature,1,,0,2,45,2021,NA,NA
7/20/21,14:48:00,Gunnesbo,Ischnura_elegans,Mature,1,,0,0,45,2021,NA,NA
7/20/21,14:48:00,Gunnesbo,Ischnura_elegans,Mature,1,,0,0,45,2021,NA,NA
7/20/21,14:48:00,Gunnesbo,Ischnura_elegans,Mature,1,,0,0,45,2021,NA,NA
7/20/21,14:48:00,Gunnesbo,Ischnura_elegans,Immature,1,,0,0,45,2021,NA,NA
7/20/21,14:48:00,Gunnesbo,Ischnura_elegans,Mature,1,,0,0,45,2021,NA,NA
7/20/21,14:48:00,Gunnesbo,Ischnura_elegans,Mature,1,,0,0,45,2021,NA,NA
7/20/21,14:48:00,Gunnesbo,Ischnura_elegans,Immature,1,,0,0,45,2021,NA,NA
7/20/21,14:48:00,Gunnesbo,Ischnura_elegans,Immature,1,,0,0,45,2021,NA,NA
7/20/21,14:48:00,Gunnesbo,Ischnura_elegans,Mature,1,,0,0,45,2021,NA,NA
7/20/21,14:48:00,Gunnesbo,Ischnura_elegans,Mature,1,,1,0,45,2021,NA,NA
7/20/21,14:48:00,Gunnesbo,Ischnura_elegans,Mature,1,,1,0,45,2021,NA,NA
7/20/21,14:48:00,Gunnesbo,Ischnura_elegans,Mature,1,,1,0,45,2021,NA,NA
7/20/21,14:48:00,Gunnesbo,Ischnura_elegans,Mature,1,,1,0,45,2021,NA,NA
7/20/21,14:48:00,Gunnesbo,Ischnura_elegans,Mature,1,,1,0,45,2021,NA,NA
7/20/21,14:48:00,Gunnesbo,Ischnura_elegans,Mature,1,,1,0,45,2021,NA,NA
7/20/21,16:01:00,Lunnarp,Ischnura_elegans,Immature,1,,0,0,45,2021,NA,NA
7/20/21,16:01:00,Lunnarp,Ischnura_elegans,Mature,1,,0,0,45,2021,NA,NA
7/20/21,16:01:00,Lunnarp,Ischnura_elegans,Mature,1,,0,0,45,2021,NA,NA
7/20/21,16:01:00,Lunnarp,Ischnura_elegans,Immature,1,,0,0,45,2021,NA,NA
7/20/21,16:01:00,Lunnarp,Ischnura_elegans,Immature,1,,0,0,45,2021,NA,NA
7/20/21,16:01:00,Lunnarp,Ischnura_elegans,Mature,1,,0,0,45,2021,NA,NA
7/20/21,16:01:00,Lunnarp,Ischnura_elegans,Mature,1,,0,0,45,2021,NA,NA
7/20/21,16:01:00,Lunnarp,Ischnura_elegans,Mature,1,,0,0,45,2021,NA,NA
7/20/21,16:01:00,Lunnarp,Ischnura_elegans,Immature,1,,0,0,45,2021,NA,NA
7/20/21,16:01:00,Lunnarp,Ischnura_elegans,Immature,1,,0,0,45,2021,NA,NA
7/20/21,16:01:00,Lunnarp,Ischnura_elegans,Mature,1,,0,0,45,2021,NA,NA
7/20/21,16:01:00,Lunnarp,Ischnura_elegans,Mature,1,,0,0,45,2021,NA,NA
7/21/21,10:29:00,Ilstorp,Ischnura_elegans,Mature,1,,0,0,40,2021,NA,NA
7/21/21,10:29:00,Ilstorp,Ischnura_elegans,Mature,1,,0,0,40,2021,NA,NA
7/21/21,10:29:00,Ilstorp,Ischnura_elegans,Mature,1,,0,0,40,2021,NA,NA
7/21/21,14:37:00,Lomma_Kyrkdamm,Ischnura_elegans,Mature,1,,1,2,50,2021,NA,NA
7/21/21,14:37:00,Lomma_Kyrkdamm,Ischnura_elegans,Mature,1,,1,0,50,2021,NA,NA
7/21/21,14:37:00,Lomma_Kyrkdamm,Ischnura_elegans,Mature,1,,0,0,50,2021,NA,NA
7/21/21,14:37:00,Lomma_Kyrkdamm,Ischnura_elegans,Mature,1,,0,NA,50,2021,NA,NA
7/21/21,14:37:00,Lomma_Kyrkdamm,Ischnura_elegans,Mature,1,,0,0,50,2021,NA,NA
7/21/21,14:37:00,Lomma_Kyrkdamm,Ischnura_elegans,Mature,1,,0,0,50,2021,NA,NA
7/21/21,14:37:00,Lomma_Kyrkdamm,Ischnura_elegans,Teneral,1,,0,0,50,2021,NA,NA
7/21/21,14:37:00,Lomma_Kyrkdamm,Ischnura_elegans,Mature,1,,0,0,50,2021,NA,NA
7/21/21,14:37:00,Lomma_Kyrkdamm,Ischnura_elegans,Mature,1,,0,0,50,2021,NA,NA
7/21/21,14:37:00,Lomma_Kyrkdamm,Ischnura_elegans,Mature,1,,0,0,50,2021,NA,NA
7/21/21,14:37:00,Lomma_Kyrkdamm,Ischnura_elegans,Immature,1,,0,0,50,2021,NA,NA
7/21/21,15:59:00,Habo_Gard,Ischnura_elegans,Mature,1,,0,0,50,2021,NA,NA
7/21/21,15:59:00,Habo_Gard,Ischnura_elegans,Mature,1,,0,0,50,2021,NA,NA
7/21/21,15:59:00,Habo_Gard,Ischnura_elegans,Mature,1,,0,0,50,2021,NA,NA
7/21/21,15:59:00,Habo_Gard,Ischnura_elegans,Mature,1,,0,0,50,2021,NA,NA
7/21/21,15:59:00,Habo_Gard,Ischnura_elegans,Mature,1,,0,0,50,2021,NA,NA
7/21/21,15:59:00,Habo_Gard,Ischnura_elegans,Mature,1,,0,0,50,2021,NA,NA
7/21/21,15:59:00,Habo_Gard,Ischnura_elegans,Mature,1,,0,0,50,2021,NA,NA
7/21/21,15:59:00,Habo_Gard,Ischnura_elegans,Immature,1,,0,3,50,2021,NA,NA
7/21/21,15:59:00,Habo_Gard,Ischnura_elegans,Mature,1,,0,0,50,2021,NA,NA
7/21/21,15:59:00,Habo_Gard,Ischnura_elegans,Immature,1,,0,0,50,2021,NA,NA
7/21/21,15:59:00,Habo_Gard,Ischnura_elegans,Mature,1,,0,0,50,2021,NA,NA
7/21/21,15:59:00,Habo_Gard,Ischnura_elegans,Mature,1,,0,0,50,2021,NA,NA
7/21/21,15:59:00,Habo_Gard,Ischnura_elegans,Mature,1,,0,0,50,2021,NA,NA
7/21/21,11:58:00,Gunnesbo,Ischnura_elegans,Mature,1,,1,0,50,2021,NA,NA
7/21/21,11:58:00,Gunnesbo,Ischnura_elegans,Mature,1,,1,0,50,2021,NA,NA
7/21/21,11:58:00,Gunnesbo,Ischnura_elegans,Mature,1,,1,0,50,2021,NA,NA
7/21/21,11:58:00,Gunnesbo,Ischnura_elegans,Mature,1,,1,0,50,2021,NA,NA
7/21/21,11:58:00,Gunnesbo,Ischnura_elegans,Mature,1,,0,0,50,2021,NA,NA
7/21/21,11:58:00,Gunnesbo,Ischnura_elegans,Mature,1,,0,0,50,2021,NA,NA
7/21/21,11:58:00,Gunnesbo,Ischnura_elegans,Mature,1,,0,0,50,2021,NA,NA
7/21/21,11:58:00,Gunnesbo,Ischnura_elegans,Mature,1,,0,0,50,2021,NA,NA
7/21/21,11:58:00,Gunnesbo,Ischnura_elegans,Mature,1,,0,0,50,2021,NA,NA
7/21/21,11:58:00,Gunnesbo,Ischnura_elegans,Mature,1,,0,0,50,2021,NA,NA
7/21/21,11:58:00,Gunnesbo,Ischnura_elegans,Mature,1,,0,0,50,2021,NA,NA
7/21/21,11:58:00,Gunnesbo,Ischnura_elegans,Mature,1,,0,2,50,2021,NA,NA
7/21/21,11:58:00,Gunnesbo,Ischnura_elegans,Mature,1,,0,0,50,2021,NA,NA
7/21/21,11:58:00,Gunnesbo,Ischnura_elegans,Mature,1,,0,0,50,2021,NA,NA
7/21/21,11:58:00,Gunnesbo,Ischnura_elegans,Mature,1,,0,0,50,2021,NA,NA
7/21/21,11:58:00,Gunnesbo,Ischnura_elegans,Mature,1,,0,0,50,2021,NA,NA
7/21/21,11:58:00,Gunnesbo,Ischnura_elegans,Mature,1,,0,0,50,2021,NA,NA
7/21/21,11:58:00,Gunnesbo,Ischnura_elegans,Immature,1,,0,0,50,2021,NA,NA
7/21/21,11:58:00,Gunnesbo,Ischnura_elegans,Mature,1,,0,0,50,2021,NA,NA
7/21/21,11:58:00,Gunnesbo,Ischnura_elegans,Mature,1,,0,1,50,2021,NA,NA
7/21/21,11:58:00,Gunnesbo,Ischnura_elegans,Mature,1,,0,0,50,2021,NA,NA
7/21/21,11:58:00,Gunnesbo,Ischnura_elegans,Mature,1,,0,0,50,2021,NA,NA
7/21/21,11:58:00,Gunnesbo,Ischnura_elegans,Mature,1,,0,0,50,2021,NA,NA
7/21/21,11:58:00,Gunnesbo,Ischnura_elegans,Mature,1,,0,0,50,2021,NA,NA
7/21/21,11:58:00,Gunnesbo,Ischnura_elegans,Mature,1,,0,0,50,2021,NA,NA
7/21/21,11:58:00,Gunnesbo,Ischnura_elegans,Mature,1,,0,0,50,2021,NA,NA
7/21/21,11:58:00,Gunnesbo,Ischnura_elegans,Mature,1,,0,0,50,2021,NA,NA
7/21/21,11:58:00,Gunnesbo,Ischnura_elegans,Mature,1,,0,0,50,2021,NA,NA
7/21/21,11:58:00,Gunnesbo,Ischnura_elegans,Mature,1,,0,0,50,2021,NA,NA
7/22/21,10:18:00,Krutladan,Ischnura_elegans,Mature,1,,0,0,40,2021,NA,NA
7/22/21,10:18:00,Vombs_Vattenverk,Ischnura_elegans,Mature,1,,1,0,40,2021,NA,NA
7/22/21,10:18:00,Vombs_Vattenverk,Ischnura_elegans,Mature,1,,1,0,40,2021,NA,NA
7/22/21,10:18:00,Vombs_Vattenverk,Ischnura_elegans,Mature,1,,1,0,40,2021,NA,NA
7/22/21,10:18:00,Vombs_Vattenverk,Ischnura_elegans,Mature,1,,1,0,40,2021,NA,NA
7/22/21,10:18:00,Vombs_Vattenverk,Ischnura_elegans,Mature,1,,1,0,40,2021,NA,NA
7/22/21,10:18:00,Vombs_Vattenverk,Ischnura_elegans,Mature,1,,1,0,40,2021,NA,NA
7/22/21,10:18:00,Vombs_Vattenverk,Ischnura_elegans,Mature,1,,1,0,40,2021,NA,NA
7/22/21,10:18:00,Vombs_Vattenverk,Ischnura_elegans,Mature,1,,0,0,40,2021,NA,NA
7/22/21,10:18:00,Vombs_Vattenverk,Ischnura_elegans,Immature,1,,0,0,40,2021,NA,NA
7/22/21,10:18:00,Vombs_Vattenverk,Ischnura_elegans,Mature,1,,0,0,40,2021,NA,NA
7/22/21,10:18:00,Vombs_Vattenverk,Ischnura_elegans,Mature,1,,0,0,40,2021,NA,NA
7/22/21,10:18:00,Vombs_Vattenverk,Ischnura_elegans,Mature,1,,0,0,40,2021,NA,NA
7/22/21,10:18:00,Vombs_Vattenverk,Ischnura_elegans,Mature,1,,0,1,40,2021,NA,NA
7/22/21,10:18:00,Vombs_Vattenverk,Ischnura_elegans,Mature,1,,0,0,40,2021,NA,NA
7/22/21,10:18:00,Vombs_Vattenverk,Ischnura_elegans,Mature,1,,0,0,40,2021,NA,NA
7/22/21,14:54:00,Flyinge_30_A1,Ischnura_elegans,Mature,1,,0,0,40,2021,NA,NA
7/22/21,14:54:00,Flyinge_30_A1,Ischnura_elegans,Mature,1,,0,0,40,2021,NA,NA
7/22/21,14:54:00,Flyinge_30_A1,Ischnura_elegans,Mature,1,,0,NA,40,2021,NA,NA
7/22/21,14:54:00,Flyinge_30_A1,Ischnura_elegans,Immature,1,,0,NA,40,2021,NA,NA
7/22/21,14:54:00,Flyinge_30_A1,Ischnura_elegans,Mature,1,,0,0,40,2021,NA,NA
7/22/21,15:33:00,Flyinge_30_A3,Ischnura_elegans,Mature,1,,1,0,40,2021,NA,NA
7/22/21,15:33:00,Flyinge_30_A3,Ischnura_elegans,Mature,1,,0,0,40,2021,NA,NA
7/22/21,15:33:00,Flyinge_30_A3,Ischnura_elegans,Mature,1,,0,0,40,2021,NA,NA
7/22/21,15:33:00,Flyinge_30_A3,Ischnura_elegans,Mature,1,,0,1,40,2021,NA,NA
7/24/21,10:38:00,Borgeby,Ischnura_elegans,Mature,1,,1,0,40,2021,NA,NA
7/24/21,10:38:00,Borgeby,Ischnura_elegans,Mature,1,,0,0,40,2021,NA,NA
7/24/21,10:38:00,Borgeby,Ischnura_elegans,Mature,1,,0,0,40,2021,NA,NA
7/24/21,10:38:00,Borgeby,Ischnura_elegans,Mature,1,,0,0,40,2021,NA,NA
7/24/21,10:38:00,Borgeby,Ischnura_elegans,Immature,1,,0,0,40,2021,NA,NA
7/24/21,10:38:00,Borgeby,Ischnura_elegans,Mature,1,,0,0,40,2021,NA,NA
7/24/21,10:38:00,Borgeby,Ischnura_elegans,Immature,1,,0,0,40,2021,NA,NA
7/24/21,10:38:00,Borgeby,Ischnura_elegans,Immature,1,,0,0,40,2021,NA,NA
7/24/21,10:38:00,Borgeby,Ischnura_elegans,Immature,1,,0,0,40,2021,NA,NA
7/24/21,10:38:00,Borgeby,Ischnura_elegans,Mature,1,,0,0,40,2021,NA,NA
7/24/21,10:38:00,Borgeby,Ischnura_elegans,Mature,1,,0,0,40,2021,NA,NA
7/24/21,10:38:00,Borgeby,Ischnura_elegans,Immature,1,,0,0,40,2021,NA,NA
7/24/21,10:38:00,Borgeby,Ischnura_elegans,Immature,1,,0,0,40,2021,NA,NA
7/24/21,10:38:00,Borgeby,Ischnura_elegans,Mature,1,,0,0,40,2021,NA,NA
7/24/21,10:38:00,Borgeby,Ischnura_elegans,Mature,1,,0,0,40,2021,NA,NA
7/24/21,10:38:00,Borgeby,Ischnura_elegans,Mature,1,,0,0,40,2021,NA,NA
7/24/21,10:38:00,Borgeby,Ischnura_elegans,Mature,1,,0,0,40,2021,NA,NA
7/24/21,10:38:00,Borgeby,Ischnura_elegans,Mature,1,,0,0,40,2021,NA,NA
7/24/21,10:38:00,Borgeby,Ischnura_elegans,Mature,1,,0,0,40,2021,NA,NA
7/24/21,10:38:00,Borgeby,Ischnura_elegans,Mature,1,,0,0,40,2021,NA,NA
7/24/21,10:38:00,Borgeby,Ischnura_elegans,Mature,1,,0,0,40,2021,NA,NA
7/24/21,10:38:00,Borgeby,Ischnura_elegans,Immature,1,,0,0,40,2021,NA,NA
7/24/21,10:38:00,Borgeby,Ischnura_elegans,Teneral,1,,0,0,40,2021,NA,NA
7/24/21,10:38:00,Borgeby,Ischnura_elegans,Immature,1,,0,0,40,2021,NA,NA
7/24/21,10:38:00,Borgeby,Ischnura_elegans,Mature,1,,0,0,40,2021,NA,NA
7/24/21,11:34:00,Flackarp,Ischnura_elegans,Mature,1,,0,0,40,2021,NA,NA
7/24/21,11:34:00,Flackarp,Ischnura_elegans,Teneral,1,,0,0,40,2021,NA,NA
7/24/21,11:34:00,Flackarp,Ischnura_elegans,Immature,1,,0,0,40,2021,NA,NA
7/24/21,14:55:00,Hoje_A_6,Ischnura_elegans,Mature,1,,0,0,40,2021,NA,NA
7/24/21,14:55:00,Hoje_A_6,Ischnura_elegans,Mature,1,,0,0,40,2021,NA,NA
7/24/21,14:55:00,Hoje_A_6,Ischnura_elegans,Mature,1,,0,0,40,2021,NA,NA
7/24/21,15:45:00,Hoje_A_14,Ischnura_elegans,Mature,1,,1,0,40,2021,NA,NA
7/24/21,15:45:00,Hoje_A_14,Ischnura_elegans,Mature,1,,1,0,40,2021,NA,NA
7/24/21,15:45:00,Hoje_A_14,Ischnura_elegans,Mature,1,,1,0,40,2021,NA,NA
7/24/21,15:45:00,Hoje_A_14,Ischnura_elegans,Mature,1,,1,NA,40,2021,NA,NA
7/24/21,15:45:00,Hoje_A_14,Ischnura_elegans,Mature,1,,0,0,40,2021,NA,NA
7/24/21,15:45:00,Hoje_A_14,Ischnura_elegans,Mature,1,,0,0,40,2021,NA,NA
7/24/21,15:45:00,Hoje_A_14,Ischnura_elegans,Mature,1,,0,0,40,2021,NA,NA
7/24/21,15:45:00,Hoje_A_14,Ischnura_elegans,Mature,1,,0,0,40,2021,NA,NA
7/24/21,15:45:00,Hoje_A_14,Ischnura_elegans,Mature,1,,0,0,40,2021,NA,NA
7/24/21,15:45:00,Hoje_A_14,Ischnura_elegans,Mature,1,,0,0,40,2021,NA,NA
7/24/21,15:45:00,Hoje_A_14,Ischnura_elegans,Mature,1,,0,0,40,2021,NA,NA
7/24/21,15:45:00,Hoje_A_14,Ischnura_elegans,Mature,1,,0,0,40,2021,NA,NA
7/24/21,15:45:00,Hoje_A_14,Ischnura_elegans,Mature,1,,0,0,40,2021,NA,NA
7/24/21,15:45:00,Hoje_A_14,Ischnura_elegans,Immature,1,,0,0,40,2021,NA,NA
7/24/21,15:45:00,Hoje_A_14,Ischnura_elegans,Mature,1,,0,0,40,2021,NA,NA
7/25/21,10:39:00,Bunkeflostrand,Ischnura_elegans,Mature,1,,1,0,45,2021,NA,NA
7/25/21,10:39:00,Bunkeflostrand,Ischnura_elegans,Mature,1,,0,0,45,2021,NA,NA
7/25/21,10:39:00,Bunkeflostrand,Ischnura_elegans,Mature,1,,0,0,45,2021,NA,NA
7/25/21,10:39:00,Bunkeflostrand,Ischnura_elegans,Mature,1,,0,0,45,2021,NA,NA
7/25/21,10:39:00,Bunkeflostrand,Ischnura_elegans,Mature,1,,0,0,45,2021,NA,NA
7/25/21,10:39:00,Bunkeflostrand,Ischnura_elegans,Mature,1,,0,0,45,2021,NA,NA
7/25/21,10:39:00,Bunkeflostrand,Ischnura_elegans,Immature,1,,0,0,45,2021,NA,NA
7/25/21,10:39:00,Bunkeflostrand,Ischnura_elegans,Mature,1,,0,0,45,2021,NA,NA
7/25/21,10:39:00,Bunkeflostrand,Ischnura_elegans,Mature,1,,0,0,45,2021,NA,NA
7/25/21,10:39:00,Bunkeflostrand,Ischnura_elegans,Mature,1,,0,0,45,2021,NA,NA
7/25/21,10:39:00,Bunkeflostrand,Ischnura_elegans,Mature,1,,0,1,45,2021,NA,NA
7/25/21,10:39:00,Bunkeflostrand,Ischnura_elegans,Mature,1,,0,0,45,2021,NA,NA
7/25/21,10:39:00,Bunkeflostrand,Ischnura_elegans,Immature,1,,0,0,45,2021,NA,NA
7/25/21,12:24:00,Rabydammen,Ischnura_elegans,Mature,1,,0,NA,30,2021,NA,NA
7/25/21,12:24:00,Rabydammen,Ischnura_elegans,Teneral,1,,0,7,30,2021,NA,NA
7/25/21,12:24:00,Rabydammen,Ischnura_elegans,Teneral,1,,0,0,30,2021,NA,NA
7/25/21,14:41:00,Genarp,Ischnura_elegans,Mature,1,,0,0,45,2021,NA,NA
7/25/21,14:41:00,Genarp,Ischnura_elegans,Mature,1,,0,0,45,2021,NA,NA
7/25/21,14:41:00,Genarp,Ischnura_elegans,Mature,1,,0,0,45,2021,NA,NA
7/25/21,14:41:00,Genarp,Ischnura_elegans,Immature,1,,0,0,45,2021,NA,NA
7/25/21,14:41:00,Genarp,Ischnura_elegans,Mature,1,,0,0,45,2021,NA,NA
7/25/21,14:41:00,Genarp,Ischnura_elegans,Mature,1,,0,0,45,2021,NA,NA
7/25/21,14:41:00,Genarp,Ischnura_elegans,Mature,1,,0,0,45,2021,NA,NA
7/25/21,15:47:00,Lunnarp,Ischnura_elegans,Immature,1,,0,0,45,2021,NA,NA
7/25/21,15:47:00,Lunnarp,Ischnura_elegans,Mature,1,,0,NA,45,2021,NA,NA
7/25/21,15:47:00,Lunnarp,Ischnura_elegans,Immature,1,,0,0,45,2021,NA,NA
7/25/21,15:47:00,Lunnarp,Ischnura_elegans,Mature,1,,0,0,45,2021,NA,NA
7/26/21,9:43:00,Lomma_Kyrkdamm,Ischnura_elegans,Mature,1,,0,0,40,2021,NA,NA
7/26/21,9:43:00,Lomma_Kyrkdamm,Ischnura_elegans,Mature,1,,0,1,40,2021,NA,NA
7/26/21,9:43:00,Lomma_Kyrkdamm,Ischnura_elegans,Teneral,1,,0,0,40,2021,NA,NA
7/26/21,9:43:00,Lomma_Kyrkdamm,Ischnura_elegans,Mature,1,,0,0,40,2021,NA,NA
7/26/21,9:43:00,Lomma_Kyrkdamm,Ischnura_elegans,Immature,1,,0,3,40,2021,NA,NA
7/26/21,9:43:00,Lomma_Kyrkdamm,Ischnura_elegans,Immature,1,,0,0,40,2021,NA,NA
7/26/21,9:43:00,Lomma_Kyrkdamm,Ischnura_elegans,Teneral,1,,0,3,40,2021,NA,NA
7/26/21,10:25:00,Habo_Gard,Ischnura_elegans,Mature,1,,0,0,20,2021,NA,NA
7/26/21,10:25:00,Habo_Gard,Ischnura_elegans,Mature,1,,0,0,20,2021,NA,NA
7/26/21,10:25:00,Habo_Gard,Ischnura_elegans,Teneral,1,,0,0,20,2021,NA,NA
7/26/21,12:21:00,Krutladan,Ischnura_elegans,Mature,1,,0,0,40,2021,NA,NA
7/26/21,16:11:00,Ilstorp,Ischnura_elegans,Mature,1,,0,1,40,2021,NA,NA
7/26/21,16:11:00,Ilstorp,Ischnura_elegans,Mature,1,,0,0,40,2021,NA,NA
7/26/21,16:11:00,Ilstorp,Ischnura_elegans,Mature,1,,1,0,40,2021,NA,NA
7/27/21,16:02:00,Vombs_Vattenverk,Ischnura_elegans,Mature,1,,1,0,30,2021,NA,NA
7/27/21,16:02:00,Vombs_Vattenverk,Ischnura_elegans,Mature,1,,1,0,30,2021,NA,NA
7/27/21,16:02:00,Vombs_Vattenverk,Ischnura_elegans,Mature,1,,1,0,30,2021,NA,NA
7/27/21,16:02:00,Vombs_Vattenverk,Ischnura_elegans,Mature,1,,1,0,30,2021,NA,NA
7/27/21,16:02:00,Vombs_Vattenverk,Ischnura_elegans,Immature,1,,0,0,30,2021,NA,NA
7/27/21,16:02:00,Vombs_Vattenverk,Ischnura_elegans,Immature,1,,0,0,30,2021,NA,NA
7/27/21,16:02:00,Vombs_Vattenverk,Ischnura_elegans,Mature,1,,0,0,30,2021,NA,NA
5/19/21,14:49:00,Habo_Gard,Ischnura_elegans,Mature,0,Androchrome,0,0,50,2021,Androchrome,NA
5/29/21,10:42:00,Borgeby,Ischnura_elegans,Mature,0,Androchrome,0,1,60,2021,Androchrome,NA
5/29/21,14:21:00,Ilstorp,Ischnura_elegans,Immature,0,Androchrome,1,0,80,2021,Androchrome,NA
6/1/21,14:13:00,Flyinge_30_A3,Ischnura_elegans,Immature,0,Androchrome,0,0,40,2021,Androchrome,NA
6/1/21,14:13:00,Flyinge_30_A3,Ischnura_elegans,Immature,0,Androchrome,0,0,40,2021,Androchrome,NA
6/2/21,14:33:00,Vombs_Vattenverk,Ischnura_elegans,Immature,0,Androchrome,0,0,40,2021,Androchrome,NA
6/3/21,9:53:00,Hoje_A_14,Ischnura_elegans,Immature,0,Androchrome,0,0,45,2021,Androchrome,NA
6/3/21,9:53:00,Hoje_A_14,Ischnura_elegans,Mature,0,Androchrome,0,0,45,2021,Androchrome,NA
6/3/21,9:53:00,Hoje_A_6,Ischnura_elegans,Mature,0,Androchrome,0,1,30,2021,Androchrome,NA
6/6/21,10:34:00,Genarp,Ischnura_elegans,Mature,0,Androchrome,1,0,45,2021,Androchrome,NA
6/6/21,10:34:00,Genarp,Ischnura_elegans,Immature,0,Androchrome,0,0,45,2021,Androchrome,NA
6/7/21,10:23:00,Borgeby,Ischnura_elegans,Mature,0,Androchrome,1,0,80,2021,Androchrome,NA
6/7/21,10:23:00,Habo_Gard,Ischnura_elegans,Immature,0,Androchrome,1,0,80,2021,Androchrome,NA
6/7/21,10:23:00,Habo_Gard,Ischnura_elegans,Mature,0,Androchrome,0,0,80,2021,Androchrome,NA
6/7/21,10:23:00,Habo_Gard,Ischnura_elegans,Immature,0,Androchrome,1,0,80,2021,Androchrome,NA
6/7/21,10:23:00,Habo_Gard,Ischnura_elegans,Immature,0,Androchrome,0,0,80,2021,Androchrome,NA
6/7/21,10:23:00,Habo_Gard,Ischnura_elegans,Immature,0,Androchrome,0,0,80,2021,Androchrome,NA
6/7/21,13:40:00,Lomma_Kyrkdamm,Ischnura_elegans,Mature,0,Androchrome,1,0,80,2021,Androchrome,NA
6/7/21,13:40:00,Lomma_Kyrkdamm,Ischnura_elegans,Immature,0,Androchrome,1,3,80,2021,Androchrome,NA
6/7/21,13:40:00,Lomma_Kyrkdamm,Ischnura_elegans,Immature,0,Androchrome,1,1,80,2021,Androchrome,NA
6/8/21,10:40:00,Krutladan,Ischnura_elegans,Immature,0,Androchrome,0,0,140,2021,Androchrome,NA
6/8/21,12:12:00,Hoje_A_14,Ischnura_elegans,Immature,0,Androchrome,1,0,75,2021,Androchrome,NA
6/8/21,12:12:00,Hoje_A_14,Ischnura_elegans,Mature,0,Androchrome,1,0,75,2021,Androchrome,NA
6/8/21,12:12:00,Hoje_A_14,Ischnura_elegans,Immature,0,Androchrome,0,0,75,2021,Androchrome,NA
6/8/21,12:12:00,Hoje_A_14,Ischnura_elegans,Mature,0,Androchrome,1,0,75,2021,Androchrome,NA
6/8/21,12:12:00,Hoje_A_14,Ischnura_elegans,Immature,0,Androchrome,0,0,75,2021,Androchrome,NA
6/8/21,12:12:00,Hoje_A_14,Ischnura_elegans,Mature,0,Androchrome,1,0,75,2021,Androchrome,NA
6/8/21,12:12:00,Hoje_A_14,Ischnura_elegans,Mature,0,Androchrome,1,0,75,2021,Androchrome,NA
6/8/21,12:12:00,Hoje_A_14,Ischnura_elegans,Mature,0,Androchrome,1,0,75,2021,Androchrome,NA
6/8/21,12:12:00,Hoje_A_14,Ischnura_elegans,Mature,0,Androchrome,1,0,75,2021,Androchrome,NA
6/8/21,12:12:00,Hoje_A_14,Ischnura_elegans,Mature,0,Androchrome,1,0,75,2021,Androchrome,NA
6/8/21,12:12:00,Hoje_A_14,Ischnura_elegans,Mature,0,Androchrome,1,0,75,2021,Androchrome,NA
6/8/21,12:12:00,Hoje_A_14,Ischnura_elegans,Immature,0,Androchrome,1,0,75,2021,Androchrome,NA
6/8/21,15:06:00,Rabydammen,Ischnura_elegans,Immature,0,Androchrome,0,0,30,2021,Androchrome,NA
6/9/21,11:29:00,Bunkeflostrand,Ischnura_elegans,Immature,0,Androchrome,0,0,60,2021,Androchrome,NA
6/9/21,11:29:00,Bunkeflostrand,Ischnura_elegans,Immature,0,Androchrome,0,1,60,2021,Androchrome,NA
6/10/21,10:46:00,Hoje_A_7,Ischnura_elegans,Mature,0,Androchrome,1,0,40,2021,Androchrome,NA
6/10/21,10:46:00,Hoje_A_7,Ischnura_elegans,Mature,0,Androchrome,1,0,40,2021,Androchrome,NA
6/10/21,10:46:00,Hoje_A_7,Ischnura_elegans,Immature,0,Androchrome,1,0,40,2021,Androchrome,NA
6/10/21,10:46:00,Hoje_A_7,Ischnura_elegans,Mature,0,Androchrome,1,0,40,2021,Androchrome,NA
6/10/21,12:13:00,Hoje_A_6,Ischnura_elegans,Mature,0,Androchrome,1,0,40,2021,Androchrome,NA
6/10/21,12:13:00,Hoje_A_6,Ischnura_elegans,Mature,0,Androchrome,1,NA,40,2021,Androchrome,NA
6/10/21,12:13:00,Hoje_A_6,Ischnura_elegans,Mature,0,Androchrome,1,3,40,2021,Androchrome,NA
6/10/21,12:13:00,Hoje_A_6,Ischnura_elegans,Mature,0,Androchrome,1,1,40,2021,Androchrome,NA
6/10/21,12:13:00,Hoje_A_6,Ischnura_elegans,Mature,0,Androchrome,1,1,40,2021,Androchrome,NA
6/10/21,12:13:00,Hoje_A_6,Ischnura_elegans,Mature,0,Androchrome,1,9,40,2021,Androchrome,NA
6/10/21,12:13:00,Hoje_A_6,Ischnura_elegans,Mature,0,Androchrome,1,0,40,2021,Androchrome,NA
6/10/21,12:13:00,Hoje_A_6,Ischnura_elegans,Mature,0,Androchrome,0,0,40,2021,Androchrome,NA
6/11/21,12:58:00,Flyinge_30_A3,Ischnura_elegans,Immature,0,Androchrome,0,0,45,2021,Androchrome,NA
6/11/21,12:58:00,Flyinge_30_A3,Ischnura_elegans,Mature,0,Androchrome,0,6,45,2021,Androchrome,NA
6/13/21,11:04:00,Genarp,Ischnura_elegans,Mature,0,Androchrome,1,0,50,2021,Androchrome,NA
6/13/21,11:04:00,Genarp,Ischnura_elegans,Mature,0,Androchrome,1,0,50,2021,Androchrome,NA
6/13/21,11:04:00,Genarp,Ischnura_elegans,Mature,0,Androchrome,1,0,50,2021,Androchrome,NA
6/13/21,11:04:00,Genarp,Ischnura_elegans,Mature,0,Androchrome,1,0,50,2021,Androchrome,NA
6/13/21,11:04:00,Genarp,Ischnura_elegans,Mature,0,Androchrome,1,0,50,2021,Androchrome,NA
6/13/21,11:04:00,Genarp,Ischnura_elegans,Mature,0,Androchrome,1,0,50,2021,Androchrome,NA
6/13/21,11:04:00,Genarp,Ischnura_elegans,Mature,0,Androchrome,1,1,50,2021,Androchrome,NA
6/14/21,14:38:00,Lunnarp,Ischnura_elegans,Mature,0,Androchrome,1,4,50,2021,Androchrome,NA
6/14/21,14:38:00,Lunnarp,Ischnura_elegans,Mature,0,Androchrome,1,0,50,2021,Androchrome,NA
6/14/21,14:38:00,Lunnarp,Ischnura_elegans,Immature,0,Androchrome,0,0,50,2021,Androchrome,NA
6/14/21,14:38:00,Lunnarp,Ischnura_elegans,Immature,0,Androchrome,0,1,50,2021,Androchrome,NA
6/16/21,11:48:00,Ilstorp,Ischnura_elegans,Mature,0,Androchrome,1,19,45,2021,Androchrome,NA
6/16/21,11:48:00,Ilstorp,Ischnura_elegans,Mature,0,Androchrome,0,2,45,2021,Androchrome,NA
6/16/21,15:59:00,Gunnesbo,Ischnura_elegans,Mature,0,Androchrome,1,0,60,2021,Androchrome,NA
6/16/21,15:59:00,Gunnesbo,Ischnura_elegans,Immature,0,Androchrome,1,0,60,2021,Androchrome,NA
6/16/21,15:59:00,Gunnesbo,Ischnura_elegans,Mature,0,Androchrome,1,1,60,2021,Androchrome,NA
6/16/21,15:59:00,Gunnesbo,Ischnura_elegans,Mature,0,Androchrome,0,2,60,2021,Androchrome,NA
6/17/21,15:30:00,Vombs_Vattenverk,Ischnura_elegans,Mature,0,Androchrome,1,0,40,2021,Androchrome,NA
6/17/21,15:30:00,Vombs_Vattenverk,Ischnura_elegans,Mature,0,Androchrome,1,0,40,2021,Androchrome,NA
6/17/21,15:30:00,Vombs_Vattenverk,Ischnura_elegans,Mature,0,Androchrome,1,0,40,2021,Androchrome,NA
6/17/21,15:30:00,Vombs_Vattenverk,Ischnura_elegans,Mature,0,Androchrome,1,0,40,2021,Androchrome,NA
6/17/21,15:30:00,Vombs_Vattenverk,Ischnura_elegans,Mature,0,Androchrome,1,0,40,2021,Androchrome,NA
6/17/21,15:30:00,Vombs_Vattenverk,Ischnura_elegans,Mature,0,Androchrome,1,0,40,2021,Androchrome,NA
6/17/21,15:30:00,Vombs_Vattenverk,Ischnura_elegans,Mature,0,Androchrome,1,0,40,2021,Androchrome,NA
6/17/21,15:30:00,Vombs_Vattenverk,Ischnura_elegans,Mature,0,Androchrome,1,0,40,2021,Androchrome,NA
6/17/21,15:30:00,Vombs_Vattenverk,Ischnura_elegans,Mature,0,Androchrome,1,NA,40,2021,Androchrome,NA
6/17/21,15:30:00,Vombs_Vattenverk,Ischnura_elegans,Mature,0,Androchrome,1,0,40,2021,Androchrome,NA
6/17/21,15:30:00,Vombs_Vattenverk,Ischnura_elegans,Mature,0,Androchrome,1,3,40,2021,Androchrome,NA
6/17/21,15:30:00,Vombs_Vattenverk,Ischnura_elegans,Mature,0,Androchrome,1,3,40,2021,Androchrome,NA
6/17/21,15:30:00,Vombs_Vattenverk,Ischnura_elegans,Mature,0,Androchrome,1,9,40,2021,Androchrome,NA
6/17/21,15:30:00,Vombs_Vattenverk,Ischnura_elegans,Mature,0,Androchrome,1,0,40,2021,Androchrome,NA
6/17/21,15:30:00,Vombs_Vattenverk,Ischnura_elegans,Mature,0,Androchrome,0,0,40,2021,Androchrome,NA
6/17/21,15:30:00,Vombs_Vattenverk,Ischnura_elegans,Immature,0,Androchrome,0,0,40,2021,Androchrome,NA
6/17/21,15:30:00,Vombs_Vattenverk,Ischnura_elegans,Mature,0,Androchrome,0,2,40,2021,Androchrome,NA
6/17/21,15:30:00,Vombs_Vattenverk,Ischnura_elegans,Mature,0,Androchrome,0,0,40,2021,Androchrome,NA
6/18/21,9:39:00,Hoje_A_14,Ischnura_elegans,Mature,0,Androchrome,1,0,30,2021,Androchrome,NA
6/18/21,9:39:00,Hoje_A_14,Ischnura_elegans,Mature,0,Androchrome,1,1,30,2021,Androchrome,NA
6/18/21,9:39:00,Hoje_A_14,Ischnura_elegans,Mature,0,Androchrome,1,0,30,2021,Androchrome,NA
6/18/21,9:39:00,Hoje_A_14,Ischnura_elegans,Mature,0,Androchrome,1,0,30,2021,Androchrome,NA
6/18/21,9:39:00,Hoje_A_14,Ischnura_elegans,Mature,0,Androchrome,1,1,30,2021,Androchrome,NA
6/18/21,9:39:00,Hoje_A_14,Ischnura_elegans,Mature,0,Androchrome,1,0,30,2021,Androchrome,NA
6/18/21,9:39:00,Hoje_A_14,Ischnura_elegans,Mature,0,Androchrome,1,0,30,2021,Androchrome,NA
6/18/21,9:39:00,Hoje_A_14,Ischnura_elegans,Immature,0,Androchrome,0,0,30,2021,Androchrome,NA
6/18/21,9:39:00,Hoje_A_14,Ischnura_elegans,Mature,0,Androchrome,0,1,30,2021,Androchrome,NA
6/18/21,9:39:00,Hoje_A_14,Ischnura_elegans,Mature,0,Androchrome,1,NA,30,2021,Androchrome,NA
6/18/21,9:39:00,Hoje_A_14,Ischnura_elegans,Mature,0,Androchrome,1,0,30,2021,Androchrome,NA
6/18/21,9:39:00,Hoje_A_14,Ischnura_elegans,Mature,0,Androchrome,1,0,30,2021,Androchrome,NA
6/18/21,9:39:00,Hoje_A_14,Ischnura_elegans,Mature,0,Androchrome,1,0,30,2021,Androchrome,NA
6/18/21,9:39:00,Hoje_A_14,Ischnura_elegans,Mature,0,Androchrome,1,0,30,2021,Androchrome,NA
6/18/21,11:14:00,Hoje_A_6,Ischnura_elegans,Mature,0,Androchrome,1,3,30,2021,Androchrome,NA
6/19/21,14:25:00,Krutladan,Ischnura_elegans,Mature,0,Androchrome,1,NA,45,2021,Androchrome,NA
6/19/21,14:25:00,Krutladan,Ischnura_elegans,Mature,0,Androchrome,0,0,45,2021,Androchrome,NA
6/19/21,14:25:00,Krutladan,Ischnura_elegans,Mature,0,Androchrome,0,0,45,2021,Androchrome,NA
6/19/21,14:25:00,Krutladan,Ischnura_elegans,Immature,0,Androchrome,0,0,45,2021,Androchrome,NA
6/20/21,10:52:00,Bunkeflostrand,Ischnura_elegans,Mature,0,Androchrome,1,0,60,2021,Androchrome,NA
6/20/21,10:52:00,Bunkeflostrand,Ischnura_elegans,Immature,0,Androchrome,0,0,60,2021,Androchrome,NA
6/20/21,10:52:00,Bunkeflostrand,Ischnura_elegans,Immature,0,Androchrome,0,8,60,2021,Androchrome,NA
6/22/21,10:06:00,Borgeby,Ischnura_elegans,Mature,0,Androchrome,0,1,54,2021,Androchrome,NA
6/22/21,10:06:00,Borgeby,Ischnura_elegans,Mature,0,Androchrome,0,0,54,2021,Androchrome,NA
6/22/21,10:06:00,Borgeby,Ischnura_elegans,Immature,0,Androchrome,0,2,54,2021,Androchrome,NA
6/22/21,12:52:00,Flackarp,Ischnura_elegans,Mature,0,Androchrome,0,0,90,2021,Androchrome,NA
6/22/21,12:52:00,Flackarp,Ischnura_elegans,Mature,0,Androchrome,0,0,90,2021,Androchrome,NA
6/22/21,12:52:00,Flackarp,Ischnura_elegans,Mature,0,Androchrome,0,1,90,2021,Androchrome,NA
6/22/21,12:52:00,Flackarp,Ischnura_elegans,Mature,0,Androchrome,0,0,90,2021,Androchrome,NA
6/22/21,12:52:00,Flackarp,Ischnura_elegans,Mature,0,Androchrome,0,0,90,2021,Androchrome,NA
6/22/21,14:31:00,Rabydammen,Ischnura_elegans,Mature,0,Androchrome,1,3,55,2021,Androchrome,NA
6/23/21,10:13:00,Lomma_Kyrkdamm,Ischnura_elegans,Mature,0,Androchrome,1,0,60,2021,Androchrome,NA
6/23/21,10:13:00,Lomma_Kyrkdamm,Ischnura_elegans,Mature,0,Androchrome,1,6,60,2021,Androchrome,NA
6/23/21,10:13:00,Lomma_Kyrkdamm,Ischnura_elegans,Mature,0,Androchrome,1,0,60,2021,Androchrome,NA
6/23/21,10:13:00,Lomma_Kyrkdamm,Ischnura_elegans,Mature,0,Androchrome,0,0,60,2021,Androchrome,NA
6/23/21,10:13:00,Lomma_Kyrkdamm,Ischnura_elegans,Immature,0,Androchrome,0,30,60,2021,Androchrome,NA
6/23/21,10:13:00,Lomma_Kyrkdamm,Ischnura_elegans,Immature,0,Androchrome,0,0,60,2021,Androchrome,NA
6/23/21,10:13:00,Lomma_Kyrkdamm,Ischnura_elegans,Immature,0,Androchrome,0,0,60,2021,Androchrome,NA
6/23/21,10:13:00,Habo_Gard,Ischnura_elegans,Immature,0,Androchrome,0,NA,60,2021,Androchrome,NA
6/23/21,10:13:00,Habo_Gard,Ischnura_elegans,Mature,0,Androchrome,0,NA,60,2021,Androchrome,NA
6/23/21,14:54:00,Flyinge_30_A1,Ischnura_elegans,Mature,0,Androchrome,1,NA,60,2021,Androchrome,NA
6/23/21,14:54:00,Flyinge_30_A1,Ischnura_elegans,Mature,0,Androchrome,1,1,60,2021,Androchrome,NA
6/23/21,14:54:00,Flyinge_30_A1,Ischnura_elegans,Mature,0,Androchrome,1,0,60,2021,Androchrome,NA
6/23/21,14:54:00,Flyinge_30_A3,Ischnura_elegans,Mature,0,Androchrome,0,1,60,2021,Androchrome,NA
6/23/21,14:54:00,Flyinge_30_A3,Ischnura_elegans,Mature,0,Androchrome,0,12,60,2021,Androchrome,NA
6/23/21,14:54:00,Flyinge_30_A3,Ischnura_elegans,Mature,0,Androchrome,0,0,60,2021,Androchrome,NA
6/23/21,14:54:00,Flyinge_30_A3,Ischnura_elegans,Mature,0,Androchrome,0,2,60,2021,Androchrome,NA
6/23/21,14:54:00,Flyinge_30_A3,Ischnura_elegans,Mature,0,Androchrome,0,0,60,2021,Androchrome,NA
6/23/21,14:54:00,Flyinge_30_A3,Ischnura_elegans,Mature,0,Androchrome,0,0,60,2021,Androchrome,NA
6/28/21,9:36:00,Hoje_A_7,Ischnura_elegans,Mature,0,Androchrome,0,0,60,2021,Androchrome,NA
6/28/21,9:36:00,Hoje_A_7,Ischnura_elegans,Mature,0,Androchrome,0,0,60,2021,Androchrome,NA
6/28/21,9:36:00,Hoje_A_7,Ischnura_elegans,Mature,0,Androchrome,0,0,60,2021,Androchrome,NA
6/28/21,9:36:00,Hoje_A_7,Ischnura_elegans,Mature,0,Androchrome,0,0,60,2021,Androchrome,NA
6/28/21,9:36:00,Hoje_A_7,Ischnura_elegans,Mature,0,Androchrome,1,0,60,2021,Androchrome,NA
6/28/21,9:36:00,Hoje_A_7,Ischnura_elegans,Mature,0,Androchrome,0,0,60,2021,Androchrome,NA
6/28/21,11:39:00,Genarp,Ischnura_elegans,Mature,0,Androchrome,1,0,45,2021,Androchrome,NA
6/28/21,11:39:00,Genarp,Ischnura_elegans,Mature,0,Androchrome,1,0,45,2021,Androchrome,NA
6/28/21,11:39:00,Genarp,Ischnura_elegans,Mature,0,Androchrome,1,0,45,2021,Androchrome,NA
6/28/21,11:39:00,Genarp,Ischnura_elegans,Mature,0,Androchrome,1,NA,45,2021,Androchrome,NA
6/28/21,11:39:00,Genarp,Ischnura_elegans,Mature,0,Androchrome,1,1,45,2021,Androchrome,NA
6/28/21,11:39:00,Genarp,Ischnura_elegans,Mature,0,Androchrome,1,0,45,2021,Androchrome,NA
6/28/21,11:39:00,Genarp,Ischnura_elegans,Mature,0,Androchrome,1,11,45,2021,Androchrome,NA
6/28/21,11:39:00,Genarp,Ischnura_elegans,Immature,0,Androchrome,1,2,45,2021,Androchrome,NA
6/28/21,11:39:00,Genarp,Ischnura_elegans,Immature,0,Androchrome,1,0,45,2021,Androchrome,NA
6/28/21,11:39:00,Genarp,Ischnura_elegans,Mature,0,Androchrome,1,3,45,2021,Androchrome,NA
6/28/21,11:39:00,Genarp,Ischnura_elegans,Mature,0,Androchrome,1,0,45,2021,Androchrome,NA
6/29/21,9:50:00,Krutladan,Ischnura_elegans,Mature,0,Androchrome,0,0,45,2021,Androchrome,NA
6/29/21,9:50:00,Krutladan,Ischnura_elegans,Mature,0,Androchrome,0,0,45,2021,Androchrome,NA
6/29/21,9:50:00,Krutladan,Ischnura_elegans,Immature,0,Androchrome,0,0,45,2021,Androchrome,NA
6/29/21,16:18:00,Vombs_Vattenverk,Ischnura_elegans,Mature,0,Androchrome,1,0,40,2021,Androchrome,NA
6/29/21,16:18:00,Vombs_Vattenverk,Ischnura_elegans,Mature,0,Androchrome,1,0,40,2021,Androchrome,NA
6/29/21,16:18:00,Vombs_Vattenverk,Ischnura_elegans,Mature,0,Androchrome,1,0,40,2021,Androchrome,NA
6/29/21,16:18:00,Vombs_Vattenverk,Ischnura_elegans,Mature,0,Androchrome,1,0,40,2021,Androchrome,NA
6/29/21,16:18:00,Vombs_Vattenverk,Ischnura_elegans,Mature,0,Androchrome,1,0,40,2021,Androchrome,NA
6/29/21,16:18:00,Vombs_Vattenverk,Ischnura_elegans,Mature,0,Androchrome,1,0,40,2021,Androchrome,NA
6/29/21,16:18:00,Vombs_Vattenverk,Ischnura_elegans,Mature,0,Androchrome,1,1,40,2021,Androchrome,NA
6/29/21,16:18:00,Vombs_Vattenverk,Ischnura_elegans,Mature,0,Androchrome,1,0,40,2021,Androchrome,NA
6/29/21,16:18:00,Vombs_Vattenverk,Ischnura_elegans,Mature,0,Androchrome,1,4,40,2021,Androchrome,NA
6/29/21,16:18:00,Vombs_Vattenverk,Ischnura_elegans,Mature,0,Androchrome,0,0,40,2021,Androchrome,NA
6/29/21,16:18:00,Vombs_Vattenverk,Ischnura_elegans,Mature,0,Androchrome,0,0,40,2021,Androchrome,NA
6/29/21,16:18:00,Vombs_Vattenverk,Ischnura_elegans,Immature,0,Androchrome,0,30,40,2021,Androchrome,NA
6/29/21,16:18:00,Vombs_Vattenverk,Ischnura_elegans,Mature,0,Androchrome,0,0,40,2021,Androchrome,NA
7/3/21,11:46:00,Ilstorp,Ischnura_elegans,Mature,0,Androchrome,1,6,60,2021,Androchrome,NA
7/3/21,11:46:00,Ilstorp,Ischnura_elegans,Mature,0,Androchrome,1,0,60,2021,Androchrome,NA
7/3/21,11:46:00,Ilstorp,Ischnura_elegans,Mature,0,Androchrome,1,3,60,2021,Androchrome,NA
7/3/21,11:46:00,Ilstorp,Ischnura_elegans,Immature,0,Androchrome,0,1,60,2021,Androchrome,NA
7/3/21,11:46:00,Ilstorp,Ischnura_elegans,Mature,0,Androchrome,0,2,60,2021,Androchrome,NA
7/3/21,11:46:00,Ilstorp,Ischnura_elegans,Mature,0,Androchrome,0,2,60,2021,Androchrome,NA
7/3/21,11:46:00,Ilstorp,Ischnura_elegans,Mature,0,Androchrome,0,5,60,2021,Androchrome,NA
7/3/21,11:46:00,Ilstorp,Ischnura_elegans,Mature,0,Androchrome,0,9,60,2021,Androchrome,NA
7/3/21,11:46:00,Ilstorp,Ischnura_elegans,Mature,0,Androchrome,0,1,60,2021,Androchrome,NA
7/3/21,11:46:00,Ilstorp,Ischnura_elegans,Mature,0,Androchrome,0,0,60,2021,Androchrome,NA
7/4/21,10:02:00,Hoje_A_14,Ischnura_elegans,Mature,0,Androchrome,1,0,40,2021,Androchrome,NA
7/4/21,10:02:00,Hoje_A_14,Ischnura_elegans,Mature,0,Androchrome,1,0,40,2021,Androchrome,NA
7/4/21,10:02:00,Hoje_A_14,Ischnura_elegans,Mature,0,Androchrome,1,0,40,2021,Androchrome,NA
7/4/21,10:02:00,Hoje_A_14,Ischnura_elegans,Immature,0,Androchrome,1,0,40,2021,Androchrome,NA
7/4/21,10:02:00,Hoje_A_14,Ischnura_elegans,Mature,0,Androchrome,1,0,40,2021,Androchrome,NA
7/4/21,10:02:00,Hoje_A_14,Ischnura_elegans,Immature,0,Androchrome,0,0,40,2021,Androchrome,NA
7/4/21,10:02:00,Hoje_A_14,Ischnura_elegans,Immature,0,Androchrome,0,0,40,2021,Androchrome,NA
7/4/21,10:02:00,Hoje_A_14,Ischnura_elegans,Immature,0,Androchrome,0,0,40,2021,Androchrome,NA
7/4/21,10:02:00,Hoje_A_14,Ischnura_elegans,Immature,0,Androchrome,0,0,40,2021,Androchrome,NA
7/4/21,10:02:00,Hoje_A_14,Ischnura_elegans,Immature,0,Androchrome,0,0,40,2021,Androchrome,NA
7/4/21,10:02:00,Hoje_A_6,Ischnura_elegans,Mature,0,Androchrome,1,2,40,2021,Androchrome,NA
7/4/21,10:02:00,Hoje_A_6,Ischnura_elegans,Mature,0,Androchrome,1,2,40,2021,Androchrome,NA
7/4/21,10:02:00,Flyinge_30_A1,Ischnura_elegans,Mature,0,Androchrome,0,1,40,2021,Androchrome,NA
7/4/21,10:02:00,Flyinge_30_A1,Ischnura_elegans,Mature,0,Androchrome,1,7,40,2021,Androchrome,NA
7/4/21,10:02:00,Flyinge_30_A1,Ischnura_elegans,Mature,0,Androchrome,1,0,40,2021,Androchrome,NA
7/4/21,10:02:00,Flyinge_30_A1,Ischnura_elegans,Mature,0,Androchrome,1,3,40,2021,Androchrome,NA
7/4/21,10:02:00,Flyinge_30_A3,Ischnura_elegans,Mature,0,Androchrome,1,NA,40,2021,Androchrome,NA
7/4/21,10:02:00,Flyinge_30_A3,Ischnura_elegans,Immature,0,Androchrome,0,0,40,2021,Androchrome,NA
7/4/21,10:02:00,Flyinge_30_A3,Ischnura_elegans,Mature,0,Androchrome,0,0,40,2021,Androchrome,NA
7/4/21,10:02:00,Flyinge_30_A3,Ischnura_elegans,Immature,0,Androchrome,0,0,40,2021,Androchrome,NA
7/5/21,11:48:00,Genarp,Ischnura_elegans,Mature,0,Androchrome,1,0,40,2021,Androchrome,NA
7/8/21,10:06:00,IKEA,Ischnura_elegans,Mature,0,Androchrome,0,0,60,2021,Androchrome,NA
7/8/21,11:01:00,Flackarp,Ischnura_elegans,Mature,0,Androchrome,0,0,40,2021,Androchrome,NA
7/8/21,11:01:00,Flackarp,Ischnura_elegans,Mature,0,Androchrome,0,1,40,2021,Androchrome,NA
7/8/21,11:01:00,Flackarp,Ischnura_elegans,Mature,0,Androchrome,0,1,40,2021,Androchrome,NA
7/9/21,10:15:00,Lomma_Kyrkdamm,Ischnura_elegans,Mature,0,Androchrome,1,1,45,2021,Androchrome,NA
7/9/21,10:15:00,Lomma_Kyrkdamm,Ischnura_elegans,Mature,0,Androchrome,0,8,45,2021,Androchrome,NA
7/9/21,10:15:00,Lomma_Kyrkdamm,Ischnura_elegans,Mature,0,Androchrome,0,1,45,2021,Androchrome,NA
7/9/21,10:15:00,Lomma_Kyrkdamm,Ischnura_elegans,Immature,0,Androchrome,0,16,45,2021,Androchrome,NA
7/9/21,10:15:00,Lomma_Kyrkdamm,Ischnura_elegans,Mature,0,Androchrome,0,0,45,2021,Androchrome,NA
7/9/21,10:15:00,Habo_Gard,Ischnura_elegans,Mature,0,Androchrome,0,0,30,2021,Androchrome,NA
7/11/21,10:34:00,Lunnarp,Ischnura_elegans,Mature,0,Androchrome,1,0,50,2021,Androchrome,NA
7/11/21,10:34:00,Hoje_A_7,Ischnura_elegans,Mature,0,Androchrome,1,0,40,2021,Androchrome,NA
7/11/21,10:34:00,Hoje_A_7,Ischnura_elegans,Mature,0,Androchrome,1,0,40,2021,Androchrome,NA
7/11/21,10:34:00,Hoje_A_7,Ischnura_elegans,Mature,0,Androchrome,1,0,40,2021,Androchrome,NA
7/11/21,10:34:00,Rabydammen,Ischnura_elegans,Mature,0,Androchrome,1,0,40,2021,Androchrome,NA
7/12/21,10:25:00,Vombs_Vattenverk,Ischnura_elegans,Mature,0,Androchrome,1,1,30,2021,Androchrome,NA
7/12/21,10:25:00,Vombs_Vattenverk,Ischnura_elegans,Mature,0,Androchrome,1,0,30,2021,Androchrome,NA
7/12/21,10:25:00,Vombs_Vattenverk,Ischnura_elegans,Mature,0,Androchrome,1,0,30,2021,Androchrome,NA
7/12/21,10:25:00,Vombs_Vattenverk,Ischnura_elegans,Mature,0,Androchrome,1,0,30,2021,Androchrome,NA
7/12/21,10:25:00,Vombs_Vattenverk,Ischnura_elegans,Mature,0,Androchrome,1,0,30,2021,Androchrome,NA
7/12/21,10:25:00,Vombs_Vattenverk,Ischnura_elegans,Mature,0,Androchrome,1,0,30,2021,Androchrome,NA
7/12/21,10:25:00,Vombs_Vattenverk,Ischnura_elegans,Mature,0,Androchrome,1,0,30,2021,Androchrome,NA
7/12/21,10:25:00,Vombs_Vattenverk,Ischnura_elegans,Mature,0,Androchrome,0,0,30,2021,Androchrome,NA
7/12/21,10:25:00,Gunnesbo,Ischnura_elegans,Mature,0,Androchrome,0,0,45,2021,Androchrome,NA
7/13/21,14:44:00,Sovdemolla,Ischnura_elegans,Mature,0,Androchrome,0,0,45,2021,Androchrome,NA
7/13/21,15:58:00,Ilstorp,Ischnura_elegans,Mature,0,Androchrome,1,2,45,2021,Androchrome,NA
7/13/21,15:58:00,Ilstorp,Ischnura_elegans,Mature,0,Androchrome,1,13,45,2021,Androchrome,NA
7/15/21,9:41:00,Flyinge_30_A1,Ischnura_elegans,Mature,0,Androchrome,0,0,40,2021,Androchrome,NA
7/15/21,9:41:00,Flyinge_30_A3,Ischnura_elegans,Mature,0,Androchrome,0,0,40,2021,Androchrome,NA
7/15/21,9:41:00,Flyinge_30_A3,Ischnura_elegans,Mature,0,Androchrome,0,0,40,2021,Androchrome,NA
7/15/21,9:41:00,Flyinge_30_A3,Ischnura_elegans,Mature,0,Androchrome,0,0,40,2021,Androchrome,NA
7/16/21,10:06:00,Hoje_A_14,Ischnura_elegans,Mature,0,Androchrome,1,0,45,2021,Androchrome,NA
7/16/21,10:06:00,Hoje_A_14,Ischnura_elegans,Mature,0,Androchrome,1,0,45,2021,Androchrome,NA
7/16/21,10:06:00,Hoje_A_14,Ischnura_elegans,Mature,0,Androchrome,1,0,45,2021,Androchrome,NA
7/16/21,10:06:00,Hoje_A_14,Ischnura_elegans,Mature,0,Androchrome,1,0,45,2021,Androchrome,NA
7/16/21,10:06:00,Hoje_A_14,Ischnura_elegans,Mature,0,Androchrome,1,0,45,2021,Androchrome,NA
7/16/21,10:06:00,Hoje_A_14,Ischnura_elegans,Mature,0,Androchrome,1,0,45,2021,Androchrome,NA
7/16/21,10:06:00,Hoje_A_14,Ischnura_elegans,Mature,0,Androchrome,1,0,45,2021,Androchrome,NA
7/16/21,10:06:00,Hoje_A_14,Ischnura_elegans,Mature,0,Androchrome,1,0,45,2021,Androchrome,NA
7/16/21,10:06:00,Hoje_A_14,Ischnura_elegans,Mature,0,Androchrome,1,0,45,2021,Androchrome,NA
7/16/21,11:45:00,Hoje_A_6,Ischnura_elegans,Mature,0,Androchrome,0,0,45,2021,Androchrome,NA
7/16/21,11:45:00,Hoje_A_6,Ischnura_elegans,Mature,0,Androchrome,1,0,45,2021,Androchrome,NA
7/17/21,10:00:00,Borgeby,Ischnura_elegans,Mature,0,Androchrome,1,0,40,2021,Androchrome,NA
7/19/21,10:20:00,IKEA,Ischnura_elegans,Immature,0,Androchrome,0,0,40,2021,Androchrome,NA
7/15/21,15:00:00,Krutladan,Ischnura_elegans,Mature,0,Androchrome,1,0,40,2021,Androchrome,NA
7/15/21,15:00:00,Krutladan,Ischnura_elegans,Mature,0,Androchrome,1,0,40,2021,Androchrome,NA
7/19/21,10:20:00,Bunkeflostrand,Ischnura_elegans,Mature,0,Androchrome,1,0,60,2021,Androchrome,NA
7/19/21,10:20:00,Bunkeflostrand,Ischnura_elegans,Mature,0,Androchrome,1,0,60,2021,Androchrome,NA
7/19/21,10:20:00,Bunkeflostrand,Ischnura_elegans,Mature,0,Androchrome,1,0,60,2021,Androchrome,NA
7/19/21,10:20:00,Bunkeflostrand,Ischnura_elegans,Immature,0,Androchrome,0,0,60,2021,Androchrome,NA
7/19/21,10:20:00,Bunkeflostrand,Ischnura_elegans,Mature,0,Androchrome,0,0,60,2021,Androchrome,NA
7/19/21,15:07:00,Flackarp,Ischnura_elegans,Mature,0,Androchrome,1,0,40,2021,Androchrome,NA
7/19/21,15:07:00,Flackarp,Ischnura_elegans,Mature,0,Androchrome,0,1,40,2021,Androchrome,NA
7/19/21,15:07:00,Flackarp,Ischnura_elegans,Mature,0,Androchrome,0,0,40,2021,Androchrome,NA
7/19/21,15:07:00,Flackarp,Ischnura_elegans,Immature,0,Androchrome,0,0,40,2021,Androchrome,NA
7/20/21,11:45:00,Hoje_A_7,Ischnura_elegans,Mature,0,Androchrome,1,0,40,2021,Androchrome,NA
7/20/21,14:48:00,Gunnesbo,Ischnura_elegans,Mature,0,Androchrome,0,1,45,2021,Androchrome,NA
7/20/21,14:48:00,Gunnesbo,Ischnura_elegans,Mature,0,Androchrome,1,0,45,2021,Androchrome,NA
7/20/21,14:48:00,Gunnesbo,Ischnura_elegans,Mature,0,Androchrome,1,0,45,2021,Androchrome,NA
7/20/21,14:48:00,Gunnesbo,Ischnura_elegans,Mature,0,Androchrome,1,NA,45,2021,Androchrome,NA
7/20/21,16:01:00,Lunnarp,Ischnura_elegans,Mature,0,Androchrome,0,0,45,2021,Androchrome,NA
7/20/21,16:01:00,Lunnarp,Ischnura_elegans,Mature,0,Androchrome,0,0,45,2021,Androchrome,NA
7/20/21,16:01:00,Lunnarp,Ischnura_elegans,Immature,0,Androchrome,0,0,45,2021,Androchrome,NA
7/21/21,10:29:00,Ilstorp,Ischnura_elegans,Mature,0,Androchrome,0,0,40,2021,Androchrome,NA
7/21/21,10:29:00,Ilstorp,Ischnura_elegans,Immature,0,Androchrome,0,0,40,2021,Androchrome,NA
7/21/21,14:37:00,Lomma_Kyrkdamm,Ischnura_elegans,Mature,0,Androchrome,1,3,50,2021,Androchrome,NA
7/21/21,11:58:00,Gunnesbo,Ischnura_elegans,Mature,0,Androchrome,1,0,50,2021,Androchrome,NA
7/21/21,11:58:00,Gunnesbo,Ischnura_elegans,Mature,0,Androchrome,1,0,50,2021,Androchrome,NA
7/21/21,11:58:00,Gunnesbo,Ischnura_elegans,Mature,0,Androchrome,0,0,50,2021,Androchrome,NA
7/21/21,11:58:00,Gunnesbo,Ischnura_elegans,Mature,0,Androchrome,0,0,50,2021,Androchrome,NA
7/21/21,11:58:00,Gunnesbo,Ischnura_elegans,Mature,0,Androchrome,0,0,50,2021,Androchrome,NA
7/22/21,10:18:00,Vombs_Vattenverk,Ischnura_elegans,Mature,0,Androchrome,1,NA,40,2021,Androchrome,NA
7/22/21,10:18:00,Vombs_Vattenverk,Ischnura_elegans,Mature,0,Androchrome,1,0,40,2021,Androchrome,NA
7/22/21,10:18:00,Vombs_Vattenverk,Ischnura_elegans,Mature,0,Androchrome,1,0,40,2021,Androchrome,NA
7/22/21,10:18:00,Vombs_Vattenverk,Ischnura_elegans,Mature,0,Androchrome,1,0,40,2021,Androchrome,NA
7/22/21,10:18:00,Vombs_Vattenverk,Ischnura_elegans,Mature,0,Androchrome,0,0,40,2021,Androchrome,NA
7/22/21,14:54:00,Flyinge_30_A1,Ischnura_elegans,Mature,0,Androchrome,0,NA,40,2021,Androchrome,NA
7/22/21,15:33:00,Flyinge_30_A3,Ischnura_elegans,Mature,0,Androchrome,1,0,40,2021,Androchrome,NA
7/22/21,15:33:00,Flyinge_30_A3,Ischnura_elegans,Mature,0,Androchrome,0,0,40,2021,Androchrome,NA
7/24/21,10:38:00,Borgeby,Ischnura_elegans,Mature,0,Androchrome,1,0,40,2021,Androchrome,NA
7/24/21,15:45:00,Hoje_A_14,Ischnura_elegans,Mature,0,Androchrome,1,0,40,2021,Androchrome,NA
7/24/21,15:45:00,Hoje_A_14,Ischnura_elegans,Mature,0,Androchrome,1,NA,40,2021,Androchrome,NA
7/24/21,15:45:00,Hoje_A_14,Ischnura_elegans,Mature,0,Androchrome,1,0,40,2021,Androchrome,NA
7/24/21,15:45:00,Hoje_A_14,Ischnura_elegans,Mature,0,Androchrome,0,0,40,2021,Androchrome,NA
7/24/21,15:45:00,Hoje_A_14,Ischnura_elegans,Mature,0,Androchrome,0,0,40,2021,Androchrome,NA
7/25/21,10:39:00,Bunkeflostrand,Ischnura_elegans,Mature,0,Androchrome,1,0,45,2021,Androchrome,NA
7/25/21,10:39:00,Bunkeflostrand,Ischnura_elegans,Mature,0,Androchrome,0,0,45,2021,Androchrome,NA
7/25/21,10:39:00,Bunkeflostrand,Ischnura_elegans,Mature,0,Androchrome,0,0,45,2021,Androchrome,NA
7/25/21,12:24:00,Rabydammen,Ischnura_elegans,Mature,0,Androchrome,0,5,30,2021,Androchrome,NA
7/25/21,12:24:00,Rabydammen,Ischnura_elegans,Immature,0,Androchrome,0,34,30,2021,Androchrome,NA
7/25/21,14:41:00,Genarp,Ischnura_elegans,Mature,0,Androchrome,0,0,45,2021,Androchrome,NA
7/25/21,15:47:00,Lunnarp,Ischnura_elegans,Mature,0,Androchrome,0,0,45,2021,Androchrome,NA
7/26/21,16:11:00,Ilstorp,Ischnura_elegans,Mature,0,Androchrome,0,0,40,2021,Androchrome,NA
7/26/21,16:11:00,Ilstorp,Ischnura_elegans,Mature,0,Androchrome,0,0,40,2021,Androchrome,NA
7/26/21,16:11:00,Ilstorp,Ischnura_elegans,Mature,0,Androchrome,1,0,40,2021,Androchrome,NA
7/27/21,16:02:00,Vombs_Vattenverk,Ischnura_elegans,Mature,0,Androchrome,1,0,30,2021,Androchrome,NA
7/27/21,16:02:00,Vombs_Vattenverk,Ischnura_elegans,Mature,0,Androchrome,1,0,30,2021,Androchrome,NA
7/27/21,16:02:00,Vombs_Vattenverk,Ischnura_elegans,Mature,0,Androchrome,1,0,30,2021,Androchrome,NA
7/27/21,16:02:00,Vombs_Vattenverk,Ischnura_elegans,Immature,0,Androchrome,0,0,30,2021,Androchrome,NA
7/27/21,16:02:00,Vombs_Vattenverk,Ischnura_elegans,Mature,0,Androchrome,0,0,30,2021,Androchrome,NA
5/28/21,13:57:00,Flackarp,Ischnura_elegans,Immature,0,Gynochrome,0,1,75,2021,Infuscans,NA
5/29/21,14:21:00,Ilstorp,Ischnura_elegans,Immature,0,Gynochrome,1,3,80,2021,Infuscans,NA
6/3/21,9:53:00,Hoje_A_14,Ischnura_elegans,Mature,0,Gynochrome,1,0,45,2021,Infuscans,NA
6/3/21,9:53:00,Hoje_A_14,Ischnura_elegans,Mature,0,Gynochrome,0,0,45,2021,Infuscans,NA
6/7/21,10:23:00,Habo_Gard,Ischnura_elegans,Immature,0,Gynochrome,0,0,80,2021,Infuscans,NA
6/7/21,13:40:00,Lomma_Kyrkdamm,Ischnura_elegans,Mature,0,Gynochrome,1,3,80,2021,Infuscans,NA
6/8/21,10:40:00,Krutladan,Ischnura_elegans,Mature,0,Gynochrome,0,0,140,2021,Infuscans,NA
6/8/21,12:12:00,Hoje_A_14,Ischnura_elegans,Mature,0,Gynochrome,1,0,75,2021,Infuscans,NA
6/8/21,12:12:00,Hoje_A_14,Ischnura_elegans,Mature,0,Gynochrome,1,0,75,2021,Infuscans,NA
6/8/21,12:12:00,Hoje_A_14,Ischnura_elegans,Mature,0,Gynochrome,1,0,75,2021,Infuscans,NA
6/9/21,10:16:00,IKEA,Ischnura_elegans,Mature,0,Gynochrome,0,0,60,2021,Infuscans,NA
6/10/21,10:46:00,Hoje_A_7,Ischnura_elegans,Mature,0,Gynochrome,1,0,40,2021,Infuscans,NA
6/13/21,11:04:00,Genarp,Ischnura_elegans,Mature,0,Gynochrome,1,0,50,2021,Infuscans,NA
6/14/21,14:38:00,Lunnarp,Ischnura_elegans,Mature,0,Gynochrome,1,0,50,2021,Infuscans,NA
6/14/21,14:38:00,Lunnarp,Ischnura_elegans,Mature,0,Gynochrome,1,0,50,2021,Infuscans,NA
6/16/21,11:48:00,Ilstorp,Ischnura_elegans,Mature,0,Gynochrome,1,0,45,2021,Infuscans,NA
6/17/21,15:30:00,Vombs_Vattenverk,Ischnura_elegans,Mature,0,Gynochrome,1,0,40,2021,Infuscans,NA
6/17/21,15:30:00,Vombs_Vattenverk,Ischnura_elegans,Mature,0,Gynochrome,1,0,40,2021,Infuscans,NA
6/17/21,15:30:00,Vombs_Vattenverk,Ischnura_elegans,Mature,0,Gynochrome,1,NA,40,2021,Infuscans,NA
6/17/21,15:30:00,Vombs_Vattenverk,Ischnura_elegans,Mature,0,Gynochrome,1,0,40,2021,Infuscans,NA
6/17/21,15:30:00,Vombs_Vattenverk,Ischnura_elegans,Mature,0,Gynochrome,1,0,40,2021,Infuscans,NA
6/17/21,15:30:00,Vombs_Vattenverk,Ischnura_elegans,Mature,0,Gynochrome,1,0,40,2021,Infuscans,NA
6/17/21,15:30:00,Vombs_Vattenverk,Ischnura_elegans,Mature,0,Gynochrome,1,0,40,2021,Infuscans,NA
6/17/21,15:30:00,Vombs_Vattenverk,Ischnura_elegans,Mature,0,Gynochrome,1,0,40,2021,Infuscans,NA
6/17/21,15:30:00,Vombs_Vattenverk,Ischnura_elegans,Mature,0,Gynochrome,1,1,40,2021,Infuscans,NA
6/17/21,15:30:00,Vombs_Vattenverk,Ischnura_elegans,Mature,0,Gynochrome,0,0,40,2021,Infuscans,NA
6/18/21,9:39:00,Hoje_A_14,Ischnura_elegans,Mature,0,Gynochrome,1,1,30,2021,Infuscans,NA
6/18/21,9:39:00,Hoje_A_14,Ischnura_elegans,Mature,0,Gynochrome,0,1,30,2021,Infuscans,NA
6/18/21,9:39:00,Hoje_A_14,Ischnura_elegans,Mature,0,Gynochrome,1,0,30,2021,Infuscans,NA
6/18/21,9:39:00,Hoje_A_14,Ischnura_elegans,Mature,0,Gynochrome,1,0,30,2021,Infuscans,NA
6/18/21,11:14:00,Hoje_A_6,Ischnura_elegans,Mature,0,Gynochrome,1,5,30,2021,Infuscans,NA
6/19/21,14:25:00,Krutladan,Ischnura_elegans,Mature,0,Gynochrome,0,0,45,2021,Infuscans,NA
6/20/21,10:52:00,Bunkeflostrand,Ischnura_elegans,Mature,0,Gynochrome,1,0,60,2021,Infuscans,NA
6/20/21,10:52:00,Bunkeflostrand,Ischnura_elegans,Immature,0,Gynochrome,0,0,60,2021,Infuscans,NA
6/22/21,12:52:00,Flackarp,Ischnura_elegans,Mature,0,Gynochrome,1,0,90,2021,Infuscans,NA
6/22/21,12:52:00,Flackarp,Ischnura_elegans,Mature,0,Gynochrome,1,1,90,2021,Infuscans,NA
6/22/21,12:52:00,Flackarp,Ischnura_elegans,Mature,0,Gynochrome,0,0,90,2021,Infuscans,NA
6/22/21,12:52:00,Flackarp,Ischnura_elegans,Mature,0,Gynochrome,0,13,90,2021,Infuscans,NA
6/22/21,14:31:00,Rabydammen,Ischnura_elegans,Mature,0,Gynochrome,1,4,55,2021,Infuscans,NA
6/23/21,10:13:00,Lomma_Kyrkdamm,Ischnura_elegans,Mature,0,Gynochrome,1,13,60,2021,Infuscans,NA
6/23/21,10:13:00,Lomma_Kyrkdamm,Ischnura_elegans,Immature,0,Gynochrome,0,0,60,2021,Infuscans,NA
6/23/21,14:54:00,Flyinge_30_A1,Ischnura_elegans,Mature,0,Gynochrome,0,2,60,2021,Infuscans,NA
6/23/21,14:54:00,Flyinge_30_A3,Ischnura_elegans,Mature,0,Gynochrome,0,0,60,2021,Infuscans,NA
6/28/21,9:36:00,Hoje_A_7,Ischnura_elegans,Mature,0,Gynochrome,0,0,60,2021,Infuscans,NA
6/28/21,9:36:00,Hoje_A_7,Ischnura_elegans,Mature,0,Gynochrome,0,0,60,2021,Infuscans,NA
6/28/21,11:39:00,Genarp,Ischnura_elegans,Immature,0,Gynochrome,1,0,45,2021,Infuscans,NA
6/28/21,11:39:00,Gunnesbo,Ischnura_elegans,Mature,0,Gynochrome,1,14,40,2021,Infuscans,NA
6/29/21,16:18:00,Vombs_Vattenverk,Ischnura_elegans,Mature,0,Gynochrome,1,0,40,2021,Infuscans,NA
6/29/21,16:18:00,Vombs_Vattenverk,Ischnura_elegans,Mature,0,Gynochrome,1,0,40,2021,Infuscans,NA
6/29/21,16:18:00,Vombs_Vattenverk,Ischnura_elegans,Mature,0,Gynochrome,1,0,40,2021,Infuscans,NA
6/29/21,16:18:00,Vombs_Vattenverk,Ischnura_elegans,Mature,0,Gynochrome,1,1,40,2021,Infuscans,NA
6/29/21,16:18:00,Vombs_Vattenverk,Ischnura_elegans,Mature,0,Gynochrome,1,0,40,2021,Infuscans,NA
6/29/21,16:18:00,Vombs_Vattenverk,Ischnura_elegans,Mature,0,Gynochrome,1,0,40,2021,Infuscans,NA
6/29/21,16:18:00,Vombs_Vattenverk,Ischnura_elegans,Mature,0,Gynochrome,1,5,40,2021,Infuscans,NA
7/3/21,11:46:00,Ilstorp,Ischnura_elegans,Mature,0,Gynochrome,0,0,60,2021,Infuscans,NA
7/4/21,10:02:00,Hoje_A_14,Ischnura_elegans,Mature,0,Gynochrome,1,0,40,2021,Infuscans,NA
7/4/21,10:02:00,Hoje_A_14,Ischnura_elegans,Mature,0,Gynochrome,1,NA,40,2021,Infuscans,NA
7/4/21,10:02:00,Hoje_A_14,Ischnura_elegans,Immature,0,Gynochrome,0,0,40,2021,Infuscans,NA
7/4/21,10:02:00,Hoje_A_14,Ischnura_elegans,Mature,0,Gynochrome,0,0,40,2021,Infuscans,NA
7/4/21,10:02:00,Hoje_A_6,Ischnura_elegans,Mature,0,Gynochrome,1,3,40,2021,Infuscans,NA
7/4/21,10:02:00,Hoje_A_6,Ischnura_elegans,Mature,0,Gynochrome,0,2,40,2021,Infuscans,NA
7/4/21,10:02:00,Flyinge_30_A1,Ischnura_elegans,Mature,0,Gynochrome,0,0,40,2021,Infuscans,NA
7/4/21,10:02:00,Flyinge_30_A3,Ischnura_elegans,Mature,0,Gynochrome,1,0,40,2021,Infuscans,NA
7/4/21,10:02:00,Flyinge_30_A3,Ischnura_elegans,Mature,0,Gynochrome,1,1,40,2021,Infuscans,NA
7/4/21,10:02:00,Flyinge_30_A3,Ischnura_elegans,Mature,0,Gynochrome,1,0,40,2021,Infuscans,NA
7/4/21,10:02:00,Flyinge_30_A3,Ischnura_elegans,Mature,0,Gynochrome,1,0,40,2021,Infuscans,NA
7/8/21,11:01:00,Borgeby,Ischnura_elegans,Immature,0,Gynochrome,1,0,40,2021,Infuscans,NA
7/9/21,10:15:00,Lomma_Kyrkdamm,Ischnura_elegans,Mature,0,Gynochrome,1,1,45,2021,Infuscans,NA
7/9/21,10:15:00,Lomma_Kyrkdamm,Ischnura_elegans,Mature,0,Gynochrome,0,0,45,2021,Infuscans,NA
7/9/21,10:15:00,Lomma_Kyrkdamm,Ischnura_elegans,Mature,0,Gynochrome,0,0,45,2021,Infuscans,NA
7/9/21,10:15:00,Habo_Gard,Ischnura_elegans,Mature,0,Gynochrome,0,0,30,2021,Infuscans,NA
7/11/21,10:34:00,Lunnarp,Ischnura_elegans,Mature,0,Gynochrome,1,0,50,2021,Infuscans,NA
7/11/21,10:34:00,Hoje_A_7,Ischnura_elegans,Mature,0,Gynochrome,1,0,40,2021,Infuscans,NA
7/11/21,10:34:00,Hoje_A_7,Ischnura_elegans,Mature,0,Gynochrome,1,0,40,2021,Infuscans,NA
7/11/21,10:34:00,Rabydammen,Ischnura_elegans,Mature,0,Gynochrome,1,1,40,2021,Infuscans,NA
7/11/21,10:34:00,Rabydammen,Ischnura_elegans,Mature,0,Gynochrome,1,3,40,2021,Infuscans,NA
7/11/21,10:34:00,Rabydammen,Ischnura_elegans,Mature,0,Gynochrome,1,9,40,2021,Infuscans,NA
7/11/21,10:34:00,Rabydammen,Ischnura_elegans,Mature,0,Gynochrome,1,0,40,2021,Infuscans,NA
7/11/21,10:34:00,Rabydammen,Ischnura_elegans,Mature,0,Gynochrome,1,4,40,2021,Infuscans,NA
7/11/21,10:34:00,Rabydammen,Ischnura_elegans,Mature,0,Gynochrome,1,1,40,2021,Infuscans,NA
7/11/21,10:34:00,Rabydammen,Ischnura_elegans,Mature,0,Gynochrome,1,6,40,2021,Infuscans,NA
7/11/21,10:34:00,Rabydammen,Ischnura_elegans,Mature,0,Gynochrome,1,0,40,2021,Infuscans,NA
7/11/21,10:34:00,Rabydammen,Ischnura_elegans,Mature,0,Gynochrome,1,0,40,2021,Infuscans,NA
7/11/21,10:34:00,Rabydammen,Ischnura_elegans,Mature,0,Gynochrome,0,5,40,2021,Infuscans,NA
7/12/21,10:25:00,Vombs_Vattenverk,Ischnura_elegans,Mature,0,Gynochrome,1,0,30,2021,Infuscans,NA
7/12/21,10:25:00,Vombs_Vattenverk,Ischnura_elegans,Mature,0,Gynochrome,1,0,30,2021,Infuscans,NA
7/12/21,10:25:00,Vombs_Vattenverk,Ischnura_elegans,Mature,0,Gynochrome,1,0,30,2021,Infuscans,NA
7/12/21,10:25:00,Vombs_Vattenverk,Ischnura_elegans,Mature,0,Gynochrome,1,0,30,2021,Infuscans,NA
7/12/21,10:25:00,Vombs_Vattenverk,Ischnura_elegans,Mature,0,Gynochrome,1,1,30,2021,Infuscans,NA
7/12/21,10:25:00,Vombs_Vattenverk,Ischnura_elegans,Mature,0,Gynochrome,1,0,30,2021,Infuscans,NA
7/12/21,10:25:00,Vombs_Vattenverk,Ischnura_elegans,Mature,0,Gynochrome,1,0,30,2021,Infuscans,NA
7/12/21,10:25:00,Gunnesbo,Ischnura_elegans,Immature,0,Gynochrome,1,0,45,2021,Infuscans,NA
7/13/21,15:58:00,Ilstorp,Ischnura_elegans,Mature,0,Gynochrome,1,3,45,2021,Infuscans,NA
7/13/21,15:58:00,Ilstorp,Ischnura_elegans,Mature,0,Gynochrome,0,0,45,2021,Infuscans,NA
7/15/21,9:41:00,Flyinge_30_A3,Ischnura_elegans,Mature,0,Gynochrome,0,0,40,2021,Infuscans,NA
7/16/21,10:06:00,Hoje_A_14,Ischnura_elegans,Mature,0,Gynochrome,1,0,45,2021,Infuscans,NA
7/16/21,10:06:00,Hoje_A_14,Ischnura_elegans,Mature,0,Gynochrome,1,0,45,2021,Infuscans,NA
7/17/21,10:00:00,Borgeby,Ischnura_elegans,Mature,0,Gynochrome,0,0,40,2021,Infuscans,NA
7/17/21,10:00:00,Borgeby,Ischnura_elegans,Mature,0,Gynochrome,0,0,40,2021,Infuscans,NA
7/17/21,10:00:00,Borgeby,Ischnura_elegans,Mature,0,Gynochrome,1,0,40,2021,Infuscans,NA
7/17/21,10:00:00,Borgeby,Ischnura_elegans,Mature,0,Gynochrome,1,0,40,2021,Infuscans,NA
7/15/21,15:00:00,Krutladan,Ischnura_elegans,Mature,0,Gynochrome,0,0,40,2021,Infuscans,NA
7/19/21,10:20:00,Bunkeflostrand,Ischnura_elegans,Mature,0,Gynochrome,1,0,60,2021,Infuscans,NA
7/19/21,10:20:00,Bunkeflostrand,Ischnura_elegans,Mature,0,Gynochrome,0,0,60,2021,Infuscans,NA
7/20/21,11:45:00,Hoje_A_7,Ischnura_elegans,Mature,0,Gynochrome,0,0,40,2021,Infuscans,NA
7/20/21,14:48:00,Gunnesbo,Ischnura_elegans,Mature,0,Gynochrome,1,0,45,2021,Infuscans,NA
7/20/21,14:48:00,Gunnesbo,Ischnura_elegans,Mature,0,Gynochrome,1,0,45,2021,Infuscans,NA
7/20/21,14:48:00,Gunnesbo,Ischnura_elegans,Mature,0,Gynochrome,1,0,45,2021,Infuscans,NA
7/20/21,14:48:00,Gunnesbo,Ischnura_elegans,Mature,0,Gynochrome,1,0,45,2021,Infuscans,NA
7/21/21,14:37:00,Lomma_Kyrkdamm,Ischnura_elegans,Mature,0,Gynochrome,1,9,50,2021,Infuscans,NA
7/22/21,10:18:00,Vombs_Vattenverk,Ischnura_elegans,Mature,0,Gynochrome,1,0,40,2021,Infuscans,NA
7/22/21,10:18:00,Vombs_Vattenverk,Ischnura_elegans,Mature,0,Gynochrome,1,0,40,2021,Infuscans,NA
7/22/21,10:18:00,Vombs_Vattenverk,Ischnura_elegans,Mature,0,Gynochrome,1,0,40,2021,Infuscans,NA
7/25/21,12:24:00,Rabydammen,Ischnura_elegans,Immature,0,Gynochrome,0,25,30,2021,Infuscans,NA
7/25/21,14:41:00,Genarp,Ischnura_elegans,Immature,0,Gynochrome,0,0,45,2021,Infuscans,NA
7/26/21,9:43:00,Lomma_Kyrkdamm,Ischnura_elegans,Immature,0,Gynochrome,0,23,40,2021,Infuscans,NA
7/26/21,12:21:00,Krutladan,Ischnura_elegans,Mature,0,Gynochrome,0,0,40,2021,Infuscans,NA
7/27/21,16:02:00,Vombs_Vattenverk,Ischnura_elegans,Mature,0,Gynochrome,1,0,30,2021,Infuscans,NA
7/27/21,16:02:00,Vombs_Vattenverk,Ischnura_elegans,Mature,0,Gynochrome,0,0,30,2021,Infuscans,NA
7/27/21,16:02:00,Vombs_Vattenverk,Ischnura_elegans,Mature,0,Gynochrome,0,0,30,2021,Infuscans,NA
6/22/21,10:06:00,Borgeby,Ischnura_elegans,Mature,0,Gynochrome,1,0,54,2021,Infuscans_obsoleta,NA
6/29/21,16:18:00,Vombs_Vattenverk,Ischnura_elegans,Mature,0,Gynochrome,1,0,40,2021,Infuscans_obsoleta,NA
6/29/21,16:18:00,Vombs_Vattenverk,Ischnura_elegans,Mature,0,Gynochrome,0,0,40,2021,Infuscans_obsoleta,NA
7/4/21,10:02:00,Flyinge_30_A3,Ischnura_elegans,Mature,0,Gynochrome,1,0,40,2021,Infuscans_obsoleta,NA
7/11/21,10:34:00,Rabydammen,Ischnura_elegans,Mature,0,Gynochrome,1,0,40,2021,Infuscans_obsoleta,NA
7/12/21,10:25:00,Vombs_Vattenverk,Ischnura_elegans,Mature,0,Gynochrome,1,0,30,2021,Infuscans_obsoleta,NA
7/16/21,10:06:00,Hoje_A_14,Ischnura_elegans,Mature,0,Gynochrome,1,0,45,2021,Infuscans_obsoleta,NA
7/19/21,10:20:00,Bunkeflostrand,Ischnura_elegans,Mature,0,Gynochrome,1,0,60,2021,Infuscans_obsoleta,NA
7/21/21,11:58:00,Sovdemolla,Ischnura_elegans,Immature,0,Gynochrome,0,0,40,2021,Infuscans_obsoleta,NA
7/21/21,11:58:00,Gunnesbo,Ischnura_elegans,Mature,0,Gynochrome,1,0,50,2021,Infuscans_obsoleta,NA
7/24/21,15:45:00,Hoje_A_14,Ischnura_elegans,Mature,0,Gynochrome,1,1,40,2021,Infuscans_obsoleta,NA
7/25/21,10:39:00,Bunkeflostrand,Ischnura_elegans,Mature,0,Gynochrome,0,0,45,2021,Infuscans_obsoleta,NA
5/29/21,10:42:00,Borgeby,Ischnura_elegans,Teneral,0,Gynochrome,0,0,60,2021,Infuscans_obsoleta,Infuscans_obsoleta_(Rufescens)
6/1/21,13:23:00,Flyinge_30_A1,Ischnura_elegans,Teneral,0,Gynochrome,0,0,40,2021,Infuscans_obsoleta,Infuscans_obsoleta_(Rufescens)
6/1/21,13:23:00,Flyinge_30_A1,Ischnura_elegans,Teneral,0,Gynochrome,0,1,40,2021,Infuscans_obsoleta,Infuscans_obsoleta_(Rufescens)
6/1/21,14:13:00,Flyinge_30_A3,Ischnura_elegans,Immature,0,Gynochrome,0,0,40,2021,Infuscans_obsoleta,Infuscans_obsoleta_(Rufescens)
6/2/21,14:23:00,Vombs_Vattenverk,Ischnura_elegans,Immature,0,Gynochrome,0,0,40,2021,Infuscans_obsoleta,Infuscans_obsoleta_(Rufescens)
6/2/21,14:33:00,Vombs_Vattenverk,Ischnura_elegans,Teneral,0,Gynochrome,0,0,40,2021,Infuscans_obsoleta,Infuscans_obsoleta_(Rufescens)
6/6/21,10:34:00,Genarp,Ischnura_elegans,Immature,0,Gynochrome,0,3,45,2021,Infuscans_obsoleta,Infuscans_obsoleta_(Rufescens)
6/8/21,10:40:00,Krutladan,Ischnura_elegans,Immature,0,Gynochrome,0,0,140,2021,Infuscans_obsoleta,Infuscans_obsoleta_(Rufescens)
6/9/21,11:29:00,Bunkeflostrand,Ischnura_elegans,Immature,0,Gynochrome,0,0,60,2021,Infuscans_obsoleta,Infuscans_obsoleta_(Rufescens)
6/10/21,10:46:00,Hoje_A_7,Ischnura_elegans,Immature,0,Gynochrome,0,0,40,2021,Infuscans_obsoleta,Infuscans_obsoleta_(Rufescens)
6/10/21,12:13:00,Hoje_A_6,Ischnura_elegans,Immature,0,Gynochrome,0,0,40,2021,Infuscans_obsoleta,Infuscans_obsoleta_(Rufescens)
6/10/21,12:13:00,Hoje_A_6,Ischnura_elegans,Immature,0,Gynochrome,0,0,40,2021,Infuscans_obsoleta,Infuscans_obsoleta_(Rufescens)
6/11/21,11:05:00,Flyinge_30_A1,Ischnura_elegans,Teneral,0,Gynochrome,0,0,45,2021,Infuscans_obsoleta,Infuscans_obsoleta_(Rufescens)
6/13/21,11:04:00,Genarp,Ischnura_elegans,Immature,0,Gynochrome,0,0,50,2021,Infuscans_obsoleta,Infuscans_obsoleta_(Rufescens)
6/17/21,15:30:00,Vombs_Vattenverk,Ischnura_elegans,Immature,0,Gynochrome,0,0,40,2021,Infuscans_obsoleta,Infuscans_obsoleta_(Rufescens)
6/18/21,9:39:00,Hoje_A_14,Ischnura_elegans,Mature,0,Gynochrome,1,0,30,2021,Infuscans_obsoleta,Infuscans_obsoleta_(Rufescens)
6/20/21,10:52:00,Bunkeflostrand,Ischnura_elegans,Immature,0,Gynochrome,0,0,60,2021,Infuscans_obsoleta,Infuscans_obsoleta_(Rufescens)
6/20/21,10:52:00,Bunkeflostrand,Ischnura_elegans,Immature,0,Gynochrome,0,1,60,2021,Infuscans_obsoleta,Infuscans_obsoleta_(Rufescens)
6/22/21,10:06:00,Borgeby,Ischnura_elegans,Teneral,0,Gynochrome,0,0,54,2021,Infuscans_obsoleta,Infuscans_obsoleta_(Rufescens)
6/23/21,10:13:00,Lomma_Kyrkdamm,Ischnura_elegans,Immature,0,Gynochrome,1,0,60,2021,Infuscans_obsoleta,Infuscans_obsoleta_(Rufescens)
6/23/21,14:54:00,Flyinge_30_A3,Ischnura_elegans,Immature,0,Gynochrome,0,0,60,2021,Infuscans_obsoleta,Infuscans_obsoleta_(Rufescens)
6/28/21,11:39:00,Genarp,Ischnura_elegans,Immature,0,Gynochrome,0,5,45,2021,Infuscans_obsoleta,Infuscans_obsoleta_(Rufescens)
6/28/21,11:39:00,Gunnesbo,Ischnura_elegans,Immature,0,Gynochrome,0,0,40,2021,Infuscans_obsoleta,Infuscans_obsoleta_(Rufescens)
6/29/21,16:18:00,Vombs_Vattenverk,Ischnura_elegans,Mature,0,Gynochrome,1,3,40,2021,Infuscans_obsoleta,Infuscans_obsoleta_(Rufescens)
7/11/21,10:34:00,Lunnarp,Ischnura_elegans,Immature,0,Gynochrome,0,0,50,2021,Infuscans_obsoleta,Infuscans_obsoleta_(Rufescens)
7/17/21,10:00:00,Borgeby,Ischnura_elegans,Immature,0,Gynochrome,0,1,40,2021,Infuscans_obsoleta,Infuscans_obsoleta_(Rufescens)
7/19/21,10:20:00,Bunkeflostrand,Ischnura_elegans,Immature,0,Gynochrome,0,0,60,2021,Infuscans_obsoleta,Infuscans_obsoleta_(Rufescens)
7/19/21,10:20:00,Bunkeflostrand,Ischnura_elegans,Immature,0,Gynochrome,0,NA,60,2021,Infuscans_obsoleta,Infuscans_obsoleta_(Rufescens)
7/25/21,10:39:00,Bunkeflostrand,Ischnura_elegans,Immature,0,Gynochrome,0,0,45,2021,Infuscans_obsoleta,Infuscans_obsoleta_(Rufescens)
5/19/21,13:44:00,Lomma_Kyrkdamm,Ischnura_elegans,Immature,0,Gynochrome,0,0,75,2021,Androchrome,Violacea_(Androchrome)
5/19/21,13:44:00,Lomma_Kyrkdamm,Ischnura_elegans,Immature,0,Gynochrome,0,0,75,2021,Androchrome,Violacea_(Androchrome)
5/19/21,13:44:00,Lomma_Kyrkdamm,Ischnura_elegans,Immature,0,Gynochrome,0,0,75,2021,Androchrome,Violacea_(Androchrome)
5/19/21,13:44:00,Lomma_Kyrkdamm,Ischnura_elegans,Immature,0,Gynochrome,0,0,75,2021,Androchrome,Violacea_(Androchrome)
5/19/21,13:44:00,Lomma_Kyrkdamm,Ischnura_elegans,Immature,0,Gynochrome,0,1,75,2021,Androchrome,Violacea_(Androchrome)
5/19/21,14:49:00,Habo_Gard,Ischnura_elegans,Immature,0,Gynochrome,0,0,50,2021,Androchrome,Violacea_(Androchrome)
5/29/21,12:06:00,Gunnesbo,Ischnura_elegans,Immature,0,Gynochrome,0,0,60,2021,Androchrome,Violacea_(Androchrome)
5/30/21,11:12:00,IKEA,Ischnura_elegans,Immature,0,Gynochrome,0,0,45,2021,Androchrome,Violacea_(Androchrome)
5/31/21,14:20:00,Krutladan,Ischnura_elegans,Immature,0,Gynochrome,0,0,75,2021,Androchrome,Violacea_(Androchrome)
5/31/21,14:20:00,Krutladan,Ischnura_elegans,Immature,0,Gynochrome,0,0,75,2021,Androchrome,Violacea_(Androchrome)
6/1/21,13:23:00,Flyinge_30_A1,Ischnura_elegans,Immature,0,Gynochrome,0,7,40,2021,Androchrome,Violacea_(Androchrome)
6/1/21,13:23:00,Flyinge_30_A1,Ischnura_elegans,Immature,0,Gynochrome,0,0,40,2021,Androchrome,Violacea_(Androchrome)
6/1/21,13:23:00,Flyinge_30_A1,Ischnura_elegans,Immature,0,Gynochrome,0,0,40,2021,Androchrome,Violacea_(Androchrome)
6/1/21,13:23:00,Flyinge_30_A1,Ischnura_elegans,Immature,0,Gynochrome,0,1,40,2021,Androchrome,Violacea_(Androchrome)
6/1/21,14:13:00,Flyinge_30_A3,Ischnura_elegans,Immature,0,Gynochrome,0,0,40,2021,Androchrome,Violacea_(Androchrome)
6/1/21,14:13:00,Flyinge_30_A3,Ischnura_elegans,Immature,0,Gynochrome,0,0,40,2021,Androchrome,Violacea_(Androchrome)
6/1/21,14:13:00,Flyinge_30_A3,Ischnura_elegans,Immature,0,Gynochrome,0,0,40,2021,Androchrome,Violacea_(Androchrome)
6/1/21,14:13:00,Flyinge_30_A3,Ischnura_elegans,Immature,0,Gynochrome,0,0,40,2021,Androchrome,Violacea_(Androchrome)
6/1/21,14:13:00,Flyinge_30_A3,Ischnura_elegans,Immature,0,Gynochrome,0,0,40,2021,Androchrome,Violacea_(Androchrome)
6/2/21,14:33:00,Vombs_Vattenverk,Ischnura_elegans,Immature,0,Gynochrome,0,0,40,2021,Androchrome,Violacea_(Androchrome)
6/2/21,14:33:00,Vombs_Vattenverk,Ischnura_elegans,Immature,0,Gynochrome,0,0,40,2021,Androchrome,Violacea_(Androchrome)
6/2/21,14:33:00,Vombs_Vattenverk,Ischnura_elegans,Immature,0,Gynochrome,0,0,40,2021,Androchrome,Violacea_(Androchrome)
6/2/21,14:33:00,Vombs_Vattenverk,Ischnura_elegans,Immature,0,Gynochrome,0,0,40,2021,Androchrome,Violacea_(Androchrome)
6/2/21,14:33:00,Vombs_Vattenverk,Ischnura_elegans,Immature,0,Gynochrome,0,0,40,2021,Androchrome,Violacea_(Androchrome)
6/2/21,14:33:00,Vombs_Vattenverk,Ischnura_elegans,Mature,0,Gynochrome,0,0,40,2021,Androchrome,Violacea_(Androchrome)
6/2/21,14:33:00,Vombs_Vattenverk,Ischnura_elegans,Immature,0,Gynochrome,0,0,40,2021,Androchrome,Violacea_(Androchrome)
6/2/21,14:33:00,Vombs_Vattenverk,Ischnura_elegans,Immature,0,Gynochrome,0,0,40,2021,Androchrome,Violacea_(Androchrome)
6/2/21,14:33:00,Vombs_Vattenverk,Ischnura_elegans,Immature,0,Gynochrome,0,0,40,2021,Androchrome,Violacea_(Androchrome)
6/2/21,14:33:00,Vombs_Vattenverk,Ischnura_elegans,Immature,0,Gynochrome,0,0,40,2021,Androchrome,Violacea_(Androchrome)
6/2/21,14:33:00,Vombs_Vattenverk,Ischnura_elegans,Immature,0,Gynochrome,0,0,40,2021,Androchrome,Violacea_(Androchrome)
6/2/21,14:33:00,Vombs_Vattenverk,Ischnura_elegans,Immature,0,Gynochrome,0,0,40,2021,Androchrome,Violacea_(Androchrome)
6/2/21,14:33:00,Vombs_Vattenverk,Ischnura_elegans,Immature,0,Gynochrome,0,0,40,2021,Androchrome,Violacea_(Androchrome)
6/2/21,14:33:00,Vombs_Vattenverk,Ischnura_elegans,Immature,0,Gynochrome,0,0,40,2021,Androchrome,Violacea_(Androchrome)
6/2/21,14:33:00,Vombs_Vattenverk,Ischnura_elegans,Immature,0,Gynochrome,0,0,40,2021,Androchrome,Violacea_(Androchrome)
6/2/21,14:33:00,Vombs_Vattenverk,Ischnura_elegans,Mature,0,Gynochrome,0,0,40,2021,Androchrome,Violacea_(Androchrome)
6/2/21,14:33:00,Vombs_Vattenverk,Ischnura_elegans,Immature,0,Gynochrome,0,0,40,2021,Androchrome,Violacea_(Androchrome)
6/3/21,9:53:00,Hoje_A_14,Ischnura_elegans,Immature,0,Gynochrome,0,0,45,2021,Androchrome,Violacea_(Androchrome)
6/3/21,9:53:00,Hoje_A_14,Ischnura_elegans,Immature,0,Gynochrome,0,0,45,2021,Androchrome,Violacea_(Androchrome)
6/3/21,9:53:00,Hoje_A_14,Ischnura_elegans,Immature,0,Gynochrome,0,0,45,2021,Androchrome,Violacea_(Androchrome)
6/3/21,9:53:00,Hoje_A_14,Ischnura_elegans,Immature,0,Gynochrome,0,0,45,2021,Androchrome,Violacea_(Androchrome)
6/3/21,9:53:00,Hoje_A_14,Ischnura_elegans,Immature,0,Gynochrome,0,0,45,2021,Androchrome,Violacea_(Androchrome)
6/3/21,9:53:00,Hoje_A_14,Ischnura_elegans,Immature,0,Gynochrome,0,0,45,2021,Androchrome,Violacea_(Androchrome)
6/3/21,9:53:00,Hoje_A_14,Ischnura_elegans,Immature,0,Gynochrome,0,0,45,2021,Androchrome,Violacea_(Androchrome)
6/3/21,9:53:00,Hoje_A_14,Ischnura_elegans,Immature,0,Gynochrome,0,0,45,2021,Androchrome,Violacea_(Androchrome)
6/3/21,12:12:00,Hoje_A_7,Ischnura_elegans,Immature,0,Gynochrome,0,0,45,2021,Androchrome,Violacea_(Androchrome)
6/3/21,12:12:00,Hoje_A_7,Ischnura_elegans,Immature,0,Gynochrome,0,0,45,2021,Androchrome,Violacea_(Androchrome)
6/3/21,12:12:00,Hoje_A_7,Ischnura_elegans,Immature,0,Gynochrome,0,0,45,2021,Androchrome,Violacea_(Androchrome)
6/3/21,12:12:00,Hoje_A_7,Ischnura_elegans,Immature,0,Gynochrome,0,0,45,2021,Androchrome,Violacea_(Androchrome)
6/3/21,12:12:00,Hoje_A_7,Ischnura_elegans,Immature,0,Gynochrome,0,0,45,2021,Androchrome,Violacea_(Androchrome)
6/3/21,12:12:00,Hoje_A_7,Ischnura_elegans,Immature,0,Gynochrome,0,0,45,2021,Androchrome,Violacea_(Androchrome)
6/3/21,12:12:00,Hoje_A_7,Ischnura_elegans,Immature,0,Gynochrome,0,0,45,2021,Androchrome,Violacea_(Androchrome)
6/3/21,12:12:00,Hoje_A_7,Ischnura_elegans,Immature,0,Gynochrome,0,0,45,2021,Androchrome,Violacea_(Androchrome)
6/3/21,12:12:00,Hoje_A_7,Ischnura_elegans,Immature,0,Gynochrome,0,0,45,2021,Androchrome,Violacea_(Androchrome)
6/3/21,12:12:00,Hoje_A_7,Ischnura_elegans,Immature,0,Gynochrome,0,0,45,2021,Androchrome,Violacea_(Androchrome)
6/3/21,12:12:00,Hoje_A_7,Ischnura_elegans,Immature,0,Gynochrome,0,0,45,2021,Androchrome,Violacea_(Androchrome)
6/3/21,12:12:00,Hoje_A_7,Ischnura_elegans,Immature,0,Gynochrome,0,0,45,2021,Androchrome,Violacea_(Androchrome)
6/3/21,12:12:00,Hoje_A_7,Ischnura_elegans,Immature,0,Gynochrome,0,0,45,2021,Androchrome,Violacea_(Androchrome)
6/3/21,12:12:00,Hoje_A_7,Ischnura_elegans,Immature,0,Gynochrome,0,0,45,2021,Androchrome,Violacea_(Androchrome)
6/4/21,14:13:00,Lunnarp,Ischnura_elegans,Immature,0,Gynochrome,0,0,60,2021,Androchrome,Violacea_(Androchrome)
6/4/21,14:13:00,Lunnarp,Ischnura_elegans,Immature,0,Gynochrome,0,0,60,2021,Androchrome,Violacea_(Androchrome)
6/6/21,10:34:00,Genarp,Ischnura_elegans,Immature,0,Gynochrome,0,0,45,2021,Androchrome,Violacea_(Androchrome)
6/6/21,10:34:00,Genarp,Ischnura_elegans,Immature,0,Gynochrome,0,0,45,2021,Androchrome,Violacea_(Androchrome)
6/6/21,10:34:00,Genarp,Ischnura_elegans,Immature,0,Gynochrome,0,0,45,2021,Androchrome,Violacea_(Androchrome)
6/6/21,10:34:00,Genarp,Ischnura_elegans,Immature,0,Gynochrome,0,0,45,2021,Androchrome,Violacea_(Androchrome)
6/6/21,12:47:00,Flackarp,Ischnura_elegans,Immature,0,Gynochrome,0,0,45,2021,Androchrome,Violacea_(Androchrome)
6/6/21,12:47:00,Flackarp,Ischnura_elegans,Mature,0,Gynochrome,0,7,45,2021,Androchrome,Violacea_(Androchrome)
6/7/21,10:23:00,Borgeby,Ischnura_elegans,Immature,0,Gynochrome,0,0,80,2021,Androchrome,Violacea_(Androchrome)
6/7/21,10:23:00,Borgeby,Ischnura_elegans,Immature,0,Gynochrome,0,0,80,2021,Androchrome,Violacea_(Androchrome)
6/7/21,10:23:00,Habo_Gard,Ischnura_elegans,Immature,0,Gynochrome,0,0,80,2021,Androchrome,Violacea_(Androchrome)
6/7/21,10:23:00,Habo_Gard,Ischnura_elegans,Immature,0,Gynochrome,0,0,80,2021,Androchrome,Violacea_(Androchrome)
6/7/21,10:23:00,Habo_Gard,Ischnura_elegans,Immature,0,Gynochrome,0,0,80,2021,Androchrome,Violacea_(Androchrome)
6/7/21,10:23:00,Habo_Gard,Ischnura_elegans,Immature,0,Gynochrome,0,0,80,2021,Androchrome,Violacea_(Androchrome)
6/7/21,13:40:00,Lomma_Kyrkdamm,Ischnura_elegans,Immature,0,Gynochrome,0,0,80,2021,Androchrome,Violacea_(Androchrome)
6/7/21,13:40:00,Lomma_Kyrkdamm,Ischnura_elegans,Immature,0,Gynochrome,0,0,80,2021,Androchrome,Violacea_(Androchrome)
6/7/21,13:40:00,Lomma_Kyrkdamm,Ischnura_elegans,Immature,0,Gynochrome,0,31,80,2021,Androchrome,Violacea_(Androchrome)
6/7/21,13:40:00,Lomma_Kyrkdamm,Ischnura_elegans,Immature,0,Gynochrome,0,0,80,2021,Androchrome,Violacea_(Androchrome)
6/8/21,10:40:00,Krutladan,Ischnura_elegans,Immature,0,Gynochrome,0,0,140,2021,Androchrome,Violacea_(Androchrome)
6/8/21,10:40:00,Krutladan,Ischnura_elegans,Immature,0,Gynochrome,0,0,140,2021,Androchrome,Violacea_(Androchrome)
6/8/21,10:40:00,Krutladan,Ischnura_elegans,Immature,0,Gynochrome,0,0,140,2021,Androchrome,Violacea_(Androchrome)
6/8/21,10:40:00,Krutladan,Ischnura_elegans,Immature,0,Gynochrome,0,0,140,2021,Androchrome,Violacea_(Androchrome)
6/8/21,10:40:00,Krutladan,Ischnura_elegans,Immature,0,Gynochrome,0,0,140,2021,Androchrome,Violacea_(Androchrome)
6/8/21,10:40:00,Krutladan,Ischnura_elegans,Immature,0,Gynochrome,0,0,140,2021,Androchrome,Violacea_(Androchrome)
6/8/21,10:40:00,Krutladan,Ischnura_elegans,Immature,0,Gynochrome,0,0,140,2021,Androchrome,Violacea_(Androchrome)
6/8/21,10:40:00,Krutladan,Ischnura_elegans,Immature,0,Gynochrome,0,0,140,2021,Androchrome,Violacea_(Androchrome)
6/8/21,10:40:00,Krutladan,Ischnura_elegans,Immature,0,Gynochrome,0,0,140,2021,Androchrome,Violacea_(Androchrome)
6/8/21,10:40:00,Krutladan,Ischnura_elegans,Immature,0,Gynochrome,0,0,140,2021,Androchrome,Violacea_(Androchrome)
6/8/21,10:40:00,Krutladan,Ischnura_elegans,Immature,0,Gynochrome,0,0,140,2021,Androchrome,Violacea_(Androchrome)
6/8/21,10:40:00,Krutladan,Ischnura_elegans,Immature,0,Gynochrome,0,0,140,2021,Androchrome,Violacea_(Androchrome)
6/8/21,10:40:00,Krutladan,Ischnura_elegans,Immature,0,Gynochrome,0,0,140,2021,Androchrome,Violacea_(Androchrome)
6/8/21,12:12:00,Hoje_A_14,Ischnura_elegans,Immature,0,Gynochrome,0,0,75,2021,Androchrome,Violacea_(Androchrome)
6/9/21,10:16:00,IKEA,Ischnura_elegans,Immature,0,Gynochrome,0,0,60,2021,Androchrome,Violacea_(Androchrome)
6/9/21,10:16:00,IKEA,Ischnura_elegans,Immature,0,Gynochrome,0,0,60,2021,Androchrome,Violacea_(Androchrome)
6/10/21,10:46:00,Hoje_A_7,Ischnura_elegans,Immature,0,Gynochrome,0,33,40,2021,Androchrome,Violacea_(Androchrome)
6/10/21,10:46:00,Hoje_A_7,Ischnura_elegans,Immature,0,Gynochrome,0,0,40,2021,Androchrome,Violacea_(Androchrome)
6/10/21,10:46:00,Hoje_A_7,Ischnura_elegans,Immature,0,Gynochrome,0,0,40,2021,Androchrome,Violacea_(Androchrome)
6/10/21,10:46:00,Hoje_A_7,Ischnura_elegans,Immature,0,Gynochrome,0,0,40,2021,Androchrome,Violacea_(Androchrome)
6/10/21,10:46:00,Hoje_A_7,Ischnura_elegans,Immature,0,Gynochrome,0,0,40,2021,Androchrome,Violacea_(Androchrome)
6/10/21,10:46:00,Hoje_A_7,Ischnura_elegans,Immature,0,Gynochrome,0,0,40,2021,Androchrome,Violacea_(Androchrome)
6/10/21,10:46:00,Hoje_A_7,Ischnura_elegans,Immature,0,Gynochrome,0,0,40,2021,Androchrome,Violacea_(Androchrome)
6/10/21,10:46:00,Hoje_A_7,Ischnura_elegans,Immature,0,Gynochrome,0,0,40,2021,Androchrome,Violacea_(Androchrome)
6/10/21,10:46:00,Hoje_A_7,Ischnura_elegans,Immature,0,Gynochrome,0,0,40,2021,Androchrome,Violacea_(Androchrome)
6/10/21,10:46:00,Hoje_A_7,Ischnura_elegans,Mature,0,Gynochrome,0,0,40,2021,Androchrome,Violacea_(Androchrome)
6/10/21,10:46:00,Hoje_A_7,Ischnura_elegans,Immature,0,Gynochrome,0,0,40,2021,Androchrome,Violacea_(Androchrome)
6/10/21,10:46:00,Hoje_A_7,Ischnura_elegans,Immature,0,Gynochrome,0,0,40,2021,Androchrome,Violacea_(Androchrome)
6/10/21,10:46:00,Hoje_A_7,Ischnura_elegans,Immature,0,Gynochrome,0,0,40,2021,Androchrome,Violacea_(Androchrome)
6/10/21,10:46:00,Hoje_A_7,Ischnura_elegans,Immature,0,Gynochrome,0,0,40,2021,Androchrome,Violacea_(Androchrome)
6/10/21,10:46:00,Hoje_A_7,Ischnura_elegans,Immature,0,Gynochrome,0,0,40,2021,Androchrome,Violacea_(Androchrome)
6/11/21,11:05:00,Flyinge_30_A1,Ischnura_elegans,Immature,0,Gynochrome,0,0,45,2021,Androchrome,Violacea_(Androchrome)
6/11/21,11:05:00,Flyinge_30_A1,Ischnura_elegans,Immature,0,Gynochrome,0,0,45,2021,Androchrome,Violacea_(Androchrome)
6/11/21,11:05:00,Flyinge_30_A1,Ischnura_elegans,Immature,0,Gynochrome,0,1,45,2021,Androchrome,Violacea_(Androchrome)
6/11/21,11:05:00,Flyinge_30_A1,Ischnura_elegans,Immature,0,Gynochrome,0,3,45,2021,Androchrome,Violacea_(Androchrome)
6/11/21,12:58:00,Flyinge_30_A3,Ischnura_elegans,Immature,0,Gynochrome,0,1,45,2021,Androchrome,Violacea_(Androchrome)
6/11/21,12:58:00,Flyinge_30_A3,Ischnura_elegans,Immature,0,Gynochrome,0,0,45,2021,Androchrome,Violacea_(Androchrome)
6/11/21,12:58:00,Flyinge_30_A3,Ischnura_elegans,Immature,0,Gynochrome,0,0,45,2021,Androchrome,Violacea_(Androchrome)
6/11/21,12:58:00,Flyinge_30_A3,Ischnura_elegans,Immature,0,Gynochrome,0,0,45,2021,Androchrome,Violacea_(Androchrome)
6/11/21,12:58:00,Flyinge_30_A3,Ischnura_elegans,Immature,0,Gynochrome,0,0,45,2021,Androchrome,Violacea_(Androchrome)
6/11/21,12:58:00,Flyinge_30_A3,Ischnura_elegans,Immature,0,Gynochrome,0,6,45,2021,Androchrome,Violacea_(Androchrome)
6/11/21,12:58:00,Flyinge_30_A3,Ischnura_elegans,Immature,0,Gynochrome,0,0,45,2021,Androchrome,Violacea_(Androchrome)
6/13/21,11:04:00,Genarp,Ischnura_elegans,Immature,0,Gynochrome,0,0,50,2021,Androchrome,Violacea_(Androchrome)
6/13/21,11:04:00,Genarp,Ischnura_elegans,Immature,0,Gynochrome,0,0,50,2021,Androchrome,Violacea_(Androchrome)
6/13/21,11:04:00,Genarp,Ischnura_elegans,Immature,0,Gynochrome,0,0,50,2021,Androchrome,Violacea_(Androchrome)
6/13/21,11:04:00,Genarp,Ischnura_elegans,Immature,0,Gynochrome,0,0,50,2021,Androchrome,Violacea_(Androchrome)
6/14/21,14:38:00,Lunnarp,Ischnura_elegans,Immature,0,Gynochrome,0,0,50,2021,Androchrome,Violacea_(Androchrome)
6/14/21,14:38:00,Lunnarp,Ischnura_elegans,Immature,0,Gynochrome,0,0,50,2021,Androchrome,Violacea_(Androchrome)
6/14/21,14:38:00,Lunnarp,Ischnura_elegans,Immature,0,Gynochrome,0,0,50,2021,Androchrome,Violacea_(Androchrome)
6/14/21,14:38:00,Lunnarp,Ischnura_elegans,Immature,0,Gynochrome,0,0,50,2021,Androchrome,Violacea_(Androchrome)
6/14/21,14:38:00,Lunnarp,Ischnura_elegans,Immature,0,Gynochrome,0,2,50,2021,Androchrome,Violacea_(Androchrome)
6/14/21,14:38:00,Lunnarp,Ischnura_elegans,Immature,0,Gynochrome,0,14,50,2021,Androchrome,Violacea_(Androchrome)
6/16/21,11:48:00,Ilstorp,Ischnura_elegans,Immature,0,Gynochrome,0,27,45,2021,Androchrome,Violacea_(Androchrome)
6/16/21,11:48:00,Ilstorp,Ischnura_elegans,Immature,0,Gynochrome,0,39,45,2021,Androchrome,Violacea_(Androchrome)
6/17/21,15:30:00,Vombs_Vattenverk,Ischnura_elegans,Immature,0,Gynochrome,1,0,40,2021,Androchrome,Violacea_(Androchrome)
6/17/21,15:30:00,Vombs_Vattenverk,Ischnura_elegans,Immature,0,Gynochrome,0,0,40,2021,Androchrome,Violacea_(Androchrome)
6/17/21,15:30:00,Vombs_Vattenverk,Ischnura_elegans,Immature,0,Gynochrome,0,0,40,2021,Androchrome,Violacea_(Androchrome)
6/18/21,9:39:00,Hoje_A_14,Ischnura_elegans,Immature,0,Gynochrome,0,0,30,2021,Androchrome,Violacea_(Androchrome)
6/18/21,9:39:00,Hoje_A_14,Ischnura_elegans,Immature,0,Gynochrome,0,1,30,2021,Androchrome,Violacea_(Androchrome)
6/18/21,11:14:00,Hoje_A_6,Ischnura_elegans,Immature,0,Gynochrome,0,0,30,2021,Androchrome,Violacea_(Androchrome)
6/18/21,11:14:00,Hoje_A_6,Ischnura_elegans,Immature,0,Gynochrome,0,0,30,2021,Androchrome,Violacea_(Androchrome)
6/18/21,11:14:00,Hoje_A_6,Ischnura_elegans,Immature,0,Gynochrome,0,29,30,2021,Androchrome,Violacea_(Androchrome)
6/20/21,10:52:00,Bunkeflostrand,Ischnura_elegans,Immature,0,Gynochrome,0,0,60,2021,Androchrome,Violacea_(Androchrome)
6/20/21,10:52:00,Bunkeflostrand,Ischnura_elegans,Immature,0,Gynochrome,0,0,60,2021,Androchrome,Violacea_(Androchrome)
6/20/21,10:52:00,Bunkeflostrand,Ischnura_elegans,Immature,0,Gynochrome,0,0,60,2021,Androchrome,Violacea_(Androchrome)
6/20/21,10:52:00,Bunkeflostrand,Ischnura_elegans,Immature,0,Gynochrome,0,0,60,2021,Androchrome,Violacea_(Androchrome)
6/20/21,10:52:00,Bunkeflostrand,Ischnura_elegans,Immature,0,Gynochrome,0,2,60,2021,Androchrome,Violacea_(Androchrome)
6/22/21,12:52:00,Flackarp,Ischnura_elegans,Immature,0,Gynochrome,0,0,90,2021,Androchrome,Violacea_(Androchrome)
6/22/21,12:52:00,Flackarp,Ischnura_elegans,Mature,0,Gynochrome,0,0,90,2021,Androchrome,Violacea_(Androchrome)
6/22/21,12:52:00,Flackarp,Ischnura_elegans,Immature,0,Gynochrome,0,55,90,2021,Androchrome,Violacea_(Androchrome)
6/22/21,12:52:00,Flackarp,Ischnura_elegans,Mature,0,Gynochrome,0,0,90,2021,Androchrome,Violacea_(Androchrome)
6/22/21,14:31:00,Rabydammen,Ischnura_elegans,Immature,0,Gynochrome,0,0,55,2021,Androchrome,Violacea_(Androchrome)
6/23/21,10:13:00,Lomma_Kyrkdamm,Ischnura_elegans,Immature,0,Gynochrome,0,0,60,2021,Androchrome,Violacea_(Androchrome)
6/23/21,10:13:00,Habo_Gard,Ischnura_elegans,Immature,0,Gynochrome,0,NA,60,2021,Androchrome,Violacea_(Androchrome)
6/23/21,14:54:00,Flyinge_30_A1,Ischnura_elegans,Immature,0,Gynochrome,0,0,60,2021,Androchrome,Violacea_(Androchrome)
6/23/21,14:54:00,Flyinge_30_A3,Ischnura_elegans,Immature,0,Gynochrome,0,0,60,2021,Androchrome,Violacea_(Androchrome)
6/23/21,14:54:00,Flyinge_30_A3,Ischnura_elegans,Immature,0,Gynochrome,0,0,60,2021,Androchrome,Violacea_(Androchrome)
6/23/21,14:54:00,Flyinge_30_A3,Ischnura_elegans,Immature,0,Gynochrome,0,75,60,2021,Androchrome,Violacea_(Androchrome)
6/23/21,14:54:00,Flyinge_30_A3,Ischnura_elegans,Immature,0,Gynochrome,0,0,60,2021,Androchrome,Violacea_(Androchrome)
6/23/21,14:54:00,Flyinge_30_A3,Ischnura_elegans,Immature,0,Gynochrome,0,0,60,2021,Androchrome,Violacea_(Androchrome)
6/23/21,14:54:00,Flyinge_30_A3,Ischnura_elegans,Mature,0,Gynochrome,0,0,60,2021,Androchrome,Violacea_(Androchrome)
6/23/21,14:54:00,Flyinge_30_A3,Ischnura_elegans,Immature,0,Gynochrome,0,0,60,2021,Androchrome,Violacea_(Androchrome)
6/24/21,9:42:00,Lunnarp,Ischnura_elegans,Immature,0,Gynochrome,0,0,40,2021,Androchrome,Violacea_(Androchrome)
6/28/21,9:36:00,Hoje_A_7,Ischnura_elegans,Immature,0,Gynochrome,0,0,60,2021,Androchrome,Violacea_(Androchrome)
6/28/21,9:36:00,Hoje_A_7,Ischnura_elegans,Immature,0,Gynochrome,0,0,60,2021,Androchrome,Violacea_(Androchrome)
6/28/21,11:39:00,Genarp,Ischnura_elegans,Immature,0,Gynochrome,0,0,45,2021,Androchrome,Violacea_(Androchrome)
6/28/21,11:39:00,Genarp,Ischnura_elegans,Immature,0,Gynochrome,0,0,45,2021,Androchrome,Violacea_(Androchrome)
6/28/21,11:39:00,Genarp,Ischnura_elegans,Immature,0,Gynochrome,0,12,45,2021,Androchrome,Violacea_(Androchrome)
6/28/21,11:39:00,Genarp,Ischnura_elegans,Immature,0,Gynochrome,0,1,45,2021,Androchrome,Violacea_(Androchrome)
6/28/21,11:39:00,Genarp,Ischnura_elegans,Immature,0,Gynochrome,0,0,45,2021,Androchrome,Violacea_(Androchrome)
6/28/21,11:39:00,Genarp,Ischnura_elegans,Immature,0,Gynochrome,0,0,45,2021,Androchrome,Violacea_(Androchrome)
6/29/21,9:50:00,Krutladan,Ischnura_elegans,Immature,0,Gynochrome,0,0,45,2021,Androchrome,Violacea_(Androchrome)
6/29/21,16:18:00,Vombs_Vattenverk,Ischnura_elegans,Mature,0,Gynochrome,1,0,40,2021,Androchrome,Violacea_(Androchrome)
6/29/21,16:18:00,Vombs_Vattenverk,Ischnura_elegans,Mature,0,Gynochrome,0,3,40,2021,Androchrome,Violacea_(Androchrome)
7/3/21,11:46:00,Ilstorp,Ischnura_elegans,Mature,0,Gynochrome,0,6,60,2021,Androchrome,Violacea_(Androchrome)
7/3/21,11:46:00,Ilstorp,Ischnura_elegans,Mature,0,Gynochrome,0,13,60,2021,Androchrome,Violacea_(Androchrome)
7/3/21,11:46:00,Ilstorp,Ischnura_elegans,Mature,0,Gynochrome,0,13,60,2021,Androchrome,Violacea_(Androchrome)
7/4/21,10:02:00,Hoje_A_14,Ischnura_elegans,Immature,0,Gynochrome,0,0,40,2021,Androchrome,Violacea_(Androchrome)
7/4/21,10:02:00,Hoje_A_6,Ischnura_elegans,Immature,0,Gynochrome,0,0,40,2021,Androchrome,Violacea_(Androchrome)
7/4/21,10:02:00,Flyinge_30_A1,Ischnura_elegans,Immature,0,Gynochrome,0,0,40,2021,Androchrome,Violacea_(Androchrome)
7/4/21,10:02:00,Flyinge_30_A3,Ischnura_elegans,Immature,0,Gynochrome,0,0,40,2021,Androchrome,Violacea_(Androchrome)
7/4/21,10:02:00,Flyinge_30_A3,Ischnura_elegans,Immature,0,Gynochrome,0,0,40,2021,Androchrome,Violacea_(Androchrome)
7/4/21,10:02:00,Flyinge_30_A3,Ischnura_elegans,Immature,0,Gynochrome,0,0,40,2021,Androchrome,Violacea_(Androchrome)
7/4/21,10:02:00,Flyinge_30_A3,Ischnura_elegans,Immature,0,Gynochrome,0,0,40,2021,Androchrome,Violacea_(Androchrome)
7/4/21,10:02:00,Flyinge_30_A3,Ischnura_elegans,Immature,0,Gynochrome,0,0,40,2021,Androchrome,Violacea_(Androchrome)
7/5/21,11:48:00,Genarp,Ischnura_elegans,Mature,0,Gynochrome,1,0,40,2021,Androchrome,Violacea_(Androchrome)
7/8/21,11:01:00,Bunkeflostrand,Ischnura_elegans,Immature,0,Gynochrome,0,0,60,2021,Androchrome,Violacea_(Androchrome)
7/8/21,11:01:00,Bunkeflostrand,Ischnura_elegans,Immature,0,Gynochrome,0,0,60,2021,Androchrome,Violacea_(Androchrome)
7/8/21,11:01:00,Borgeby,Ischnura_elegans,Immature,0,Gynochrome,0,1,40,2021,Androchrome,Violacea_(Androchrome)
7/8/21,11:01:00,Flackarp,Ischnura_elegans,Immature,0,Gynochrome,0,0,40,2021,Androchrome,Violacea_(Androchrome)
7/8/21,11:01:00,Flackarp,Ischnura_elegans,Immature,0,Gynochrome,0,0,40,2021,Androchrome,Violacea_(Androchrome)
7/8/21,11:01:00,Flackarp,Ischnura_elegans,Immature,0,Gynochrome,0,0,40,2021,Androchrome,Violacea_(Androchrome)
7/9/21,10:15:00,Lomma_Kyrkdamm,Ischnura_elegans,Immature,0,Gynochrome,0,0,45,2021,Androchrome,Violacea_(Androchrome)
7/9/21,10:15:00,Lomma_Kyrkdamm,Ischnura_elegans,Immature,0,Gynochrome,0,8,45,2021,Androchrome,Violacea_(Androchrome)
7/9/21,10:15:00,Lomma_Kyrkdamm,Ischnura_elegans,Immature,0,Gynochrome,0,0,45,2021,Androchrome,Violacea_(Androchrome)
7/9/21,10:15:00,Lomma_Kyrkdamm,Ischnura_elegans,Immature,0,Gynochrome,0,1,45,2021,Androchrome,Violacea_(Androchrome)
7/9/21,10:15:00,Lomma_Kyrkdamm,Ischnura_elegans,Immature,0,Gynochrome,0,36,45,2021,Androchrome,Violacea_(Androchrome)
7/11/21,10:34:00,Hoje_A_7,Ischnura_elegans,Immature,0,Gynochrome,0,0,40,2021,Androchrome,Violacea_(Androchrome)
7/11/21,10:34:00,Rabydammen,Ischnura_elegans,Immature,0,Gynochrome,0,0,40,2021,Androchrome,Violacea_(Androchrome)
7/11/21,10:34:00,Rabydammen,Ischnura_elegans,Mature,0,Gynochrome,0,6,40,2021,Androchrome,Violacea_(Androchrome)
7/11/21,10:34:00,Rabydammen,Ischnura_elegans,Immature,0,Gynochrome,0,0,40,2021,Androchrome,Violacea_(Androchrome)
7/11/21,10:34:00,Rabydammen,Ischnura_elegans,Immature,0,Gynochrome,0,0,40,2021,Androchrome,Violacea_(Androchrome)
7/11/21,10:34:00,Rabydammen,Ischnura_elegans,Immature,0,Gynochrome,0,0,40,2021,Androchrome,Violacea_(Androchrome)
7/12/21,10:25:00,Vombs_Vattenverk,Ischnura_elegans,Immature,0,Gynochrome,0,0,30,2021,Androchrome,Violacea_(Androchrome)
7/12/21,10:25:00,Vombs_Vattenverk,Ischnura_elegans,Immature,0,Gynochrome,0,1,30,2021,Androchrome,Violacea_(Androchrome)
7/15/21,9:41:00,Flyinge_30_A1,Ischnura_elegans,Immature,0,Gynochrome,0,7,40,2021,Androchrome,Violacea_(Androchrome)
7/19/21,10:20:00,Bunkeflostrand,Ischnura_elegans,Immature,0,Gynochrome,0,1,60,2021,Androchrome,Violacea_(Androchrome)
7/19/21,10:20:00,Bunkeflostrand,Ischnura_elegans,Immature,0,Gynochrome,0,2,60,2021,Androchrome,Violacea_(Androchrome)
7/20/21,10:23:00,Rabydammen,Ischnura_elegans,Immature,0,Gynochrome,0,8,40,2021,Androchrome,Violacea_(Androchrome)
7/20/21,10:23:00,Rabydammen,Ischnura_elegans,Immature,0,Gynochrome,0,19,40,2021,Androchrome,Violacea_(Androchrome)
7/20/21,16:01:00,Lunnarp,Ischnura_elegans,Immature,0,Gynochrome,0,0,45,2021,Androchrome,Violacea_(Androchrome)
7/22/21,14:54:00,Flyinge_30_A1,Ischnura_elegans,Immature,0,Gynochrome,0,0,40,2021,Androchrome,Violacea_(Androchrome)
7/22/21,14:54:00,Flyinge_30_A1,Ischnura_elegans,Immature,0,Gynochrome,0,0,40,2021,Androchrome,Violacea_(Androchrome)
7/22/21,15:33:00,Flyinge_30_A3,Ischnura_elegans,Immature,0,Gynochrome,0,0,40,2021,Androchrome,Violacea_(Androchrome)
7/25/21,10:39:00,Bunkeflostrand,Ischnura_elegans,Immature,0,Gynochrome,0,0,45,2021,Androchrome,Violacea_(Androchrome)
7/26/21,9:43:00,Lomma_Kyrkdamm,Ischnura_elegans,Immature,0,Gynochrome,0,0,40,2021,Androchrome,Violacea_(Androchrome)
5/19/21,13:44:00,Lomma_Kyrkdamm,Ischnura_elegans,Immature,0,Gynochrome,0,0,75,2021,Infuscans,Violacea_(Infuscans)
5/30/21,11:12:00,IKEA,Ischnura_elegans,Immature,0,Gynochrome,0,2,45,2021,Infuscans,Violacea_(Infuscans)
6/2/21,14:33:00,Vombs_Vattenverk,Ischnura_elegans,Immature,0,Gynochrome,0,0,40,2021,Infuscans,Violacea_(Infuscans)
6/2/21,14:33:00,Vombs_Vattenverk,Ischnura_elegans,Immature,0,Gynochrome,0,0,40,2021,Infuscans,Violacea_(Infuscans)
6/2/21,14:33:00,Vombs_Vattenverk,Ischnura_elegans,Immature,0,Gynochrome,0,0,40,2021,Infuscans,Violacea_(Infuscans)
6/2/21,14:33:00,Vombs_Vattenverk,Ischnura_elegans,Immature,0,Gynochrome,0,0,40,2021,Infuscans,Violacea_(Infuscans)
6/3/21,9:53:00,Hoje_A_14,Ischnura_elegans,Immature,0,Gynochrome,0,0,45,2021,Infuscans,Violacea_(Infuscans)
6/3/21,12:12:00,Hoje_A_7,Ischnura_elegans,Immature,0,Gynochrome,0,0,45,2021,Infuscans,Violacea_(Infuscans)
6/3/21,12:12:00,Hoje_A_7,Ischnura_elegans,Immature,0,Gynochrome,0,0,45,2021,Infuscans,Violacea_(Infuscans)
6/3/21,12:12:00,Hoje_A_7,Ischnura_elegans,Immature,0,Gynochrome,0,0,45,2021,Infuscans,Violacea_(Infuscans)
6/4/21,14:13:00,Lunnarp,Ischnura_elegans,Immature,0,Gynochrome,0,0,60,2021,Infuscans,Violacea_(Infuscans)
6/6/21,12:47:00,Flackarp,Ischnura_elegans,Mature,0,Gynochrome,0,37,45,2021,Infuscans,Violacea_(Infuscans)
6/6/21,12:47:00,Flackarp,Ischnura_elegans,Immature,0,Gynochrome,0,2,45,2021,Infuscans,Violacea_(Infuscans)
6/7/21,10:23:00,Borgeby,Ischnura_elegans,Immature,0,Gynochrome,0,0,80,2021,Infuscans,Violacea_(Infuscans)
6/7/21,10:23:00,Borgeby,Ischnura_elegans,Immature,0,Gynochrome,0,0,80,2021,Infuscans,Violacea_(Infuscans)
6/7/21,10:23:00,Borgeby,Ischnura_elegans,Immature,0,Gynochrome,0,0,80,2021,Infuscans,Violacea_(Infuscans)
6/7/21,10:23:00,Borgeby,Ischnura_elegans,Immature,0,Gynochrome,0,1,80,2021,Infuscans,Violacea_(Infuscans)
6/7/21,10:23:00,Habo_Gard,Ischnura_elegans,Immature,0,Gynochrome,0,0,80,2021,Infuscans,Violacea_(Infuscans)
6/7/21,13:40:00,Lomma_Kyrkdamm,Ischnura_elegans,Immature,0,Gynochrome,0,2,80,2021,Infuscans,Violacea_(Infuscans)
6/7/21,13:40:00,Lomma_Kyrkdamm,Ischnura_elegans,Immature,0,Gynochrome,0,0,80,2021,Infuscans,Violacea_(Infuscans)
6/7/21,13:40:00,Lomma_Kyrkdamm,Ischnura_elegans,Immature,0,Gynochrome,0,62,80,2021,Infuscans,Violacea_(Infuscans)
6/8/21,10:40:00,Krutladan,Ischnura_elegans,Immature,0,Gynochrome,0,0,140,2021,Infuscans,Violacea_(Infuscans)
6/8/21,10:40:00,Krutladan,Ischnura_elegans,Immature,0,Gynochrome,0,0,140,2021,Infuscans,Violacea_(Infuscans)
6/8/21,10:40:00,Krutladan,Ischnura_elegans,Immature,0,Gynochrome,0,0,140,2021,Infuscans,Violacea_(Infuscans)
6/8/21,10:40:00,Krutladan,Ischnura_elegans,Immature,0,Gynochrome,0,0,140,2021,Infuscans,Violacea_(Infuscans)
6/8/21,10:40:00,Krutladan,Ischnura_elegans,Immature,0,Gynochrome,0,0,140,2021,Infuscans,Violacea_(Infuscans)
6/9/21,10:16:00,IKEA,Ischnura_elegans,Immature,0,Gynochrome,0,8,60,2021,Infuscans,Violacea_(Infuscans)
6/9/21,10:16:00,IKEA,Ischnura_elegans,Immature,0,Gynochrome,0,0,60,2021,Infuscans,Violacea_(Infuscans)
6/9/21,10:16:00,IKEA,Ischnura_elegans,Immature,0,Gynochrome,0,0,60,2021,Infuscans,Violacea_(Infuscans)
6/9/21,10:16:00,IKEA,Ischnura_elegans,Immature,0,Gynochrome,0,0,60,2021,Infuscans,Violacea_(Infuscans)
6/9/21,11:29:00,Bunkeflostrand,Ischnura_elegans,Immature,0,Gynochrome,1,15,60,2021,Infuscans,Violacea_(Infuscans)
6/9/21,11:29:00,Bunkeflostrand,Ischnura_elegans,Immature,0,Gynochrome,0,0,60,2021,Infuscans,Violacea_(Infuscans)
6/10/21,10:46:00,Hoje_A_7,Ischnura_elegans,Immature,0,Gynochrome,0,0,40,2021,Infuscans,Violacea_(Infuscans)
6/10/21,10:46:00,Hoje_A_7,Ischnura_elegans,Immature,0,Gynochrome,0,0,40,2021,Infuscans,Violacea_(Infuscans)
6/11/21,11:05:00,Flyinge_30_A1,Ischnura_elegans,Immature,0,Gynochrome,0,0,45,2021,Infuscans,Violacea_(Infuscans)
6/11/21,11:05:00,Flyinge_30_A1,Ischnura_elegans,Immature,0,Gynochrome,0,0,45,2021,Infuscans,Violacea_(Infuscans)
6/11/21,12:58:00,Flyinge_30_A3,Ischnura_elegans,Immature,0,Gynochrome,0,0,45,2021,Infuscans,Violacea_(Infuscans)
6/11/21,12:58:00,Flyinge_30_A3,Ischnura_elegans,Immature,0,Gynochrome,0,7,45,2021,Infuscans,Violacea_(Infuscans)
6/11/21,12:58:00,Flyinge_30_A3,Ischnura_elegans,Immature,0,Gynochrome,0,0,45,2021,Infuscans,Violacea_(Infuscans)
6/13/21,11:04:00,Genarp,Ischnura_elegans,Immature,0,Gynochrome,0,1,50,2021,Infuscans,Violacea_(Infuscans)
6/14/21,14:38:00,Lunnarp,Ischnura_elegans,Immature,0,Gynochrome,0,0,50,2021,Infuscans,Violacea_(Infuscans)
6/14/21,14:38:00,Lunnarp,Ischnura_elegans,Immature,0,Gynochrome,0,0,50,2021,Infuscans,Violacea_(Infuscans)
6/14/21,14:38:00,Lunnarp,Ischnura_elegans,Immature,0,Gynochrome,0,5,50,2021,Infuscans,Violacea_(Infuscans)
6/14/21,14:38:00,Lunnarp,Ischnura_elegans,Immature,0,Gynochrome,0,0,50,2021,Infuscans,Violacea_(Infuscans)
6/14/21,14:38:00,Lunnarp,Ischnura_elegans,Immature,0,Gynochrome,0,0,50,2021,Infuscans,Violacea_(Infuscans)
6/14/21,14:38:00,Lunnarp,Ischnura_elegans,Immature,0,Gynochrome,0,0,50,2021,Infuscans,Violacea_(Infuscans)
6/17/21,15:30:00,Vombs_Vattenverk,Ischnura_elegans,Immature,0,Gynochrome,0,0,40,2021,Infuscans,Violacea_(Infuscans)
6/17/21,15:30:00,Vombs_Vattenverk,Ischnura_elegans,Immature,0,Gynochrome,0,0,40,2021,Infuscans,Violacea_(Infuscans)
6/17/21,15:30:00,Vombs_Vattenverk,Ischnura_elegans,Immature,0,Gynochrome,0,0,40,2021,Infuscans,Violacea_(Infuscans)
6/18/21,9:39:00,Hoje_A_14,Ischnura_elegans,Immature,0,Gynochrome,0,0,30,2021,Infuscans,Violacea_(Infuscans)
6/18/21,9:39:00,Hoje_A_14,Ischnura_elegans,Immature,0,Gynochrome,0,0,30,2021,Infuscans,Violacea_(Infuscans)
6/18/21,9:39:00,Hoje_A_14,Ischnura_elegans,Immature,0,Gynochrome,0,0,30,2021,Infuscans,Violacea_(Infuscans)
6/18/21,11:14:00,Hoje_A_6,Ischnura_elegans,Immature,0,Gynochrome,0,2,30,2021,Infuscans,Violacea_(Infuscans)
6/20/21,9:42:00,IKEA,Ischnura_elegans,Mature,0,Gynochrome,0,0,60,2021,Infuscans,Violacea_(Infuscans)
6/20/21,9:42:00,IKEA,Ischnura_elegans,Immature,0,Gynochrome,0,0,60,2021,Infuscans,Violacea_(Infuscans)
6/20/21,9:42:00,IKEA,Ischnura_elegans,Immature,0,Gynochrome,0,0,60,2021,Infuscans,Violacea_(Infuscans)
6/20/21,9:42:00,IKEA,Ischnura_elegans,Immature,0,Gynochrome,0,0,60,2021,Infuscans,Violacea_(Infuscans)
6/20/21,10:52:00,Bunkeflostrand,Ischnura_elegans,Immature,0,Gynochrome,1,3,60,2021,Infuscans,Violacea_(Infuscans)
6/20/21,10:52:00,Bunkeflostrand,Ischnura_elegans,Immature,0,Gynochrome,0,2,60,2021,Infuscans,Violacea_(Infuscans)
6/20/21,10:52:00,Bunkeflostrand,Ischnura_elegans,Immature,0,Gynochrome,0,0,60,2021,Infuscans,Violacea_(Infuscans)
6/22/21,12:52:00,Flackarp,Ischnura_elegans,Immature,0,Gynochrome,0,0,90,2021,Infuscans,Violacea_(Infuscans)
6/22/21,12:52:00,Flackarp,Ischnura_elegans,Mature,0,Gynochrome,0,11,90,2021,Infuscans,Violacea_(Infuscans)
6/23/21,10:13:00,Lomma_Kyrkdamm,Ischnura_elegans,Immature,0,Gynochrome,0,0,60,2021,Infuscans,Violacea_(Infuscans)
6/23/21,10:13:00,Lomma_Kyrkdamm,Ischnura_elegans,Immature,0,Gynochrome,0,0,60,2021,Infuscans,Violacea_(Infuscans)
6/23/21,10:13:00,Lomma_Kyrkdamm,Ischnura_elegans,Immature,0,Gynochrome,0,3,60,2021,Infuscans,Violacea_(Infuscans)
6/23/21,10:13:00,Lomma_Kyrkdamm,Ischnura_elegans,Immature,0,Gynochrome,0,54,60,2021,Infuscans,Violacea_(Infuscans)
6/23/21,10:13:00,Lomma_Kyrkdamm,Ischnura_elegans,Immature,0,Gynochrome,0,0,60,2021,Infuscans,Violacea_(Infuscans)
6/23/21,10:13:00,Lomma_Kyrkdamm,Ischnura_elegans,Immature,0,Gynochrome,0,0,60,2021,Infuscans,Violacea_(Infuscans)
6/23/21,10:13:00,Lomma_Kyrkdamm,Ischnura_elegans,Immature,0,Gynochrome,0,0,60,2021,Infuscans,Violacea_(Infuscans)
6/23/21,14:54:00,Flyinge_30_A1,Ischnura_elegans,Immature,0,Gynochrome,0,1,60,2021,Infuscans,Violacea_(Infuscans)
6/23/21,14:54:00,Flyinge_30_A3,Ischnura_elegans,Mature,0,Gynochrome,0,0,60,2021,Infuscans,Violacea_(Infuscans)
6/24/21,9:42:00,Lunnarp,Ischnura_elegans,Immature,0,Gynochrome,0,0,40,2021,Infuscans,Violacea_(Infuscans)
6/28/21,9:36:00,Hoje_A_7,Ischnura_elegans,Immature,0,Gynochrome,0,0,60,2021,Infuscans,Violacea_(Infuscans)
6/28/21,9:36:00,Hoje_A_7,Ischnura_elegans,Immature,0,Gynochrome,0,0,60,2021,Infuscans,Violacea_(Infuscans)
6/28/21,9:36:00,Hoje_A_7,Ischnura_elegans,Immature,0,Gynochrome,0,0,60,2021,Infuscans,Violacea_(Infuscans)
6/28/21,9:36:00,Hoje_A_7,Ischnura_elegans,Immature,0,Gynochrome,0,0,60,2021,Infuscans,Violacea_(Infuscans)
6/28/21,9:36:00,Hoje_A_7,Ischnura_elegans,Immature,0,Gynochrome,0,0,60,2021,Infuscans,Violacea_(Infuscans)
6/28/21,11:39:00,Genarp,Ischnura_elegans,Immature,0,Gynochrome,0,0,45,2021,Infuscans,Violacea_(Infuscans)
6/29/21,9:50:00,Krutladan,Ischnura_elegans,Immature,0,Gynochrome,0,0,45,2021,Infuscans,Violacea_(Infuscans)
6/29/21,16:18:00,Vombs_Vattenverk,Ischnura_elegans,Mature,0,Gynochrome,1,1,40,2021,Infuscans,Violacea_(Infuscans)
6/29/21,16:18:00,Vombs_Vattenverk,Ischnura_elegans,Mature,0,Gynochrome,0,13,40,2021,Infuscans,Violacea_(Infuscans)
6/29/21,16:18:00,Vombs_Vattenverk,Ischnura_elegans,Immature,0,Gynochrome,0,2,40,2021,Infuscans,Violacea_(Infuscans)
7/4/21,10:02:00,Flyinge_30_A3,Ischnura_elegans,Immature,0,Gynochrome,0,0,40,2021,Infuscans,Violacea_(Infuscans)
7/4/21,10:02:00,Flyinge_30_A3,Ischnura_elegans,Immature,0,Gynochrome,0,0,40,2021,Infuscans,Violacea_(Infuscans)
7/4/21,10:02:00,Flyinge_30_A3,Ischnura_elegans,Immature,0,Gynochrome,0,0,40,2021,Infuscans,Violacea_(Infuscans)
7/4/21,10:02:00,Flyinge_30_A3,Ischnura_elegans,Immature,0,Gynochrome,0,0,40,2021,Infuscans,Violacea_(Infuscans)
7/4/21,10:02:00,Flyinge_30_A3,Ischnura_elegans,Immature,0,Gynochrome,0,0,40,2021,Infuscans,Violacea_(Infuscans)
7/4/21,10:02:00,Flyinge_30_A3,Ischnura_elegans,Mature,0,Gynochrome,0,0,40,2021,Infuscans,Violacea_(Infuscans)
7/8/21,11:01:00,Bunkeflostrand,Ischnura_elegans,Immature,0,Gynochrome,0,0,60,2021,Infuscans,Violacea_(Infuscans)
7/8/21,11:01:00,Flackarp,Ischnura_elegans,Immature,0,Gynochrome,0,5,40,2021,Infuscans,Violacea_(Infuscans)
7/8/21,11:01:00,Flackarp,Ischnura_elegans,Immature,0,Gynochrome,0,1,40,2021,Infuscans,Violacea_(Infuscans)
7/9/21,10:15:00,Lomma_Kyrkdamm,Ischnura_elegans,Immature,0,Gynochrome,0,34,45,2021,Infuscans,Violacea_(Infuscans)
7/11/21,10:34:00,Rabydammen,Ischnura_elegans,Immature,0,Gynochrome,0,1,40,2021,Infuscans,Violacea_(Infuscans)
7/11/21,10:34:00,Rabydammen,Ischnura_elegans,Immature,0,Gynochrome,0,0,40,2021,Infuscans,Violacea_(Infuscans)
7/11/21,10:34:00,Rabydammen,Ischnura_elegans,Immature,0,Gynochrome,0,0,40,2021,Infuscans,Violacea_(Infuscans)
7/11/21,10:34:00,Rabydammen,Ischnura_elegans,Immature,0,Gynochrome,0,0,40,2021,Infuscans,Violacea_(Infuscans)
7/12/21,10:25:00,Vombs_Vattenverk,Ischnura_elegans,Immature,0,Gynochrome,1,0,30,2021,Infuscans,Violacea_(Infuscans)
7/12/21,10:25:00,Vombs_Vattenverk,Ischnura_elegans,Immature,0,Gynochrome,0,0,30,2021,Infuscans,Violacea_(Infuscans)
7/12/21,10:25:00,Vombs_Vattenverk,Ischnura_elegans,Immature,0,Gynochrome,0,0,30,2021,Infuscans,Violacea_(Infuscans)
7/12/21,10:25:00,Vombs_Vattenverk,Ischnura_elegans,Immature,0,Gynochrome,0,0,30,2021,Infuscans,Violacea_(Infuscans)
7/12/21,10:25:00,Vombs_Vattenverk,Ischnura_elegans,Immature,0,Gynochrome,0,1,30,2021,Infuscans,Violacea_(Infuscans)
7/12/21,10:25:00,Vombs_Vattenverk,Ischnura_elegans,Immature,0,Gynochrome,0,2,30,2021,Infuscans,Violacea_(Infuscans)
7/12/21,10:25:00,Vombs_Vattenverk,Ischnura_elegans,Immature,0,Gynochrome,0,0,30,2021,Infuscans,Violacea_(Infuscans)
7/12/21,10:25:00,Vombs_Vattenverk,Ischnura_elegans,Immature,0,Gynochrome,0,2,30,2021,Infuscans,Violacea_(Infuscans)
7/15/21,9:41:00,Flyinge_30_A1,Ischnura_elegans,Immature,0,Gynochrome,0,0,40,2021,Infuscans,Violacea_(Infuscans)
7/15/21,9:41:00,Flyinge_30_A3,Ischnura_elegans,Immature,0,Gynochrome,0,0,40,2021,Infuscans,Violacea_(Infuscans)
7/16/21,11:45:00,Hoje_A_6,Ischnura_elegans,Immature,0,Gynochrome,0,0,45,2021,Infuscans,Violacea_(Infuscans)
7/19/21,10:20:00,Bunkeflostrand,Ischnura_elegans,Immature,0,Gynochrome,0,0,60,2021,Infuscans,Violacea_(Infuscans)
7/19/21,10:20:00,Bunkeflostrand,Ischnura_elegans,Immature,0,Gynochrome,0,1,60,2021,Infuscans,Violacea_(Infuscans)
7/19/21,10:20:00,Bunkeflostrand,Ischnura_elegans,Mature,0,Gynochrome,0,1,60,2021,Infuscans,Violacea_(Infuscans)
7/20/21,10:23:00,Rabydammen,Ischnura_elegans,Immature,0,Gynochrome,0,11,40,2021,Infuscans,Violacea_(Infuscans)
7/20/21,16:01:00,Lunnarp,Ischnura_elegans,Immature,0,Gynochrome,0,0,45,2021,Infuscans,Violacea_(Infuscans)
7/22/21,10:18:00,Vombs_Vattenverk,Ischnura_elegans,Immature,0,Gynochrome,0,0,40,2021,Infuscans,Violacea_(Infuscans)
7/22/21,14:54:00,Flyinge_30_A1,Ischnura_elegans,Immature,0,Gynochrome,0,1,40,2021,Infuscans,Violacea_(Infuscans)
7/25/21,10:39:00,Bunkeflostrand,Ischnura_elegans,Immature,0,Gynochrome,0,0,45,2021,Infuscans,Violacea_(Infuscans)
7/25/21,10:39:00,Bunkeflostrand,Ischnura_elegans,Immature,0,Gynochrome,0,0,45,2021,Infuscans,Violacea_(Infuscans)
7/25/21,10:39:00,Bunkeflostrand,Ischnura_elegans,Mature,0,Gynochrome,0,0,45,2021,Infuscans,Violacea_(Infuscans)
5/19/21,13:44:00,Lomma_Kyrkdamm,Ischnura_elegans,Teneral,0,,0,3,75,2021,NA,NA
5/19/21,13:44:00,Lomma_Kyrkdamm,Ischnura_elegans,Teneral,0,,0,0,75,2021,NA,NA
5/19/21,13:44:00,Lomma_Kyrkdamm,Ischnura_elegans,Teneral,0,,0,0,75,2021,NA,NA
5/19/21,13:44:00,Lomma_Kyrkdamm,Ischnura_elegans,Teneral,0,,0,0,75,2021,NA,NA
5/19/21,13:44:00,Lomma_Kyrkdamm,Ischnura_elegans,Teneral,0,,0,0,75,2021,NA,NA
5/19/21,13:44:00,Lomma_Kyrkdamm,Ischnura_elegans,Teneral,0,,0,0,75,2021,NA,NA
5/19/21,13:44:00,Lomma_Kyrkdamm,Ischnura_elegans,Teneral,0,,0,0,75,2021,NA,NA
5/19/21,13:44:00,Lomma_Kyrkdamm,Ischnura_elegans,Teneral,0,,0,0,75,2021,NA,NA
5/19/21,13:44:00,Lomma_Kyrkdamm,Ischnura_elegans,Teneral,0,,0,0,75,2021,NA,NA
5/19/21,13:44:00,Lomma_Kyrkdamm,Ischnura_elegans,Teneral,0,,0,1,75,2021,NA,NA
5/19/21,14:49:00,Habo_Gard,Ischnura_elegans,Teneral,0,,0,5,50,2021,NA,NA
5/19/21,14:49:00,Habo_Gard,Ischnura_elegans,Teneral,0,,0,0,50,2021,NA,NA
5/28/21,13:57:00,Flackarp,Ischnura_elegans,Teneral,0,,0,0,75,2021,NA,NA
5/28/21,13:57:00,Flackarp,Ischnura_elegans,Teneral,0,,0,1,75,2021,NA,NA
5/30/21,11:12:00,IKEA,Ischnura_elegans,Teneral,0,,0,0,45,2021,NA,NA
5/31/21,14:20:00,Krutladan,Ischnura_elegans,Teneral,0,,0,0,75,2021,NA,NA
5/31/21,14:20:00,Krutladan,Ischnura_elegans,Teneral,0,,0,0,75,2021,NA,NA
5/31/21,14:20:00,Krutladan,Ischnura_elegans,Teneral,0,,0,0,75,2021,NA,NA
5/31/21,14:20:00,Krutladan,Ischnura_elegans,Teneral,0,,0,0,75,2021,NA,NA
5/31/21,14:20:00,Krutladan,Ischnura_elegans,Teneral,0,,0,0,75,2021,NA,NA
6/1/21,13:23:00,Flyinge_30_A1,Ischnura_elegans,Teneral,0,,0,5,40,2021,NA,NA
6/1/21,13:23:00,Flyinge_30_A1,Ischnura_elegans,Teneral,0,,0,0,40,2021,NA,NA
6/1/21,13:23:00,Flyinge_30_A1,Ischnura_elegans,Teneral,0,,0,0,40,2021,NA,NA
6/1/21,13:23:00,Flyinge_30_A1,Ischnura_elegans,Teneral,0,,0,0,40,2021,NA,NA
6/1/21,14:13:00,Flyinge_30_A3,Ischnura_elegans,Teneral,0,,0,3,40,2021,NA,NA
6/1/21,14:13:00,Flyinge_30_A3,Ischnura_elegans,Teneral,0,,0,0,40,2021,NA,NA
6/1/21,14:13:00,Flyinge_30_A3,Ischnura_elegans,Teneral,0,,0,NA,40,2021,NA,NA
6/1/21,14:13:00,Flyinge_30_A3,Ischnura_elegans,Teneral,0,,0,47,40,2021,NA,NA
6/2/21,14:33:00,Vombs_Vattenverk,Ischnura_elegans,Teneral,0,,0,0,40,2021,NA,NA
6/2/21,14:33:00,Vombs_Vattenverk,Ischnura_elegans,Teneral,0,,0,3,40,2021,NA,NA
6/2/21,14:33:00,Vombs_Vattenverk,Ischnura_elegans,Teneral,0,,0,0,40,2021,NA,NA
6/2/21,14:33:00,Vombs_Vattenverk,Ischnura_elegans,Teneral,0,,0,0,40,2021,NA,NA
6/3/21,9:53:00,Hoje_A_14,Ischnura_elegans,Teneral,0,,0,0,45,2021,NA,NA
6/3/21,9:53:00,Hoje_A_14,Ischnura_elegans,Teneral,0,,0,0,45,2021,NA,NA
6/3/21,9:53:00,Hoje_A_6,Ischnura_elegans,Teneral,0,,0,0,30,2021,NA,NA
6/3/21,9:53:00,Hoje_A_6,Ischnura_elegans,Teneral,0,,0,0,30,2021,NA,NA
6/3/21,12:12:00,Hoje_A_7,Ischnura_elegans,Teneral,0,,0,0,45,2021,NA,NA
6/3/21,12:12:00,Hoje_A_7,Ischnura_elegans,Teneral,0,,0,0,45,2021,NA,NA
6/3/21,12:12:00,Hoje_A_7,Ischnura_elegans,Teneral,0,,0,0,45,2021,NA,NA
6/3/21,12:12:00,Hoje_A_7,Ischnura_elegans,Teneral,0,,0,0,45,2021,NA,NA
6/3/21,12:12:00,Hoje_A_7,Ischnura_elegans,Teneral,0,,0,0,45,2021,NA,NA
6/3/21,12:12:00,Hoje_A_7,Ischnura_elegans,Teneral,0,,0,0,45,2021,NA,NA
6/3/21,12:12:00,Hoje_A_7,Ischnura_elegans,Teneral,0,,0,0,45,2021,NA,NA
6/3/21,12:12:00,Hoje_A_7,Ischnura_elegans,Teneral,0,,0,0,45,2021,NA,NA
6/3/21,12:12:00,Hoje_A_7,Ischnura_elegans,Teneral,0,,0,0,45,2021,NA,NA
6/4/21,14:13:00,Lunnarp,Ischnura_elegans,Teneral,0,,0,0,60,2021,NA,NA
6/4/21,14:13:00,Lunnarp,Ischnura_elegans,Teneral,0,,0,0,60,2021,NA,NA
6/4/21,14:13:00,Lunnarp,Ischnura_elegans,Teneral,0,,0,0,60,2021,NA,NA
6/4/21,14:13:00,Lunnarp,Ischnura_elegans,Teneral,0,,0,0,60,2021,NA,NA
6/4/21,14:13:00,Lunnarp,Ischnura_elegans,Teneral,0,,0,0,60,2021,NA,NA
6/4/21,14:13:00,Lunnarp,Ischnura_elegans,Teneral,0,,0,0,60,2021,NA,NA
6/4/21,14:13:00,Lunnarp,Ischnura_elegans,Teneral,0,,0,1,60,2021,NA,NA
6/4/21,14:13:00,Lunnarp,Ischnura_elegans,Teneral,0,,0,0,60,2021,NA,NA
6/4/21,14:13:00,Lunnarp,Ischnura_elegans,Teneral,0,,0,0,60,2021,NA,NA
6/4/21,14:13:00,Lunnarp,Ischnura_elegans,Teneral,0,,0,0,60,2021,NA,NA
6/4/21,14:13:00,Lunnarp,Ischnura_elegans,Teneral,0,,0,0,60,2021,NA,NA
6/6/21,10:34:00,Genarp,Ischnura_elegans,Teneral,0,,0,0,45,2021,NA,NA
6/7/21,10:23:00,Borgeby,Ischnura_elegans,Teneral,0,,0,1,80,2021,NA,NA
6/7/21,10:23:00,Borgeby,Ischnura_elegans,Teneral,0,,0,0,80,2021,NA,NA
6/7/21,10:23:00,Habo_Gard,Ischnura_elegans,Teneral,0,,0,0,80,2021,NA,NA
6/7/21,10:23:00,Habo_Gard,Ischnura_elegans,Teneral,0,,0,0,80,2021,NA,NA
6/7/21,13:40:00,Lomma_Kyrkdamm,Ischnura_elegans,Teneral,0,,0,0,80,2021,NA,NA
6/7/21,13:40:00,Lomma_Kyrkdamm,Ischnura_elegans,Teneral,0,,0,1,80,2021,NA,NA
6/7/21,13:40:00,Lomma_Kyrkdamm,Ischnura_elegans,Teneral,0,,0,52,80,2021,NA,NA
6/8/21,10:40:00,Krutladan,Ischnura_elegans,Teneral,0,,0,0,140,2021,NA,NA
6/8/21,10:40:00,Krutladan,Ischnura_elegans,Teneral,0,,0,0,140,2021,NA,NA
6/8/21,10:40:00,Krutladan,Ischnura_elegans,Teneral,0,,0,0,140,2021,NA,NA
6/8/21,10:40:00,Krutladan,Ischnura_elegans,Teneral,0,,0,0,140,2021,NA,NA
6/8/21,10:40:00,Krutladan,Ischnura_elegans,Teneral,0,,0,0,140,2021,NA,NA
6/8/21,15:06:00,Rabydammen,Ischnura_elegans,Teneral,0,,0,0,30,2021,NA,NA
6/9/21,10:16:00,IKEA,Ischnura_elegans,Teneral,0,,0,1,60,2021,NA,NA
6/9/21,10:16:00,IKEA,Ischnura_elegans,Teneral,0,,0,0,60,2021,NA,NA
6/10/21,10:46:00,Hoje_A_7,Ischnura_elegans,Teneral,0,,0,0,40,2021,NA,NA
6/10/21,12:13:00,Hoje_A_6,Ischnura_elegans,Teneral,0,,0,0,40,2021,NA,NA
6/14/21,14:38:00,Lunnarp,Ischnura_elegans,Teneral,0,,0,0,50,2021,NA,NA
6/14/21,14:38:00,Lunnarp,Ischnura_elegans,Teneral,0,,0,0,50,2021,NA,NA
6/18/21,11:14:00,Hoje_A_6,Ischnura_elegans,Teneral,0,,0,67,30,2021,NA,NA
6/19/21,14:25:00,Krutladan,Ischnura_elegans,Teneral,0,,0,0,45,2021,NA,NA
6/20/21,10:52:00,Bunkeflostrand,Ischnura_elegans,Teneral,0,,0,0,60,2021,NA,NA
6/22/21,14:31:00,Rabydammen,Ischnura_elegans,Teneral,0,,0,0,55,2021,NA,NA
6/23/21,10:13:00,Lomma_Kyrkdamm,Ischnura_elegans,Teneral,0,,0,16,60,2021,NA,NA
6/23/21,10:13:00,Lomma_Kyrkdamm,Ischnura_elegans,Teneral,0,,0,0,60,2021,NA,NA
6/23/21,10:13:00,Habo_Gard,Ischnura_elegans,Teneral,0,,0,NA,60,2021,NA,NA
6/23/21,14:54:00,Flyinge_30_A1,Ischnura_elegans,Teneral,0,,0,0,60,2021,NA,NA
6/23/21,14:54:00,Flyinge_30_A3,Ischnura_elegans,Teneral,0,,0,0,60,2021,NA,NA
6/23/21,14:54:00,Flyinge_30_A3,Ischnura_elegans,Teneral,0,,0,0,60,2021,NA,NA
6/24/21,9:42:00,Lunnarp,Ischnura_elegans,Teneral,0,,0,0,40,2021,NA,NA
6/24/21,9:42:00,Lunnarp,Ischnura_elegans,Teneral,0,,0,0,40,2021,NA,NA
6/28/21,9:36:00,Hoje_A_7,Ischnura_elegans,Teneral,0,,0,0,60,2021,NA,NA
6/28/21,11:39:00,Genarp,Ischnura_elegans,Teneral,0,,0,0,45,2021,NA,NA
7/4/21,10:02:00,Flyinge_30_A1,Ischnura_elegans,Teneral,0,,0,0,40,2021,NA,NA
7/4/21,10:02:00,Flyinge_30_A1,Ischnura_elegans,Teneral,0,,0,0,40,2021,NA,NA
7/4/21,10:02:00,Flyinge_30_A1,Ischnura_elegans,Teneral,0,,0,0,40,2021,NA,NA
7/4/21,10:02:00,Flyinge_30_A1,Ischnura_elegans,Teneral,0,,0,0,40,2021,NA,NA
7/4/21,10:02:00,Flyinge_30_A3,Ischnura_elegans,Teneral,0,,0,0,40,2021,NA,NA
7/4/21,10:02:00,Flyinge_30_A3,Ischnura_elegans,Teneral,0,,0,0,40,2021,NA,NA
7/5/21,11:48:00,Genarp,Ischnura_elegans,Teneral,0,,0,0,40,2021,NA,NA
7/5/21,11:48:00,Genarp,Ischnura_elegans,Teneral,0,,0,0,40,2021,NA,NA
7/8/21,11:01:00,Bunkeflostrand,Ischnura_elegans,Teneral,0,,0,0,60,2021,NA,NA
7/8/21,11:01:00,Flackarp,Ischnura_elegans,Teneral,0,,0,18,40,2021,NA,NA
7/9/21,10:15:00,Lomma_Kyrkdamm,Ischnura_elegans,Teneral,0,,0,27,45,2021,NA,NA
7/9/21,10:15:00,Lomma_Kyrkdamm,Ischnura_elegans,Teneral,0,,0,57,45,2021,NA,NA
7/11/21,10:34:00,Rabydammen,Ischnura_elegans,Teneral,0,,0,7,40,2021,NA,NA
7/19/21,10:20:00,Bunkeflostrand,Ischnura_elegans,Teneral,0,,0,0,60,2021,NA,NA
7/19/21,15:07:00,Flackarp,Ischnura_elegans,Teneral,0,,0,0,40,2021,NA,NA
7/20/21,10:23:00,Rabydammen,Ischnura_elegans,Teneral,0,,0,8,40,2021,NA,NA
7/22/21,15:33:00,Flyinge_30_A3,Ischnura_elegans,Teneral,0,,0,0,40,2021,NA,NA
7/24/21,11:34:00,Flackarp,Ischnura_elegans,Teneral,0,,0,0,40,2021,NA,NA
7/25/21,12:24:00,Rabydammen,Ischnura_elegans,Teneral,0,,0,0,30,2021,NA,NA
7/26/21,10:25:00,Habo_Gard,Ischnura_elegans,Teneral,0,,0,0,20,2021,NA,NA
5/19/21,13:44:00,Lomma_Kyrkdamm,Ischnura_elegans,Immature,0,,0,0,75,2021,NA,NA
6/2/21,14:33:00,Vombs_Vattenverk,Ischnura_elegans,Immature,0,,0,0,40,2021,NA,NA
6/2/21,14:33:00,Vombs_Vattenverk,Ischnura_elegans,Immature,0,,0,0,40,2021,NA,NA
6/7/21,10:23:00,Borgeby,Ischnura_elegans,Immature,0,,0,7,80,2021,NA,NA
7/11/21,10:34:00,Rabydammen,Ischnura_elegans,Immature,0,,0,0,40,2021,NA,NA
7/22/21,10:18:00,Vombs_Vattenverk,Ischnura_elegans,Immature,0,,0,NA,40,2021,NA,NA
6/14/21,14:38:00,Lunnarp,Ischnura_elegans,Mature,0,,1,NA,50,2021,NA,NA
6/29/21,16:18:00,Vombs_Vattenverk,Ischnura_elegans,Mature,0,,1,NA,40,2021,NA,NA
7/25/21,12:24:00,Rabydammen,Ischnura_elegans,Mature,0,,0,3,30,2021,NA,NA
7/25/21,12:24:00,Rabydammen,Ischnura_elegans,Mature,0,,0,1,30,2021,NA,NA
7/25/21,12:24:00,Rabydammen,Ischnura_elegans,Mature,0,,0,1,30,2021,NA,NA
6/8/21,12:12:00,Hoje_A_14,Ischnura_elegans,NA,0,,1,NA,75,2021,NA,NA