"Date","Time","Locale","Species","Age","Sex","Morph","Copulation.status","Parasites","Catching.time.minutes.","Year","Ischunra.elegans.morph","Ischunra.elegans.phase"
"7/22/20",15:45:00,"Borgeby","Ischnura_elegans","Mature",0,"Androchrome",0,0,40,2020,"Androchrome",NA
"7/22/20",15:45:00,"Borgeby","Ischnura_elegans","Mature",0,"Androchrome",0,0,40,2020,"Androchrome",NA
"7/22/20",15:45:00,"Borgeby","Ischnura_elegans","Mature",0,"Androchrome",0,0,40,2020,"Androchrome",NA
"7/22/20",15:45:00,"Borgeby","Ischnura_elegans","Mature",0,"Androchrome",0,0,40,2020,"Androchrome",NA
"7/22/20",15:45:00,"Borgeby","Orthetrum_cancellatum","Mature",0,"Gynochrome",1,NA,40,2020,NA,NA
"7/22/20",15:45:00,"Borgeby","Sympetrum_vulgatum","Mature",0,"Gynochrome",0,0,40,2020,NA,NA
"7/22/20",15:45:00,"Borgeby","Enallagma_cyathigerum","Mature",0,"Gynochrome",0,55,40,2020,NA,NA
"7/22/20",15:45:00,"Borgeby","Enallagma_cyathigerum","Mature",0,"Gynochrome",0,0,40,2020,NA,NA
"7/22/20",15:45:00,"Borgeby","Enallagma_cyathigerum","Mature",0,"Gynochrome",0,0,40,2020,NA,NA
"7/22/20",15:45:00,"Borgeby","Orthetrum_cancellatum","Mature",1,NA,0,NA,40,2020,NA,NA
"7/22/20",15:45:00,"Borgeby","Orthetrum_cancellatum","Mature",1,NA,0,NA,40,2020,NA,NA
"7/22/20",15:45:00,"Borgeby","Orthetrum_cancellatum","Mature",1,NA,0,NA,40,2020,NA,NA
"7/22/20",15:45:00,"Borgeby","Orthetrum_cancellatum","Mature",1,NA,0,NA,40,2020,NA,NA
"7/22/20",15:45:00,"Borgeby","Orthetrum_cancellatum","Mature",1,NA,0,NA,40,2020,NA,NA
"7/22/20",15:45:00,"Borgeby","Orthetrum_cancellatum","Mature",1,NA,0,NA,40,2020,NA,NA
"7/22/20",15:45:00,"Borgeby","Orthetrum_cancellatum","Mature",1,NA,0,NA,40,2020,NA,NA
"7/22/20",15:45:00,"Borgeby","Orthetrum_cancellatum","Mature",1,NA,0,NA,40,2020,NA,NA
"7/22/20",15:45:00,"Borgeby","Orthetrum_cancellatum","Mature",1,NA,0,NA,40,2020,NA,NA
"7/22/20",15:45:00,"Borgeby","Orthetrum_cancellatum","Mature",1,NA,0,NA,40,2020,NA,NA
"7/22/20",15:45:00,"Borgeby","Orthetrum_cancellatum","Mature",1,NA,0,NA,40,2020,NA,NA
"7/22/20",15:45:00,"Borgeby","Orthetrum_cancellatum","Mature",1,NA,0,NA,40,2020,NA,NA
"7/22/20",15:45:00,"Borgeby","Orthetrum_cancellatum","Mature",1,NA,0,NA,40,2020,NA,NA
"7/22/20",15:45:00,"Borgeby","Orthetrum_cancellatum","Mature",1,NA,0,NA,40,2020,NA,NA
"7/22/20",15:45:00,"Borgeby","Orthetrum_cancellatum","Mature",1,NA,0,NA,40,2020,NA,NA
"7/22/20",15:45:00,"Borgeby","Orthetrum_cancellatum","Mature",1,NA,0,NA,40,2020,NA,NA
"7/22/20",15:45:00,"Borgeby","Orthetrum_cancellatum","Mature",1,NA,1,NA,40,2020,NA,NA
"7/22/20",15:45:00,"Borgeby","Sympetrum_sanguineum","Mature",1,NA,0,NA,40,2020,NA,NA
"7/22/20",15:45:00,"Borgeby","Lestes_sponsa","Mature",1,NA,0,0,40,2020,NA,NA
"7/22/20",15:45:00,"Borgeby","Ischnura_elegans","Mature",1,NA,0,0,40,2020,NA,NA
"7/22/20",15:45:00,"Borgeby","Enallagma_cyathigerum","Mature",1,NA,0,0,40,2020,NA,NA
"7/22/20",15:45:00,"Borgeby","Ischnura_elegans","Mature",1,NA,0,0,40,2020,NA,NA
"7/22/20",15:45:00,"Borgeby","Ischnura_elegans","Mature",1,NA,0,0,40,2020,NA,NA
"7/22/20",15:45:00,"Borgeby","Ischnura_elegans","Mature",1,NA,0,0,40,2020,NA,NA
"7/22/20",15:45:00,"Borgeby","Ischnura_elegans","Mature",1,NA,0,0,40,2020,NA,NA
"7/22/20",15:45:00,"Borgeby","Lestes_sponsa","Mature",1,NA,0,0,40,2020,NA,NA
"7/22/20",15:45:00,"Borgeby","Ischnura_elegans","Mature",1,NA,0,0,40,2020,NA,NA
"7/22/20",15:45:00,"Borgeby","Ischnura_elegans","Mature",1,NA,0,0,40,2020,NA,NA
"7/22/20",15:45:00,"Borgeby","Lestes_sponsa","Mature",1,NA,0,0,40,2020,NA,NA
"7/22/20",15:45:00,"Borgeby","Ischnura_elegans","Mature",1,NA,0,0,40,2020,NA,NA
"7/22/20",15:45:00,"Borgeby","Ischnura_elegans","Mature",1,NA,0,0,40,2020,NA,NA
"7/22/20",15:45:00,"Borgeby","Ischnura_elegans","Immature",1,NA,0,1,40,2020,NA,NA
"7/22/20",15:45:00,"Borgeby","Ischnura_elegans","Mature",1,NA,0,0,40,2020,NA,NA
"7/22/20",15:45:00,"Borgeby","Ischnura_elegans","Mature",1,NA,0,0,40,2020,NA,NA
"7/22/20",15:45:00,"Borgeby","Ischnura_elegans","Mature",1,NA,0,0,40,2020,NA,NA
"7/22/20",15:45:00,"Borgeby","Ischnura_elegans","Mature",1,NA,0,0,40,2020,NA,NA
"7/22/20",15:45:00,"Borgeby","Ischnura_elegans","Mature",1,NA,0,NA,40,2020,NA,NA
"7/22/20",15:45:00,"Borgeby","Ischnura_elegans","Mature",1,NA,0,0,40,2020,NA,NA
"7/22/20",15:45:00,"Borgeby","Ischnura_elegans","Mature",1,NA,0,0,40,2020,NA,NA
"7/22/20",15:45:00,"Borgeby","Ischnura_elegans","Mature",1,NA,0,0,40,2020,NA,NA
"7/22/20",15:45:00,"Borgeby","Ischnura_elegans","Mature",1,NA,0,0,40,2020,NA,NA
"7/22/20",15:45:00,"Borgeby","Enallagma_cyathigerum","Mature",1,NA,0,0,40,2020,NA,NA
"7/22/20",15:45:00,"Borgeby","Enallagma_cyathigerum","Mature",1,NA,0,1,40,2020,NA,NA
"7/22/20",15:45:00,"Borgeby","Enallagma_cyathigerum","Mature",1,NA,0,1,40,2020,NA,NA
"7/22/20",15:45:00,"Borgeby","Ischnura_elegans","Mature",1,NA,0,0,40,2020,NA,NA
"7/22/20",15:45:00,"Borgeby","Lestes_sponsa","Mature",1,NA,0,0,40,2020,NA,NA
"7/22/20",15:45:00,"Borgeby","Enallagma_cyathigerum","Mature",1,NA,0,5,40,2020,NA,NA
"7/22/20",15:45:00,"Borgeby","Ischnura_elegans","Mature",1,NA,0,0,40,2020,NA,NA
"7/22/20",15:45:00,"Borgeby","Ischnura_elegans","Mature",1,NA,0,0,40,2020,NA,NA
"7/22/20",15:45:00,"Borgeby","Ischnura_elegans","Mature",1,NA,0,0,40,2020,NA,NA
"7/22/20",15:45:00,"Borgeby","Ischnura_elegans","Mature",1,NA,0,0,40,2020,NA,NA
"7/22/20",15:45:00,"Borgeby","Enallagma_cyathigerum","Mature",1,NA,0,0,40,2020,NA,NA
"7/22/20",15:45:00,"Borgeby","Ischnura_elegans","Mature",1,NA,0,0,40,2020,NA,NA
"5/22/20",10:15:00,"Borgeby","Ischnura_elegans","Immature",1,NA,0,0,60,2020,NA,NA
"5/22/20",10:15:00,"Borgeby","Coenagrion_pulchellum","Immature",1,NA,0,6,60,2020,NA,NA
"5/22/20",10:15:00,"Borgeby","Coenagrion_pulchellum","Teneral",1,NA,0,17,60,2020,NA,NA
"5/22/20",10:15:00,"Borgeby","Coenagrion_pulchellum","Immature",1,NA,0,20,60,2020,NA,NA
"5/22/20",10:15:00,"Borgeby","Coenagrion_pulchellum","Teneral",1,NA,0,40,60,2020,NA,NA
"5/22/20",10:15:00,"Borgeby","Coenagrion_pulchellum","Teneral",0,NA,0,13,60,2020,NA,NA
"5/22/20",10:15:00,"Borgeby","Coenagrion_pulchellum","Teneral",1,NA,0,0,60,2020,NA,NA
"5/22/20",10:15:00,"Borgeby","Coenagrion_pulchellum","Teneral",0,NA,0,22,60,2020,NA,NA
"5/22/20",10:15:00,"Borgeby","Coenagrion_pulchellum","Teneral",1,NA,0,9,60,2020,NA,NA
"5/22/20",10:15:00,"Borgeby","Coenagrion_pulchellum","Teneral",1,NA,0,8,60,2020,NA,NA
"5/22/20",10:15:00,"Borgeby","Coenagrion_pulchellum","Teneral",0,NA,0,NA,60,2020,NA,NA
"5/22/20",10:15:00,"Borgeby","Coenagrion_pulchellum","Teneral",0,NA,0,20,60,2020,NA,NA
"5/22/20",10:15:00,"Borgeby","Coenagrion_puella","Teneral",1,NA,0,19,60,2020,NA,NA
"5/22/20",10:15:00,"Borgeby","Ischnura_elegans","Immature",1,NA,0,0,60,2020,NA,NA
"5/22/20",10:15:00,"Borgeby","Ischnura_elegans","Immature",1,NA,0,0,60,2020,NA,NA
"5/22/20",10:15:00,"Borgeby","Ischnura_elegans","Teneral",1,NA,0,0,60,2020,NA,NA
"5/22/20",10:15:00,"Borgeby","Ischnura_elegans","Immature",0,"Gynochrome",0,0,60,2020,"Androchrome","Violacea_(Androchrome)"
"5/22/20",10:15:00,"Borgeby","Ischnura_elegans","Immature",0,"Gynochrome",0,0,60,2020,"Androchrome","Violacea_(Androchrome)"
"6/4/20",09:38:00,"Borgeby","Ischnura_elegans","Immature",1,NA,0,0,40,2020,NA,NA
"6/4/20",09:38:00,"Borgeby","Ischnura_elegans","Immature",0,"Gynochrome",0,0,40,2020,"Androchrome","Violacea_(Androchrome)"
"6/4/20",09:38:00,"Borgeby","Ischnura_elegans","Immature",0,"Gynochrome",0,0,40,2020,"Androchrome","Violacea_(Androchrome)"
"6/4/20",09:38:00,"Borgeby","Ischnura_elegans","Immature",0,"Gynochrome",0,0,40,2020,"Androchrome","Violacea_(Androchrome)"
"6/4/20",09:38:00,"Borgeby","Ischnura_elegans","Mature",1,NA,0,0,40,2020,NA,NA
"6/4/20",09:38:00,"Borgeby","Ischnura_elegans","Immature",0,"Gynochrome",0,0,40,2020,"Infuscans","Violacea_(Infuscans)"
"6/4/20",09:38:00,"Borgeby","Ischnura_elegans","Mature",0,"Androchrome",0,1,40,2020,"Androchrome",NA
"6/4/20",09:38:00,"Borgeby","Ischnura_elegans","Teneral",1,NA,0,0,40,2020,NA,NA
"6/4/20",09:38:00,"Borgeby","Ischnura_elegans","Immature",0,"Gynochrome",0,0,40,2020,"Androchrome","Violacea_(Androchrome)"
"6/4/20",09:38:00,"Borgeby","Ischnura_elegans","Mature",1,NA,0,0,40,2020,NA,NA
"6/4/20",09:38:00,"Borgeby","Ischnura_elegans","Teneral",1,NA,0,0,40,2020,NA,NA
"6/4/20",09:38:00,"Borgeby","Ischnura_elegans","Teneral",1,NA,0,0,40,2020,NA,NA
"6/4/20",09:38:00,"Borgeby","Ischnura_elegans","Mature",1,NA,0,0,40,2020,NA,NA
"6/4/20",09:38:00,"Borgeby","Coenagrion_pulchellum","Mature",0,"Gynochrome",0,30,40,2020,NA,NA
"6/4/20",09:38:00,"Borgeby","Ischnura_elegans","Immature",1,NA,0,0,40,2020,NA,NA
"6/4/20",09:38:00,"Borgeby","Ischnura_elegans","Mature",1,NA,0,1,40,2020,NA,NA
"6/4/20",09:38:00,"Borgeby","Ischnura_elegans","Immature",1,NA,0,0,40,2020,NA,NA
"6/4/20",09:38:00,"Borgeby","Ischnura_elegans","Teneral",0,NA,0,0,40,2020,NA,NA
"6/4/20",09:38:00,"Borgeby","Ischnura_elegans","Immature",1,NA,0,0,40,2020,NA,NA
"6/4/20",09:38:00,"Borgeby","Ischnura_elegans","Mature",1,NA,0,0,40,2020,NA,NA
"6/4/20",09:38:00,"Borgeby","Coenagrion_pulchellum","Mature",1,NA,0,1,40,2020,NA,NA
"6/4/20",09:38:00,"Borgeby","Ischnura_elegans","Teneral",1,NA,0,0,40,2020,NA,NA
"6/4/20",09:38:00,"Borgeby","Ischnura_elegans","Mature",1,NA,0,0,40,2020,NA,NA
"6/4/20",09:38:00,"Borgeby","Ischnura_elegans","Mature",1,NA,0,0,40,2020,NA,NA
"6/4/20",09:38:00,"Borgeby","Ischnura_elegans","Immature",1,NA,0,0,40,2020,NA,NA
"6/4/20",09:38:00,"Borgeby","Ischnura_elegans","Mature",0,"Androchrome",0,0,40,2020,"Androchrome",NA
"6/4/20",09:38:00,"Borgeby","Ischnura_elegans","Immature",0,"Gynochrome",0,0,40,2020,"Infuscans_obsoleta","Infuscans_obsoleta_(Rufescens)"
"6/4/20",09:38:00,"Borgeby","Ischnura_elegans","Mature",0,"Androchrome",0,0,40,2020,"Androchrome",NA
"6/4/20",09:38:00,"Borgeby","Ischnura_elegans","Immature",0,"Gynochrome",0,0,40,2020,"Infuscans_obsoleta","Infuscans_obsoleta_(Rufescens)"
"6/4/20",09:38:00,"Borgeby","Ischnura_elegans","Immature",0,"Gynochrome",0,0,40,2020,"Infuscans","Violacea_(Infuscans)"
"6/4/20",09:38:00,"Borgeby","Ischnura_elegans","Teneral",0,NA,0,0,40,2020,NA,NA
"6/4/20",09:38:00,"Borgeby","Coenagrion_pulchellum","Mature",1,NA,0,0,40,2020,NA,NA
"6/4/20",09:38:00,"Borgeby","Coenagrion_pulchellum","Mature",1,NA,0,0,40,2020,NA,NA
"6/4/20",09:38:00,"Borgeby","Ischnura_elegans","Teneral",1,NA,0,0,40,2020,NA,NA
"6/4/20",09:38:00,"Borgeby","Coenagrion_pulchellum","Mature",1,NA,0,0,40,2020,NA,NA
"6/4/20",09:38:00,"Borgeby","Ischnura_elegans","Mature",1,NA,0,0,40,2020,NA,NA
"6/4/20",09:38:00,"Borgeby","Ischnura_elegans","Immature",0,"Gynochrome",0,1,40,2020,"Infuscans","Violacea_(Infuscans)"
"6/4/20",09:38:00,"Borgeby","Ischnura_elegans","Mature",1,NA,0,0,40,2020,NA,NA
"6/4/20",09:38:00,"Borgeby","Ischnura_elegans","Teneral",1,NA,0,0,40,2020,NA,NA
"6/4/20",09:38:00,"Borgeby","Coenagrion_pulchellum","Mature",1,NA,0,0,40,2020,NA,NA
"6/4/20",09:38:00,"Borgeby","Ischnura_elegans","Mature",1,NA,0,0,40,2020,NA,NA
"6/4/20",09:38:00,"Borgeby","Ischnura_elegans","Immature",1,NA,0,0,40,2020,NA,NA
"6/4/20",09:38:00,"Borgeby","Coenagrion_pulchellum","Mature",0,"Gynochrome",0,22,40,2020,NA,NA
"6/4/20",09:38:00,"Borgeby","Ischnura_elegans","Teneral",1,NA,0,0,40,2020,NA,NA
"6/4/20",09:38:00,"Borgeby","Ischnura_elegans","Immature",0,"Gynochrome",0,0,40,2020,"Androchrome","Violacea_(Androchrome)"
"6/4/20",09:38:00,"Borgeby","Ischnura_elegans","Immature",0,"Gynochrome",0,0,40,2020,"Androchrome","Violacea_(Androchrome)"
"6/4/20",09:38:00,"Borgeby","Coenagrion_pulchellum","Mature",1,NA,0,0,40,2020,NA,NA
"6/4/20",09:38:00,"Borgeby","Coenagrion_pulchellum","Mature",0,"Gynochrome",0,17,40,2020,NA,NA
"6/10/20",12:26:00,"Borgeby","Libellula_depressa","Mature",1,NA,0,NA,50,2020,NA,NA
"6/10/20",12:26:00,"Borgeby","Orthetrum_cancellatum","Teneral",NA,NA,0,NA,50,2020,NA,NA
"6/10/20",12:26:00,"Borgeby","Orthetrum_cancellatum","Teneral",NA,NA,0,NA,50,2020,NA,NA
"6/10/20",12:26:00,"Borgeby","Orthetrum_cancellatum","Mature",1,NA,0,NA,50,2020,NA,NA
"6/10/20",12:26:00,"Borgeby","Orthetrum_cancellatum","Mature",1,NA,0,NA,50,2020,NA,NA
"6/10/20",12:26:00,"Borgeby","Orthetrum_cancellatum","Mature",1,NA,0,NA,50,2020,NA,NA
"6/10/20",12:26:00,"Borgeby","Orthetrum_cancellatum","Mature",1,NA,0,NA,50,2020,NA,NA
"6/10/20",12:26:00,"Borgeby","Orthetrum_cancellatum","Mature",1,NA,0,NA,50,2020,NA,NA
"6/10/20",12:26:00,"Borgeby","Coenagrion_pulchellum","Mature",1,NA,1,0,50,2020,NA,NA
"6/10/20",12:26:00,"Borgeby","Coenagrion_pulchellum","Mature",0,"Androchrome",1,5,50,2020,NA,NA
"6/10/20",12:26:00,"Borgeby","Coenagrion_puella","Mature",0,"Gynochrome",1,18,50,2020,NA,NA
"6/10/20",12:26:00,"Borgeby","Coenagrion_puella","Mature",1,NA,1,0,50,2020,NA,NA
"6/10/20",12:26:00,"Borgeby","Ischnura_elegans","Mature",1,NA,1,0,50,2020,NA,NA
"6/10/20",12:26:00,"Borgeby","Ischnura_elegans","Mature",0,"Androchrome",1,1,50,2020,"Androchrome",NA
"6/10/20",12:26:00,"Borgeby","Ischnura_elegans","Mature",0,"Androchrome",1,0,50,2020,"Androchrome",NA
"6/10/20",12:26:00,"Borgeby","Ischnura_elegans","Mature",1,NA,1,0,50,2020,NA,NA
"6/10/20",12:26:00,"Borgeby","Coenagrion_pulchellum","Mature",1,NA,1,7,50,2020,NA,NA
"6/10/20",12:26:00,"Borgeby","Coenagrion_pulchellum","Mature",0,"Gynochrome",1,15,50,2020,NA,NA
"6/10/20",12:26:00,"Borgeby","Ischnura_elegans","Mature",0,"Gynochrome",1,0,50,2020,"Infuscans",NA
"6/10/20",12:26:00,"Borgeby","Ischnura_elegans","Mature",1,NA,1,0,50,2020,NA,NA
"6/10/20",12:26:00,"Borgeby","Ischnura_elegans","Mature",1,NA,1,0,50,2020,NA,NA
"6/10/20",12:26:00,"Borgeby","Ischnura_elegans","Mature",0,"Androchrome",1,3,50,2020,"Androchrome",NA
"6/10/20",12:26:00,"Borgeby","Ischnura_elegans","Mature",1,NA,1,0,50,2020,NA,NA
"6/10/20",12:26:00,"Borgeby","Ischnura_elegans","Mature",0,"Gynochrome",1,0,50,2020,"Infuscans_obsoleta",NA
"6/10/20",12:26:00,"Borgeby","Coenagrion_pulchellum","Mature",1,NA,1,0,50,2020,NA,NA
"6/10/20",12:26:00,"Borgeby","Coenagrion_pulchellum","Mature",1,NA,1,0,50,2020,NA,NA
"6/10/20",12:26:00,"Borgeby","Coenagrion_pulchellum","Mature",0,"Gynochrome",1,4,50,2020,NA,NA
"6/10/20",12:26:00,"Borgeby","Coenagrion_pulchellum","Mature",0,"Gynochrome",1,6,50,2020,NA,NA
"6/10/20",12:26:00,"Borgeby","Coenagrion_puella","Mature",1,NA,1,0,50,2020,NA,NA
"6/10/20",12:26:00,"Borgeby","Coenagrion_puella","Mature",1,NA,1,18,50,2020,NA,NA
"6/10/20",12:26:00,"Borgeby","Coenagrion_pulchellum","Mature",0,NA,0,13,50,2020,NA,NA
"6/10/20",12:26:00,"Borgeby","Ischnura_elegans","Mature",1,NA,0,0,50,2020,NA,NA
"6/10/20",12:26:00,"Borgeby","Coenagrion_pulchellum","Mature",1,NA,0,0,50,2020,NA,NA
"6/10/20",12:26:00,"Borgeby","Coenagrion_puella","Mature",1,NA,0,0,50,2020,NA,NA
"6/10/20",12:26:00,"Borgeby","Ischnura_elegans","Mature",0,"Androchrome",0,0,50,2020,"Androchrome",NA
"6/10/20",12:26:00,"Borgeby","Ischnura_elegans","Immature",0,"Gynochrome",0,0,50,2020,"Androchrome","Violacea_(Androchrome)"
"6/10/20",12:26:00,"Borgeby","Enallagma_cyathigerum","Mature",1,NA,0,0,50,2020,NA,NA
"6/10/20",12:26:00,"Borgeby","Coenagrion_pulchellum","Mature",0,"Gynochrome",0,4,50,2020,NA,NA
"6/10/20",12:26:00,"Borgeby","Coenagrion_puella","Mature",0,"Gynochrome",0,9,50,2020,NA,NA
"6/10/20",12:26:00,"Borgeby","Ischnura_elegans","Immature",1,NA,0,0,50,2020,NA,NA
"6/10/20",12:26:00,"Borgeby","Coenagrion_pulchellum","Mature",0,"Androchrome",0,0,50,2020,NA,NA
"6/10/20",12:26:00,"Borgeby","Coenagrion_puella","Mature",1,NA,0,44,50,2020,NA,NA
"6/10/20",12:26:00,"Borgeby","Ischnura_elegans","Immature",1,NA,0,0,50,2020,NA,NA
"6/10/20",12:26:00,"Borgeby","Coenagrion_pulchellum","Mature",1,NA,0,0,50,2020,NA,NA
"6/10/20",12:26:00,"Borgeby","Coenagrion_pulchellum","Mature",1,NA,0,2,50,2020,NA,NA
"6/10/20",12:26:00,"Borgeby","Ischnura_elegans","Mature",0,"Androchrome",0,0,50,2020,"Androchrome",NA
"6/10/20",12:26:00,"Borgeby","Ischnura_elegans","Mature",1,NA,0,0,50,2020,NA,NA
"6/10/20",12:26:00,"Borgeby","Coenagrion_pulchellum","Mature",1,NA,0,0,50,2020,NA,NA
"6/10/20",12:26:00,"Borgeby","Coenagrion_pulchellum","Mature",1,NA,0,0,50,2020,NA,NA
"6/10/20",12:26:00,"Borgeby","Coenagrion_pulchellum","Mature",1,NA,0,6,50,2020,NA,NA
"6/10/20",12:26:00,"Borgeby","Coenagrion_pulchellum","Mature",1,NA,0,18,50,2020,NA,NA
"6/10/20",12:26:00,"Borgeby","Coenagrion_puella","Mature",1,NA,0,26,50,2020,NA,NA
"6/10/20",12:26:00,"Borgeby","Ischnura_elegans","Immature",0,"Gynochrome",0,0,50,2020,"Androchrome","Violacea_(Androchrome)"
"6/10/20",12:26:00,"Borgeby","Coenagrion_pulchellum","Mature",1,NA,0,0,50,2020,NA,NA
"6/10/20",12:26:00,"Borgeby","Ischnura_elegans","Mature",1,NA,0,0,50,2020,NA,NA
"6/10/20",12:26:00,"Borgeby","Coenagrion_pulchellum","Mature",1,NA,0,10,50,2020,NA,NA
"6/17/20",09:42:00,"Borgeby","Orthetrum_cancellatum","Teneral",NA,NA,0,NA,60,2020,NA,NA
"6/17/20",09:42:00,"Borgeby","Orthetrum_cancellatum","Teneral",NA,NA,0,NA,60,2020,NA,NA
"6/17/20",09:42:00,"Borgeby","Orthetrum_cancellatum","Mature",NA,NA,0,NA,60,2020,NA,NA
"6/17/20",09:42:00,"Borgeby","Ischnura_elegans","Mature",0,"Androchrome",0,0,60,2020,"Androchrome",NA
"6/17/20",09:42:00,"Borgeby","Coenagrion_pulchellum","Mature",0,"Androchrome",1,24,60,2020,NA,NA
"6/17/20",09:42:00,"Borgeby","Coenagrion_pulchellum","Mature",1,NA,1,0,60,2020,NA,NA
"6/17/20",09:42:00,"Borgeby","Coenagrion_pulchellum","Mature",0,"Androchrome",1,12,60,2020,NA,NA
"6/17/20",09:42:00,"Borgeby","Coenagrion_pulchellum","Mature",1,NA,1,0,60,2020,NA,NA
"6/17/20",09:42:00,"Borgeby","Enallagma_cyathigerum","Mature",1,NA,1,0,60,2020,NA,NA
"6/17/20",09:42:00,"Borgeby","Enallagma_cyathigerum","Mature",0,"Gynochrome",1,11,60,2020,NA,NA
"6/17/20",09:42:00,"Borgeby","Coenagrion_pulchellum","Mature",1,NA,1,5,60,2020,NA,NA
"6/17/20",09:42:00,"Borgeby","Coenagrion_pulchellum","Mature",0,"Androchrome",1,17,60,2020,NA,NA
"6/17/20",09:42:00,"Borgeby","Coenagrion_pulchellum","Mature",1,NA,1,2,60,2020,NA,NA
"6/17/20",09:42:00,"Borgeby","Coenagrion_pulchellum","Mature",0,"Gynochrome",1,5,60,2020,NA,NA
"6/17/20",09:42:00,"Borgeby","Ischnura_elegans","Mature",0,"Gynochrome",1,0,60,2020,"Infuscans",NA
"6/17/20",09:42:00,"Borgeby","Ischnura_elegans","Mature",1,NA,1,0,60,2020,NA,NA
"6/17/20",09:42:00,"Borgeby","Coenagrion_pulchellum","Mature",1,NA,1,0,60,2020,NA,NA
"6/17/20",09:42:00,"Borgeby","Coenagrion_pulchellum","Mature",0,"Gynochrome",1,9,60,2020,NA,NA
"6/17/20",09:42:00,"Borgeby","Ischnura_elegans","Mature",1,NA,1,0,60,2020,NA,NA
"6/17/20",09:42:00,"Borgeby","Ischnura_elegans","Mature",0,"Androchrome",1,0,60,2020,"Androchrome",NA
"6/17/20",09:42:00,"Borgeby","Enallagma_cyathigerum","Mature",1,NA,0,3,60,2020,NA,NA
"6/17/20",09:42:00,"Borgeby","Ischnura_elegans","Mature",1,NA,0,0,60,2020,NA,NA
"6/17/20",09:42:00,"Borgeby","Enallagma_cyathigerum","Mature",1,NA,0,1,60,2020,NA,NA
"6/17/20",09:42:00,"Borgeby","Coenagrion_pulchellum","Immature",1,NA,0,0,60,2020,NA,NA
"6/17/20",09:42:00,"Borgeby","Ischnura_elegans","Mature",1,NA,0,0,60,2020,NA,NA
"6/17/20",09:42:00,"Borgeby","Coenagrion_pulchellum","Immature",1,NA,0,4,60,2020,NA,NA
"6/17/20",09:42:00,"Borgeby","Ischnura_elegans","Immature",1,NA,0,3,60,2020,NA,NA
"6/17/20",09:42:00,"Borgeby","Coenagrion_pulchellum","Immature",1,NA,0,1,60,2020,NA,NA
"6/17/20",09:42:00,"Borgeby","Ischnura_elegans","Mature",1,NA,0,1,60,2020,NA,NA
"6/17/20",09:42:00,"Borgeby","Enallagma_cyathigerum","Immature",1,NA,0,3,60,2020,NA,NA
"6/17/20",09:42:00,"Borgeby","Ischnura_elegans","Immature",1,NA,0,0,60,2020,NA,NA
"6/17/20",09:42:00,"Borgeby","Ischnura_elegans","Immature",0,"Gynochrome",0,0,60,2020,"Androchrome","Violacea_(Androchrome)"
"6/17/20",09:42:00,"Borgeby","Coenagrion_pulchellum","Mature",1,NA,0,0,60,2020,NA,NA
"6/17/20",09:42:00,"Borgeby","Coenagrion_pulchellum","Mature",1,NA,0,0,60,2020,NA,NA
"6/17/20",09:42:00,"Borgeby","Coenagrion_puella","Immature",1,NA,0,25,60,2020,NA,NA
"6/17/20",09:42:00,"Borgeby","Ischnura_elegans","Mature",1,NA,0,1,60,2020,NA,NA
"6/17/20",09:42:00,"Borgeby","Coenagrion_pulchellum","Mature",1,NA,0,0,60,2020,NA,NA
"6/17/20",09:42:00,"Borgeby","Coenagrion_puella","Immature",1,NA,0,0,60,2020,NA,NA
"6/17/20",09:42:00,"Borgeby","Coenagrion_pulchellum","Mature",1,NA,0,3,60,2020,NA,NA
"6/17/20",09:42:00,"Borgeby","Ischnura_elegans","Teneral",1,NA,0,0,60,2020,NA,NA
"6/17/20",09:42:00,"Borgeby","Ischnura_elegans","Mature",0,"Androchrome",0,0,60,2020,"Androchrome",NA
"6/17/20",09:42:00,"Borgeby","Coenagrion_pulchellum","Mature",1,NA,0,0,60,2020,NA,NA
"6/17/20",09:42:00,"Borgeby","Coenagrion_puella","Mature",1,NA,0,1,60,2020,NA,NA
"6/17/20",09:42:00,"Borgeby","Ischnura_elegans","Immature",1,NA,0,2,60,2020,NA,NA
"6/17/20",09:42:00,"Borgeby","Ischnura_elegans","Immature",1,NA,0,0,60,2020,NA,NA
"6/17/20",09:42:00,"Borgeby","Ischnura_elegans","Immature",1,NA,0,0,60,2020,NA,NA
"6/17/20",09:42:00,"Borgeby","Ischnura_elegans","Mature",1,NA,0,1,60,2020,NA,NA
"6/17/20",09:42:00,"Borgeby","Ischnura_elegans","Immature",0,"Gynochrome",0,0,60,2020,"Androchrome","Violacea_(Androchrome)"
"6/17/20",09:42:00,"Borgeby","Coenagrion_pulchellum","Immature",1,NA,0,1,60,2020,NA,NA
"6/17/20",09:42:00,"Borgeby","Ischnura_elegans","Immature",1,NA,0,0,60,2020,NA,NA
"6/17/20",09:42:00,"Borgeby","Coenagrion_pulchellum","Mature",1,NA,0,0,60,2020,NA,NA
"6/17/20",09:42:00,"Borgeby","Ischnura_elegans","Mature",1,NA,0,0,60,2020,NA,NA
"6/17/20",09:42:00,"Borgeby","Coenagrion_puella","Mature",1,NA,0,0,60,2020,NA,NA
"6/17/20",09:42:00,"Borgeby","Ischnura_elegans","Mature",1,NA,0,0,60,2020,NA,NA
"6/17/20",09:42:00,"Borgeby","Ischnura_elegans","Immature",1,NA,0,0,60,2020,NA,NA
"6/17/20",09:42:00,"Borgeby","Coenagrion_pulchellum","Mature",1,NA,0,0,60,2020,NA,NA
"6/17/20",09:42:00,"Borgeby","Ischnura_elegans","Immature",1,NA,0,0,60,2020,NA,NA
"6/17/20",09:42:00,"Borgeby","Ischnura_elegans","Teneral",1,NA,0,0,60,2020,NA,NA
"6/17/20",09:42:00,"Borgeby","Enallagma_cyathigerum","Mature",1,NA,0,0,60,2020,NA,NA
"6/17/20",09:42:00,"Borgeby","Coenagrion_pulchellum","Mature",1,NA,0,0,60,2020,NA,NA
"6/17/20",09:42:00,"Borgeby","Coenagrion_puella","Mature",1,NA,0,16,60,2020,NA,NA
"6/17/20",09:42:00,"Borgeby","Ischnura_elegans","Immature",1,NA,0,0,60,2020,NA,NA
"6/17/20",09:42:00,"Borgeby","Coenagrion_pulchellum","Mature",1,NA,0,0,60,2020,NA,NA
"6/17/20",09:42:00,"Borgeby","Coenagrion_pulchellum","Mature",1,NA,0,0,60,2020,NA,NA
"6/17/20",09:42:00,"Borgeby","Coenagrion_pulchellum","Mature",1,NA,0,14,60,2020,NA,NA
"6/17/20",09:42:00,"Borgeby","Ischnura_elegans","Immature",1,NA,0,0,60,2020,NA,NA
"6/17/20",09:42:00,"Borgeby","Coenagrion_pulchellum","Mature",1,NA,0,7,60,2020,NA,NA
"6/17/20",09:42:00,"Borgeby","Ischnura_elegans","Immature",1,NA,0,0,60,2020,NA,NA
"6/17/20",09:42:00,"Borgeby","Ischnura_elegans","Mature",1,NA,0,1,60,2020,NA,NA
"6/17/20",09:42:00,"Borgeby","Coenagrion_pulchellum","Immature",1,NA,0,0,60,2020,NA,NA
"6/17/20",09:42:00,"Borgeby","Ischnura_elegans","Teneral",1,NA,0,0,60,2020,NA,NA
"6/17/20",09:42:00,"Borgeby","Coenagrion_pulchellum","Mature",1,NA,0,0,60,2020,NA,NA
"6/17/20",09:42:00,"Borgeby","Ischnura_elegans","Immature",1,NA,0,0,60,2020,NA,NA
"6/17/20",09:42:00,"Borgeby","Coenagrion_pulchellum","Mature",1,NA,0,1,60,2020,NA,NA
"6/17/20",09:42:00,"Borgeby","Ischnura_elegans","Immature",1,NA,0,0,60,2020,NA,NA
"7/3/20",09:40:00,"Borgeby","Orthetrum_cancellatum","Mature",1,NA,0,NA,60,2020,NA,NA
"7/3/20",09:40:00,"Borgeby","Orthetrum_cancellatum","Mature",1,NA,0,NA,60,2020,NA,NA
"7/3/20",09:40:00,"Borgeby","Orthetrum_cancellatum","Mature",1,NA,0,NA,60,2020,NA,NA
"7/3/20",09:40:00,"Borgeby","Orthetrum_cancellatum","Mature",1,NA,0,NA,60,2020,NA,NA
"7/3/20",09:40:00,"Borgeby","Orthetrum_cancellatum","Mature",1,NA,0,NA,60,2020,NA,NA
"7/3/20",09:40:00,"Borgeby","Orthetrum_cancellatum","Mature",1,NA,0,NA,60,2020,NA,NA
"7/3/20",09:40:00,"Borgeby","Ischnura_elegans","Mature",0,"Androchrome",0,0,60,2020,"Androchrome",NA
"7/3/20",09:40:00,"Borgeby","Ischnura_elegans","Mature",0,"Androchrome",0,0,60,2020,"Androchrome",NA
"7/3/20",09:40:00,"Borgeby","Ischnura_elegans","Mature",0,"Androchrome",0,0,60,2020,"Androchrome",NA
"7/3/20",09:40:00,"Borgeby","Ischnura_elegans","Mature",0,"Androchrome",0,1,60,2020,"Androchrome",NA
"7/3/20",09:40:00,"Borgeby","Ischnura_elegans","Mature",1,NA,0,0,60,2020,NA,NA
"7/3/20",09:40:00,"Borgeby","Ischnura_elegans","Mature",1,NA,0,0,60,2020,NA,NA
"7/3/20",09:40:00,"Borgeby","Enallagma_cyathigerum","Mature",1,NA,0,0,60,2020,NA,NA
"7/3/20",09:40:00,"Borgeby","Ischnura_elegans","Mature",1,NA,0,1,60,2020,NA,NA
"7/3/20",09:40:00,"Borgeby","Ischnura_elegans","Mature",1,NA,0,0,60,2020,NA,NA
"7/3/20",09:40:00,"Borgeby","Ischnura_elegans","Mature",1,NA,0,0,60,2020,NA,NA
"7/3/20",09:40:00,"Borgeby","Ischnura_elegans","Mature",1,NA,0,0,60,2020,NA,NA
"7/3/20",09:40:00,"Borgeby","Ischnura_elegans","Mature",1,NA,0,0,60,2020,NA,NA
"7/3/20",09:40:00,"Borgeby","Ischnura_elegans","Mature",0,"Gynochrome",0,0,60,2020,"Infuscans","Violacea_(Infuscans)"
"7/3/20",09:40:00,"Borgeby","Ischnura_elegans","Mature",1,NA,0,0,60,2020,NA,NA
"7/3/20",09:40:00,"Borgeby","Ischnura_elegans","Immature",0,"Gynochrome",0,0,60,2020,"Androchrome","Violacea_(Androchrome)"
"7/3/20",09:40:00,"Borgeby","Ischnura_elegans","Mature",1,NA,0,0,60,2020,NA,NA
"7/3/20",09:40:00,"Borgeby","Ischnura_elegans","Mature",1,NA,0,0,60,2020,NA,NA
"7/3/20",09:40:00,"Borgeby","Ischnura_elegans","Mature",0,"Androchrome",0,0,60,2020,"Androchrome",NA
"7/3/20",09:40:00,"Borgeby","Lestes_sponsa","Mature",1,NA,0,0,60,2020,NA,NA
"7/3/20",09:40:00,"Borgeby","Coenagrion_pulchellum","Mature",1,NA,0,3,60,2020,NA,NA
"7/3/20",09:40:00,"Borgeby","Lestes_sponsa","Mature",1,NA,0,0,60,2020,NA,NA
"7/3/20",09:40:00,"Borgeby","Enallagma_cyathigerum","Mature",1,NA,0,0,60,2020,NA,NA
"7/3/20",09:40:00,"Borgeby","Ischnura_elegans","Immature",1,NA,0,0,60,2020,NA,NA
"7/3/20",09:40:00,"Borgeby","Lestes_sponsa","Mature",1,NA,0,0,60,2020,NA,NA
"7/3/20",09:40:00,"Borgeby","Ischnura_elegans","Mature",1,NA,0,0,60,2020,NA,NA
"7/3/20",09:40:00,"Borgeby","Ischnura_elegans","Immature",1,NA,0,0,60,2020,NA,NA
"7/3/20",09:40:00,"Borgeby","Ischnura_elegans","Mature",1,NA,0,0,60,2020,NA,NA
"7/3/20",09:40:00,"Borgeby","Ischnura_elegans","Immature",1,NA,0,0,60,2020,NA,NA
"7/3/20",09:40:00,"Borgeby","Ischnura_elegans","Mature",1,NA,0,0,60,2020,NA,NA
"7/3/20",09:40:00,"Borgeby","Ischnura_elegans","Mature",1,NA,0,0,60,2020,NA,NA
"7/3/20",09:40:00,"Borgeby","Ischnura_elegans","Immature",1,NA,0,0,60,2020,NA,NA
"7/3/20",09:40:00,"Borgeby","Ischnura_elegans","Immature",0,"Gynochrome",0,0,60,2020,"Infuscans_obsoleta","Infuscans_obsoleta_(Rufescens)"
"7/3/20",09:40:00,"Borgeby","Ischnura_elegans","Immature",0,"Androchrome",0,0,60,2020,"Androchrome",NA
"7/3/20",09:40:00,"Borgeby","Coenagrion_pulchellum","Mature",1,NA,0,0,60,2020,NA,NA
"7/3/20",09:40:00,"Borgeby","Ischnura_elegans","Immature",1,NA,0,0,60,2020,NA,NA
"7/3/20",09:40:00,"Borgeby","Ischnura_elegans","Mature",1,NA,0,1,60,2020,NA,NA
"7/3/20",09:40:00,"Borgeby","Ischnura_elegans","Mature",0,"Gynochrome",0,0,60,2020,"Infuscans",NA
"7/3/20",09:40:00,"Borgeby","Ischnura_elegans","Mature",1,NA,0,0,60,2020,NA,NA
"7/3/20",09:40:00,"Borgeby","Ischnura_elegans","Immature",1,NA,0,0,60,2020,NA,NA
"7/3/20",09:40:00,"Borgeby","Ischnura_elegans","Mature",0,"Gynochrome",0,0,60,2020,"Infuscans","Violacea_(Infuscans)"
"7/3/20",09:40:00,"Borgeby","Lestes_sponsa","Mature",1,NA,0,0,60,2020,NA,NA
"7/3/20",09:40:00,"Borgeby","Coenagrion_pulchellum","Mature",1,NA,0,0,60,2020,NA,NA
"7/3/20",09:40:00,"Borgeby","Ischnura_elegans","Teneral",1,NA,0,0,60,2020,NA,NA
"7/3/20",09:40:00,"Borgeby","Enallagma_cyathigerum","Mature",1,NA,1,0,60,2020,NA,NA
"7/3/20",09:40:00,"Borgeby","Ischnura_elegans","Immature",1,NA,1,0,60,2020,NA,NA
"7/3/20",09:40:00,"Borgeby","Lestes_sponsa","Mature",1,NA,0,0,60,2020,NA,NA
"7/3/20",09:40:00,"Borgeby","Ischnura_elegans","Immature",1,NA,0,2,60,2020,NA,NA
"7/3/20",09:40:00,"Borgeby","Ischnura_elegans","Immature",0,"Gynochrome",0,0,60,2020,"Androchrome","Violacea_(Androchrome)"
"7/3/20",09:40:00,"Borgeby","Ischnura_elegans","Immature",1,NA,0,1,60,2020,NA,NA
"7/3/20",09:40:00,"Borgeby","Ischnura_elegans","Mature",1,NA,0,0,60,2020,NA,NA
"7/3/20",09:40:00,"Borgeby","Ischnura_elegans","Immature",0,"Gynochrome",0,0,60,2020,"Androchrome","Violacea_(Androchrome)"
"7/3/20",09:40:00,"Borgeby","Ischnura_elegans","Immature",0,"Gynochrome",0,1,60,2020,"Androchrome","Violacea_(Androchrome)"
"7/3/20",09:40:00,"Borgeby","Ischnura_elegans","Mature",1,NA,0,0,60,2020,NA,NA
"7/3/20",09:40:00,"Borgeby","Enallagma_cyathigerum","Immature",1,NA,0,0,60,2020,NA,NA
"7/3/20",09:40:00,"Borgeby","Ischnura_elegans","Mature",1,NA,0,0,60,2020,NA,NA
"7/3/20",09:40:00,"Borgeby","Ischnura_elegans","Immature",1,NA,0,0,60,2020,NA,NA
"7/3/20",09:40:00,"Borgeby","Ischnura_elegans","Mature",0,"Gynochrome",0,0,60,2020,"Infuscans_obsoleta","Infuscans_obsoleta_(Rufescens)"
"7/3/20",09:40:00,"Borgeby","Ischnura_elegans","Mature",1,NA,0,0,60,2020,NA,NA
"7/3/20",09:40:00,"Borgeby","Coenagrion_pulchellum","Mature",1,NA,0,0,60,2020,NA,NA
"7/3/20",09:40:00,"Borgeby","Ischnura_elegans","Immature",1,NA,0,0,60,2020,NA,NA
"7/3/20",09:40:00,"Borgeby","Ischnura_elegans","Mature",0,"Gynochrome",0,1,60,2020,"Infuscans","Violacea_(Infuscans)"
"7/3/20",09:40:00,"Borgeby","Ischnura_elegans","Mature",1,NA,0,0,60,2020,NA,NA
"7/3/20",09:40:00,"Borgeby","Ischnura_elegans","Immature",1,NA,0,0,60,2020,NA,NA
"7/3/20",09:40:00,"Borgeby","Coenagrion_pulchellum","Immature",1,NA,0,2,60,2020,NA,NA
"7/3/20",09:40:00,"Borgeby","Ischnura_elegans","Mature",1,NA,0,0,60,2020,NA,NA
"7/3/20",09:40:00,"Borgeby","Ischnura_elegans","Mature",1,NA,0,0,60,2020,NA,NA
"7/3/20",09:40:00,"Borgeby","Ischnura_elegans","Mature",1,NA,0,0,60,2020,NA,NA
"7/3/20",09:40:00,"Borgeby","Ischnura_elegans","Immature",1,NA,0,1,60,2020,NA,NA
"7/3/20",09:40:00,"Borgeby","Ischnura_elegans","Immature",1,NA,0,0,60,2020,NA,NA
"7/3/20",09:40:00,"Borgeby","Ischnura_elegans","Teneral",0,NA,0,0,60,2020,NA,NA
"7/3/20",09:40:00,"Borgeby","Sympetrum_striolatum","Teneral",0,NA,0,0,60,2020,NA,NA
"7/3/20",09:40:00,"Borgeby","Sympetrum_striolatum","Mature",0,NA,0,0,60,2020,NA,NA
"7/3/20",09:40:00,"Borgeby","Sympetrum_sanguineum","Mature",1,NA,0,0,60,2020,NA,NA
"7/13/20",15:25:00,"Bunkeflostrand","Ischnura_elegans","Mature",0,"Androchrome",0,0,60,2020,"Androchrome",NA
"7/13/20",15:25:00,"Bunkeflostrand","Ischnura_elegans","Mature",0,"Androchrome",0,0,60,2020,"Androchrome",NA
"7/13/20",15:25:00,"Bunkeflostrand","Ischnura_elegans","Mature",0,"Androchrome",0,0,60,2020,"Androchrome",NA
"7/13/20",15:25:00,"Bunkeflostrand","Ischnura_elegans","Mature",0,"Androchrome",0,1,60,2020,"Androchrome",NA
"7/23/20",10:17:00,"Bunkeflostrand","Ischnura_elegans","Mature",0,"Androchrome",0,0,40,2020,"Androchrome",NA
"7/23/20",10:17:00,"Bunkeflostrand","Ischnura_elegans","Mature",0,"Androchrome",0,0,40,2020,"Androchrome",NA
"7/13/20",15:25:00,"Bunkeflostrand","Orthetrum_coerulescens","Immature",0,"Gynochrome",0,0,60,2020,NA,NA
"7/13/20",15:25:00,"Bunkeflostrand","Sympetrum_striolatum","Immature",0,"Gynochrome",0,0,60,2020,NA,NA
"7/23/20",10:17:00,"Bunkeflostrand","Sympetrum_striolatum","Immature",0,"Gynochrome",0,0,40,2020,NA,NA
"7/23/20",10:17:00,"Bunkeflostrand","Sympetrum_striolatum","Immature",0,"Gynochrome",0,0,40,2020,NA,NA
"7/23/20",10:17:00,"Bunkeflostrand","Sympetrum_sanguineum","Immature",0,"Gynochrome",0,0,40,2020,NA,NA
"7/23/20",10:17:00,"Bunkeflostrand","Enallagma_cyathigerum","Mature",0,"Gynochrome",0,0,40,2020,NA,NA
"7/23/20",10:17:00,"Bunkeflostrand","Ischnura_elegans","Mature",0,"Gynochrome",0,0,40,2020,"Infuscans",NA
"7/13/20",15:25:00,"Bunkeflostrand","Ischnura_elegans","Mature",0,"Gynochrome",0,0,60,2020,"Infuscans_obsoleta",NA
"7/23/20",10:17:00,"Bunkeflostrand","Ischnura_elegans","Mature",0,"Gynochrome",0,0,40,2020,"Infuscans_obsoleta","Infuscans_obsoleta_(Rufescens)"
"7/13/20",15:25:00,"Bunkeflostrand","Orthetrum_cancellatum","Mature",1,NA,0,NA,60,2020,NA,NA
"7/13/20",15:25:00,"Bunkeflostrand","Orthetrum_cancellatum","Mature",1,NA,0,NA,60,2020,NA,NA
"7/13/20",15:25:00,"Bunkeflostrand","Orthetrum_coerulescens","Mature",1,NA,0,NA,60,2020,NA,NA
"7/13/20",15:25:00,"Bunkeflostrand","Orthetrum_coerulescens","Mature",1,NA,0,NA,60,2020,NA,NA
"7/13/20",15:25:00,"Bunkeflostrand","Orthetrum_coerulescens","Mature",1,NA,0,NA,60,2020,NA,NA
"7/13/20",15:25:00,"Bunkeflostrand","Orthetrum_coerulescens","Mature",1,NA,0,NA,60,2020,NA,NA
"7/13/20",15:25:00,"Bunkeflostrand","Orthetrum_coerulescens","Mature",1,NA,0,NA,60,2020,NA,NA
"7/13/20",15:25:00,"Bunkeflostrand","Orthetrum_coerulescens","Mature",1,NA,0,NA,60,2020,NA,NA
"7/13/20",15:25:00,"Bunkeflostrand","Orthetrum_coerulescens","Mature",1,NA,0,NA,60,2020,NA,NA
"7/13/20",15:25:00,"Bunkeflostrand","Orthetrum_coerulescens","Mature",1,NA,0,NA,60,2020,NA,NA
"7/13/20",15:25:00,"Bunkeflostrand","Orthetrum_coerulescens","Mature",1,NA,0,NA,60,2020,NA,NA
"7/13/20",15:25:00,"Bunkeflostrand","Orthetrum_coerulescens","Mature",1,NA,0,0,60,2020,NA,NA
"7/13/20",15:25:00,"Bunkeflostrand","Orthetrum_coerulescens","Mature",1,NA,0,0,60,2020,NA,NA
"7/13/20",15:25:00,"Bunkeflostrand","Orthetrum_coerulescens","Mature",1,NA,0,0,60,2020,NA,NA
"7/13/20",15:25:00,"Bunkeflostrand","Orthetrum_coerulescens","Teneral",0,NA,0,0,60,2020,NA,NA
"7/13/20",15:25:00,"Bunkeflostrand","Sympetrum_striolatum","Teneral",1,NA,0,0,60,2020,NA,NA
"7/13/20",15:25:00,"Bunkeflostrand","Sympetrum_striolatum","Immature",1,NA,0,0,60,2020,NA,NA
"7/13/20",15:25:00,"Bunkeflostrand","Sympetrum_sanguineum","Mature",1,NA,0,0,60,2020,NA,NA
"7/13/20",15:25:00,"Bunkeflostrand","Sympetrum_striolatum","Teneral",1,NA,0,0,60,2020,NA,NA
"7/13/20",15:25:00,"Bunkeflostrand","Sympetrum_striolatum","Immature",1,NA,0,0,60,2020,NA,NA
"7/13/20",15:25:00,"Bunkeflostrand","Sympetrum_striolatum","Immature",1,NA,0,0,60,2020,NA,NA
"7/13/20",15:25:00,"Bunkeflostrand","Sympetrum_striolatum","Teneral",0,NA,0,0,60,2020,NA,NA
"7/13/20",15:25:00,"Bunkeflostrand","Sympetrum_striolatum","Teneral",0,NA,0,0,60,2020,NA,NA
"7/13/20",15:25:00,"Bunkeflostrand","Sympetrum_striolatum","Teneral",0,NA,0,0,60,2020,NA,NA
"7/13/20",15:25:00,"Bunkeflostrand","Sympetrum_striolatum","Teneral",0,NA,0,0,60,2020,NA,NA
"7/13/20",15:25:00,"Bunkeflostrand","Ischnura_elegans","Mature",1,NA,0,0,60,2020,NA,NA
"7/13/20",15:25:00,"Bunkeflostrand","Ischnura_elegans","Mature",1,NA,0,0,60,2020,NA,NA
"7/13/20",15:25:00,"Bunkeflostrand","Ischnura_elegans","Mature",1,NA,0,0,60,2020,NA,NA
"7/13/20",15:25:00,"Bunkeflostrand","Ischnura_elegans","Teneral",0,NA,0,0,60,2020,NA,NA
"7/13/20",15:25:00,"Bunkeflostrand","Ischnura_elegans","Mature",1,NA,0,0,60,2020,NA,NA
"7/13/20",15:25:00,"Bunkeflostrand","Ischnura_elegans","Mature",1,NA,0,0,60,2020,NA,NA
"7/13/20",15:25:00,"Bunkeflostrand","Ischnura_elegans","Mature",1,NA,0,0,60,2020,NA,NA
"7/13/20",15:25:00,"Bunkeflostrand","Ischnura_elegans","Mature",1,NA,0,0,60,2020,NA,NA
"7/13/20",15:25:00,"Bunkeflostrand","Ischnura_elegans","Mature",1,NA,0,0,60,2020,NA,NA
"7/13/20",15:25:00,"Bunkeflostrand","Ischnura_elegans","Immature",1,NA,0,1,60,2020,NA,NA
"7/13/20",15:25:00,"Bunkeflostrand","Ischnura_elegans","Immature",1,NA,0,0,60,2020,NA,NA
"7/13/20",15:25:00,"Bunkeflostrand","Ischnura_elegans","Immature",1,NA,0,0,60,2020,NA,NA
"7/13/20",15:25:00,"Bunkeflostrand","Ischnura_elegans","Mature",1,NA,0,0,60,2020,NA,NA
"7/13/20",15:25:00,"Bunkeflostrand","Ischnura_elegans","Immature",1,NA,0,0,60,2020,NA,NA
"7/13/20",15:25:00,"Bunkeflostrand","Ischnura_elegans","Mature",1,NA,0,0,60,2020,NA,NA
"7/13/20",15:25:00,"Bunkeflostrand","Ischnura_elegans","Mature",1,NA,0,0,60,2020,NA,NA
"7/13/20",15:25:00,"Bunkeflostrand","Ischnura_elegans","Teneral",0,NA,0,0,60,2020,NA,NA
"7/13/20",15:25:00,"Bunkeflostrand","Ischnura_elegans","Immature",1,NA,0,5,60,2020,NA,NA
"7/13/20",15:25:00,"Bunkeflostrand","Ischnura_elegans","Mature",1,NA,0,0,60,2020,NA,NA
"7/13/20",15:25:00,"Bunkeflostrand","Ischnura_elegans","Mature",1,NA,0,0,60,2020,NA,NA
"7/13/20",15:25:00,"Bunkeflostrand","Ischnura_elegans","Immature",1,NA,0,0,60,2020,NA,NA
"7/13/20",15:25:00,"Bunkeflostrand","Ischnura_elegans","Teneral",0,NA,0,0,60,2020,NA,NA
"7/13/20",15:25:00,"Bunkeflostrand","Ischnura_elegans","Immature",1,NA,0,9,60,2020,NA,NA
"7/13/20",15:25:00,"Bunkeflostrand","Sympetrum_striolatum","Teneral",NA,NA,0,NA,60,2020,NA,NA
"7/13/20",15:25:00,"Bunkeflostrand","Sympetrum_striolatum","Teneral",NA,NA,0,NA,60,2020,NA,NA
"7/13/20",15:25:00,"Bunkeflostrand","Sympetrum_striolatum","Teneral",NA,NA,0,NA,60,2020,NA,NA
"7/13/20",15:25:00,"Bunkeflostrand","Sympetrum_striolatum","Teneral",NA,NA,0,NA,60,2020,NA,NA
"7/13/20",15:25:00,"Bunkeflostrand","Sympetrum_striolatum","Teneral",NA,NA,0,NA,60,2020,NA,NA
"7/13/20",15:25:00,"Bunkeflostrand","Sympetrum_striolatum","Teneral",NA,NA,0,NA,60,2020,NA,NA
"7/13/20",15:25:00,"Bunkeflostrand","Sympetrum_striolatum","Teneral",NA,NA,0,NA,60,2020,NA,NA
"7/13/20",15:25:00,"Bunkeflostrand","Sympetrum_striolatum","Teneral",NA,NA,0,NA,60,2020,NA,NA
"7/13/20",15:25:00,"Bunkeflostrand","Sympetrum_striolatum","Teneral",NA,NA,0,NA,60,2020,NA,NA
"7/13/20",15:25:00,"Bunkeflostrand","Sympetrum_striolatum","Teneral",NA,NA,0,NA,60,2020,NA,NA
"7/13/20",15:25:00,"Bunkeflostrand","Sympetrum_striolatum","Teneral",NA,NA,0,NA,60,2020,NA,NA
"7/13/20",15:25:00,"Bunkeflostrand","Sympetrum_striolatum","Teneral",NA,NA,0,NA,60,2020,NA,NA
"7/13/20",15:25:00,"Bunkeflostrand","Sympetrum_striolatum","Teneral",NA,NA,0,NA,60,2020,NA,NA
"7/13/20",15:25:00,"Bunkeflostrand","Sympetrum_striolatum","Teneral",NA,NA,0,NA,60,2020,NA,NA
"7/13/20",15:25:00,"Bunkeflostrand","Sympetrum_striolatum","Teneral",NA,NA,0,NA,60,2020,NA,NA
"7/13/20",15:25:00,"Bunkeflostrand","Sympetrum_striolatum","Teneral",NA,NA,0,NA,60,2020,NA,NA
"7/13/20",15:25:00,"Bunkeflostrand","Sympetrum_striolatum","Teneral",NA,NA,0,NA,60,2020,NA,NA
"7/13/20",15:25:00,"Bunkeflostrand","Sympetrum_striolatum","Teneral",NA,NA,0,NA,60,2020,NA,NA
"7/23/20",10:17:00,"Bunkeflostrand","Orthetrum_cancellatum","Mature",1,NA,0,NA,40,2020,NA,NA
"7/23/20",10:17:00,"Bunkeflostrand","Orthetrum_cancellatum","Mature",1,NA,0,NA,40,2020,NA,NA
"7/23/20",10:17:00,"Bunkeflostrand","Sympetrum_striolatum","Teneral",0,NA,0,0,40,2020,NA,NA
"7/23/20",10:17:00,"Bunkeflostrand","Sympetrum_striolatum","Immature",1,NA,0,0,40,2020,NA,NA
"7/23/20",10:17:00,"Bunkeflostrand","Sympetrum_striolatum","Mature",1,NA,0,0,40,2020,NA,NA
"7/23/20",10:17:00,"Bunkeflostrand","Sympetrum_striolatum","Immature",1,NA,0,0,40,2020,NA,NA
"7/23/20",10:17:00,"Bunkeflostrand","Sympetrum_striolatum","Teneral",0,NA,0,0,40,2020,NA,NA
"7/23/20",10:17:00,"Bunkeflostrand","Sympetrum_striolatum","Teneral",0,NA,0,0,40,2020,NA,NA
"7/23/20",10:17:00,"Bunkeflostrand","Sympetrum_striolatum","Mature",1,NA,0,0,40,2020,NA,NA
"7/23/20",10:17:00,"Bunkeflostrand","Sympetrum_striolatum","Immature",0,NA,0,0,40,2020,NA,NA
"7/23/20",10:17:00,"Bunkeflostrand","Sympetrum_striolatum","Mature",1,NA,0,0,40,2020,NA,NA
"7/23/20",10:17:00,"Bunkeflostrand","Ischnura_elegans","Teneral",1,NA,0,0,40,2020,NA,NA
"7/23/20",10:17:00,"Bunkeflostrand","Ischnura_elegans","Mature",1,NA,0,0,40,2020,NA,NA
"7/23/20",10:17:00,"Bunkeflostrand","Ischnura_elegans","Mature",1,NA,0,7,40,2020,NA,NA
"7/23/20",10:17:00,"Bunkeflostrand","Ischnura_elegans","Immature",1,NA,0,0,40,2020,NA,NA
"7/23/20",10:17:00,"Bunkeflostrand","Ischnura_elegans","Immature",1,NA,0,0,40,2020,NA,NA
"7/23/20",10:17:00,"Bunkeflostrand","Ischnura_elegans","Mature",1,NA,0,0,40,2020,NA,NA
"7/23/20",10:17:00,"Bunkeflostrand","Ischnura_elegans","Immature",1,NA,0,0,40,2020,NA,NA
"7/23/20",10:17:00,"Bunkeflostrand","Ischnura_elegans","Mature",1,NA,0,0,40,2020,NA,NA
"7/23/20",10:17:00,"Bunkeflostrand","Ischnura_elegans","Immature",1,NA,0,0,40,2020,NA,NA
"7/23/20",10:17:00,"Bunkeflostrand","Ischnura_elegans","Immature",1,NA,0,0,40,2020,NA,NA
"7/23/20",10:17:00,"Bunkeflostrand","Ischnura_elegans","Immature",1,NA,0,0,40,2020,NA,NA
"7/23/20",10:17:00,"Bunkeflostrand","Ischnura_elegans","Mature",1,NA,0,0,40,2020,NA,NA
"7/23/20",10:17:00,"Bunkeflostrand","Sympetrum_striolatum","Teneral",NA,NA,0,NA,40,2020,NA,NA
"7/23/20",10:17:00,"Bunkeflostrand","Sympetrum_striolatum","Teneral",NA,NA,0,NA,40,2020,NA,NA
"7/23/20",10:17:00,"Bunkeflostrand","Sympetrum_striolatum","Teneral",NA,NA,0,NA,40,2020,NA,NA
"7/23/20",10:17:00,"Bunkeflostrand","Sympetrum_striolatum","Mature",1,NA,0,NA,40,2020,NA,NA
"7/23/20",10:17:00,"Bunkeflostrand","Sympetrum_striolatum","Mature",1,NA,0,NA,40,2020,NA,NA
"7/23/20",10:17:00,"Bunkeflostrand","Sympetrum_striolatum","Mature",1,NA,0,NA,40,2020,NA,NA
"7/23/20",10:17:00,"Bunkeflostrand","Sympetrum_striolatum","Mature",1,NA,0,NA,40,2020,NA,NA
"7/23/20",10:17:00,"Bunkeflostrand","Sympetrum_striolatum","Teneral",NA,NA,0,NA,40,2020,NA,NA
"7/23/20",10:17:00,"Bunkeflostrand","Sympetrum_striolatum","Teneral",NA,NA,0,NA,40,2020,NA,NA
"7/23/20",10:17:00,"Bunkeflostrand","Sympetrum_striolatum","Teneral",NA,NA,0,NA,40,2020,NA,NA
"7/23/20",10:17:00,"Bunkeflostrand","Sympetrum_striolatum","Teneral",NA,NA,0,NA,40,2020,NA,NA
"7/23/20",10:17:00,"Bunkeflostrand","Sympetrum_striolatum","Teneral",NA,NA,0,NA,40,2020,NA,NA
"7/23/20",10:17:00,"Bunkeflostrand","Sympetrum_striolatum","Teneral",NA,NA,0,NA,40,2020,NA,NA
"7/23/20",10:17:00,"Bunkeflostrand","Sympetrum_striolatum","Teneral",NA,NA,0,NA,40,2020,NA,NA
"7/23/20",10:17:00,"Bunkeflostrand","Sympetrum_striolatum","Teneral",NA,NA,0,NA,40,2020,NA,NA
"7/23/20",10:17:00,"Bunkeflostrand","Sympetrum_striolatum","Teneral",NA,NA,0,NA,40,2020,NA,NA
"7/23/20",10:17:00,"Bunkeflostrand","Sympetrum_striolatum","Teneral",NA,NA,0,NA,40,2020,NA,NA
"7/23/20",10:17:00,"Bunkeflostrand","Sympetrum_striolatum","Teneral",NA,NA,0,NA,40,2020,NA,NA
"7/23/20",10:17:00,"Bunkeflostrand","Sympetrum_striolatum","Teneral",NA,NA,0,NA,40,2020,NA,NA
"7/23/20",10:17:00,"Bunkeflostrand","Sympetrum_striolatum","Teneral",NA,NA,0,NA,40,2020,NA,NA
"7/13/20",15:25:00,"Bunkeflostrand","Ischnura_elegans","Immature",0,"Gynochrome",0,NA,60,2020,NA,"Violacea"
"7/13/20",15:25:00,"Bunkeflostrand","Ischnura_elegans","Mature",0,"Gynochrome",0,0,60,2020,"Infuscans","Violacea_(Infuscans)"
"7/13/20",15:25:00,"Bunkeflostrand","Ischnura_elegans","Immature",0,"Gynochrome",0,0,60,2020,"Infuscans","Violacea_(Infuscans)"
"7/13/20",15:25:00,"Bunkeflostrand","Ischnura_elegans","Immature",0,"Gynochrome",0,0,60,2020,"Infuscans","Violacea_(Infuscans)"
"7/23/20",10:17:00,"Bunkeflostrand","Ischnura_elegans","Immature",0,"Gynochrome",0,0,40,2020,"Infuscans","Violacea_(Infuscans)"
"7/23/20",10:17:00,"Bunkeflostrand","Ischnura_elegans","Immature",0,"Gynochrome",0,4,40,2020,"Infuscans","Violacea_(Infuscans)"
"5/20/20",11:18:00,"Bunkeflostrand","Coenagrion_pulchellum","Teneral",1,NA,0,0,60,2020,NA,NA
"5/20/20",11:18:00,"Bunkeflostrand","Coenagrion_pulchellum","Teneral",1,NA,0,0,60,2020,NA,NA
"5/20/20",11:18:00,"Bunkeflostrand","Ischnura_elegans","Immature",1,NA,0,0,60,2020,NA,NA
"5/20/20",11:18:00,"Bunkeflostrand","Ischnura_elegans","Immature",0,"Gynochrome",0,0,60,2020,"Infuscans_obsoleta",NA
"5/20/20",11:18:00,"Bunkeflostrand","Ischnura_elegans","Immature",0,"Gynochrome",0,0,60,2020,"Infuscans","Violacea_(Infuscans)"
"5/20/20",11:18:00,"Bunkeflostrand","Libellula_quadrimaculata","Teneral",NA,NA,0,NA,60,2020,NA,NA
"5/20/20",11:18:00,"Bunkeflostrand","Libellula_quadrimaculata","Teneral",NA,NA,0,NA,60,2020,NA,NA
"5/20/20",11:18:00,"Bunkeflostrand","Libellula_quadrimaculata","Teneral",NA,NA,0,NA,60,2020,NA,NA
"5/20/20",11:18:00,"Bunkeflostrand","Libellula_quadrimaculata","Teneral",NA,NA,0,NA,60,2020,NA,NA
"5/20/20",11:18:00,"Bunkeflostrand","Libellula_quadrimaculata","Teneral",NA,NA,0,NA,60,2020,NA,NA
"5/20/20",11:18:00,"Bunkeflostrand","Libellula_quadrimaculata","Teneral",NA,NA,0,NA,60,2020,NA,NA
"6/1/20",09:45:00,"Bunkeflostrand","Coenagrion_pulchellum","Mature",1,NA,1,5,40,2020,NA,NA
"6/1/20",09:45:00,"Bunkeflostrand","Coenagrion_pulchellum","Mature",0,"Gynochrome",1,0,40,2020,NA,NA
"6/1/20",09:45:00,"Bunkeflostrand","Coenagrion_pulchellum","Mature",0,"Gynochrome",1,0,40,2020,NA,NA
"6/1/20",09:45:00,"Bunkeflostrand","Coenagrion_pulchellum","Mature",1,NA,1,0,40,2020,NA,NA
"6/1/20",09:45:00,"Bunkeflostrand","Ischnura_elegans","Mature",1,NA,0,19,40,2020,NA,NA
"6/1/20",09:45:00,"Bunkeflostrand","Ischnura_elegans","Mature",1,NA,0,0,40,2020,NA,NA
"6/1/20",09:45:00,"Bunkeflostrand","Ischnura_elegans","Immature",0,"Gynochrome",0,0,40,2020,"Androchrome","Violacea_(Androchrome)"
"6/1/20",09:45:00,"Bunkeflostrand","Coenagrion_pulchellum","Mature",1,NA,0,0,40,2020,NA,NA
"6/1/20",09:45:00,"Bunkeflostrand","Ischnura_elegans","Immature",1,NA,0,2,40,2020,NA,NA
"6/1/20",09:45:00,"Bunkeflostrand","Ischnura_pumilio","Immature",0,NA,0,0,40,2020,NA,NA
"6/1/20",09:45:00,"Bunkeflostrand","Ischnura_elegans","Immature",1,NA,0,0,40,2020,NA,NA
"6/1/20",09:45:00,"Bunkeflostrand","Ischnura_elegans","Mature",1,NA,0,0,40,2020,NA,NA
"6/1/20",09:45:00,"Bunkeflostrand","Ischnura_elegans","Immature",1,NA,0,50,40,2020,NA,NA
"6/1/20",09:45:00,"Bunkeflostrand","Coenagrion_pulchellum","Mature",NA,"Gynochrome",0,0,40,2020,NA,NA
"6/1/20",09:45:00,"Bunkeflostrand","Coenagrion_puella","Teneral",1,NA,0,NA,40,2020,NA,NA
"6/1/20",09:45:00,"Bunkeflostrand","Coenagrion_pulchellum","Immature",1,NA,0,0,40,2020,NA,NA
"6/1/20",09:45:00,"Bunkeflostrand","Ischnura_pumilio","Teneral",1,NA,0,0,40,2020,NA,NA
"6/1/20",09:45:00,"Bunkeflostrand","Ischnura_pumilio","Immature",1,NA,0,0,40,2020,NA,NA
"6/1/20",09:45:00,"Bunkeflostrand","Ischnura_elegans","Immature",1,NA,0,25,40,2020,NA,NA
"6/1/20",09:45:00,"Bunkeflostrand","Ischnura_elegans","Teneral",0,NA,0,1,40,2020,NA,NA
"6/1/20",09:45:00,"Bunkeflostrand","Ischnura_elegans","Immature",1,NA,0,3,40,2020,NA,NA
"6/1/20",09:45:00,"Bunkeflostrand","Ischnura_elegans","Immature",1,NA,0,1,40,2020,NA,NA
"6/1/20",09:45:00,"Bunkeflostrand","Ischnura_elegans","Immature",0,"Gynochrome",0,40,40,2020,"Androchrome","Violacea_(Androchrome)"
"6/1/20",09:45:00,"Bunkeflostrand","Ischnura_pumilio","Teneral",0,NA,0,0,40,2020,NA,NA
"6/1/20",09:45:00,"Bunkeflostrand","Ischnura_elegans","Mature",0,"Gynochrome",0,26,40,2020,"Androchrome","Violacea_(Androchrome)"
"6/1/20",09:45:00,"Bunkeflostrand","Ischnura_elegans","Immature",1,NA,0,24,40,2020,NA,NA
"6/1/20",09:45:00,"Bunkeflostrand","Ischnura_pumilio","Teneral",0,NA,0,0,40,2020,NA,NA
"6/1/20",09:45:00,"Bunkeflostrand","Ischnura_elegans","Immature",0,"Gynochrome",0,30,40,2020,"Androchrome","Violacea_(Androchrome)"
"6/1/20",09:45:00,"Bunkeflostrand","Ischnura_elegans","Teneral",0,NA,0,38,40,2020,NA,NA
"6/1/20",09:45:00,"Bunkeflostrand","Ischnura_pumilio","Teneral",1,NA,0,0,40,2020,NA,NA
"6/1/20",09:45:00,"Bunkeflostrand","Ischnura_elegans","Immature",0,"Gynochrome",0,28,40,2020,"Infuscans","Violacea_(Infuscans)"
"6/1/20",09:45:00,"Bunkeflostrand","Brachytron_pratense","Mature",NA,NA,0,0,40,2020,NA,NA
"6/1/20",09:45:00,"Bunkeflostrand","Ischnura_elegans","Immature",1,NA,0,0,40,2020,NA,NA
"6/1/20",09:45:00,"Bunkeflostrand","Ischnura_elegans","Immature",1,NA,0,0,40,2020,NA,NA
"6/1/20",09:45:00,"Bunkeflostrand","Ischnura_elegans","Immature",1,NA,0,0,40,2020,NA,NA
"6/1/20",09:45:00,"Bunkeflostrand","Ischnura_elegans","Teneral",1,NA,0,10,40,2020,NA,NA
"6/1/20",09:45:00,"Bunkeflostrand","Ischnura_elegans","Immature",0,"Gynochrome",0,16,40,2020,"Androchrome","Violacea_(Androchrome)"
"6/23/20",11:06:00,"Bunkeflostrand","Orthetrum_cancellatum","Mature",1,NA,0,NA,60,2020,NA,NA
"6/23/20",11:06:00,"Bunkeflostrand","Orthetrum_cancellatum","Mature",1,NA,0,NA,60,2020,NA,NA
"6/23/20",11:06:00,"Bunkeflostrand","Orthetrum_cancellatum","Mature",1,NA,0,NA,60,2020,NA,NA
"6/23/20",11:06:00,"Bunkeflostrand","Orthetrum_cancellatum","Mature",1,NA,0,NA,60,2020,NA,NA
"6/23/20",11:06:00,"Bunkeflostrand","Orthetrum_cancellatum","Mature",1,NA,0,NA,60,2020,NA,NA
"6/23/20",11:06:00,"Bunkeflostrand","Orthetrum_cancellatum","Mature",1,NA,1,0,60,2020,NA,NA
"6/23/20",11:06:00,"Bunkeflostrand","Orthetrum_cancellatum","Mature",0,NA,1,0,60,2020,NA,NA
"6/23/20",11:06:00,"Bunkeflostrand","Ischnura_elegans","Immature",1,NA,0,0,60,2020,NA,NA
"6/23/20",11:06:00,"Bunkeflostrand","Ischnura_elegans","Immature",1,NA,0,0,60,2020,NA,NA
"6/23/20",11:06:00,"Bunkeflostrand","Ischnura_elegans","Mature",1,NA,0,0,60,2020,NA,NA
"6/23/20",11:06:00,"Bunkeflostrand","Ischnura_elegans","Immature",1,NA,0,26,60,2020,NA,NA
"6/23/20",11:06:00,"Bunkeflostrand","Ischnura_elegans","Immature",1,NA,0,1,60,2020,NA,NA
"6/23/20",11:06:00,"Bunkeflostrand","Ischnura_elegans","Immature",1,NA,0,0,60,2020,NA,NA
"6/23/20",11:06:00,"Bunkeflostrand","Ischnura_elegans","Immature",0,"Androchrome",0,74,60,2020,"Androchrome",NA
"6/23/20",11:06:00,"Bunkeflostrand","Ischnura_elegans","Immature",1,NA,0,78,60,2020,NA,NA
"6/23/20",11:06:00,"Bunkeflostrand","Ischnura_elegans","Immature",1,NA,0,25,60,2020,NA,NA
"6/23/20",11:06:00,"Bunkeflostrand","Ischnura_elegans","Immature",1,NA,0,0,60,2020,NA,NA
"6/23/20",11:06:00,"Bunkeflostrand","Ischnura_elegans","Immature",0,"Gynochrome",0,7,60,2020,"Infuscans","Violacea_(Infuscans)"
"6/23/20",11:06:00,"Bunkeflostrand","Ischnura_elegans","Immature",1,NA,0,0,60,2020,NA,NA
"6/23/20",11:06:00,"Bunkeflostrand","Ischnura_elegans","Immature",1,NA,0,90,60,2020,NA,NA
"6/23/20",11:06:00,"Bunkeflostrand","Ischnura_elegans","Immature",1,NA,0,0,60,2020,NA,NA
"6/23/20",11:06:00,"Bunkeflostrand","Ischnura_elegans","Immature",1,NA,0,3,60,2020,NA,NA
"6/23/20",11:06:00,"Bunkeflostrand","Ischnura_elegans","Immature",0,"Gynochrome",0,7,60,2020,"Infuscans","Violacea_(Infuscans)"
"6/23/20",11:06:00,"Bunkeflostrand","Ischnura_elegans","Immature",0,"Gynochrome",0,7,60,2020,"Infuscans","Violacea_(Infuscans)"
"6/23/20",11:06:00,"Bunkeflostrand","Ischnura_elegans","Immature",0,"Androchrome",0,1,60,2020,"Androchrome",NA
"6/23/20",11:06:00,"Bunkeflostrand","Ischnura_elegans","Immature",0,"Androchrome",0,1,60,2020,"Androchrome",NA
"6/23/20",11:06:00,"Bunkeflostrand","Ischnura_elegans","Mature",0,"Androchrome",0,4,60,2020,"Androchrome",NA
"6/23/20",11:06:00,"Bunkeflostrand","Ischnura_elegans","Immature",0,"Gynochrome",0,0,60,2020,"Infuscans_obsoleta",NA
"6/23/20",11:06:00,"Bunkeflostrand","Ischnura_elegans","Mature",0,"Gynochrome",0,0,60,2020,"Infuscans_obsoleta",NA
"6/23/20",11:06:00,"Bunkeflostrand","Ischnura_elegans","Immature",1,NA,0,42,60,2020,NA,NA
"6/23/20",11:06:00,"Bunkeflostrand","Ischnura_elegans","Mature",1,NA,0,30,60,2020,NA,NA
"6/23/20",11:06:00,"Bunkeflostrand","Coenagrion_pulchellum","Immature",0,"Gynochrome",0,0,60,2020,NA,NA
"6/23/20",11:06:00,"Bunkeflostrand","Ischnura_elegans","Immature",0,"Androchrome",0,0,60,2020,"Androchrome",NA
"6/23/20",11:06:00,"Bunkeflostrand","Ischnura_elegans","Immature",0,"Gynochrome",0,8,60,2020,"Infuscans","Violacea_(Infuscans)"
"6/23/20",11:06:00,"Bunkeflostrand","Ischnura_elegans","Immature",1,NA,0,19,60,2020,NA,NA
"6/23/20",11:06:00,"Bunkeflostrand","Ischnura_elegans","Immature",1,NA,0,20,60,2020,NA,NA
"6/23/20",11:06:00,"Bunkeflostrand","Ischnura_elegans","Mature",1,NA,1,0,60,2020,NA,NA
"6/23/20",11:06:00,"Bunkeflostrand","Ischnura_elegans","Mature",0,"Gynochrome",1,0,60,2020,"Infuscans_obsoleta",NA
"6/23/20",11:06:00,"Bunkeflostrand","Coenagrion_pulchellum","Mature",1,NA,1,0,60,2020,NA,NA
"6/23/20",11:06:00,"Bunkeflostrand","Coenagrion_pulchellum","Mature",0,"Gynochrome",1,0,60,2020,NA,NA
"6/23/20",11:06:00,"Bunkeflostrand","Ischnura_pumilio","Mature",0,"Gynochrome",1,0,60,2020,NA,NA
"6/23/20",11:06:00,"Bunkeflostrand","Ischnura_pumilio","Immature",1,NA,1,0,60,2020,NA,NA
"6/23/20",11:06:00,"Bunkeflostrand","Ischnura_elegans","Mature",1,NA,1,0,60,2020,NA,NA
"6/23/20",11:06:00,"Bunkeflostrand","Ischnura_elegans","Mature",0,"Gynochrome",1,0,60,2020,"Infuscans",NA
"6/23/20",11:06:00,"Bunkeflostrand","Ischnura_elegans","Mature",0,"Androchrome",1,0,60,2020,"Androchrome",NA
"6/23/20",11:06:00,"Bunkeflostrand","Ischnura_elegans","Mature",1,NA,1,0,60,2020,NA,NA
"6/23/20",11:06:00,"Bunkeflostrand","Ischnura_elegans","Mature",1,NA,1,0,60,2020,NA,NA
"6/23/20",11:06:00,"Bunkeflostrand","Ischnura_elegans","Mature",0,"Gynochrome",1,45,60,2020,"Infuscans",NA
"6/23/20",11:06:00,"Bunkeflostrand","Ischnura_elegans","Mature",1,NA,1,0,60,2020,NA,NA
"6/23/20",11:06:00,"Bunkeflostrand","Ischnura_elegans","Mature",1,NA,1,0,60,2020,NA,NA
"6/23/20",11:06:00,"Bunkeflostrand","Ischnura_elegans","Mature",0,"Androchrome",1,0,60,2020,"Androchrome",NA
"6/23/20",11:06:00,"Bunkeflostrand","Ischnura_elegans","Mature",0,"Androchrome",1,0,60,2020,"Androchrome",NA
"6/23/20",11:06:00,"Bunkeflostrand","Ischnura_elegans","Mature",1,NA,1,0,60,2020,NA,NA
"6/23/20",11:06:00,"Bunkeflostrand","Ischnura_elegans","Mature",0,"Androchrome",1,2,60,2020,"Androchrome",NA
"6/23/20",11:06:00,"Bunkeflostrand","Orthetrum_coerulescens","Mature",0,"Gynochrome",0,NA,60,2020,NA,NA
"7/18/20",11:20:00,"Flackarp","Ischnura_elegans","Mature",0,"Androchrome",1,5,40,2020,"Androchrome",NA
"7/18/20",11:20:00,"Flackarp","Ischnura_elegans","Mature",0,"Androchrome",1,0,40,2020,"Androchrome",NA
"7/18/20",11:20:00,"Flackarp","Coenagrion_puella","Mature",0,"Androchrome",0,0,40,2020,NA,NA
"7/27/20",13:41:00,"Flackarp","Ischnura_elegans","Mature",0,"Androchrome",1,0,50,2020,"Androchrome",NA
"7/27/20",13:41:00,"Flackarp","Ischnura_elegans","Mature",0,"Androchrome",1,0,50,2020,"Androchrome",NA
"7/27/20",13:41:00,"Flackarp","Ischnura_elegans","Mature",0,"Androchrome",1,0,50,2020,"Androchrome",NA
"7/18/20",11:20:00,"Flackarp","Anax_imperator","Mature",0,"Gynochrome",1,NA,40,2020,NA,NA
"7/18/20",11:20:00,"Flackarp","Calopteryx_splendens","Mature",0,"Gynochrome",0,NA,40,2020,NA,NA
"7/18/20",11:20:00,"Flackarp","Calopteryx_splendens","Mature",0,"Gynochrome",0,NA,40,2020,NA,NA
"7/18/20",11:20:00,"Flackarp","Calopteryx_splendens","Mature",0,"Gynochrome",0,NA,40,2020,NA,NA
"7/18/20",11:20:00,"Flackarp","Sympetrum_sanguineum","Mature",0,"Gynochrome",1,NA,40,2020,NA,NA
"7/18/20",11:20:00,"Flackarp","Sympetrum_sanguineum","Mature",0,"Gynochrome",1,NA,40,2020,NA,NA
"7/18/20",11:20:00,"Flackarp","Sympetrum_sanguineum","Mature",0,"Gynochrome",1,0,40,2020,NA,NA
"7/18/20",11:20:00,"Flackarp","Calopteryx_splendens","Mature",0,"Gynochrome",0,0,40,2020,NA,NA
"7/18/20",11:20:00,"Flackarp","Coenagrion_puella","Mature",0,"Gynochrome",1,0,40,2020,NA,NA
"7/18/20",11:20:00,"Flackarp","Coenagrion_pulchellum","Mature",0,"Gynochrome",0,0,40,2020,NA,NA
"7/18/20",11:20:00,"Flackarp","Coenagrion_pulchellum","Mature",0,"Gynochrome",0,0,40,2020,NA,NA
"7/27/20",13:41:00,"Flackarp","Erythromma_viridulum","Mature",0,"Gynochrome",1,NA,50,2020,NA,NA
"7/27/20",13:41:00,"Flackarp","Erythromma_viridulum","Mature",0,"Gynochrome",1,NA,50,2020,NA,NA
"7/27/20",13:41:00,"Flackarp","Erythromma_viridulum","Mature",0,"Gynochrome",1,NA,50,2020,NA,NA
"7/27/20",13:41:00,"Flackarp","Erythromma_viridulum","Mature",0,"Gynochrome",1,NA,50,2020,NA,NA
"7/27/20",13:41:00,"Flackarp","Erythromma_viridulum","Mature",0,"Gynochrome",1,NA,50,2020,NA,NA
"7/27/20",13:41:00,"Flackarp","Erythromma_viridulum","Mature",0,"Gynochrome",1,NA,50,2020,NA,NA
"7/27/20",13:41:00,"Flackarp","Erythromma_viridulum","Mature",0,"Gynochrome",1,NA,50,2020,NA,NA
"7/27/20",13:41:00,"Flackarp","Erythromma_viridulum","Mature",0,"Gynochrome",1,NA,50,2020,NA,NA
"7/27/20",13:41:00,"Flackarp","Erythromma_viridulum","Mature",0,"Gynochrome",1,NA,50,2020,NA,NA
"7/27/20",13:41:00,"Flackarp","Erythromma_viridulum","Mature",0,"Gynochrome",1,NA,50,2020,NA,NA
"7/27/20",13:41:00,"Flackarp","Erythromma_viridulum","Mature",0,"Gynochrome",1,NA,50,2020,NA,NA
"7/27/20",13:41:00,"Flackarp","Erythromma_viridulum","Mature",0,"Gynochrome",1,NA,50,2020,NA,NA
"7/27/20",13:41:00,"Flackarp","Erythromma_viridulum","Mature",0,"Gynochrome",1,NA,50,2020,NA,NA
"7/27/20",13:41:00,"Flackarp","Erythromma_viridulum","Mature",0,"Gynochrome",1,NA,50,2020,NA,NA
"7/27/20",13:41:00,"Flackarp","Erythromma_viridulum","Mature",0,"Gynochrome",1,NA,50,2020,NA,NA
"7/27/20",13:41:00,"Flackarp","Erythromma_viridulum","Mature",0,"Gynochrome",1,NA,50,2020,NA,NA
"7/27/20",13:41:00,"Flackarp","Erythromma_viridulum","Mature",0,"Gynochrome",1,NA,50,2020,NA,NA
"7/27/20",13:41:00,"Flackarp","Erythromma_viridulum","Mature",0,"Gynochrome",1,NA,50,2020,NA,NA
"7/27/20",13:41:00,"Flackarp","Erythromma_viridulum","Mature",0,"Gynochrome",1,NA,50,2020,NA,NA
"7/27/20",13:41:00,"Flackarp","Erythromma_viridulum","Mature",0,"Gynochrome",1,NA,50,2020,NA,NA
"7/27/20",13:41:00,"Flackarp","Sympetrum_sanguineum","Mature",0,"Gynochrome",1,NA,50,2020,NA,NA
"7/27/20",13:41:00,"Flackarp","Aeshna_mixta","Mature",0,"Gynochrome",0,0,50,2020,NA,NA
"7/27/20",13:41:00,"Flackarp","Aeshna_cyanea","Mature",0,"Gynochrome",0,NA,50,2020,NA,NA
"7/18/20",11:20:00,"Flackarp","Ischnura_elegans","Mature",0,"Gynochrome",1,1,40,2020,"Infuscans",NA
"7/27/20",13:41:00,"Flackarp","Ischnura_elegans","Mature",0,"Gynochrome",1,0,50,2020,"Infuscans",NA
"7/27/20",13:41:00,"Flackarp","Ischnura_elegans","Mature",0,"Gynochrome",1,0,50,2020,"Infuscans",NA
"7/27/20",13:41:00,"Flackarp","Ischnura_elegans","Teneral",0,"Gynochrome",0,0,50,2020,"Infuscans_obsoleta","Infuscans_obsoleta_(Rufescens)"
"7/18/20",11:20:00,"Flackarp","Aeshna_grandis","Mature",1,NA,0,NA,40,2020,NA,NA
"7/18/20",11:20:00,"Flackarp","Anax_imperator","Mature",1,NA,0,NA,40,2020,NA,NA
"7/18/20",11:20:00,"Flackarp","Anax_imperator","Mature",1,NA,0,NA,40,2020,NA,NA
"7/18/20",11:20:00,"Flackarp","Anax_imperator","Mature",1,NA,0,NA,40,2020,NA,NA
"7/18/20",11:20:00,"Flackarp","Anax_imperator","Mature",1,NA,0,NA,40,2020,NA,NA
"7/18/20",11:20:00,"Flackarp","Anax_imperator","Mature",1,NA,1,NA,40,2020,NA,NA
"7/18/20",11:20:00,"Flackarp","Somatochlora_metallica","Mature",1,NA,1,NA,40,2020,NA,NA
"7/18/20",11:20:00,"Flackarp","Somatochlora_metallica","Mature",1,NA,1,NA,40,2020,NA,NA
"7/18/20",11:20:00,"Flackarp","Calopteryx_splendens","Mature",1,NA,0,NA,40,2020,NA,NA
"7/18/20",11:20:00,"Flackarp","Calopteryx_splendens","Mature",1,NA,0,NA,40,2020,NA,NA
"7/18/20",11:20:00,"Flackarp","Calopteryx_splendens","Mature",1,NA,0,NA,40,2020,NA,NA
"7/18/20",11:20:00,"Flackarp","Calopteryx_splendens","Mature",1,NA,0,NA,40,2020,NA,NA
"7/18/20",11:20:00,"Flackarp","Calopteryx_splendens","Mature",1,NA,0,NA,40,2020,NA,NA
"7/18/20",11:20:00,"Flackarp","Calopteryx_splendens","Mature",1,NA,0,NA,40,2020,NA,NA
"7/18/20",11:20:00,"Flackarp","Calopteryx_splendens","Mature",1,NA,0,NA,40,2020,NA,NA
"7/18/20",11:20:00,"Flackarp","Calopteryx_splendens","Mature",1,NA,0,NA,40,2020,NA,NA
"7/18/20",11:20:00,"Flackarp","Calopteryx_splendens","Mature",1,NA,0,NA,40,2020,NA,NA
"7/18/20",11:20:00,"Flackarp","Sympetrum_sanguineum","Mature",1,NA,0,NA,40,2020,NA,NA
"7/18/20",11:20:00,"Flackarp","Sympetrum_sanguineum","Mature",1,NA,0,NA,40,2020,NA,NA
"7/18/20",11:20:00,"Flackarp","Sympetrum_sanguineum","Mature",1,NA,0,NA,40,2020,NA,NA
"7/18/20",11:20:00,"Flackarp","Sympetrum_sanguineum","Mature",1,NA,0,NA,40,2020,NA,NA
"7/18/20",11:20:00,"Flackarp","Sympetrum_sanguineum","Mature",1,NA,1,NA,40,2020,NA,NA
"7/18/20",11:20:00,"Flackarp","Sympetrum_sanguineum","Mature",1,NA,1,NA,40,2020,NA,NA
"7/18/20",11:20:00,"Flackarp","Sympetrum_sanguineum","Mature",1,NA,1,0,40,2020,NA,NA
"7/18/20",11:20:00,"Flackarp","Sympetrum_sanguineum","Mature",1,NA,0,0,40,2020,NA,NA
"7/18/20",11:20:00,"Flackarp","Sympetrum_sanguineum","Mature",1,NA,0,0,40,2020,NA,NA
"7/18/20",11:20:00,"Flackarp","Calopteryx_splendens","Immature",1,NA,0,0,40,2020,NA,NA
"7/18/20",11:20:00,"Flackarp","Calopteryx_splendens","Mature",1,NA,0,0,40,2020,NA,NA
"7/18/20",11:20:00,"Flackarp","Ischnura_elegans","Mature",1,NA,1,0,40,2020,NA,NA
"7/18/20",11:20:00,"Flackarp","Ischnura_elegans","Mature",1,NA,1,0,40,2020,NA,NA
"7/18/20",11:20:00,"Flackarp","Ischnura_elegans","Mature",1,NA,1,0,40,2020,NA,NA
"7/18/20",11:20:00,"Flackarp","Coenagrion_puella","Mature",1,NA,1,0,40,2020,NA,NA
"7/18/20",11:20:00,"Flackarp","Coenagrion_puella","Mature",1,NA,0,0,40,2020,NA,NA
"7/18/20",11:20:00,"Flackarp","Ischnura_elegans","Mature",1,NA,0,0,40,2020,NA,NA
"7/18/20",11:20:00,"Flackarp","Ischnura_elegans","Mature",1,NA,0,0,40,2020,NA,NA
"7/18/20",11:20:00,"Flackarp","Erythromma_viridulum","Mature",1,NA,0,0,40,2020,NA,NA
"7/18/20",11:20:00,"Flackarp","Coenagrion_puella",NA,1,NA,0,NA,40,2020,NA,NA
"7/18/20",11:20:00,"Flackarp","Erythromma_viridulum","Mature",1,NA,0,0,40,2020,NA,NA
"7/18/20",11:20:00,"Flackarp","Erythromma_viridulum","Mature",1,NA,0,0,40,2020,NA,NA
"7/18/20",11:20:00,"Flackarp","Coenagrion_puella","Immature",1,NA,0,0,40,2020,NA,NA
"7/18/20",11:20:00,"Flackarp","Erythromma_viridulum","Mature",1,NA,0,0,40,2020,NA,NA
"7/18/20",11:20:00,"Flackarp","Coenagrion_puella",NA,1,NA,0,NA,40,2020,NA,NA
"7/18/20",11:20:00,"Flackarp","Erythromma_viridulum","Mature",1,NA,0,1,40,2020,NA,NA
"7/18/20",11:20:00,"Flackarp","Coenagrion_puella","Mature",1,NA,0,0,40,2020,NA,NA
"7/18/20",11:20:00,"Flackarp","Coenagrion_puella","Mature",1,NA,0,0,40,2020,NA,NA
"7/18/20",11:20:00,"Flackarp","Ischnura_elegans","Mature",1,NA,0,0,40,2020,NA,NA
"7/18/20",11:20:00,"Flackarp","Coenagrion_pulchellum","Mature",1,NA,0,0,40,2020,NA,NA
"7/18/20",11:20:00,"Flackarp","Ischnura_elegans","Mature",1,NA,0,0,40,2020,NA,NA
"7/27/20",13:41:00,"Flackarp","Anax_imperator","Mature",1,NA,0,0,50,2020,NA,NA
"7/27/20",13:41:00,"Flackarp","Anax_imperator","Mature",1,NA,0,NA,50,2020,NA,NA
"7/27/20",13:41:00,"Flackarp","Erythromma_viridulum","Mature",1,NA,0,NA,50,2020,NA,NA
"7/27/20",13:41:00,"Flackarp","Erythromma_viridulum","Mature",1,NA,0,NA,50,2020,NA,NA
"7/27/20",13:41:00,"Flackarp","Erythromma_viridulum","Mature",1,NA,0,NA,50,2020,NA,NA
"7/27/20",13:41:00,"Flackarp","Erythromma_viridulum","Mature",1,NA,0,NA,50,2020,NA,NA
"7/27/20",13:41:00,"Flackarp","Erythromma_viridulum","Mature",1,NA,0,NA,50,2020,NA,NA
"7/27/20",13:41:00,"Flackarp","Erythromma_viridulum","Mature",1,NA,0,NA,50,2020,NA,NA
"7/27/20",13:41:00,"Flackarp","Erythromma_viridulum","Mature",1,NA,0,NA,50,2020,NA,NA
"7/27/20",13:41:00,"Flackarp","Erythromma_viridulum","Mature",1,NA,0,NA,50,2020,NA,NA
"7/27/20",13:41:00,"Flackarp","Erythromma_viridulum","Mature",1,NA,0,NA,50,2020,NA,NA
"7/27/20",13:41:00,"Flackarp","Erythromma_viridulum","Mature",1,NA,0,NA,50,2020,NA,NA
"7/27/20",13:41:00,"Flackarp","Erythromma_viridulum","Mature",1,NA,0,NA,50,2020,NA,NA
"7/27/20",13:41:00,"Flackarp","Erythromma_viridulum","Mature",1,NA,0,NA,50,2020,NA,NA
"7/27/20",13:41:00,"Flackarp","Erythromma_viridulum","Mature",1,NA,0,NA,50,2020,NA,NA
"7/27/20",13:41:00,"Flackarp","Erythromma_viridulum","Mature",1,NA,0,NA,50,2020,NA,NA
"7/27/20",13:41:00,"Flackarp","Erythromma_viridulum","Mature",1,NA,0,NA,50,2020,NA,NA
"7/27/20",13:41:00,"Flackarp","Erythromma_viridulum","Mature",1,NA,0,NA,50,2020,NA,NA
"7/27/20",13:41:00,"Flackarp","Erythromma_viridulum","Mature",1,NA,0,NA,50,2020,NA,NA
"7/27/20",13:41:00,"Flackarp","Erythromma_viridulum","Mature",1,NA,0,NA,50,2020,NA,NA
"7/27/20",13:41:00,"Flackarp","Erythromma_viridulum","Mature",1,NA,0,NA,50,2020,NA,NA
"7/27/20",13:41:00,"Flackarp","Erythromma_viridulum","Mature",1,NA,0,NA,50,2020,NA,NA
"7/27/20",13:41:00,"Flackarp","Erythromma_viridulum","Mature",1,NA,0,NA,50,2020,NA,NA
"7/27/20",13:41:00,"Flackarp","Erythromma_viridulum","Mature",1,NA,0,NA,50,2020,NA,NA
"7/27/20",13:41:00,"Flackarp","Erythromma_viridulum","Mature",1,NA,0,NA,50,2020,NA,NA
"7/27/20",13:41:00,"Flackarp","Erythromma_viridulum","Mature",1,NA,0,NA,50,2020,NA,NA
"7/27/20",13:41:00,"Flackarp","Erythromma_viridulum","Mature",1,NA,0,NA,50,2020,NA,NA
"7/27/20",13:41:00,"Flackarp","Erythromma_viridulum","Mature",1,NA,0,NA,50,2020,NA,NA
"7/27/20",13:41:00,"Flackarp","Erythromma_viridulum","Mature",1,NA,0,NA,50,2020,NA,NA
"7/27/20",13:41:00,"Flackarp","Erythromma_viridulum","Mature",1,NA,0,NA,50,2020,NA,NA
"7/27/20",13:41:00,"Flackarp","Erythromma_viridulum","Mature",1,NA,0,NA,50,2020,NA,NA
"7/27/20",13:41:00,"Flackarp","Erythromma_viridulum","Mature",1,NA,0,NA,50,2020,NA,NA
"7/27/20",13:41:00,"Flackarp","Erythromma_viridulum","Mature",1,NA,0,NA,50,2020,NA,NA
"7/27/20",13:41:00,"Flackarp","Erythromma_viridulum","Mature",1,NA,0,NA,50,2020,NA,NA
"7/27/20",13:41:00,"Flackarp","Erythromma_viridulum","Mature",1,NA,0,NA,50,2020,NA,NA
"7/27/20",13:41:00,"Flackarp","Erythromma_viridulum","Mature",1,NA,0,NA,50,2020,NA,NA
"7/27/20",13:41:00,"Flackarp","Erythromma_viridulum","Mature",1,NA,0,NA,50,2020,NA,NA
"7/27/20",13:41:00,"Flackarp","Erythromma_viridulum","Mature",1,NA,0,NA,50,2020,NA,NA
"7/27/20",13:41:00,"Flackarp","Erythromma_viridulum","Mature",1,NA,0,NA,50,2020,NA,NA
"7/27/20",13:41:00,"Flackarp","Erythromma_viridulum","Mature",1,NA,0,NA,50,2020,NA,NA
"7/27/20",13:41:00,"Flackarp","Erythromma_viridulum","Mature",1,NA,0,NA,50,2020,NA,NA
"7/27/20",13:41:00,"Flackarp","Erythromma_viridulum","Mature",1,NA,0,NA,50,2020,NA,NA
"7/27/20",13:41:00,"Flackarp","Erythromma_viridulum","Mature",1,NA,0,NA,50,2020,NA,NA
"7/27/20",13:41:00,"Flackarp","Erythromma_viridulum","Mature",1,NA,0,NA,50,2020,NA,NA
"7/27/20",13:41:00,"Flackarp","Erythromma_viridulum","Mature",1,NA,0,NA,50,2020,NA,NA
"7/27/20",13:41:00,"Flackarp","Erythromma_viridulum","Mature",1,NA,0,NA,50,2020,NA,NA
"7/27/20",13:41:00,"Flackarp","Erythromma_viridulum","Mature",1,NA,0,NA,50,2020,NA,NA
"7/27/20",13:41:00,"Flackarp","Erythromma_viridulum","Mature",1,NA,0,NA,50,2020,NA,NA
"7/27/20",13:41:00,"Flackarp","Erythromma_viridulum","Mature",1,NA,0,NA,50,2020,NA,NA
"7/27/20",13:41:00,"Flackarp","Erythromma_viridulum","Mature",1,NA,0,NA,50,2020,NA,NA
"7/27/20",13:41:00,"Flackarp","Erythromma_viridulum","Mature",1,NA,0,NA,50,2020,NA,NA
"7/27/20",13:41:00,"Flackarp","Erythromma_viridulum","Mature",1,NA,0,NA,50,2020,NA,NA
"7/27/20",13:41:00,"Flackarp","Erythromma_viridulum","Mature",1,NA,0,NA,50,2020,NA,NA
"7/27/20",13:41:00,"Flackarp","Erythromma_viridulum","Mature",1,NA,0,NA,50,2020,NA,NA
"7/27/20",13:41:00,"Flackarp","Erythromma_viridulum","Mature",1,NA,0,NA,50,2020,NA,NA
"7/27/20",13:41:00,"Flackarp","Erythromma_viridulum","Mature",1,NA,0,NA,50,2020,NA,NA
"7/27/20",13:41:00,"Flackarp","Erythromma_viridulum","Mature",1,NA,0,NA,50,2020,NA,NA
"7/27/20",13:41:00,"Flackarp","Erythromma_viridulum","Mature",1,NA,0,NA,50,2020,NA,NA
"7/27/20",13:41:00,"Flackarp","Erythromma_viridulum","Mature",1,NA,0,NA,50,2020,NA,NA
"7/27/20",13:41:00,"Flackarp","Erythromma_viridulum","Mature",1,NA,0,NA,50,2020,NA,NA
"7/27/20",13:41:00,"Flackarp","Erythromma_viridulum","Mature",1,NA,0,NA,50,2020,NA,NA
"7/27/20",13:41:00,"Flackarp","Erythromma_viridulum","Mature",1,NA,0,NA,50,2020,NA,NA
"7/27/20",13:41:00,"Flackarp","Erythromma_viridulum","Mature",1,NA,0,NA,50,2020,NA,NA
"7/27/20",13:41:00,"Flackarp","Erythromma_viridulum","Mature",1,NA,0,NA,50,2020,NA,NA
"7/27/20",13:41:00,"Flackarp","Erythromma_viridulum","Mature",1,NA,0,NA,50,2020,NA,NA
"7/27/20",13:41:00,"Flackarp","Erythromma_viridulum","Mature",1,NA,0,NA,50,2020,NA,NA
"7/27/20",13:41:00,"Flackarp","Erythromma_viridulum","Mature",1,NA,0,NA,50,2020,NA,NA
"7/27/20",13:41:00,"Flackarp","Erythromma_viridulum","Mature",1,NA,0,NA,50,2020,NA,NA
"7/27/20",13:41:00,"Flackarp","Erythromma_viridulum","Mature",1,NA,0,NA,50,2020,NA,NA
"7/27/20",13:41:00,"Flackarp","Erythromma_viridulum","Mature",1,NA,0,NA,50,2020,NA,NA
"7/27/20",13:41:00,"Flackarp","Erythromma_viridulum","Mature",1,NA,0,NA,50,2020,NA,NA
"7/27/20",13:41:00,"Flackarp","Erythromma_viridulum","Mature",1,NA,0,NA,50,2020,NA,NA
"7/27/20",13:41:00,"Flackarp","Erythromma_viridulum","Mature",1,NA,0,NA,50,2020,NA,NA
"7/27/20",13:41:00,"Flackarp","Erythromma_viridulum","Mature",1,NA,0,NA,50,2020,NA,NA
"7/27/20",13:41:00,"Flackarp","Erythromma_viridulum","Mature",1,NA,0,NA,50,2020,NA,NA
"7/27/20",13:41:00,"Flackarp","Erythromma_viridulum","Mature",1,NA,0,NA,50,2020,NA,NA
"7/27/20",13:41:00,"Flackarp","Erythromma_viridulum","Mature",1,NA,0,NA,50,2020,NA,NA
"7/27/20",13:41:00,"Flackarp","Erythromma_viridulum","Mature",1,NA,0,NA,50,2020,NA,NA
"7/27/20",13:41:00,"Flackarp","Erythromma_viridulum","Mature",1,NA,0,NA,50,2020,NA,NA
"7/27/20",13:41:00,"Flackarp","Erythromma_viridulum","Mature",1,NA,0,NA,50,2020,NA,NA
"7/27/20",13:41:00,"Flackarp","Erythromma_viridulum","Mature",1,NA,0,NA,50,2020,NA,NA
"7/27/20",13:41:00,"Flackarp","Erythromma_viridulum","Mature",1,NA,0,NA,50,2020,NA,NA
"7/27/20",13:41:00,"Flackarp","Erythromma_viridulum","Mature",1,NA,0,NA,50,2020,NA,NA
"7/27/20",13:41:00,"Flackarp","Erythromma_viridulum","Mature",1,NA,0,NA,50,2020,NA,NA
"7/27/20",13:41:00,"Flackarp","Erythromma_viridulum","Mature",1,NA,0,NA,50,2020,NA,NA
"7/27/20",13:41:00,"Flackarp","Erythromma_viridulum","Mature",1,NA,0,NA,50,2020,NA,NA
"7/27/20",13:41:00,"Flackarp","Erythromma_viridulum","Mature",1,NA,0,NA,50,2020,NA,NA
"7/27/20",13:41:00,"Flackarp","Erythromma_viridulum","Mature",1,NA,0,NA,50,2020,NA,NA
"7/27/20",13:41:00,"Flackarp","Erythromma_viridulum","Mature",1,NA,0,NA,50,2020,NA,NA
"7/27/20",13:41:00,"Flackarp","Erythromma_viridulum","Mature",1,NA,0,NA,50,2020,NA,NA
"7/27/20",13:41:00,"Flackarp","Erythromma_viridulum","Mature",1,NA,0,NA,50,2020,NA,NA
"7/27/20",13:41:00,"Flackarp","Erythromma_viridulum","Mature",1,NA,0,NA,50,2020,NA,NA
"7/27/20",13:41:00,"Flackarp","Erythromma_viridulum","Mature",1,NA,0,NA,50,2020,NA,NA
"7/27/20",13:41:00,"Flackarp","Erythromma_viridulum","Mature",1,NA,0,NA,50,2020,NA,NA
"7/27/20",13:41:00,"Flackarp","Erythromma_viridulum","Mature",1,NA,0,NA,50,2020,NA,NA
"7/27/20",13:41:00,"Flackarp","Erythromma_viridulum","Mature",1,NA,0,NA,50,2020,NA,NA
"7/27/20",13:41:00,"Flackarp","Erythromma_viridulum","Mature",1,NA,0,NA,50,2020,NA,NA
"7/27/20",13:41:00,"Flackarp","Erythromma_viridulum","Mature",1,NA,0,NA,50,2020,NA,NA
"7/27/20",13:41:00,"Flackarp","Erythromma_viridulum","Mature",1,NA,0,NA,50,2020,NA,NA
"7/27/20",13:41:00,"Flackarp","Erythromma_viridulum","Mature",1,NA,0,NA,50,2020,NA,NA
"7/27/20",13:41:00,"Flackarp","Erythromma_viridulum","Mature",1,NA,0,NA,50,2020,NA,NA
"7/27/20",13:41:00,"Flackarp","Erythromma_viridulum","Mature",1,NA,0,NA,50,2020,NA,NA
"7/27/20",13:41:00,"Flackarp","Erythromma_viridulum","Mature",1,NA,0,NA,50,2020,NA,NA
"7/27/20",13:41:00,"Flackarp","Erythromma_viridulum","Mature",1,NA,0,NA,50,2020,NA,NA
"7/27/20",13:41:00,"Flackarp","Erythromma_viridulum","Mature",1,NA,0,NA,50,2020,NA,NA
"7/27/20",13:41:00,"Flackarp","Erythromma_viridulum","Mature",1,NA,0,NA,50,2020,NA,NA
"7/27/20",13:41:00,"Flackarp","Erythromma_viridulum","Mature",1,NA,0,NA,50,2020,NA,NA
"7/27/20",13:41:00,"Flackarp","Erythromma_viridulum","Mature",1,NA,0,NA,50,2020,NA,NA
"7/27/20",13:41:00,"Flackarp","Erythromma_viridulum","Mature",1,NA,0,NA,50,2020,NA,NA
"7/27/20",13:41:00,"Flackarp","Erythromma_viridulum","Mature",1,NA,0,NA,50,2020,NA,NA
"7/27/20",13:41:00,"Flackarp","Erythromma_viridulum","Mature",1,NA,0,NA,50,2020,NA,NA
"7/27/20",13:41:00,"Flackarp","Erythromma_viridulum","Mature",1,NA,0,NA,50,2020,NA,NA
"7/27/20",13:41:00,"Flackarp","Erythromma_viridulum","Mature",1,NA,0,NA,50,2020,NA,NA
"7/27/20",13:41:00,"Flackarp","Erythromma_viridulum","Mature",1,NA,0,NA,50,2020,NA,NA
"7/27/20",13:41:00,"Flackarp","Erythromma_viridulum","Mature",1,NA,0,NA,50,2020,NA,NA
"7/27/20",13:41:00,"Flackarp","Erythromma_viridulum","Mature",1,NA,0,NA,50,2020,NA,NA
"7/27/20",13:41:00,"Flackarp","Erythromma_viridulum","Mature",1,NA,0,NA,50,2020,NA,NA
"7/27/20",13:41:00,"Flackarp","Erythromma_viridulum","Mature",1,NA,0,NA,50,2020,NA,NA
"7/27/20",13:41:00,"Flackarp","Erythromma_viridulum","Mature",1,NA,0,NA,50,2020,NA,NA
"7/27/20",13:41:00,"Flackarp","Erythromma_viridulum","Mature",1,NA,0,NA,50,2020,NA,NA
"7/27/20",13:41:00,"Flackarp","Erythromma_viridulum","Mature",1,NA,0,NA,50,2020,NA,NA
"7/27/20",13:41:00,"Flackarp","Erythromma_viridulum","Mature",1,NA,0,NA,50,2020,NA,NA
"7/27/20",13:41:00,"Flackarp","Erythromma_viridulum","Mature",1,NA,0,NA,50,2020,NA,NA
"7/27/20",13:41:00,"Flackarp","Erythromma_viridulum","Mature",1,NA,0,NA,50,2020,NA,NA
"7/27/20",13:41:00,"Flackarp","Erythromma_viridulum","Mature",1,NA,0,NA,50,2020,NA,NA
"7/27/20",13:41:00,"Flackarp","Erythromma_viridulum","Mature",1,NA,0,NA,50,2020,NA,NA
"7/27/20",13:41:00,"Flackarp","Erythromma_viridulum","Mature",1,NA,0,NA,50,2020,NA,NA
"7/27/20",13:41:00,"Flackarp","Erythromma_viridulum","Mature",1,NA,0,NA,50,2020,NA,NA
"7/27/20",13:41:00,"Flackarp","Erythromma_viridulum","Mature",1,NA,0,NA,50,2020,NA,NA
"7/27/20",13:41:00,"Flackarp","Erythromma_viridulum","Mature",1,NA,0,NA,50,2020,NA,NA
"7/27/20",13:41:00,"Flackarp","Erythromma_viridulum","Mature",1,NA,1,NA,50,2020,NA,NA
"7/27/20",13:41:00,"Flackarp","Erythromma_viridulum","Mature",1,NA,1,NA,50,2020,NA,NA
"7/27/20",13:41:00,"Flackarp","Erythromma_viridulum","Mature",1,NA,1,NA,50,2020,NA,NA
"7/27/20",13:41:00,"Flackarp","Erythromma_viridulum","Mature",1,NA,1,NA,50,2020,NA,NA
"7/27/20",13:41:00,"Flackarp","Erythromma_viridulum","Mature",1,NA,1,NA,50,2020,NA,NA
"7/27/20",13:41:00,"Flackarp","Erythromma_viridulum","Mature",1,NA,1,NA,50,2020,NA,NA
"7/27/20",13:41:00,"Flackarp","Erythromma_viridulum","Mature",1,NA,1,NA,50,2020,NA,NA
"7/27/20",13:41:00,"Flackarp","Erythromma_viridulum","Mature",1,NA,1,NA,50,2020,NA,NA
"7/27/20",13:41:00,"Flackarp","Erythromma_viridulum","Mature",1,NA,1,NA,50,2020,NA,NA
"7/27/20",13:41:00,"Flackarp","Erythromma_viridulum","Mature",1,NA,1,NA,50,2020,NA,NA
"7/27/20",13:41:00,"Flackarp","Erythromma_viridulum","Mature",1,NA,1,NA,50,2020,NA,NA
"7/27/20",13:41:00,"Flackarp","Erythromma_viridulum","Mature",1,NA,1,NA,50,2020,NA,NA
"7/27/20",13:41:00,"Flackarp","Erythromma_viridulum","Mature",1,NA,1,NA,50,2020,NA,NA
"7/27/20",13:41:00,"Flackarp","Erythromma_viridulum","Mature",1,NA,1,NA,50,2020,NA,NA
"7/27/20",13:41:00,"Flackarp","Erythromma_viridulum","Mature",1,NA,1,NA,50,2020,NA,NA
"7/27/20",13:41:00,"Flackarp","Erythromma_viridulum","Mature",1,NA,1,NA,50,2020,NA,NA
"7/27/20",13:41:00,"Flackarp","Erythromma_viridulum","Mature",1,NA,1,NA,50,2020,NA,NA
"7/27/20",13:41:00,"Flackarp","Erythromma_viridulum","Mature",1,NA,1,NA,50,2020,NA,NA
"7/27/20",13:41:00,"Flackarp","Erythromma_viridulum","Mature",1,NA,1,NA,50,2020,NA,NA
"7/27/20",13:41:00,"Flackarp","Erythromma_viridulum","Mature",1,NA,1,NA,50,2020,NA,NA
"7/27/20",13:41:00,"Flackarp","Aeshna_grandis","Mature",1,NA,0,NA,50,2020,NA,NA
"7/27/20",13:41:00,"Flackarp","Somatochlora_metallica","Mature",NA,NA,0,NA,50,2020,NA,NA
"7/27/20",13:41:00,"Flackarp","Sympetrum_sanguineum","Mature",NA,NA,0,NA,50,2020,NA,NA
"7/27/20",13:41:00,"Flackarp","Sympetrum_sanguineum","Mature",NA,NA,0,NA,50,2020,NA,NA
"7/27/20",13:41:00,"Flackarp","Sympetrum_sanguineum","Mature",1,NA,0,NA,50,2020,NA,NA
"7/27/20",13:41:00,"Flackarp","Sympetrum_sanguineum","Mature",1,NA,0,NA,50,2020,NA,NA
"7/27/20",13:41:00,"Flackarp","Calopteryx_splendens","Mature",1,NA,0,NA,50,2020,NA,NA
"7/27/20",13:41:00,"Flackarp","Calopteryx_splendens","Mature",0,NA,0,NA,50,2020,NA,NA
"7/27/20",13:41:00,"Flackarp","Sympetrum_sanguineum","Mature",1,NA,1,0,50,2020,NA,NA
"7/27/20",13:41:00,"Flackarp","Calopteryx_splendens","Mature",0,NA,0,NA,50,2020,NA,NA
"7/27/20",13:41:00,"Flackarp","Calopteryx_splendens","Mature",1,NA,0,NA,50,2020,NA,NA
"7/27/20",13:41:00,"Flackarp","Calopteryx_splendens","Mature",1,NA,0,NA,50,2020,NA,NA
"7/27/20",13:41:00,"Flackarp","Calopteryx_splendens","Mature",1,NA,0,NA,50,2020,NA,NA
"7/27/20",13:41:00,"Flackarp","Calopteryx_splendens","Mature",1,NA,0,NA,50,2020,NA,NA
"7/27/20",13:41:00,"Flackarp","Calopteryx_splendens","Mature",1,NA,0,NA,50,2020,NA,NA
"7/27/20",13:41:00,"Flackarp","Calopteryx_splendens","Mature",1,NA,0,NA,50,2020,NA,NA
"7/27/20",13:41:00,"Flackarp","Calopteryx_splendens","Mature",1,NA,0,NA,50,2020,NA,NA
"7/27/20",13:41:00,"Flackarp","Calopteryx_splendens","Mature",1,NA,0,NA,50,2020,NA,NA
"7/27/20",13:41:00,"Flackarp","Calopteryx_splendens","Mature",1,NA,0,NA,50,2020,NA,NA
"7/27/20",13:41:00,"Flackarp","Calopteryx_splendens","Mature",1,NA,0,NA,50,2020,NA,NA
"7/27/20",13:41:00,"Flackarp","Calopteryx_splendens","Mature",1,NA,0,NA,50,2020,NA,NA
"7/27/20",13:41:00,"Flackarp","Calopteryx_splendens","Teneral",1,NA,0,NA,50,2020,NA,NA
"7/27/20",13:41:00,"Flackarp","Calopteryx_splendens","Teneral",1,NA,0,NA,50,2020,NA,NA
"7/27/20",13:41:00,"Flackarp","Ischnura_elegans","Mature",1,NA,1,0,50,2020,NA,NA
"7/27/20",13:41:00,"Flackarp","Ischnura_elegans","Mature",1,NA,1,0,50,2020,NA,NA
"7/27/20",13:41:00,"Flackarp","Ischnura_elegans","Mature",1,NA,1,0,50,2020,NA,NA
"7/27/20",13:41:00,"Flackarp","Ischnura_elegans","Mature",1,NA,1,0,50,2020,NA,NA
"7/27/20",13:41:00,"Flackarp","Ischnura_elegans","Mature",1,NA,1,0,50,2020,NA,NA
"7/27/20",13:41:00,"Flackarp","Sympetrum_sanguineum","Mature",1,NA,0,0,50,2020,NA,NA
"7/27/20",13:41:00,"Flackarp","Sympetrum_sanguineum","Mature",1,NA,0,0,50,2020,NA,NA
"7/27/20",13:41:00,"Flackarp","Calopteryx_splendens","Immature",1,NA,0,0,50,2020,NA,NA
"7/27/20",13:41:00,"Flackarp","Calopteryx_splendens","Mature",1,NA,0,0,50,2020,NA,NA
"7/27/20",13:41:00,"Flackarp","Calopteryx_splendens","Immature",1,NA,0,0,50,2020,NA,NA
"7/27/20",13:41:00,"Flackarp","Calopteryx_splendens","Mature",1,NA,0,0,50,2020,NA,NA
"7/27/20",13:41:00,"Flackarp","Ischnura_elegans","Immature",1,NA,0,0,50,2020,NA,NA
"7/27/20",13:41:00,"Flackarp","Ischnura_elegans","Mature",1,NA,0,0,50,2020,NA,NA
"7/27/20",13:41:00,"Flackarp","Lestes_sponsa","Mature",1,NA,0,0,50,2020,NA,NA
"7/27/20",13:41:00,"Flackarp","Ischnura_elegans","Teneral",1,NA,0,0,50,2020,NA,NA
"7/27/20",13:41:00,"Flackarp","Ischnura_elegans","Teneral",1,NA,0,0,50,2020,NA,NA
"7/27/20",13:41:00,"Flackarp","Ischnura_elegans","Immature",1,NA,0,0,50,2020,NA,NA
"7/27/20",13:41:00,"Flackarp","Ischnura_elegans","Teneral",1,NA,0,0,50,2020,NA,NA
"7/27/20",13:41:00,"Flackarp","Ischnura_elegans","Teneral",0,NA,0,0,50,2020,NA,NA
"7/27/20",13:41:00,"Flackarp","Ischnura_elegans","Teneral",1,NA,0,0,50,2020,NA,NA
"7/27/20",13:41:00,"Flackarp","Ischnura_elegans","Teneral",1,NA,0,0,50,2020,NA,NA
"7/27/20",13:41:00,"Flackarp","Ischnura_elegans","Teneral",0,NA,0,0,50,2020,NA,NA
"7/27/20",13:41:00,"Flackarp","Ischnura_elegans","Teneral",1,NA,0,0,50,2020,NA,NA
"7/27/20",13:41:00,"Flackarp","Erythromma_viridulum","Mature",1,NA,0,7,50,2020,NA,NA
"7/27/20",13:41:00,"Flackarp","Ischnura_elegans","Teneral",0,NA,0,0,50,2020,NA,NA
"7/27/20",13:41:00,"Flackarp","Ischnura_elegans","Mature",1,NA,0,NA,50,2020,NA,NA
"7/27/20",13:41:00,"Flackarp","Ischnura_elegans","Mature",1,NA,0,0,50,2020,NA,NA
"7/27/20",13:41:00,"Flackarp","Erythromma_viridulum","Mature",1,NA,0,0,50,2020,NA,NA
"7/27/20",13:41:00,"Flackarp","Ischnura_elegans","Mature",1,NA,0,0,50,2020,NA,NA
"7/27/20",13:41:00,"Flackarp","Coenagrion_puella","Mature",1,NA,0,0,50,2020,NA,NA
"7/27/20",13:41:00,"Flackarp","Ischnura_elegans","Teneral",1,NA,0,0,50,2020,NA,NA
"7/27/20",13:41:00,"Flackarp","Ischnura_elegans","Immature",1,NA,0,0,50,2020,NA,NA
"7/27/20",13:41:00,"Flackarp","Erythromma_viridulum","Mature",1,NA,0,0,50,2020,NA,NA
"7/27/20",13:41:00,"Flackarp","Erythromma_viridulum","Teneral",0,NA,0,0,50,2020,NA,NA
"7/27/20",13:41:00,"Flackarp","Ischnura_elegans","Teneral",0,NA,0,0,50,2020,NA,NA
"7/27/20",13:41:00,"Flackarp","Aeshna_grandis","Mature",1,NA,0,NA,50,2020,NA,NA
"7/27/20",13:41:00,"Flackarp","Calopteryx_splendens","Mature",0,NA,0,NA,50,2020,NA,NA
"7/27/20",13:41:00,"Flackarp","Ischnura_elegans","Mature",1,NA,0,0,50,2020,NA,NA
"7/27/20",13:41:00,"Flackarp","Erythromma_viridulum","Mature",1,NA,0,NA,50,2020,NA,NA
"7/27/20",13:41:00,"Flackarp","Erythromma_viridulum","Mature",1,NA,0,NA,50,2020,NA,NA
"7/27/20",13:41:00,"Flackarp","Erythromma_viridulum","Mature",1,NA,0,NA,50,2020,NA,NA
"7/27/20",13:41:00,"Flackarp","Erythromma_viridulum","Mature",1,NA,1,NA,50,2020,NA,NA
"7/27/20",13:41:00,"Flackarp","Erythromma_viridulum","Mature",0,NA,1,NA,50,2020,NA,NA
"7/27/20",13:41:00,"Flackarp","Ischnura_elegans","Immature",0,"Gynochrome",0,NA,50,2020,NA,"Violacea"
"7/18/20",11:20:00,"Flackarp","Ischnura_elegans","Mature",0,"Gynochrome",0,0,40,2020,"Androchrome","Violacea_(Androchrome)"
"7/27/20",13:41:00,"Flackarp","Ischnura_elegans","Immature",0,"Gynochrome",0,0,50,2020,"Androchrome","Violacea_(Androchrome)"
"7/27/20",13:41:00,"Flackarp","Ischnura_elegans","Immature",0,"Gynochrome",0,0,50,2020,"Androchrome","Violacea_(Androchrome)"
"7/27/20",13:41:00,"Flackarp","Ischnura_elegans","Immature",0,"Gynochrome",0,0,50,2020,"Androchrome","Violacea_(Androchrome)"
"7/18/20",11:20:00,"Flackarp","Ischnura_elegans","Immature",0,"Gynochrome",0,0,40,2020,"Infuscans","Violacea_(Infuscans)"
"7/27/20",13:41:00,"Flackarp","Ischnura_elegans","Immature",0,"Gynochrome",0,0,50,2020,"Infuscans","Violacea_(Infuscans)"
"5/21/20",12:25:00,"Flackarp","Coenagrion_puella","Teneral",1,NA,0,70,60,2020,NA,NA
"5/21/20",12:25:00,"Flackarp","Coenagrion_pulchellum","Teneral",0,NA,0,30,60,2020,NA,NA
"5/21/20",12:25:00,"Flackarp","Enallagma_cyathigerum","Teneral",0,NA,0,0,60,2020,NA,NA
"5/21/20",12:25:00,"Flackarp","Calopteryx_splendens","Mature",1,NA,0,NA,60,2020,NA,NA
"5/21/20",12:25:00,"Flackarp","Ischnura_elegans","Immature",1,NA,0,0,60,2020,NA,NA
"5/21/20",12:25:00,"Flackarp","Ischnura_elegans","Mature",1,NA,0,0,60,2020,NA,NA
"5/21/20",12:25:00,"Flackarp","Ischnura_elegans","Teneral",1,NA,0,0,60,2020,NA,NA
"5/21/20",12:25:00,"Flackarp","Ischnura_elegans","Teneral",0,NA,0,0,60,2020,NA,NA
"5/21/20",12:25:00,"Flackarp","Ischnura_elegans","Teneral",1,NA,0,0,60,2020,NA,NA
"5/21/20",12:25:00,"Flackarp","Ischnura_elegans","Immature",1,NA,0,0,60,2020,NA,NA
"5/21/20",12:25:00,"Flackarp","Ischnura_elegans","Teneral",1,NA,0,0,60,2020,NA,NA
"5/21/20",12:25:00,"Flackarp","Ischnura_elegans","Teneral",1,NA,0,0,60,2020,NA,NA
"6/3/20",12:34:00,"Flackarp","Libellula_depressa","Mature",1,NA,0,NA,40,2020,NA,NA
"6/3/20",12:34:00,"Flackarp","Libellula_depressa","Mature",0,NA,0,NA,40,2020,NA,NA
"6/3/20",12:34:00,"Flackarp","Libellula_depressa","Immature",NA,NA,0,NA,40,2020,NA,NA
"6/3/20",12:34:00,"Flackarp","Libellula_depressa","Immature",NA,NA,0,NA,40,2020,NA,NA
"6/3/20",12:34:00,"Flackarp","Calopteryx_splendens","Mature",1,NA,0,NA,40,2020,NA,NA
"6/3/20",12:34:00,"Flackarp","Calopteryx_splendens","Mature",1,NA,0,NA,40,2020,NA,NA
"6/3/20",12:34:00,"Flackarp","Calopteryx_splendens","Mature",1,NA,0,NA,40,2020,NA,NA
"6/3/20",12:34:00,"Flackarp","Calopteryx_splendens","Mature",1,NA,0,NA,40,2020,NA,NA
"6/3/20",12:34:00,"Flackarp","Calopteryx_splendens","Mature",1,NA,0,NA,40,2020,NA,NA
"6/3/20",12:34:00,"Flackarp","Calopteryx_splendens","Mature",1,NA,0,NA,40,2020,NA,NA
"6/3/20",12:34:00,"Flackarp","Calopteryx_splendens","Mature",1,NA,0,NA,40,2020,NA,NA
"6/3/20",12:34:00,"Flackarp","Calopteryx_splendens","Mature",1,NA,0,NA,40,2020,NA,NA
"6/3/20",12:34:00,"Flackarp","Calopteryx_splendens","Mature",1,NA,0,NA,40,2020,NA,NA
"6/3/20",12:34:00,"Flackarp","Calopteryx_splendens","Mature",1,NA,0,NA,40,2020,NA,NA
"6/3/20",12:34:00,"Flackarp","Calopteryx_splendens","Mature",1,NA,0,NA,40,2020,NA,NA
"6/3/20",12:34:00,"Flackarp","Calopteryx_splendens","Mature",1,NA,0,NA,40,2020,NA,NA
"6/3/20",12:34:00,"Flackarp","Calopteryx_splendens","Mature",1,NA,0,NA,40,2020,NA,NA
"6/3/20",12:34:00,"Flackarp","Calopteryx_splendens","Mature",1,NA,0,NA,40,2020,NA,NA
"6/3/20",12:34:00,"Flackarp","Calopteryx_splendens","Mature",1,NA,0,NA,40,2020,NA,NA
"6/3/20",12:34:00,"Flackarp","Calopteryx_splendens","Mature",1,NA,0,NA,40,2020,NA,NA
"6/3/20",12:34:00,"Flackarp","Calopteryx_splendens","Mature",1,NA,0,NA,40,2020,NA,NA
"6/3/20",12:34:00,"Flackarp","Calopteryx_splendens","Mature",1,NA,0,NA,40,2020,NA,NA
"6/3/20",12:34:00,"Flackarp","Calopteryx_splendens","Mature",1,NA,0,NA,40,2020,NA,NA
"6/3/20",12:34:00,"Flackarp","Calopteryx_splendens","Mature",1,NA,0,NA,40,2020,NA,NA
"6/3/20",12:34:00,"Flackarp","Calopteryx_splendens","Mature",1,NA,0,NA,40,2020,NA,NA
"6/3/20",12:34:00,"Flackarp","Calopteryx_splendens","Mature",0,NA,0,NA,40,2020,NA,NA
"6/3/20",12:34:00,"Flackarp","Calopteryx_splendens","Mature",0,NA,0,NA,40,2020,NA,NA
"6/3/20",12:34:00,"Flackarp","Calopteryx_splendens","Mature",0,NA,0,NA,40,2020,NA,NA
"6/3/20",12:34:00,"Flackarp","Calopteryx_splendens","Mature",0,NA,0,NA,40,2020,NA,NA
"6/3/20",12:34:00,"Flackarp","Calopteryx_splendens","Mature",0,NA,0,NA,40,2020,NA,NA
"6/3/20",12:34:00,"Flackarp","Calopteryx_splendens","Mature",0,NA,0,NA,40,2020,NA,NA
"6/3/20",12:34:00,"Flackarp","Calopteryx_splendens","Mature",0,NA,0,NA,40,2020,NA,NA
"6/3/20",12:34:00,"Flackarp","Calopteryx_splendens","Mature",0,NA,0,NA,40,2020,NA,NA
"6/3/20",12:34:00,"Flackarp","Calopteryx_splendens","Mature",0,NA,0,NA,40,2020,NA,NA
"6/3/20",12:34:00,"Flackarp","Calopteryx_splendens","Mature",0,NA,0,NA,40,2020,NA,NA
"6/3/20",12:34:00,"Flackarp","Brachytron_pratense","Mature",1,NA,0,NA,40,2020,NA,NA
"6/3/20",12:34:00,"Flackarp","Brachytron_pratense","Mature",1,NA,0,NA,40,2020,NA,NA
"6/3/20",12:34:00,"Flackarp","Ischnura_elegans","Mature",0,"Gynochrome",1,0,40,2020,"Infuscans_obsoleta",NA
"6/3/20",12:34:00,"Flackarp","Ischnura_elegans","Mature",1,NA,1,0,40,2020,NA,NA
"6/3/20",12:34:00,"Flackarp","Coenagrion_puella","Mature",1,NA,1,80,40,2020,NA,NA
"6/3/20",12:34:00,"Flackarp","Coenagrion_puella","Mature",0,"Gynochrome",1,0,40,2020,NA,NA
"6/3/20",12:34:00,"Flackarp","Coenagrion_puella","Mature",0,"Gynochrome",1,2,40,2020,NA,NA
"6/3/20",12:34:00,"Flackarp","Coenagrion_puella","Mature",1,NA,1,0,40,2020,NA,NA
"6/3/20",12:34:00,"Flackarp","Ischnura_elegans","Mature",1,NA,1,0,40,2020,NA,NA
"6/3/20",12:34:00,"Flackarp","Ischnura_elegans","Mature",0,"Androchrome",1,0,40,2020,"Androchrome",NA
"6/3/20",12:34:00,"Flackarp","Coenagrion_puella","Mature",1,NA,1,5,40,2020,NA,NA
"6/3/20",12:34:00,"Flackarp","Coenagrion_puella","Mature",0,"Gynochrome",1,1,40,2020,NA,NA
"6/3/20",12:34:00,"Flackarp","Coenagrion_puella","Mature",0,"Androchrome",1,20,40,2020,NA,NA
"6/3/20",12:34:00,"Flackarp","Coenagrion_puella","Mature",1,NA,0,0,40,2020,NA,NA
"6/3/20",12:34:00,"Flackarp","Ischnura_elegans","Immature",1,NA,0,0,40,2020,NA,NA
"6/3/20",12:34:00,"Flackarp","Ischnura_elegans","Teneral",1,NA,0,0,40,2020,NA,NA
"6/3/20",12:34:00,"Flackarp","Ischnura_elegans","Mature",1,NA,0,0,40,2020,NA,NA
"6/3/20",12:34:00,"Flackarp","Coenagrion_puella","Mature",1,NA,0,0,40,2020,NA,NA
"6/3/20",12:34:00,"Flackarp","Coenagrion_puella","Mature",1,NA,0,4,40,2020,NA,NA
"6/3/20",12:34:00,"Flackarp","Calopteryx_splendens","Immature",1,NA,0,0,40,2020,NA,NA
"6/3/20",12:34:00,"Flackarp","Ischnura_elegans","Immature",1,NA,0,0,40,2020,NA,NA
"6/3/20",12:34:00,"Flackarp","Ischnura_elegans","Immature",0,"Gynochrome",0,2,40,2020,"Androchrome","Violacea_(Androchrome)"
"6/3/20",12:34:00,"Flackarp","Coenagrion_puella","Mature",1,NA,0,0,40,2020,NA,NA
"6/3/20",12:34:00,"Flackarp","Coenagrion_puella","Mature",1,NA,0,0,40,2020,NA,NA
"6/3/20",12:34:00,"Flackarp","Calopteryx_splendens","Teneral",1,NA,0,0,40,2020,NA,NA
"6/3/20",12:34:00,"Flackarp","Coenagrion_puella","Mature",1,NA,0,NA,40,2020,NA,NA
"6/3/20",12:34:00,"Flackarp","Coenagrion_puella","Immature",1,NA,0,1,40,2020,NA,NA
"6/3/20",12:34:00,"Flackarp","Coenagrion_pulchellum","Mature",1,NA,0,0,40,2020,NA,NA
"6/3/20",12:34:00,"Flackarp","Coenagrion_puella","Mature",1,NA,0,1,40,2020,NA,NA
"6/3/20",12:34:00,"Flackarp","Ischnura_elegans","Immature",1,NA,0,0,40,2020,NA,NA
"6/3/20",12:34:00,"Flackarp","Coenagrion_puella","Immature",1,NA,0,8,40,2020,NA,NA
"6/3/20",12:34:00,"Flackarp","Coenagrion_puella","Mature",1,NA,0,60,40,2020,NA,NA
"6/3/20",12:34:00,"Flackarp","Coenagrion_puella","Mature",1,NA,0,8,40,2020,NA,NA
"6/3/20",12:34:00,"Flackarp","Coenagrion_puella","Mature",1,NA,0,80,40,2020,NA,NA
"6/3/20",12:34:00,"Flackarp","Coenagrion_puella","Immature",1,NA,0,68,40,2020,NA,NA
"6/3/20",12:34:00,"Flackarp","Coenagrion_puella","Mature",1,NA,0,0,40,2020,NA,NA
"6/3/20",12:34:00,"Flackarp","Coenagrion_puella","Mature",1,NA,0,45,40,2020,NA,NA
"6/3/20",12:34:00,"Flackarp","Coenagrion_puella","Immature",1,NA,0,2,40,2020,NA,NA
"6/3/20",12:34:00,"Flackarp","Coenagrion_puella","Mature",1,NA,0,0,40,2020,NA,NA
"6/3/20",12:34:00,"Flackarp","Ischnura_elegans","Teneral",1,NA,0,7,40,2020,NA,NA
"6/3/20",12:34:00,"Flackarp","Ischnura_elegans","Immature",1,NA,0,0,40,2020,NA,NA
"6/3/20",12:34:00,"Flackarp","Coenagrion_puella","Teneral",1,NA,0,36,40,2020,NA,NA
"6/3/20",12:34:00,"Flackarp","Coenagrion_puella","Mature",1,NA,0,50,40,2020,NA,NA
"6/3/20",12:34:00,"Flackarp","Coenagrion_puella","Teneral",1,NA,0,19,40,2020,NA,NA
"6/3/20",12:34:00,"Flackarp","Ischnura_elegans","Immature",0,NA,0,0,40,2020,NA,NA
"6/3/20",12:34:00,"Flackarp","Ischnura_elegans","Teneral",0,NA,0,0,40,2020,NA,NA
"6/3/20",12:34:00,"Flackarp","Ischnura_elegans","Teneral",0,NA,0,0,40,2020,NA,NA
"6/3/20",12:34:00,"Flackarp","Ischnura_elegans","Teneral",1,NA,0,0,40,2020,NA,NA
"6/3/20",12:34:00,"Flackarp","Ischnura_elegans","Teneral",0,NA,0,0,40,2020,NA,NA
"6/3/20",12:34:00,"Flackarp","Calopteryx_splendens","Immature",0,NA,0,0,40,2020,NA,NA
"6/3/20",12:34:00,"Flackarp","Calopteryx_splendens","Immature",0,NA,0,0,40,2020,NA,NA
"6/3/20",12:34:00,"Flackarp","Erythromma_najas","Mature",1,NA,0,NA,40,2020,NA,NA
"6/3/20",12:34:00,"Flackarp","Erythromma_najas","Mature",1,NA,0,NA,40,2020,NA,NA
"6/27/20",11:00:00,"Flackarp","Erythromma_najas","Mature",1,NA,0,NA,60,2020,NA,NA
"6/27/20",11:00:00,"Flackarp","Erythromma_najas","Mature",1,NA,0,NA,60,2020,NA,NA
"6/27/20",11:00:00,"Flackarp","Erythromma_najas","Mature",1,NA,0,NA,60,2020,NA,NA
"6/27/20",11:00:00,"Flackarp","Erythromma_najas","Mature",1,NA,0,NA,60,2020,NA,NA
"6/27/20",11:00:00,"Flackarp","Erythromma_najas","Mature",1,NA,0,NA,60,2020,NA,NA
"6/27/20",11:00:00,"Flackarp","Erythromma_najas","Mature",1,NA,0,NA,60,2020,NA,NA
"6/27/20",11:00:00,"Flackarp","Erythromma_najas","Mature",1,NA,0,NA,60,2020,NA,NA
"6/27/20",11:00:00,"Flackarp","Erythromma_najas","Mature",1,NA,0,NA,60,2020,NA,NA
"6/27/20",11:00:00,"Flackarp","Erythromma_najas","Mature",1,NA,0,NA,60,2020,NA,NA
"6/27/20",11:00:00,"Flackarp","Erythromma_najas","Mature",1,NA,0,NA,60,2020,NA,NA
"6/27/20",11:00:00,"Flackarp","Erythromma_najas","Mature",1,NA,0,NA,60,2020,NA,NA
"6/27/20",11:00:00,"Flackarp","Erythromma_najas","Mature",1,NA,0,NA,60,2020,NA,NA
"6/27/20",11:00:00,"Flackarp","Erythromma_najas","Mature",1,NA,0,NA,60,2020,NA,NA
"6/27/20",11:00:00,"Flackarp","Erythromma_najas","Mature",1,NA,0,NA,60,2020,NA,NA
"6/27/20",11:00:00,"Flackarp","Erythromma_najas","Mature",1,NA,0,NA,60,2020,NA,NA
"6/27/20",11:00:00,"Flackarp","Erythromma_najas","Mature",1,NA,0,NA,60,2020,NA,NA
"6/27/20",11:00:00,"Flackarp","Erythromma_najas","Mature",1,NA,0,NA,60,2020,NA,NA
"6/27/20",11:00:00,"Flackarp","Erythromma_najas","Mature",1,NA,0,NA,60,2020,NA,NA
"6/27/20",11:00:00,"Flackarp","Erythromma_najas","Mature",1,NA,0,NA,60,2020,NA,NA
"6/27/20",11:00:00,"Flackarp","Erythromma_najas","Mature",1,NA,0,NA,60,2020,NA,NA
"6/27/20",11:00:00,"Flackarp","Libellula_depressa","Mature",1,NA,0,NA,60,2020,NA,NA
"6/27/20",11:00:00,"Flackarp","Libellula_depressa","Mature",1,NA,0,NA,60,2020,NA,NA
"6/27/20",11:00:00,"Flackarp","Anax_imperator","Mature",0,NA,0,NA,60,2020,NA,NA
"6/27/20",11:00:00,"Flackarp","Libellula_quadrimaculata","Mature",0,NA,1,NA,60,2020,NA,NA
"6/27/20",11:00:00,"Flackarp","Libellula_quadrimaculata","Mature",0,NA,1,NA,60,2020,NA,NA
"6/27/20",11:00:00,"Flackarp","Libellula_quadrimaculata","Mature",NA,NA,0,NA,60,2020,NA,NA
"6/27/20",11:00:00,"Flackarp","Coenagrion_puella","Mature",0,"Gynochrome",1,2,60,2020,NA,NA
"6/27/20",11:00:00,"Flackarp","Coenagrion_puella","Mature",1,NA,1,0,60,2020,NA,NA
"6/27/20",11:00:00,"Flackarp","Ischnura_elegans","Mature",1,NA,1,0,60,2020,NA,NA
"6/27/20",11:00:00,"Flackarp","Ischnura_elegans","Mature",0,"Androchrome",1,0,60,2020,"Androchrome",NA
"6/27/20",11:00:00,"Flackarp","Ischnura_elegans","Mature",0,"Androchrome",1,0,60,2020,"Androchrome",NA
"6/27/20",11:00:00,"Flackarp","Ischnura_elegans","Mature",1,NA,1,0,60,2020,NA,NA
"6/27/20",11:00:00,"Flackarp","Coenagrion_puella","Mature",0,"Gynochrome",1,2,60,2020,NA,NA
"6/27/20",11:00:00,"Flackarp","Coenagrion_puella","Mature",1,NA,1,0,60,2020,NA,NA
"6/27/20",11:00:00,"Flackarp","Coenagrion_puella","Mature",0,"Androchrome",1,12,60,2020,NA,NA
"6/27/20",11:00:00,"Flackarp","Coenagrion_puella","Mature",1,NA,1,3,60,2020,NA,NA
"6/27/20",11:00:00,"Flackarp","Coenagrion_puella","Mature",0,"Androchrome",1,2,60,2020,NA,NA
"6/27/20",11:00:00,"Flackarp","Coenagrion_puella","Mature",1,NA,1,NA,60,2020,NA,NA
"6/27/20",11:00:00,"Flackarp","Coenagrion_puella","Mature",0,"Gynochrome",1,2,60,2020,NA,NA
"6/27/20",11:00:00,"Flackarp","Coenagrion_puella","Mature",1,NA,0,0,60,2020,NA,NA
"6/27/20",11:00:00,"Flackarp","Coenagrion_pulchellum","Mature",1,NA,0,0,60,2020,NA,NA
"6/27/20",11:00:00,"Flackarp","Coenagrion_pulchellum","Mature",0,"Gynochrome",1,15,60,2020,NA,NA
"6/27/20",11:00:00,"Flackarp","Coenagrion_puella","Mature",1,NA,0,0,60,2020,NA,NA
"6/27/20",11:00:00,"Flackarp","Coenagrion_puella","Mature",1,NA,0,0,60,2020,NA,NA
"6/27/20",11:00:00,"Flackarp","Coenagrion_puella","Mature",1,NA,0,5,60,2020,NA,NA
"6/27/20",11:00:00,"Flackarp","Erythromma_najas","Mature",1,NA,0,8,60,2020,NA,NA
"6/27/20",11:00:00,"Flackarp","Coenagrion_puella","Mature",1,NA,0,0,60,2020,NA,NA
"6/27/20",11:00:00,"Flackarp","Coenagrion_puella","Mature",1,NA,0,0,60,2020,NA,NA
"6/27/20",11:00:00,"Flackarp","Calopteryx_splendens","Mature",0,"Gynochrome",0,0,60,2020,NA,NA
"6/27/20",11:00:00,"Flackarp","Coenagrion_puella","Mature",1,NA,0,0,60,2020,NA,NA
"6/27/20",11:00:00,"Flackarp","Coenagrion_puella","Mature",1,NA,0,0,60,2020,NA,NA
"6/27/20",11:00:00,"Flackarp","Coenagrion_puella","Mature",1,NA,0,0,60,2020,NA,NA
"6/27/20",11:00:00,"Flackarp","Calopteryx_splendens","Mature",0,"Gynochrome",0,0,60,2020,NA,NA
"6/27/20",11:00:00,"Flackarp","Coenagrion_pulchellum","Mature",1,NA,0,1,60,2020,NA,NA
"6/27/20",11:00:00,"Flackarp","Coenagrion_puella","Mature",1,NA,0,0,60,2020,NA,NA
"6/27/20",11:00:00,"Flackarp","Coenagrion_puella","Mature",1,NA,0,0,60,2020,NA,NA
"6/27/20",11:00:00,"Flackarp","Coenagrion_puella","Mature",1,NA,0,0,60,2020,NA,NA
"6/27/20",11:00:00,"Flackarp","Ischnura_elegans","Immature",1,NA,0,0,60,2020,NA,NA
"6/27/20",11:00:00,"Flackarp","Ischnura_elegans","Immature",1,NA,0,0,60,2020,NA,NA
"6/27/20",11:00:00,"Flackarp","Coenagrion_puella","Mature",1,NA,0,0,60,2020,NA,NA
"6/27/20",11:00:00,"Flackarp","Coenagrion_puella","Mature",1,NA,0,0,60,2020,NA,NA
"6/27/20",11:00:00,"Flackarp","Coenagrion_puella","Mature",1,NA,0,2,60,2020,NA,NA
"6/27/20",11:00:00,"Flackarp","Coenagrion_puella","Mature",1,NA,0,0,60,2020,NA,NA
"6/27/20",11:00:00,"Flackarp","Coenagrion_puella","Immature",1,NA,0,0,60,2020,NA,NA
"6/27/20",11:00:00,"Flackarp","Coenagrion_puella","Mature",1,NA,0,0,60,2020,NA,NA
"6/27/20",11:00:00,"Flackarp","Coenagrion_pulchellum","Mature",1,NA,0,0,60,2020,NA,NA
"6/27/20",11:00:00,"Flackarp","Ischnura_elegans","Immature",1,NA,0,0,60,2020,NA,NA
"6/27/20",11:00:00,"Flackarp","Ischnura_elegans","Immature",0,"Gynochrome",0,0,60,2020,"Androchrome","Violacea_(Androchrome)"
"6/27/20",11:00:00,"Flackarp","Ischnura_elegans","Immature",0,"Gynochrome",0,0,60,2020,"Androchrome","Violacea_(Androchrome)"
"6/27/20",11:00:00,"Flackarp","Ischnura_elegans","Immature",0,"Gynochrome",0,0,60,2020,"Androchrome","Violacea_(Androchrome)"
"6/27/20",11:00:00,"Flackarp","Ischnura_elegans","Immature",1,NA,0,0,60,2020,NA,NA
"6/27/20",11:00:00,"Flackarp","Sympetrum_sanguineum","Teneral",1,NA,0,0,60,2020,NA,NA
"6/27/20",11:00:00,"Flackarp","Ischnura_elegans","Immature",1,NA,0,0,60,2020,NA,NA
"6/27/20",11:00:00,"Flackarp","Coenagrion_puella","Mature",1,NA,0,0,60,2020,NA,NA
"6/27/20",11:00:00,"Flackarp","Coenagrion_puella","Mature",1,NA,0,0,60,2020,NA,NA
"6/27/20",11:00:00,"Flackarp","Coenagrion_puella","Mature",1,NA,0,3,60,2020,NA,NA
"6/27/20",11:00:00,"Flackarp","Coenagrion_puella","Mature",1,NA,0,0,60,2020,NA,NA
"6/27/20",11:00:00,"Flackarp","Coenagrion_puella","Mature",1,NA,0,0,60,2020,NA,NA
"6/27/20",11:00:00,"Flackarp","Ischnura_elegans","Immature",1,NA,0,0,60,2020,NA,NA
"6/27/20",11:00:00,"Flackarp","Coenagrion_puella","Mature",1,NA,0,0,60,2020,NA,NA
"6/27/20",11:00:00,"Flackarp","Coenagrion_puella","Mature",1,NA,0,1,60,2020,NA,NA
"6/27/20",11:00:00,"Flackarp","Coenagrion_puella","Mature",1,NA,0,3,60,2020,NA,NA
"6/27/20",11:00:00,"Flackarp","Ischnura_elegans","Immature",0,"Gynochrome",0,0,60,2020,"Infuscans","Violacea_(Infuscans)"
"6/27/20",11:00:00,"Flackarp","Coenagrion_puella","Immature",1,NA,0,0,60,2020,NA,NA
"6/27/20",11:00:00,"Flackarp","Ischnura_elegans","Mature",1,NA,0,1,60,2020,NA,NA
"6/27/20",11:00:00,"Flackarp","Coenagrion_puella","Mature",1,NA,0,0,60,2020,NA,NA
"6/27/20",11:00:00,"Flackarp","Coenagrion_puella","Mature",1,NA,0,0,60,2020,NA,NA
"6/27/20",11:00:00,"Flackarp","Coenagrion_pulchellum","Immature",1,NA,0,0,60,2020,NA,NA
"6/27/20",11:00:00,"Flackarp","Coenagrion_puella","Mature",1,NA,0,2,60,2020,NA,NA
"6/27/20",11:00:00,"Flackarp","Coenagrion_puella","Mature",0,"Gynochrome",0,4,60,2020,NA,NA
"6/27/20",11:00:00,"Flackarp","Ischnura_elegans","Mature",1,NA,0,0,60,2020,NA,NA
"7/16/20",09:29:00,"Flyinge_30_A1","Ischnura_elegans","Mature",0,"Androchrome",0,0,40,2020,"Androchrome",NA
"7/22/20",10:10:00,"Flyinge_30_A1","Ischnura_elegans","Mature",0,"Androchrome",0,0,30,2020,"Androchrome",NA
"7/22/20",10:10:00,"Flyinge_30_A1","Calopteryx_splendens","Mature",0,"Gynochrome",0,0,30,2020,NA,NA
"7/22/20",10:10:00,"Flyinge_30_A1","Calopteryx_splendens","Mature",0,"Gynochrome",0,NA,30,2020,NA,NA
"7/22/20",10:10:00,"Flyinge_30_A1","Platycnemis_pennipes","Mature",0,"Gynochrome",0,0,30,2020,NA,NA
"7/22/20",10:10:00,"Flyinge_30_A1","Platycnemis_pennipes","Mature",0,"Gynochrome",0,0,30,2020,NA,NA
"7/16/20",09:29:00,"Flyinge_30_A1","Platycnemis_pennipes","Mature",1,NA,0,0,40,2020,NA,NA
"7/16/20",09:29:00,"Flyinge_30_A1","Coenagrion_pulchellum","Mature",1,NA,0,0,40,2020,NA,NA
"7/16/20",09:29:00,"Flyinge_30_A1","Ischnura_elegans","Immature",1,NA,0,0,40,2020,NA,NA
"7/16/20",09:29:00,"Flyinge_30_A1","Ischnura_elegans",NA,1,NA,0,NA,40,2020,NA,NA
"7/16/20",09:29:00,"Flyinge_30_A1","Ischnura_elegans","Mature",1,NA,0,0,40,2020,NA,NA
"7/16/20",09:29:00,"Flyinge_30_A1","Ischnura_elegans","Mature",1,NA,0,0,40,2020,NA,NA
"7/16/20",09:29:00,"Flyinge_30_A1","Ischnura_elegans","Mature",1,NA,0,2,40,2020,NA,NA
"7/22/20",10:10:00,"Flyinge_30_A1","Calopteryx_splendens","Mature",1,NA,0,0,30,2020,NA,NA
"7/22/20",10:10:00,"Flyinge_30_A1","Calopteryx_splendens","Mature",1,NA,0,0,30,2020,NA,NA
"7/22/20",10:10:00,"Flyinge_30_A1","Calopteryx_splendens","Mature",1,NA,0,0,30,2020,NA,NA
"7/22/20",10:10:00,"Flyinge_30_A1","Calopteryx_splendens","Mature",1,NA,0,0,30,2020,NA,NA
"7/22/20",10:10:00,"Flyinge_30_A1","Aeshna_grandis","Mature",1,NA,0,NA,30,2020,NA,NA
"7/22/20",10:10:00,"Flyinge_30_A1","Ischnura_elegans","Mature",1,NA,0,0,30,2020,NA,NA
"7/22/20",10:10:00,"Flyinge_30_A1","Ischnura_elegans","Mature",1,NA,0,0,30,2020,NA,NA
"7/22/20",10:10:00,"Flyinge_30_A1","Enallagma_cyathigerum","Teneral",1,NA,0,0,30,2020,NA,NA
"7/22/20",10:10:00,"Flyinge_30_A1","Ischnura_elegans","Mature",1,NA,0,0,30,2020,NA,NA
"7/22/20",10:10:00,"Flyinge_30_A1","Enallagma_cyathigerum","Mature",1,NA,0,0,30,2020,NA,NA
"7/22/20",10:10:00,"Flyinge_30_A1","Ischnura_elegans","Teneral",1,NA,0,0,30,2020,NA,NA
"7/22/20",10:10:00,"Flyinge_30_A1","Ischnura_elegans","Mature",1,NA,0,0,30,2020,NA,NA
"7/22/20",10:10:00,"Flyinge_30_A1","Ischnura_elegans","Mature",1,NA,0,1,30,2020,NA,NA
"7/22/20",10:10:00,"Flyinge_30_A1","Enallagma_cyathigerum","Mature",1,NA,0,0,30,2020,NA,NA
"7/22/20",10:10:00,"Flyinge_30_A1","Ischnura_elegans","Immature",1,NA,0,0,30,2020,NA,NA
"7/22/20",10:10:00,"Flyinge_30_A1","Ischnura_elegans","Teneral",1,NA,0,0,30,2020,NA,NA
"7/22/20",10:10:00,"Flyinge_30_A1","Enallagma_cyathigerum","Teneral",0,NA,0,0,30,2020,NA,NA
"7/16/20",09:29:00,"Flyinge_30_A1","Ischnura_elegans","Mature",0,"Gynochrome",0,0,40,2020,"Androchrome","Violacea_(Androchrome)"
"7/22/20",10:10:00,"Flyinge_30_A1","Ischnura_elegans","Immature",0,"Gynochrome",0,0,30,2020,"Androchrome","Violacea_(Androchrome)"
"7/22/20",10:10:00,"Flyinge_30_A1","Ischnura_elegans","Immature",0,"Gynochrome",0,0,30,2020,"Androchrome","Violacea_(Androchrome)"
"7/16/20",09:29:00,"Flyinge_30_A1","Ischnura_elegans","Immature",0,"Gynochrome",0,0,40,2020,"Infuscans","Violacea_(Infuscans)"
"5/27/20",09:42:00,"Flyinge_30_A1","Brachytron_pratense",NA,NA,NA,0,NA,80,2020,NA,NA
"5/27/20",09:42:00,"Flyinge_30_A1","Calopteryx_splendens","Immature",0,NA,0,0,80,2020,NA,NA
"5/27/20",09:42:00,"Flyinge_30_A1","Coenagrion_pulchellum","Immature",1,NA,0,24,80,2020,NA,NA
"5/27/20",09:42:00,"Flyinge_30_A1","Coenagrion_pulchellum","Teneral",0,NA,0,50,80,2020,NA,NA
"5/27/20",09:42:00,"Flyinge_30_A1","Calopteryx_splendens","Immature",1,NA,0,2,80,2020,NA,NA
"5/27/20",09:42:00,"Flyinge_30_A1","Coenagrion_pulchellum","Mature",1,NA,0,18,80,2020,NA,NA
"5/27/20",09:42:00,"Flyinge_30_A1","Coenagrion_pulchellum","Teneral",1,NA,0,12,80,2020,NA,NA
"5/27/20",09:42:00,"Flyinge_30_A1","Calopteryx_splendens","Immature",1,NA,0,35,80,2020,NA,NA
"5/27/20",09:42:00,"Flyinge_30_A1","Coenagrion_pulchellum","Immature",1,NA,0,13,80,2020,NA,NA
"5/27/20",09:42:00,"Flyinge_30_A1","Calopteryx_splendens","Immature",0,"Gynochrome",0,0,80,2020,NA,NA
"5/27/20",09:42:00,"Flyinge_30_A1","Erythromma_najas","Teneral",0,NA,0,0,80,2020,NA,NA
"5/27/20",09:42:00,"Flyinge_30_A1","Coenagrion_pulchellum","Mature",1,NA,0,15,80,2020,NA,NA
"5/27/20",09:42:00,"Flyinge_30_A1","Coenagrion_pulchellum","Mature",1,NA,0,29,80,2020,NA,NA
"5/27/20",09:42:00,"Flyinge_30_A1","Coenagrion_pulchellum","Immature",0,"Gynochrome",0,56,80,2020,NA,NA
"5/27/20",09:42:00,"Flyinge_30_A1","Coenagrion_pulchellum","Mature",1,NA,0,7,80,2020,NA,NA
"5/27/20",09:42:00,"Flyinge_30_A1","Coenagrion_pulchellum","Mature",1,NA,0,47,80,2020,NA,NA
"5/27/20",09:42:00,"Flyinge_30_A1","Coenagrion_pulchellum","Mature",1,NA,0,21,80,2020,NA,NA
"5/27/20",09:42:00,"Flyinge_30_A1","Coenagrion_pulchellum","Immature",1,NA,0,36,80,2020,NA,NA
"5/27/20",09:42:00,"Flyinge_30_A1","Coenagrion_pulchellum","Immature",1,NA,0,10,80,2020,NA,NA
"5/27/20",09:42:00,"Flyinge_30_A1","Coenagrion_pulchellum","Immature",0,"Gynochrome",0,2,80,2020,NA,NA
"5/27/20",09:42:00,"Flyinge_30_A1","Calopteryx_splendens","Immature",1,NA,0,0,80,2020,NA,NA
"5/27/20",09:42:00,"Flyinge_30_A1","Calopteryx_splendens","Teneral",0,NA,0,0,80,2020,NA,NA
"5/27/20",09:42:00,"Flyinge_30_A1","Coenagrion_pulchellum","Teneral",0,NA,0,46,80,2020,NA,NA
"5/27/20",09:42:00,"Flyinge_30_A1","Coenagrion_pulchellum","Immature",0,"Gynochrome",0,12,80,2020,NA,NA
"5/27/20",09:42:00,"Flyinge_30_A1","Calopteryx_splendens","Immature",0,"Gynochrome",0,8,80,2020,NA,NA
"5/27/20",09:42:00,"Flyinge_30_A1","Coenagrion_pulchellum","Immature",0,"Gynochrome",0,36,80,2020,NA,NA
"5/27/20",09:42:00,"Flyinge_30_A1","Coenagrion_pulchellum","Immature",0,"Gynochrome",0,40,80,2020,NA,NA
"5/27/20",09:42:00,"Flyinge_30_A1","Erythromma_najas","Teneral",0,NA,0,0,80,2020,NA,NA
"5/27/20",09:42:00,"Flyinge_30_A1","Coenagrion_pulchellum","Teneral",0,NA,0,50,80,2020,NA,NA
"5/27/20",09:42:00,"Flyinge_30_A1","Coenagrion_pulchellum","Teneral",0,NA,0,46,80,2020,NA,NA
"5/27/20",09:42:00,"Flyinge_30_A1","Coenagrion_pulchellum","Teneral",0,NA,0,35,80,2020,NA,NA
"5/27/20",09:42:00,"Flyinge_30_A1","Coenagrion_pulchellum","Immature",1,NA,0,30,80,2020,NA,NA
"5/27/20",09:42:00,"Flyinge_30_A1","Coenagrion_pulchellum","Teneral",0,NA,0,16,80,2020,NA,NA
"5/27/20",09:42:00,"Flyinge_30_A1","Ischnura_elegans","Immature",0,"Gynochrome",0,1,80,2020,"Infuscans",NA
"5/27/20",09:42:00,"Flyinge_30_A1","Ischnura_elegans","Immature",0,"Gynochrome",0,0,80,2020,"Infuscans_obsoleta","Infuscans_obsoleta_(Rufescens)"
"5/27/20",09:42:00,"Flyinge_30_A1","Ischnura_elegans","Immature",0,"Androchrome",0,1,80,2020,"Androchrome",NA
"5/27/20",09:42:00,"Flyinge_30_A1","Ischnura_elegans","Immature",0,"Gynochrome",0,1,80,2020,"Infuscans","Violacea_(Infuscans)"
"5/27/20",09:42:00,"Flyinge_30_A1","Ischnura_elegans","Mature",0,"Androchrome",0,1,80,2020,"Androchrome",NA
"5/27/20",09:42:00,"Flyinge_30_A1","Ischnura_elegans","Immature",0,"Gynochrome",0,0,80,2020,"Androchrome","Violacea_(Androchrome)"
"5/27/20",09:42:00,"Flyinge_30_A1","Ischnura_elegans","Immature",1,NA,0,2,80,2020,NA,NA
"5/27/20",09:42:00,"Flyinge_30_A1","Ischnura_elegans","Immature",1,NA,0,14,80,2020,NA,NA
"5/27/20",09:42:00,"Flyinge_30_A1","Ischnura_elegans","Immature",1,NA,0,0,80,2020,NA,NA
"5/27/20",09:42:00,"Flyinge_30_A1","Ischnura_elegans","Immature",1,NA,0,2,80,2020,NA,NA
"5/27/20",09:42:00,"Flyinge_30_A1","Ischnura_elegans","Immature",1,NA,0,0,80,2020,NA,NA
"5/27/20",09:42:00,"Flyinge_30_A1","Ischnura_elegans","Immature",1,NA,0,1,80,2020,NA,NA
"6/9/20",15:56:00,"Flyinge_30_A1","Ischnura_elegans","Mature",1,NA,1,0,30,2020,NA,NA
"6/9/20",15:56:00,"Flyinge_30_A1","Ischnura_elegans","Mature",0,"Androchrome",1,1,30,2020,"Androchrome",NA
"6/9/20",15:56:00,"Flyinge_30_A1","Ischnura_elegans","Mature",0,"Androchrome",1,0,30,2020,"Androchrome",NA
"6/9/20",15:56:00,"Flyinge_30_A1","Ischnura_elegans","Mature",1,NA,1,0,30,2020,NA,NA
"6/9/20",15:56:00,"Flyinge_30_A1","Brachytron_pratense","Mature",1,NA,0,NA,30,2020,NA,NA
"6/9/20",15:56:00,"Flyinge_30_A1","Aeshna_isoceles","Mature",NA,NA,0,NA,30,2020,NA,NA
"6/9/20",15:56:00,"Flyinge_30_A1","Erythromma_najas","Mature",1,NA,0,NA,30,2020,NA,NA
"6/9/20",15:56:00,"Flyinge_30_A1","Erythromma_najas","Mature",1,NA,0,NA,30,2020,NA,NA
"6/9/20",15:56:00,"Flyinge_30_A1","Calopteryx_splendens","Mature",1,NA,0,0,30,2020,NA,NA
"6/9/20",15:56:00,"Flyinge_30_A1","Erythromma_najas","Teneral",1,NA,0,0,30,2020,NA,NA
"6/9/20",15:56:00,"Flyinge_30_A1","Erythromma_najas","Mature",1,NA,0,0,30,2020,NA,NA
"6/9/20",15:56:00,"Flyinge_30_A1","Platycnemis_pennipes","Teneral",1,NA,0,18,30,2020,NA,NA
"6/9/20",15:56:00,"Flyinge_30_A1","Coenagrion_pulchellum","Mature",1,NA,0,25,30,2020,NA,NA
"6/9/20",15:56:00,"Flyinge_30_A1","Platycnemis_pennipes","Immature",1,NA,0,0,30,2020,NA,NA
"6/9/20",15:56:00,"Flyinge_30_A1","Calopteryx_splendens","Mature",0,NA,0,0,30,2020,NA,NA
"6/9/20",15:56:00,"Flyinge_30_A1","Coenagrion_pulchellum","Mature",1,NA,0,1,30,2020,NA,NA
"6/9/20",15:56:00,"Flyinge_30_A1","Calopteryx_splendens","Mature",1,NA,0,0,30,2020,NA,NA
"6/9/20",15:56:00,"Flyinge_30_A1","Coenagrion_pulchellum","Mature",1,NA,0,2,30,2020,NA,NA
"6/9/20",15:56:00,"Flyinge_30_A1","Coenagrion_pulchellum","Mature",1,NA,0,3,30,2020,NA,NA
"6/9/20",15:56:00,"Flyinge_30_A1","Ischnura_elegans","Teneral",1,NA,0,0,30,2020,NA,NA
"6/9/20",15:56:00,"Flyinge_30_A1","Coenagrion_pulchellum","Teneral",1,NA,0,35,30,2020,NA,NA
"6/9/20",15:56:00,"Flyinge_30_A1","Platycnemis_pennipes","Teneral",1,NA,0,0,30,2020,NA,NA
"6/9/20",15:56:00,"Flyinge_30_A1","Calopteryx_splendens","Immature",1,NA,0,0,30,2020,NA,NA
"6/9/20",15:56:00,"Flyinge_30_A1","Coenagrion_pulchellum","Teneral",1,NA,0,20,30,2020,NA,NA
"6/9/20",15:56:00,"Flyinge_30_A1","Coenagrion_pulchellum","Mature",1,NA,0,35,30,2020,NA,NA
"6/9/20",15:56:00,"Flyinge_30_A1","Ischnura_elegans","Immature",1,NA,0,0,30,2020,NA,NA
"6/9/20",15:56:00,"Flyinge_30_A1","Coenagrion_pulchellum","Mature",1,NA,0,0,30,2020,NA,NA
"6/9/20",15:56:00,"Flyinge_30_A1","Coenagrion_pulchellum","Mature",1,NA,0,35,30,2020,NA,NA
"6/9/20",15:56:00,"Flyinge_30_A1","Calopteryx_splendens","Mature",0,"Gynochrome",0,14,30,2020,NA,NA
"6/9/20",15:56:00,"Flyinge_30_A1","Coenagrion_pulchellum","Mature",1,NA,0,30,30,2020,NA,NA
"6/9/20",15:56:00,"Flyinge_30_A1","Coenagrion_pulchellum","Mature",1,NA,0,17,30,2020,NA,NA
"6/9/20",15:56:00,"Flyinge_30_A1","Coenagrion_pulchellum","Mature",1,NA,0,60,30,2020,NA,NA
"6/9/20",15:56:00,"Flyinge_30_A1","Coenagrion_pulchellum","Teneral",1,NA,0,60,30,2020,NA,NA
"6/9/20",15:56:00,"Flyinge_30_A1","Platycnemis_pennipes","Mature",1,NA,0,0,30,2020,NA,NA
"6/9/20",15:56:00,"Flyinge_30_A1","Erythromma_najas","Teneral",1,NA,0,1,30,2020,NA,NA
"6/9/20",15:56:00,"Flyinge_30_A1","Ischnura_elegans","Teneral",1,NA,0,0,30,2020,NA,NA
"6/9/20",15:56:00,"Flyinge_30_A1","Platycnemis_pennipes","Immature",1,NA,0,1,30,2020,NA,NA
"6/9/20",15:56:00,"Flyinge_30_A1","Ischnura_elegans","Mature",1,NA,0,2,30,2020,NA,NA
"6/9/20",15:56:00,"Flyinge_30_A1","Ischnura_elegans","Mature",1,NA,0,0,30,2020,NA,NA
"6/9/20",15:56:00,"Flyinge_30_A1","Ischnura_elegans","Immature",1,NA,0,0,30,2020,NA,NA
"6/9/20",15:56:00,"Flyinge_30_A1","Calopteryx_splendens","Mature",0,"Gynochrome",0,0,30,2020,NA,NA
"6/9/20",15:56:00,"Flyinge_30_A1","Ischnura_elegans","Teneral",1,NA,0,0,30,2020,NA,NA
"6/9/20",15:56:00,"Flyinge_30_A1","Coenagrion_pulchellum","Mature",1,NA,0,0,30,2020,NA,NA
"6/9/20",15:56:00,"Flyinge_30_A1","Coenagrion_pulchellum","Mature",1,NA,0,0,30,2020,NA,NA
"6/9/20",15:56:00,"Flyinge_30_A1","Coenagrion_pulchellum","Mature",1,NA,0,6,30,2020,NA,NA
"6/9/20",15:56:00,"Flyinge_30_A1","Ischnura_elegans","Teneral",1,NA,0,0,30,2020,NA,NA
"6/9/20",15:56:00,"Flyinge_30_A1","Erythromma_najas","Immature",1,NA,0,0,30,2020,NA,NA
"6/9/20",15:56:00,"Flyinge_30_A1","Ischnura_elegans","Mature",1,NA,0,0,30,2020,NA,NA
"6/9/20",15:56:00,"Flyinge_30_A1","Platycnemis_pennipes","Mature",1,NA,0,50,30,2020,NA,NA
"6/9/20",15:56:00,"Flyinge_30_A1","Coenagrion_pulchellum","Mature",1,NA,0,2,30,2020,NA,NA
"6/9/20",15:56:00,"Flyinge_30_A1","Coenagrion_pulchellum","Mature",1,NA,0,35,30,2020,NA,NA
"6/9/20",15:56:00,"Flyinge_30_A1","Ischnura_elegans","Teneral",1,NA,0,0,30,2020,NA,NA
"6/9/20",15:56:00,"Flyinge_30_A1","Coenagrion_pulchellum","Mature",1,NA,0,18,30,2020,NA,NA
"6/9/20",15:56:00,"Flyinge_30_A1","Coenagrion_pulchellum","Mature",1,NA,0,18,30,2020,NA,NA
"6/9/20",15:56:00,"Flyinge_30_A1","Ischnura_elegans","Mature",1,NA,0,0,30,2020,NA,NA
"6/9/20",15:56:00,"Flyinge_30_A1","Platycnemis_pennipes","Mature",1,NA,0,0,30,2020,NA,NA
"6/9/20",15:56:00,"Flyinge_30_A1","Ischnura_elegans","Immature",1,NA,0,0,30,2020,NA,NA
"6/9/20",15:56:00,"Flyinge_30_A1","Coenagrion_pulchellum","Mature",1,NA,0,30,30,2020,NA,NA
"6/9/20",15:56:00,"Flyinge_30_A1","Ischnura_elegans","Mature",1,NA,0,0,30,2020,NA,NA
"6/9/20",15:56:00,"Flyinge_30_A1","Coenagrion_pulchellum","Mature",1,NA,0,3,30,2020,NA,NA
"6/9/20",15:56:00,"Flyinge_30_A1","Coenagrion_pulchellum","Mature",1,NA,0,3,30,2020,NA,NA
"6/9/20",15:56:00,"Flyinge_30_A1","Ischnura_elegans","Teneral",1,NA,0,0,30,2020,NA,NA
"6/9/20",15:56:00,"Flyinge_30_A1","Ischnura_elegans","Teneral",0,NA,0,0,30,2020,NA,NA
"6/29/20",09:44:00,"Flyinge_30_A1","Aeshna_isoceles","Mature",NA,NA,0,NA,30,2020,NA,NA
"6/29/20",09:44:00,"Flyinge_30_A1","Anax_imperator","Mature",1,NA,0,NA,30,2020,NA,NA
"6/29/20",09:44:00,"Flyinge_30_A1","Calopteryx_splendens","Mature",1,NA,0,NA,30,2020,NA,NA
"6/29/20",09:44:00,"Flyinge_30_A1","Calopteryx_splendens","Mature",1,NA,0,NA,30,2020,NA,NA
"6/29/20",09:44:00,"Flyinge_30_A1","Calopteryx_splendens","Mature",1,NA,0,NA,30,2020,NA,NA
"6/29/20",09:44:00,"Flyinge_30_A1","Calopteryx_splendens","Mature",1,NA,0,NA,30,2020,NA,NA
"6/29/20",09:44:00,"Flyinge_30_A1","Calopteryx_splendens","Mature",1,NA,0,NA,30,2020,NA,NA
"6/29/20",09:44:00,"Flyinge_30_A1","Calopteryx_splendens","Mature",1,NA,0,NA,30,2020,NA,NA
"6/29/20",09:44:00,"Flyinge_30_A1","Calopteryx_splendens","Mature",1,NA,0,NA,30,2020,NA,NA
"6/29/20",09:44:00,"Flyinge_30_A1","Calopteryx_splendens","Mature",1,NA,0,NA,30,2020,NA,NA
"6/29/20",09:44:00,"Flyinge_30_A1","Calopteryx_splendens","Mature",1,NA,0,NA,30,2020,NA,NA
"6/29/20",09:44:00,"Flyinge_30_A1","Calopteryx_splendens","Mature",1,NA,0,NA,30,2020,NA,NA
"6/29/20",09:44:00,"Flyinge_30_A1","Calopteryx_splendens","Mature",1,NA,0,NA,30,2020,NA,NA
"6/29/20",09:44:00,"Flyinge_30_A1","Calopteryx_splendens","Mature",1,NA,0,NA,30,2020,NA,NA
"6/29/20",09:44:00,"Flyinge_30_A1","Calopteryx_splendens","Mature",1,NA,0,NA,30,2020,NA,NA
"6/29/20",09:44:00,"Flyinge_30_A1","Calopteryx_splendens","Mature",1,NA,0,NA,30,2020,NA,NA
"6/29/20",09:44:00,"Flyinge_30_A1","Calopteryx_splendens","Mature",1,NA,0,NA,30,2020,NA,NA
"6/29/20",09:44:00,"Flyinge_30_A1","Calopteryx_splendens","Mature",1,NA,0,NA,30,2020,NA,NA
"6/29/20",09:44:00,"Flyinge_30_A1","Calopteryx_splendens","Mature",1,NA,0,NA,30,2020,NA,NA
"6/29/20",09:44:00,"Flyinge_30_A1","Calopteryx_splendens","Mature",1,NA,0,NA,30,2020,NA,NA
"6/29/20",09:44:00,"Flyinge_30_A1","Calopteryx_splendens","Mature",1,NA,0,NA,30,2020,NA,NA
"6/29/20",09:44:00,"Flyinge_30_A1","Calopteryx_splendens","Mature",1,NA,0,NA,30,2020,NA,NA
"6/29/20",09:44:00,"Flyinge_30_A1","Calopteryx_splendens","Mature",0,"Gynochrome",0,NA,30,2020,NA,NA
"6/29/20",09:44:00,"Flyinge_30_A1","Calopteryx_splendens","Mature",0,"Gynochrome",0,NA,30,2020,NA,NA
"6/29/20",09:44:00,"Flyinge_30_A1","Calopteryx_splendens","Mature",0,"Gynochrome",0,NA,30,2020,NA,NA
"6/29/20",09:44:00,"Flyinge_30_A1","Calopteryx_splendens","Mature",0,"Gynochrome",0,NA,30,2020,NA,NA
"6/29/20",09:44:00,"Flyinge_30_A1","Calopteryx_splendens","Mature",0,"Gynochrome",0,NA,30,2020,NA,NA
"6/29/20",09:44:00,"Flyinge_30_A1","Ischnura_elegans","Mature",1,NA,1,0,30,2020,NA,NA
"6/29/20",09:44:00,"Flyinge_30_A1","Ischnura_elegans","Mature",0,"Androchrome",1,NA,30,2020,"Androchrome",NA
"6/29/20",09:44:00,"Flyinge_30_A1","Coenagrion_pulchellum","Mature",1,NA,1,0,30,2020,NA,NA
"6/29/20",09:44:00,"Flyinge_30_A1","Coenagrion_pulchellum","Mature",0,"Gynochrome",1,15,30,2020,NA,NA
"6/29/20",09:44:00,"Flyinge_30_A1","Coenagrion_pulchellum","Mature",0,"Gynochrome",1,10,30,2020,NA,NA
"6/29/20",09:44:00,"Flyinge_30_A1","Coenagrion_pulchellum","Mature",1,NA,1,0,30,2020,NA,NA
"6/29/20",09:44:00,"Flyinge_30_A1","Coenagrion_pulchellum","Mature",1,NA,0,0,30,2020,NA,NA
"6/29/20",09:44:00,"Flyinge_30_A1","Platycnemis_pennipes","Mature",1,NA,0,0,30,2020,NA,NA
"6/29/20",09:44:00,"Flyinge_30_A1","Platycnemis_pennipes","Mature",1,NA,0,0,30,2020,NA,NA
"6/29/20",09:44:00,"Flyinge_30_A1","Coenagrion_pulchellum","Mature",1,NA,0,0,30,2020,NA,NA
"6/29/20",09:44:00,"Flyinge_30_A1","Coenagrion_pulchellum","Mature",1,NA,0,0,30,2020,NA,NA
"6/29/20",09:44:00,"Flyinge_30_A1","Platycnemis_pennipes","Mature",1,NA,0,0,30,2020,NA,NA
"6/29/20",09:44:00,"Flyinge_30_A1","Ischnura_elegans","Mature",0,"Androchrome",0,0,30,2020,"Androchrome",NA
"6/29/20",09:44:00,"Flyinge_30_A1","Platycnemis_pennipes","Immature",1,NA,0,0,30,2020,NA,NA
"6/29/20",09:44:00,"Flyinge_30_A1","Platycnemis_pennipes","Mature",1,NA,0,0,30,2020,NA,NA
"6/29/20",09:44:00,"Flyinge_30_A1","Platycnemis_pennipes","Mature",1,NA,0,0,30,2020,NA,NA
"6/29/20",09:44:00,"Flyinge_30_A1","Platycnemis_pennipes","Mature",0,"Gynochrome",0,0,30,2020,NA,NA
"6/29/20",09:44:00,"Flyinge_30_A1","Ischnura_elegans","Immature",0,"Gynochrome",0,0,30,2020,"Androchrome","Violacea_(Androchrome)"
"6/29/20",09:44:00,"Flyinge_30_A1","Ischnura_elegans","Mature",0,"Androchrome",0,0,30,2020,"Androchrome",NA
"6/29/20",09:44:00,"Flyinge_30_A1","Ischnura_elegans","Mature",0,"Gynochrome",0,0,30,2020,"Androchrome","Violacea_(Androchrome)"
"6/29/20",09:44:00,"Flyinge_30_A1","Erythromma_najas","Mature",0,"Gynochrome",0,0,30,2020,NA,NA
"6/29/20",09:44:00,"Flyinge_30_A1","Platycnemis_pennipes","Immature",1,NA,0,0,30,2020,NA,NA
"6/29/20",09:44:00,"Flyinge_30_A1","Ischnura_elegans","Immature",1,NA,0,0,30,2020,NA,NA
"6/29/20",09:44:00,"Flyinge_30_A1","Calopteryx_splendens","Immature",1,NA,0,0,30,2020,NA,NA
"6/29/20",09:44:00,"Flyinge_30_A1","Coenagrion_pulchellum","Mature",1,NA,0,0,30,2020,NA,NA
"7/22/20",11:00:00,"Flyinge_30_A3","Platycnemis_pennipes","Mature",0,"Gynochrome",0,0,30,2020,NA,NA
"7/16/20",10:21:00,"Flyinge_30_A3","Ischnura_elegans","Mature",0,"Gynochrome",0,0,44,2020,"Infuscans",NA
"7/22/20",11:00:00,"Flyinge_30_A3","Ischnura_elegans","Mature",0,"Gynochrome",0,0,30,2020,"Infuscans_obsoleta",NA
"7/22/20",11:00:00,"Flyinge_30_A3","Ischnura_elegans","Mature",0,"Gynochrome",0,0,30,2020,"Infuscans_obsoleta","Infuscans_obsoleta_(Rufescens)"
"7/16/20",10:21:00,"Flyinge_30_A3","Enallagma_cyathigerum","Mature",1,NA,0,NA,44,2020,NA,NA
"7/16/20",10:21:00,"Flyinge_30_A3","Ischnura_elegans","Teneral",0,NA,0,0,44,2020,NA,NA
"7/16/20",10:21:00,"Flyinge_30_A3","Ischnura_elegans","Mature",1,NA,0,1,44,2020,NA,NA
"7/16/20",10:21:00,"Flyinge_30_A3","Ischnura_elegans","Immature",1,NA,0,0,44,2020,NA,NA
"7/16/20",10:21:00,"Flyinge_30_A3","Ischnura_elegans","Immature",1,NA,0,0,44,2020,NA,NA
"7/16/20",10:21:00,"Flyinge_30_A3","Ischnura_elegans","Mature",1,NA,0,0,44,2020,NA,NA
"7/16/20",10:21:00,"Flyinge_30_A3","Ischnura_elegans","Mature",1,NA,0,1,44,2020,NA,NA
"7/16/20",10:21:00,"Flyinge_30_A3","Ischnura_elegans","Teneral",1,NA,0,0,44,2020,NA,NA
"7/16/20",10:21:00,"Flyinge_30_A3","Aeshna_spp","Immature",NA,NA,0,NA,44,2020,NA,NA
"7/22/20",11:00:00,"Flyinge_30_A3","Calopteryx_splendens","Mature",1,NA,0,0,30,2020,NA,NA
"7/22/20",11:00:00,"Flyinge_30_A3","Calopteryx_splendens","Mature",1,NA,0,0,30,2020,NA,NA
"7/22/20",11:00:00,"Flyinge_30_A3","Calopteryx_splendens","Immature",1,NA,0,0,30,2020,NA,NA
"7/22/20",11:00:00,"Flyinge_30_A3","Ischnura_elegans","Mature",1,NA,0,0,30,2020,NA,NA
"7/22/20",11:00:00,"Flyinge_30_A3","Enallagma_cyathigerum","Teneral",1,NA,0,0,30,2020,NA,NA
"7/22/20",11:00:00,"Flyinge_30_A3","Ischnura_elegans","Immature",1,NA,0,0,30,2020,NA,NA
"7/22/20",11:00:00,"Flyinge_30_A3","Ischnura_elegans","Mature",1,NA,0,0,30,2020,NA,NA
"7/22/20",11:00:00,"Flyinge_30_A3","Enallagma_cyathigerum","Mature",1,NA,0,2,30,2020,NA,NA
"7/22/20",11:00:00,"Flyinge_30_A3","Ischnura_elegans","Immature",1,NA,0,0,30,2020,NA,NA
"7/22/20",11:00:00,"Flyinge_30_A3","Ischnura_elegans","Teneral",0,NA,0,0,30,2020,NA,NA
"7/22/20",11:00:00,"Flyinge_30_A3","Ischnura_elegans","Mature",1,NA,0,0,30,2020,NA,NA
"7/22/20",11:00:00,"Flyinge_30_A3","Ischnura_elegans","Mature",1,NA,0,0,30,2020,NA,NA
"7/22/20",11:00:00,"Flyinge_30_A3","Ischnura_elegans","Mature",1,NA,0,0,30,2020,NA,NA
"7/22/20",11:00:00,"Flyinge_30_A3","Ischnura_elegans","Immature",1,NA,0,0,30,2020,NA,NA
"7/22/20",11:00:00,"Flyinge_30_A3","Ischnura_elegans","Immature",1,NA,0,0,30,2020,NA,NA
"7/22/20",11:00:00,"Flyinge_30_A3","Ischnura_elegans","Teneral",0,NA,0,0,30,2020,NA,NA
"7/22/20",11:00:00,"Flyinge_30_A3","Ischnura_elegans","Mature",1,NA,0,0,30,2020,NA,NA
"7/22/20",11:00:00,"Flyinge_30_A3","Enallagma_cyathigerum","Mature",1,NA,0,1,30,2020,NA,NA
"7/22/20",11:00:00,"Flyinge_30_A3","Ischnura_elegans","Mature",1,NA,0,0,30,2020,NA,NA
"7/22/20",11:00:00,"Flyinge_30_A3","Ischnura_elegans","Mature",1,NA,0,0,30,2020,NA,NA
"7/22/20",11:00:00,"Flyinge_30_A3","Ischnura_elegans","Immature",1,NA,0,0,30,2020,NA,NA
"7/22/20",11:00:00,"Flyinge_30_A3","Ischnura_elegans","Immature",0,"Gynochrome",0,0,30,2020,NA,"Violacea"
"7/16/20",10:21:00,"Flyinge_30_A3","Ischnura_elegans","Immature",0,"Gynochrome",0,0,44,2020,"Androchrome","Violacea_(Androchrome)"
"7/22/20",11:00:00,"Flyinge_30_A3","Ischnura_elegans","Immature",0,"Gynochrome",0,0,30,2020,"Androchrome","Violacea_(Androchrome)"
"7/22/20",11:00:00,"Flyinge_30_A3","Ischnura_elegans","Immature",0,"Gynochrome",0,0,30,2020,"Androchrome","Violacea_(Androchrome)"
"7/22/20",11:00:00,"Flyinge_30_A3","Ischnura_elegans","Immature",0,"Gynochrome",0,0,30,2020,"Androchrome","Violacea_(Androchrome)"
"7/16/20",10:21:00,"Flyinge_30_A3","Ischnura_elegans","Mature",0,"Gynochrome",0,0,44,2020,"Infuscans","Violacea_(Infuscans)"
"7/22/20",11:00:00,"Flyinge_30_A3","Ischnura_elegans","Immature",0,"Gynochrome",0,0,30,2020,"Infuscans","Violacea_(Infuscans)"
"5/27/20",10:57:00,"Flyinge_30_A3","Erythromma_najas","Teneral",0,NA,0,0,40,2020,NA,NA
"5/27/20",10:57:00,"Flyinge_30_A3","Calopteryx_splendens","Immature",1,NA,0,0,40,2020,NA,NA
"5/27/20",10:57:00,"Flyinge_30_A3","Erythromma_najas","Teneral",1,NA,0,1,40,2020,NA,NA
"5/27/20",10:57:00,"Flyinge_30_A3","Coenagrion_pulchellum","Mature",1,NA,0,2,40,2020,NA,NA
"5/27/20",10:57:00,"Flyinge_30_A3","Platycnemis_pennipes","Teneral",0,NA,0,0,40,2020,NA,NA
"5/27/20",10:57:00,"Flyinge_30_A3","Erythromma_najas","Teneral",1,NA,0,0,40,2020,NA,NA
"5/27/20",10:57:00,"Flyinge_30_A3","Coenagrion_pulchellum","Mature",1,NA,0,20,40,2020,NA,NA
"5/27/20",10:57:00,"Flyinge_30_A3","Coenagrion_pulchellum","Mature",0,"Gynochrome",0,0,40,2020,NA,NA
"5/27/20",10:57:00,"Flyinge_30_A3","Coenagrion_pulchellum","Mature",1,NA,0,8,40,2020,NA,NA
"5/27/20",10:57:00,"Flyinge_30_A3","Calopteryx_splendens","Immature",1,NA,0,0,40,2020,NA,NA
"5/27/20",10:57:00,"Flyinge_30_A3","Calopteryx_splendens",NA,1,NA,0,NA,40,2020,NA,NA
"5/27/20",10:57:00,"Flyinge_30_A3","Coenagrion_pulchellum","Mature",1,NA,0,0,40,2020,NA,NA
"5/27/20",10:57:00,"Flyinge_30_A3","Coenagrion_pulchellum","Mature",1,NA,0,12,40,2020,NA,NA
"5/27/20",10:57:00,"Flyinge_30_A3","Calopteryx_splendens","Immature",1,NA,0,2,40,2020,NA,NA
"5/27/20",10:57:00,"Flyinge_30_A3","Coenagrion_pulchellum","Teneral",1,NA,0,40,40,2020,NA,NA
"5/27/20",10:57:00,"Flyinge_30_A3","Coenagrion_pulchellum","Immature",1,NA,0,6,40,2020,NA,NA
"5/27/20",10:57:00,"Flyinge_30_A3","Coenagrion_pulchellum","Immature",1,NA,0,50,40,2020,NA,NA
"5/27/20",10:57:00,"Flyinge_30_A3","Coenagrion_pulchellum","Immature",1,NA,0,7,40,2020,NA,NA
"5/27/20",10:57:00,"Flyinge_30_A3","Erythromma_najas","Teneral",0,NA,0,0,40,2020,NA,NA
"5/27/20",10:57:00,"Flyinge_30_A3","Coenagrion_pulchellum","Immature",0,"Gynochrome",0,0,40,2020,NA,NA
"5/27/20",10:57:00,"Flyinge_30_A3","Coenagrion_pulchellum","Teneral",1,NA,0,18,40,2020,NA,NA
"5/27/20",10:57:00,"Flyinge_30_A3","Coenagrion_pulchellum","Mature",1,NA,0,20,40,2020,NA,NA
"5/27/20",10:57:00,"Flyinge_30_A3","Coenagrion_pulchellum","Immature",0,"Gynochrome",0,0,40,2020,NA,NA
"5/27/20",10:57:00,"Flyinge_30_A3","Coenagrion_pulchellum","Mature",1,NA,0,0,40,2020,NA,NA
"5/27/20",10:57:00,"Flyinge_30_A3","Coenagrion_pulchellum","Teneral",1,NA,0,21,40,2020,NA,NA
"5/27/20",10:57:00,"Flyinge_30_A3","Coenagrion_pulchellum","Mature",1,NA,0,0,40,2020,NA,NA
"5/27/20",10:57:00,"Flyinge_30_A3","Calopteryx_splendens","Immature",1,NA,0,24,40,2020,NA,NA
"5/27/20",10:57:00,"Flyinge_30_A3","Coenagrion_pulchellum","Immature",1,NA,0,9,40,2020,NA,NA
"5/27/20",10:57:00,"Flyinge_30_A3","Coenagrion_pulchellum","Mature",0,"Gynochrome",0,32,40,2020,NA,NA
"5/27/20",10:57:00,"Flyinge_30_A3","Coenagrion_pulchellum","Teneral",1,NA,0,7,40,2020,NA,NA
"5/27/20",10:57:00,"Flyinge_30_A3","Coenagrion_pulchellum","Immature",0,"Androchrome",0,18,40,2020,NA,NA
"5/27/20",10:57:00,"Flyinge_30_A3","Coenagrion_pulchellum","Immature",1,NA,0,30,40,2020,NA,NA
"5/27/20",10:57:00,"Flyinge_30_A3","Coenagrion_pulchellum","Teneral",1,NA,0,35,40,2020,NA,NA
"5/27/20",10:57:00,"Flyinge_30_A3","Coenagrion_pulchellum","Teneral",1,NA,0,20,40,2020,NA,NA
"5/27/20",10:57:00,"Flyinge_30_A3","Erythromma_najas","Immature",1,NA,0,0,40,2020,NA,NA
"5/27/20",10:57:00,"Flyinge_30_A3","Coenagrion_pulchellum","Teneral",1,NA,0,31,40,2020,NA,NA
"5/27/20",10:57:00,"Flyinge_30_A3","Ischnura_elegans","Immature",0,"Androchrome",0,0,40,2020,"Androchrome",NA
"5/27/20",10:57:00,"Flyinge_30_A3","Ischnura_elegans","Immature",0,"Gynochrome",0,0,40,2020,"Androchrome","Violacea_(Androchrome)"
"5/27/20",10:57:00,"Flyinge_30_A3","Ischnura_elegans","Immature",0,"Gynochrome",0,4,40,2020,"Androchrome","Violacea_(Androchrome)"
"5/27/20",10:57:00,"Flyinge_30_A3","Ischnura_elegans","Immature",0,"Gynochrome",0,0,40,2020,"Androchrome","Violacea_(Androchrome)"
"5/27/20",10:57:00,"Flyinge_30_A3","Ischnura_elegans","Immature",0,"Gynochrome",0,10,40,2020,"Androchrome","Violacea_(Androchrome)"
"5/27/20",10:57:00,"Flyinge_30_A3","Ischnura_elegans","Immature",0,"Gynochrome",0,0,40,2020,"Infuscans_obsoleta","Infuscans_obsoleta_(Rufescens)"
"5/27/20",10:57:00,"Flyinge_30_A3","Ischnura_elegans","Teneral",0,NA,0,0,40,2020,NA,NA
"5/27/20",10:57:00,"Flyinge_30_A3","Ischnura_elegans","Teneral",0,NA,0,0,40,2020,NA,NA
"5/27/20",10:57:00,"Flyinge_30_A3","Ischnura_elegans","Teneral",0,NA,0,1,40,2020,NA,NA
"5/27/20",10:57:00,"Flyinge_30_A3","Ischnura_elegans","Teneral",0,NA,0,0,40,2020,NA,NA
"5/27/20",10:57:00,"Flyinge_30_A3","Ischnura_elegans","Immature",1,NA,0,0,40,2020,NA,NA
"5/27/20",10:57:00,"Flyinge_30_A3","Ischnura_elegans","Immature",1,NA,0,1,40,2020,NA,NA
"5/27/20",10:57:00,"Flyinge_30_A3","Ischnura_elegans","Immature",1,NA,0,0,40,2020,NA,NA
"5/27/20",10:57:00,"Flyinge_30_A3","Ischnura_elegans","Teneral",1,NA,0,0,40,2020,NA,NA
"5/27/20",10:57:00,"Flyinge_30_A3","Ischnura_elegans","Immature",1,NA,0,0,40,2020,NA,NA
"5/27/20",10:57:00,"Flyinge_30_A3","Ischnura_elegans","Teneral",1,NA,0,0,40,2020,NA,NA
"5/27/20",10:57:00,"Flyinge_30_A3","Ischnura_elegans","Teneral",1,NA,0,0,40,2020,NA,NA
"5/27/20",10:57:00,"Flyinge_30_A3","Brachytron_pratense",NA,NA,NA,0,NA,40,2020,NA,NA
"6/10/20",09:28:00,"Flyinge_30_A3","Coenagrion_pulchellum","Mature",0,"Gynochrome",1,0,40,2020,NA,NA
"6/10/20",09:28:00,"Flyinge_30_A3","Coenagrion_pulchellum","Mature",1,NA,1,1,40,2020,NA,NA
"6/10/20",09:28:00,"Flyinge_30_A3","Coenagrion_pulchellum","Mature",1,NA,1,0,40,2020,NA,NA
"6/10/20",09:28:00,"Flyinge_30_A3","Coenagrion_pulchellum","Mature",0,"Gynochrome",1,21,40,2020,NA,NA
"6/10/20",09:28:00,"Flyinge_30_A3","Ischnura_elegans","Mature",0,"Gynochrome",1,0,40,2020,"Infuscans_obsoleta",NA
"6/10/20",09:28:00,"Flyinge_30_A3","Ischnura_elegans","Mature",1,NA,1,0,40,2020,NA,NA
"6/10/20",09:28:00,"Flyinge_30_A3","Coenagrion_pulchellum","Mature",0,"Gynochrome",1,0,40,2020,NA,NA
"6/10/20",09:28:00,"Flyinge_30_A3","Coenagrion_pulchellum","Mature",1,NA,1,0,40,2020,NA,NA
"6/10/20",09:28:00,"Flyinge_30_A3","Coenagrion_pulchellum","Mature",1,NA,0,0,40,2020,NA,NA
"6/10/20",09:28:00,"Flyinge_30_A3","Ischnura_elegans","Mature",1,NA,0,0,40,2020,NA,NA
"6/10/20",09:28:00,"Flyinge_30_A3","Ischnura_elegans","Immature",0,"Gynochrome",0,0,40,2020,"Infuscans","Violacea_(Infuscans)"
"6/10/20",09:28:00,"Flyinge_30_A3","Coenagrion_pulchellum","Mature",1,NA,0,13,40,2020,NA,NA
"6/10/20",09:28:00,"Flyinge_30_A3","Coenagrion_puella","Mature",1,NA,0,61,40,2020,NA,NA
"6/10/20",09:28:00,"Flyinge_30_A3","Ischnura_elegans","Immature",1,NA,0,0,40,2020,NA,NA
"6/10/20",09:28:00,"Flyinge_30_A3","Coenagrion_pulchellum","Immature",0,"Gynochrome",0,59,40,2020,NA,NA
"6/10/20",09:28:00,"Flyinge_30_A3","Coenagrion_pulchellum","Mature",1,NA,0,12,40,2020,NA,NA
"6/10/20",09:28:00,"Flyinge_30_A3","Ischnura_elegans","Immature",0,"Gynochrome",0,0,40,2020,"Androchrome","Violacea_(Androchrome)"
"6/10/20",09:28:00,"Flyinge_30_A3","Calopteryx_splendens","Mature",1,NA,0,0,40,2020,NA,NA
"6/10/20",09:28:00,"Flyinge_30_A3","Coenagrion_pulchellum","Mature",0,"Gynochrome",0,3,40,2020,NA,NA
"6/10/20",09:28:00,"Flyinge_30_A3","Coenagrion_pulchellum","Immature",0,"Gynochrome",0,0,40,2020,NA,NA
"6/10/20",09:28:00,"Flyinge_30_A3","Ischnura_elegans","Mature",1,NA,0,0,40,2020,NA,NA
"6/10/20",09:28:00,"Flyinge_30_A3","Coenagrion_pulchellum","Mature",1,NA,0,0,40,2020,NA,NA
"6/10/20",09:28:00,"Flyinge_30_A3","Ischnura_elegans","Mature",1,NA,0,0,40,2020,NA,NA
"6/10/20",09:28:00,"Flyinge_30_A3","Ischnura_elegans","Mature",1,NA,0,0,40,2020,NA,NA
"6/10/20",09:28:00,"Flyinge_30_A3","Coenagrion_pulchellum","Teneral",1,NA,0,24,40,2020,NA,NA
"6/10/20",09:28:00,"Flyinge_30_A3","Coenagrion_pulchellum","Mature",1,NA,0,0,40,2020,NA,NA
"6/10/20",09:28:00,"Flyinge_30_A3","Ischnura_elegans","Mature",1,NA,0,0,40,2020,NA,NA
"6/10/20",09:28:00,"Flyinge_30_A3","Ischnura_elegans","Immature",0,"Gynochrome",0,0,40,2020,"Androchrome","Violacea_(Androchrome)"
"6/10/20",09:28:00,"Flyinge_30_A3","Ischnura_elegans","Immature",1,NA,0,0,40,2020,NA,NA
"6/10/20",09:28:00,"Flyinge_30_A3","Coenagrion_pulchellum","Teneral",0,NA,0,0,40,2020,NA,NA
"6/10/20",09:28:00,"Flyinge_30_A3","Coenagrion_pulchellum","Mature",1,NA,0,1,40,2020,NA,NA
"6/10/20",09:28:00,"Flyinge_30_A3","Ischnura_elegans","Teneral",1,NA,0,0,40,2020,NA,NA
"6/10/20",09:28:00,"Flyinge_30_A3","Ischnura_elegans","Teneral",0,NA,0,0,40,2020,NA,NA
"6/10/20",09:28:00,"Flyinge_30_A3","Ischnura_elegans","Teneral",0,NA,0,0,40,2020,NA,NA
"6/10/20",09:28:00,"Flyinge_30_A3","Ischnura_elegans","Immature",0,"Gynochrome",0,0,40,2020,"Infuscans","Violacea_(Infuscans)"
"6/10/20",09:28:00,"Flyinge_30_A3","Coenagrion_pulchellum","Immature",1,NA,0,37,40,2020,NA,NA
"6/10/20",09:28:00,"Flyinge_30_A3","Calopteryx_splendens","Mature",1,NA,0,0,40,2020,NA,NA
"6/10/20",09:28:00,"Flyinge_30_A3","Calopteryx_splendens","Immature",1,NA,0,0,40,2020,NA,NA
"6/10/20",09:28:00,"Flyinge_30_A3","Calopteryx_splendens","Mature",1,NA,0,0,40,2020,NA,NA
"6/10/20",09:28:00,"Flyinge_30_A3","Ischnura_elegans","Mature",1,NA,0,0,40,2020,NA,NA
"6/10/20",09:28:00,"Flyinge_30_A3","Ischnura_elegans","Mature",1,NA,0,0,40,2020,NA,NA
"6/10/20",09:28:00,"Flyinge_30_A3","Calopteryx_splendens","Mature",1,NA,0,0,40,2020,NA,NA
"6/10/20",09:28:00,"Flyinge_30_A3","Ischnura_elegans","Immature",0,"Gynochrome",0,0,40,2020,"Androchrome","Violacea_(Androchrome)"
"6/10/20",09:28:00,"Flyinge_30_A3","Coenagrion_pulchellum","Mature",1,NA,0,45,40,2020,NA,NA
"6/10/20",09:28:00,"Flyinge_30_A3","Coenagrion_pulchellum","Mature",1,NA,0,4,40,2020,NA,NA
"6/10/20",09:28:00,"Flyinge_30_A3","Calopteryx_splendens","Mature",1,NA,0,0,40,2020,NA,NA
"6/10/20",09:28:00,"Flyinge_30_A3","Ischnura_elegans","Mature",1,NA,0,0,40,2020,NA,NA
"6/10/20",09:28:00,"Flyinge_30_A3","Ischnura_elegans","Mature",1,NA,0,0,40,2020,NA,NA
"6/10/20",09:28:00,"Flyinge_30_A3","Ischnura_elegans","Mature",1,NA,0,0,40,2020,NA,NA
"6/10/20",09:28:00,"Flyinge_30_A3","Ischnura_elegans","Immature",0,"Gynochrome",0,0,40,2020,"Infuscans","Violacea_(Infuscans)"
"6/10/20",09:28:00,"Flyinge_30_A3","Coenagrion_pulchellum","Immature",0,"Gynochrome",0,0,40,2020,NA,NA
"6/10/20",09:28:00,"Flyinge_30_A3","Ischnura_elegans","Immature",0,"Androchrome",0,1,40,2020,"Androchrome",NA
"6/10/20",09:28:00,"Flyinge_30_A3","Ischnura_elegans","Mature",1,NA,0,0,40,2020,NA,NA
"6/10/20",09:28:00,"Flyinge_30_A3","Ischnura_elegans","Mature",0,"Gynochrome",0,0,40,2020,"Infuscans","Violacea_(Infuscans)"
"6/10/20",09:28:00,"Flyinge_30_A3","Ischnura_elegans","Immature",0,"Gynochrome",0,0,40,2020,"Androchrome","Violacea_(Androchrome)"
"6/10/20",09:28:00,"Flyinge_30_A3","Erythromma_najas","Mature",1,NA,0,4,40,2020,NA,NA
"6/10/20",09:28:00,"Flyinge_30_A3","Calopteryx_splendens","Mature",1,NA,0,0,40,2020,NA,NA
"6/10/20",09:28:00,"Flyinge_30_A3","Calopteryx_splendens","Mature",0,"Gynochrome",0,0,40,2020,NA,NA
"6/10/20",09:28:00,"Flyinge_30_A3","Calopteryx_splendens","Mature",1,NA,0,0,40,2020,NA,NA
"6/10/20",09:28:00,"Flyinge_30_A3","Coenagrion_pulchellum","Immature",0,"Gynochrome",0,3,40,2020,NA,NA
"6/10/20",09:28:00,"Flyinge_30_A3","Ischnura_elegans","Mature",1,NA,0,0,40,2020,NA,NA
"6/10/20",09:28:00,"Flyinge_30_A3","Ischnura_elegans","Immature",0,"Androchrome",0,0,40,2020,"Androchrome",NA
"6/10/20",09:28:00,"Flyinge_30_A3","Ischnura_elegans","Immature",0,"Gynochrome",0,0,40,2020,"Androchrome","Violacea_(Androchrome)"
"6/10/20",09:28:00,"Flyinge_30_A3","Ischnura_elegans","Immature",1,NA,0,0,40,2020,NA,NA
"6/10/20",09:28:00,"Flyinge_30_A3","Ischnura_elegans","Immature",1,NA,0,0,40,2020,NA,NA
"6/10/20",09:28:00,"Flyinge_30_A3","Ischnura_elegans","Immature",0,"Gynochrome",0,0,40,2020,"Androchrome","Violacea_(Androchrome)"
"6/10/20",09:28:00,"Flyinge_30_A3","Ischnura_elegans","Immature",0,"Gynochrome",0,0,40,2020,"Androchrome","Violacea_(Androchrome)"
"6/10/20",09:28:00,"Flyinge_30_A3","Coenagrion_pulchellum","Mature",0,"Gynochrome",0,37,40,2020,NA,NA
"6/10/20",09:28:00,"Flyinge_30_A3","Ischnura_elegans","Immature",0,"Gynochrome",0,0,40,2020,"Infuscans_obsoleta","Infuscans_obsoleta_(Rufescens)"
"6/10/20",09:28:00,"Flyinge_30_A3","Calopteryx_splendens","Mature",0,"Gynochrome",0,0,40,2020,NA,NA
"6/10/20",09:28:00,"Flyinge_30_A3","Erythromma_najas","Immature",0,"Gynochrome",0,0,40,2020,NA,NA
"6/29/20",12:07:00,"Flyinge_30_A3","Ischnura_elegans","Mature",1,NA,1,0,30,2020,NA,NA
"6/29/20",12:07:00,"Flyinge_30_A3","Ischnura_elegans","Mature",0,"Androchrome",1,0,30,2020,"Androchrome",NA
"6/29/20",12:07:00,"Flyinge_30_A3","Ischnura_elegans","Mature",0,"Androchrome",1,1,30,2020,"Androchrome",NA
"6/29/20",12:07:00,"Flyinge_30_A3","Ischnura_elegans","Mature",1,NA,1,0,30,2020,NA,NA
"6/29/20",12:07:00,"Flyinge_30_A3","Ischnura_elegans","Mature",0,"Androchrome",1,0,30,2020,"Androchrome",NA
"6/29/20",12:07:00,"Flyinge_30_A3","Ischnura_elegans","Mature",1,NA,1,0,30,2020,NA,NA
"6/29/20",12:07:00,"Flyinge_30_A3","Anax_imperator","Mature",1,NA,0,NA,30,2020,NA,NA
"6/29/20",12:07:00,"Flyinge_30_A3","Anax_imperator","Mature",1,NA,0,NA,30,2020,NA,NA
"6/29/20",12:07:00,"Flyinge_30_A3","Anax_imperator","Mature",1,NA,0,NA,30,2020,NA,NA
"6/29/20",12:07:00,"Flyinge_30_A3","Anax_imperator","Mature",1,NA,0,NA,30,2020,NA,NA
"6/29/20",12:07:00,"Flyinge_30_A3","Anax_imperator","Mature",1,NA,0,NA,30,2020,NA,NA
"6/29/20",12:07:00,"Flyinge_30_A3","Somatochlora_metallica","Mature",NA,NA,0,NA,30,2020,NA,NA
"6/29/20",12:07:00,"Flyinge_30_A3","Aeshna_isoceles","Mature",NA,NA,0,NA,30,2020,NA,NA
"6/29/20",12:07:00,"Flyinge_30_A3","Calopteryx_splendens","Mature",1,NA,0,NA,30,2020,NA,NA
"6/29/20",12:07:00,"Flyinge_30_A3","Calopteryx_splendens","Mature",1,NA,0,NA,30,2020,NA,NA
"6/29/20",12:07:00,"Flyinge_30_A3","Calopteryx_splendens","Mature",1,NA,0,NA,30,2020,NA,NA
"6/29/20",12:07:00,"Flyinge_30_A3","Calopteryx_splendens","Mature",1,NA,0,NA,30,2020,NA,NA
"6/29/20",12:07:00,"Flyinge_30_A3","Calopteryx_splendens","Mature",1,NA,0,NA,30,2020,NA,NA
"6/29/20",12:07:00,"Flyinge_30_A3","Calopteryx_splendens","Mature",1,NA,0,NA,30,2020,NA,NA
"6/29/20",12:07:00,"Flyinge_30_A3","Calopteryx_splendens","Mature",1,NA,0,NA,30,2020,NA,NA
"6/29/20",12:07:00,"Flyinge_30_A3","Calopteryx_splendens","Mature",1,NA,0,NA,30,2020,NA,NA
"6/29/20",12:07:00,"Flyinge_30_A3","Calopteryx_splendens","Mature",1,NA,0,NA,30,2020,NA,NA
"6/29/20",12:07:00,"Flyinge_30_A3","Calopteryx_splendens","Mature",1,NA,0,NA,30,2020,NA,NA
"6/29/20",12:07:00,"Flyinge_30_A3","Calopteryx_splendens","Mature",1,NA,0,NA,30,2020,NA,NA
"6/29/20",12:07:00,"Flyinge_30_A3","Calopteryx_splendens","Mature",1,NA,0,NA,30,2020,NA,NA
"6/29/20",12:07:00,"Flyinge_30_A3","Calopteryx_splendens","Mature",1,NA,0,NA,30,2020,NA,NA
"6/29/20",12:07:00,"Flyinge_30_A3","Calopteryx_splendens","Mature",1,NA,0,NA,30,2020,NA,NA
"6/29/20",12:07:00,"Flyinge_30_A3","Calopteryx_splendens","Mature",1,NA,0,NA,30,2020,NA,NA
"6/29/20",12:07:00,"Flyinge_30_A3","Calopteryx_splendens","Mature",1,NA,0,NA,30,2020,NA,NA
"6/29/20",12:07:00,"Flyinge_30_A3","Calopteryx_splendens","Mature",1,NA,0,NA,30,2020,NA,NA
"6/29/20",12:07:00,"Flyinge_30_A3","Calopteryx_splendens","Mature",1,NA,0,NA,30,2020,NA,NA
"6/29/20",12:07:00,"Flyinge_30_A3","Calopteryx_splendens","Mature",1,NA,0,NA,30,2020,NA,NA
"6/29/20",12:07:00,"Flyinge_30_A3","Calopteryx_splendens","Mature",1,NA,0,NA,30,2020,NA,NA
"6/29/20",12:07:00,"Flyinge_30_A3","Calopteryx_splendens","Mature",1,NA,0,NA,30,2020,NA,NA
"6/29/20",12:07:00,"Flyinge_30_A3","Calopteryx_splendens","Mature",1,NA,0,NA,30,2020,NA,NA
"6/29/20",12:07:00,"Flyinge_30_A3","Calopteryx_splendens","Mature",1,NA,0,NA,30,2020,NA,NA
"6/29/20",12:07:00,"Flyinge_30_A3","Calopteryx_splendens","Mature",1,NA,0,NA,30,2020,NA,NA
"6/29/20",12:07:00,"Flyinge_30_A3","Calopteryx_splendens","Mature",1,NA,0,NA,30,2020,NA,NA
"6/29/20",12:07:00,"Flyinge_30_A3","Calopteryx_splendens","Mature",1,NA,0,NA,30,2020,NA,NA
"6/29/20",12:07:00,"Flyinge_30_A3","Calopteryx_splendens","Mature",1,NA,0,NA,30,2020,NA,NA
"6/29/20",12:07:00,"Flyinge_30_A3","Calopteryx_splendens","Mature",1,NA,0,NA,30,2020,NA,NA
"6/29/20",12:07:00,"Flyinge_30_A3","Calopteryx_splendens","Mature",1,NA,0,NA,30,2020,NA,NA
"6/29/20",12:07:00,"Flyinge_30_A3","Calopteryx_splendens","Mature",1,NA,0,NA,30,2020,NA,NA
"6/29/20",12:07:00,"Flyinge_30_A3","Calopteryx_splendens","Mature",1,NA,0,NA,30,2020,NA,NA
"6/29/20",12:07:00,"Flyinge_30_A3","Calopteryx_splendens","Mature",1,NA,0,NA,30,2020,NA,NA
"6/29/20",12:07:00,"Flyinge_30_A3","Calopteryx_splendens","Mature",1,NA,0,NA,30,2020,NA,NA
"6/29/20",12:07:00,"Flyinge_30_A3","Calopteryx_splendens","Mature",1,NA,0,NA,30,2020,NA,NA
"6/29/20",12:07:00,"Flyinge_30_A3","Calopteryx_splendens","Mature",1,NA,0,NA,30,2020,NA,NA
"6/29/20",12:07:00,"Flyinge_30_A3","Calopteryx_splendens","Mature",1,NA,0,NA,30,2020,NA,NA
"6/29/20",12:07:00,"Flyinge_30_A3","Calopteryx_splendens","Mature",1,NA,0,NA,30,2020,NA,NA
"6/29/20",12:07:00,"Flyinge_30_A3","Calopteryx_splendens","Mature",1,NA,0,NA,30,2020,NA,NA
"6/29/20",12:07:00,"Flyinge_30_A3","Calopteryx_splendens","Mature",1,NA,0,NA,30,2020,NA,NA
"6/29/20",12:07:00,"Flyinge_30_A3","Calopteryx_splendens","Mature",1,NA,0,NA,30,2020,NA,NA
"6/29/20",12:07:00,"Flyinge_30_A3","Calopteryx_splendens","Mature",1,NA,0,NA,30,2020,NA,NA
"6/29/20",12:07:00,"Flyinge_30_A3","Calopteryx_splendens","Mature",1,NA,0,NA,30,2020,NA,NA
"6/29/20",12:07:00,"Flyinge_30_A3","Calopteryx_splendens","Mature",1,NA,0,NA,30,2020,NA,NA
"6/29/20",12:07:00,"Flyinge_30_A3","Calopteryx_splendens","Mature",1,NA,0,NA,30,2020,NA,NA
"6/29/20",12:07:00,"Flyinge_30_A3","Calopteryx_splendens","Mature",1,NA,0,NA,30,2020,NA,NA
"6/29/20",12:07:00,"Flyinge_30_A3","Calopteryx_splendens","Mature",1,NA,0,NA,30,2020,NA,NA
"6/29/20",12:07:00,"Flyinge_30_A3","Calopteryx_splendens","Mature",1,NA,0,NA,30,2020,NA,NA
"6/29/20",12:07:00,"Flyinge_30_A3","Calopteryx_splendens","Mature",1,NA,0,NA,30,2020,NA,NA
"6/29/20",12:07:00,"Flyinge_30_A3","Calopteryx_splendens","Mature",1,NA,0,NA,30,2020,NA,NA
"6/29/20",12:07:00,"Flyinge_30_A3","Calopteryx_splendens","Mature",1,NA,0,NA,30,2020,NA,NA
"6/29/20",12:07:00,"Flyinge_30_A3","Calopteryx_splendens","Mature",0,"Gynochrome",0,NA,30,2020,NA,NA
"6/29/20",12:07:00,"Flyinge_30_A3","Calopteryx_splendens","Mature",0,"Gynochrome",0,NA,30,2020,NA,NA
"6/29/20",12:07:00,"Flyinge_30_A3","Calopteryx_splendens","Mature",0,"Gynochrome",0,NA,30,2020,NA,NA
"6/29/20",12:07:00,"Flyinge_30_A3","Calopteryx_splendens","Mature",0,"Gynochrome",0,NA,30,2020,NA,NA
"6/29/20",12:07:00,"Flyinge_30_A3","Calopteryx_splendens","Mature",0,"Gynochrome",0,NA,30,2020,NA,NA
"6/29/20",12:07:00,"Flyinge_30_A3","Calopteryx_splendens","Mature",0,"Gynochrome",0,NA,30,2020,NA,NA
"6/29/20",12:07:00,"Flyinge_30_A3","Calopteryx_splendens","Mature",0,"Gynochrome",0,NA,30,2020,NA,NA
"6/29/20",12:07:00,"Flyinge_30_A3","Calopteryx_splendens","Mature",0,"Gynochrome",0,NA,30,2020,NA,NA
"6/29/20",12:07:00,"Flyinge_30_A3","Calopteryx_splendens","Mature",0,"Gynochrome",0,NA,30,2020,NA,NA
"6/29/20",12:07:00,"Flyinge_30_A3","Calopteryx_splendens","Mature",0,"Gynochrome",0,NA,30,2020,NA,NA
"6/29/20",12:07:00,"Flyinge_30_A3","Sympetrum_sanguineum","Teneral",0,NA,0,0,30,2020,NA,NA
"6/29/20",12:07:00,"Flyinge_30_A3","Ischnura_elegans","Mature",0,"Androchrome",0,0,30,2020,"Androchrome",NA
"6/29/20",12:07:00,"Flyinge_30_A3","Ischnura_elegans","Mature",1,NA,0,0,30,2020,NA,NA
"6/29/20",12:07:00,"Flyinge_30_A3","Ischnura_elegans","Mature",1,NA,0,0,30,2020,NA,NA
"6/29/20",12:07:00,"Flyinge_30_A3","Ischnura_elegans","Immature",0,"Gynochrome",0,0,30,2020,"Androchrome","Violacea_(Androchrome)"
"6/29/20",12:07:00,"Flyinge_30_A3","Ischnura_elegans","Mature",1,NA,0,0,30,2020,NA,NA
"6/29/20",12:07:00,"Flyinge_30_A3","Ischnura_elegans","Immature",0,"Gynochrome",0,0,30,2020,"Androchrome","Violacea_(Androchrome)"
"6/29/20",12:07:00,"Flyinge_30_A3","Coenagrion_pulchellum","Mature",1,NA,0,2,30,2020,NA,NA
"6/29/20",12:07:00,"Flyinge_30_A3","Ischnura_elegans","Immature",1,NA,0,0,30,2020,NA,NA
"6/29/20",12:07:00,"Flyinge_30_A3","Ischnura_elegans","Immature",1,NA,0,0,30,2020,NA,NA
"6/29/20",12:07:00,"Flyinge_30_A3","Ischnura_elegans","Immature",0,"Gynochrome",0,0,30,2020,"Androchrome","Violacea_(Androchrome)"
"6/29/20",12:07:00,"Flyinge_30_A3","Coenagrion_pulchellum","Mature",1,NA,0,0,30,2020,NA,NA
"6/29/20",12:07:00,"Flyinge_30_A3","Coenagrion_pulchellum","Mature",1,NA,0,1,30,2020,NA,NA
"6/29/20",12:07:00,"Flyinge_30_A3","Platycnemis_pennipes","Immature",1,NA,0,0,30,2020,NA,NA
"6/29/20",12:07:00,"Flyinge_30_A3","Ischnura_elegans","Immature",1,NA,0,0,30,2020,NA,NA
"6/29/20",12:07:00,"Flyinge_30_A3","Ischnura_elegans","Mature",1,NA,0,0,30,2020,NA,NA
"6/29/20",12:07:00,"Flyinge_30_A3","Coenagrion_pulchellum","Mature",1,NA,0,0,30,2020,NA,NA
"6/29/20",12:07:00,"Flyinge_30_A3","Ischnura_elegans","Immature",0,"Gynochrome",0,0,30,2020,"Androchrome","Violacea_(Androchrome)"
"6/29/20",12:07:00,"Flyinge_30_A3","Ischnura_elegans","Immature",0,"Gynochrome",0,0,30,2020,"Infuscans","Violacea_(Infuscans)"
"6/29/20",12:07:00,"Flyinge_30_A3","Ischnura_elegans","Immature",0,"Gynochrome",0,0,30,2020,"Infuscans","Violacea_(Infuscans)"
"6/29/20",12:07:00,"Flyinge_30_A3","Ischnura_elegans","Mature",1,NA,0,0,30,2020,NA,NA
"6/29/20",12:07:00,"Flyinge_30_A3","Ischnura_elegans","Immature",1,NA,0,0,30,2020,NA,NA
"6/29/20",12:07:00,"Flyinge_30_A3","Ischnura_elegans","Mature",1,NA,0,0,30,2020,NA,NA
"6/29/20",12:07:00,"Flyinge_30_A3","Ischnura_elegans","Immature",0,"Gynochrome",0,0,30,2020,"Androchrome","Violacea_(Androchrome)"
"6/29/20",12:07:00,"Flyinge_30_A3","Ischnura_elegans","Mature",1,NA,0,0,30,2020,NA,NA
"6/29/20",12:07:00,"Flyinge_30_A3","Ischnura_elegans","Teneral",0,"Gynochrome",0,0,30,2020,"Infuscans_obsoleta","Infuscans_obsoleta_(Rufescens)"
"6/29/20",12:07:00,"Flyinge_30_A3","Ischnura_elegans","Immature",1,NA,0,0,30,2020,NA,NA
"6/29/20",12:07:00,"Flyinge_30_A3","Ischnura_elegans","Immature",0,"Gynochrome",0,0,30,2020,"Androchrome","Violacea_(Androchrome)"
"6/29/20",12:07:00,"Flyinge_30_A3","Ischnura_elegans","Immature",0,"Gynochrome",0,0,30,2020,"Androchrome","Violacea_(Androchrome)"
"6/29/20",12:07:00,"Flyinge_30_A3","Ischnura_elegans","Teneral",0,NA,0,0,30,2020,NA,NA
"7/11/20",13:17:00,"Genarp","Ischnura_elegans","Mature",0,"Androchrome",0,3,60,2020,"Androchrome",NA
"7/11/20",13:17:00,"Genarp","Ischnura_elegans","Mature",0,"Androchrome",1,0,60,2020,"Androchrome",NA
"7/11/20",13:17:00,"Genarp","Ischnura_elegans","Mature",0,"Androchrome",1,0,60,2020,"Androchrome",NA
"7/11/20",13:17:00,"Genarp","Ischnura_elegans","Mature",0,"Androchrome",1,0,60,2020,"Androchrome",NA
"7/11/20",13:17:00,"Genarp","Ischnura_elegans","Mature",0,"Androchrome",1,0,60,2020,"Androchrome",NA
"7/11/20",13:17:00,"Genarp","Erythromma_najas","Mature",0,"Androchrome",0,0,60,2020,NA,NA
"7/11/20",13:17:00,"Genarp","Ischnura_elegans","Mature",0,"Androchrome",0,0,60,2020,"Androchrome",NA
"7/11/20",13:17:00,"Genarp","Ischnura_elegans","Mature",0,"Androchrome",0,0,60,2020,"Androchrome",NA
"7/19/20",17:37:00,"Genarp","Ischnura_elegans","Mature",0,"Androchrome",1,0,40,2020,"Androchrome",NA
"7/19/20",17:37:00,"Genarp","Ischnura_elegans","Mature",0,"Androchrome",1,0,40,2020,"Androchrome",NA
"7/27/20",15:47:00,"Genarp","Ischnura_elegans","Mature",0,"Androchrome",0,0,40,2020,"Androchrome",NA
"7/27/20",15:47:00,"Genarp","Ischnura_elegans","Mature",0,"Androchrome",0,0,40,2020,"Androchrome",NA
"7/11/20",13:17:00,"Genarp","Erythromma_viridulum","Immature",0,"Gynochrome",0,6,60,2020,NA,NA
"7/19/20",17:37:00,"Genarp","Sympetrum_sanguineum","Mature",0,"Gynochrome",0,0,40,2020,NA,NA
"7/27/20",15:47:00,"Genarp","Sympetrum_sanguineum","Mature",0,"Gynochrome",0,0,40,2020,NA,NA
"7/11/20",13:17:00,"Genarp","Ischnura_elegans","Mature",0,"Gynochrome",1,0,60,2020,"Infuscans",NA
"7/19/20",17:37:00,"Genarp","Ischnura_elegans","Mature",0,"Gynochrome",1,0,40,2020,"Infuscans",NA
"7/27/20",15:47:00,"Genarp","Ischnura_elegans","Mature",0,"Gynochrome",0,1,40,2020,"Infuscans",NA
"7/11/20",13:17:00,"Genarp","Sympetrum_sanguineum","Mature",1,NA,0,0,60,2020,NA,NA
"7/11/20",13:17:00,"Genarp","Sympetrum_sanguineum","Mature",1,NA,0,0,60,2020,NA,NA
"7/11/20",13:17:00,"Genarp","Sympetrum_sanguineum","Immature",1,NA,0,0,60,2020,NA,NA
"7/11/20",13:17:00,"Genarp","Sympetrum_sanguineum","Mature",0,NA,0,0,60,2020,NA,NA
"7/11/20",13:17:00,"Genarp","Sympetrum_sanguineum","Mature",1,NA,0,0,60,2020,NA,NA
"7/11/20",13:17:00,"Genarp","Sympetrum_sanguineum","Mature",1,NA,0,0,60,2020,NA,NA
"7/11/20",13:17:00,"Genarp","Sympetrum_sanguineum","Mature",1,NA,0,0,60,2020,NA,NA
"7/11/20",13:17:00,"Genarp","Sympetrum_sanguineum","Mature",1,NA,0,0,60,2020,NA,NA
"7/11/20",13:17:00,"Genarp","Sympetrum_sanguineum","Mature",1,NA,0,0,60,2020,NA,NA
"7/11/20",13:17:00,"Genarp","Sympetrum_sanguineum","Immature",1,NA,0,0,60,2020,NA,NA
"7/11/20",13:17:00,"Genarp","Sympetrum_sanguineum","Mature",0,NA,0,0,60,2020,NA,NA
"7/11/20",13:17:00,"Genarp","Sympetrum_striolatum","Immature",0,NA,0,0,60,2020,NA,NA
"7/11/20",13:17:00,"Genarp","Sympetrum_sanguineum","Mature",1,NA,0,0,60,2020,NA,NA
"7/11/20",13:17:00,"Genarp","Sympetrum_sanguineum","Immature",1,NA,0,0,60,2020,NA,NA
"7/11/20",13:17:00,"Genarp","Sympetrum_sanguineum",NA,NA,NA,0,NA,60,2020,NA,NA
"7/11/20",13:17:00,"Genarp","Sympetrum_sanguineum",NA,NA,NA,0,NA,60,2020,NA,NA
"7/11/20",13:17:00,"Genarp","Sympetrum_sanguineum",NA,NA,NA,0,NA,60,2020,NA,NA
"7/11/20",13:17:00,"Genarp","Sympetrum_sanguineum",NA,NA,NA,0,NA,60,2020,NA,NA
"7/11/20",13:17:00,"Genarp","Sympetrum_sanguineum",NA,NA,NA,0,NA,60,2020,NA,NA
"7/11/20",13:17:00,"Genarp","Sympetrum_sanguineum",NA,NA,NA,0,NA,60,2020,NA,NA
"7/11/20",13:17:00,"Genarp","Sympetrum_sanguineum",NA,NA,NA,0,NA,60,2020,NA,NA
"7/11/20",13:17:00,"Genarp","Sympetrum_sanguineum",NA,NA,NA,0,NA,60,2020,NA,NA
"7/11/20",13:17:00,"Genarp","Sympetrum_sanguineum",NA,NA,NA,0,NA,60,2020,NA,NA
"7/11/20",13:17:00,"Genarp","Sympetrum_sanguineum",NA,NA,NA,0,NA,60,2020,NA,NA
"7/11/20",13:17:00,"Genarp","Sympetrum_sanguineum",NA,NA,NA,0,NA,60,2020,NA,NA
"7/11/20",13:17:00,"Genarp","Sympetrum_sanguineum",NA,NA,NA,0,NA,60,2020,NA,NA
"7/11/20",13:17:00,"Genarp","Sympetrum_sanguineum",NA,NA,NA,0,NA,60,2020,NA,NA
"7/11/20",13:17:00,"Genarp","Sympetrum_sanguineum",NA,NA,NA,0,NA,60,2020,NA,NA
"7/11/20",13:17:00,"Genarp","Sympetrum_sanguineum",NA,NA,NA,0,NA,60,2020,NA,NA
"7/11/20",13:17:00,"Genarp","Sympetrum_sanguineum",NA,NA,NA,0,NA,60,2020,NA,NA
"7/11/20",13:17:00,"Genarp","Sympetrum_sanguineum",NA,NA,NA,0,NA,60,2020,NA,NA
"7/11/20",13:17:00,"Genarp","Sympetrum_sanguineum",NA,NA,NA,0,NA,60,2020,NA,NA
"7/11/20",13:17:00,"Genarp","Sympetrum_sanguineum",NA,NA,NA,0,NA,60,2020,NA,NA
"7/11/20",13:17:00,"Genarp","Sympetrum_sanguineum",NA,NA,NA,0,NA,60,2020,NA,NA
"7/11/20",13:17:00,"Genarp","Sympetrum_sanguineum",NA,NA,NA,0,NA,60,2020,NA,NA
"7/11/20",13:17:00,"Genarp","Sympetrum_sanguineum",NA,NA,NA,0,NA,60,2020,NA,NA
"7/11/20",13:17:00,"Genarp","Sympetrum_sanguineum",NA,NA,NA,0,NA,60,2020,NA,NA
"7/11/20",13:17:00,"Genarp","Sympetrum_sanguineum",NA,NA,NA,0,NA,60,2020,NA,NA
"7/11/20",13:17:00,"Genarp","Sympetrum_sanguineum",NA,NA,NA,0,NA,60,2020,NA,NA
"7/11/20",13:17:00,"Genarp","Ischnura_elegans","Mature",1,NA,1,0,60,2020,NA,NA
"7/11/20",13:17:00,"Genarp","Ischnura_elegans","Mature",1,NA,1,0,60,2020,NA,NA
"7/11/20",13:17:00,"Genarp","Ischnura_elegans","Mature",1,NA,1,0,60,2020,NA,NA
"7/11/20",13:17:00,"Genarp","Ischnura_elegans","Mature",1,NA,1,0,60,2020,NA,NA
"7/11/20",13:17:00,"Genarp","Ischnura_elegans","Mature",1,NA,1,0,60,2020,NA,NA
"7/11/20",13:17:00,"Genarp","Coenagrion_pulchellum","Mature",1,NA,0,0,60,2020,NA,NA
"7/11/20",13:17:00,"Genarp","Ischnura_elegans","Mature",1,NA,0,0,60,2020,NA,NA
"7/11/20",13:17:00,"Genarp","Enallagma_cyathigerum","Mature",1,NA,0,0,60,2020,NA,NA
"7/11/20",13:17:00,"Genarp","Coenagrion_puella","Immature",1,NA,0,48,60,2020,NA,NA
"7/11/20",13:17:00,"Genarp","Ischnura_elegans","Mature",1,NA,0,0,60,2020,NA,NA
"7/11/20",13:17:00,"Genarp","Ischnura_elegans","Mature",1,NA,0,0,60,2020,NA,NA
"7/11/20",13:17:00,"Genarp","Ischnura_elegans","Mature",1,NA,0,0,60,2020,NA,NA
"7/11/20",13:17:00,"Genarp","Ischnura_elegans","Mature",1,NA,0,0,60,2020,NA,NA
"7/11/20",13:17:00,"Genarp","Enallagma_cyathigerum","Mature",1,NA,0,0,60,2020,NA,NA
"7/11/20",13:17:00,"Genarp","Ischnura_elegans","Mature",1,NA,0,0,60,2020,NA,NA
"7/11/20",13:17:00,"Genarp","Enallagma_cyathigerum","Mature",1,NA,0,0,60,2020,NA,NA
"7/11/20",13:17:00,"Genarp","Coenagrion_pulchellum","Mature",1,NA,0,0,60,2020,NA,NA
"7/11/20",13:17:00,"Genarp","Ischnura_elegans","Immature",1,NA,0,0,60,2020,NA,NA
"7/11/20",13:17:00,"Genarp","Ischnura_elegans","Mature",1,NA,0,0,60,2020,NA,NA
"7/11/20",13:17:00,"Genarp","Enallagma_cyathigerum","Mature",1,NA,0,0,60,2020,NA,NA
"7/11/20",13:17:00,"Genarp","Lestes_spp",NA,NA,NA,0,NA,60,2020,NA,NA
"7/11/20",13:17:00,"Genarp","Lestes_spp",NA,NA,NA,0,NA,60,2020,NA,NA
"7/11/20",13:17:00,"Genarp","Ischnura_elegans","Mature",1,NA,0,0,60,2020,NA,NA
"7/11/20",13:17:00,"Genarp","Ischnura_elegans","Mature",1,NA,0,0,60,2020,NA,NA
"7/11/20",13:17:00,"Genarp","Ischnura_elegans","Immature",1,NA,0,0,60,2020,NA,NA
"7/11/20",13:17:00,"Genarp","Ischnura_elegans","Mature",1,NA,0,0,60,2020,NA,NA
"7/11/20",13:17:00,"Genarp","Ischnura_elegans","Mature",1,NA,0,0,60,2020,NA,NA
"7/11/20",13:17:00,"Genarp","Ischnura_elegans","Mature",1,NA,0,0,60,2020,NA,NA
"7/11/20",13:17:00,"Genarp","Ischnura_elegans","Mature",1,NA,0,0,60,2020,NA,NA
"7/11/20",13:17:00,"Genarp","Ischnura_elegans","Mature",1,NA,0,0,60,2020,NA,NA
"7/11/20",13:17:00,"Genarp","Coenagrion_pulchellum","Mature",1,NA,0,0,60,2020,NA,NA
"7/11/20",13:17:00,"Genarp","Ischnura_elegans","Mature",1,NA,0,NA,60,2020,NA,NA
"7/11/20",13:17:00,"Genarp","Ischnura_elegans","Mature",1,NA,0,0,60,2020,NA,NA
"7/11/20",13:17:00,"Genarp","Ischnura_elegans","Mature",1,NA,0,0,60,2020,NA,NA
"7/11/20",13:17:00,"Genarp","Ischnura_elegans","Mature",1,NA,0,0,60,2020,NA,NA
"7/11/20",13:17:00,"Genarp","Ischnura_elegans","Mature",1,NA,0,0,60,2020,NA,NA
"7/11/20",13:17:00,"Genarp","Enallagma_cyathigerum","Mature",1,NA,0,0,60,2020,NA,NA
"7/11/20",13:17:00,"Genarp","Ischnura_elegans","Mature",1,NA,0,0,60,2020,NA,NA
"7/11/20",13:17:00,"Genarp","Ischnura_elegans","Mature",1,NA,0,0,60,2020,NA,NA
"7/11/20",13:17:00,"Genarp","Ischnura_elegans","Immature",1,NA,0,0,60,2020,NA,NA
"7/11/20",13:17:00,"Genarp","Ischnura_elegans","Mature",1,NA,0,0,60,2020,NA,NA
"7/11/20",13:17:00,"Genarp","Ischnura_elegans","Mature",1,NA,0,0,60,2020,NA,NA
"7/11/20",13:17:00,"Genarp","Ischnura_elegans","Teneral",0,NA,0,0,60,2020,NA,NA
"7/11/20",13:17:00,"Genarp","Ischnura_elegans","Mature",1,NA,0,0,60,2020,NA,NA
"7/11/20",13:17:00,"Genarp","Ischnura_elegans","Mature",1,NA,0,0,60,2020,NA,NA
"7/11/20",13:17:00,"Genarp","Coenagrion_pulchellum","Mature",1,NA,0,0,60,2020,NA,NA
"7/11/20",13:17:00,"Genarp","Coenagrion_pulchellum","Mature",1,NA,0,0,60,2020,NA,NA
"7/11/20",13:17:00,"Genarp","Ischnura_elegans","Teneral",1,NA,0,0,60,2020,NA,NA
"7/19/20",17:37:00,"Genarp","Somatochlora_metallica","Mature",NA,NA,0,NA,40,2020,NA,NA
"7/19/20",17:37:00,"Genarp","Sympetrum_sanguineum","Mature",1,NA,0,NA,40,2020,NA,NA
"7/19/20",17:37:00,"Genarp","Sympetrum_sanguineum","Mature",1,NA,0,NA,40,2020,NA,NA
"7/19/20",17:37:00,"Genarp","Sympetrum_sanguineum","Mature",1,NA,0,NA,40,2020,NA,NA
"7/19/20",17:37:00,"Genarp","Sympetrum_sanguineum","Mature",1,NA,0,NA,40,2020,NA,NA
"7/19/20",17:37:00,"Genarp","Sympetrum_sanguineum","Mature",1,NA,0,NA,40,2020,NA,NA
"7/19/20",17:37:00,"Genarp","Sympetrum_sanguineum","Mature",1,NA,0,NA,40,2020,NA,NA
"7/19/20",17:37:00,"Genarp","Sympetrum_sanguineum","Mature",1,NA,0,NA,40,2020,NA,NA
"7/19/20",17:37:00,"Genarp","Sympetrum_sanguineum","Mature",1,NA,0,NA,40,2020,NA,NA
"7/19/20",17:37:00,"Genarp","Sympetrum_sanguineum","Mature",1,NA,0,NA,40,2020,NA,NA
"7/19/20",17:37:00,"Genarp","Sympetrum_sanguineum","Mature",1,NA,0,NA,40,2020,NA,NA
"7/19/20",17:37:00,"Genarp","Sympetrum_sanguineum","Mature",1,NA,0,NA,40,2020,NA,NA
"7/19/20",17:37:00,"Genarp","Sympetrum_sanguineum","Mature",1,NA,0,NA,40,2020,NA,NA
"7/19/20",17:37:00,"Genarp","Ischnura_elegans","Mature",1,NA,1,0,40,2020,NA,NA
"7/19/20",17:37:00,"Genarp","Ischnura_elegans","Mature",1,NA,1,0,40,2020,NA,NA
"7/19/20",17:37:00,"Genarp","Ischnura_elegans","Mature",1,NA,1,0,40,2020,NA,NA
"7/19/20",17:37:00,"Genarp","Lestes_sponsa","Mature",1,NA,0,0,40,2020,NA,NA
"7/19/20",17:37:00,"Genarp","Ischnura_elegans","Mature",1,NA,0,0,40,2020,NA,NA
"7/19/20",17:37:00,"Genarp","Ischnura_elegans","Mature",1,NA,0,0,40,2020,NA,NA
"7/19/20",17:37:00,"Genarp","Ischnura_elegans","Mature",1,NA,0,0,40,2020,NA,NA
"7/19/20",17:37:00,"Genarp","Ischnura_elegans","Immature",1,NA,0,0,40,2020,NA,NA
"7/19/20",17:37:00,"Genarp","Ischnura_elegans","Mature",1,NA,0,0,40,2020,NA,NA
"7/19/20",17:37:00,"Genarp","Ischnura_elegans","Mature",1,NA,0,1,40,2020,NA,NA
"7/19/20",17:37:00,"Genarp","Ischnura_elegans","Mature",1,NA,0,0,40,2020,NA,NA
"7/19/20",17:37:00,"Genarp","Ischnura_elegans","Mature",1,NA,0,0,40,2020,NA,NA
"7/19/20",17:37:00,"Genarp","Ischnura_elegans","Immature",1,NA,0,0,40,2020,NA,NA
"7/19/20",17:37:00,"Genarp","Ischnura_elegans","Mature",1,NA,0,0,40,2020,NA,NA
"7/19/20",17:37:00,"Genarp","Ischnura_elegans","Immature",1,NA,0,0,40,2020,NA,NA
"7/19/20",17:37:00,"Genarp","Ischnura_elegans","Mature",1,NA,0,0,40,2020,NA,NA
"7/19/20",17:37:00,"Genarp","Enallagma_cyathigerum","Mature",1,NA,0,0,40,2020,NA,NA
"7/19/20",17:37:00,"Genarp","Enallagma_cyathigerum","Mature",1,NA,0,0,40,2020,NA,NA
"7/19/20",17:37:00,"Genarp","Ischnura_elegans","Mature",1,NA,0,0,40,2020,NA,NA
"7/19/20",17:37:00,"Genarp","Ischnura_elegans","Mature",1,NA,0,0,40,2020,NA,NA
"7/19/20",17:37:00,"Genarp","Ischnura_elegans","Mature",1,NA,0,0,40,2020,NA,NA
"7/19/20",17:37:00,"Genarp","Lestes_sponsa","Mature",1,NA,0,0,40,2020,NA,NA
"7/19/20",17:37:00,"Genarp","Ischnura_elegans","Mature",1,NA,0,0,40,2020,NA,NA
"7/19/20",17:37:00,"Genarp","Enallagma_cyathigerum","Mature",1,NA,0,NA,40,2020,NA,NA
"7/19/20",17:37:00,"Genarp","Ischnura_elegans","Mature",1,NA,0,0,40,2020,NA,NA
"7/19/20",17:37:00,"Genarp","Ischnura_elegans","Immature",1,NA,0,0,40,2020,NA,NA
"7/19/20",17:37:00,"Genarp","Ischnura_elegans","Immature",1,NA,0,0,40,2020,NA,NA
"7/19/20",17:37:00,"Genarp","Ischnura_elegans","Teneral",0,NA,0,0,40,2020,NA,NA
"7/27/20",15:47:00,"Genarp","Anax_imperator","Mature",1,NA,0,NA,40,2020,NA,NA
"7/27/20",15:47:00,"Genarp","Sympetrum_sanguineum","Mature",1,NA,0,NA,40,2020,NA,NA
"7/27/20",15:47:00,"Genarp","Sympetrum_sanguineum","Mature",1,NA,0,NA,40,2020,NA,NA
"7/27/20",15:47:00,"Genarp","Sympetrum_sanguineum","Mature",1,NA,0,NA,40,2020,NA,NA
"7/27/20",15:47:00,"Genarp","Sympetrum_sanguineum","Mature",1,NA,0,NA,40,2020,NA,NA
"7/27/20",15:47:00,"Genarp","Sympetrum_sanguineum","Mature",1,NA,0,NA,40,2020,NA,NA
"7/27/20",15:47:00,"Genarp","Sympetrum_sanguineum","Mature",1,NA,0,NA,40,2020,NA,NA
"7/27/20",15:47:00,"Genarp","Sympetrum_sanguineum","Mature",1,NA,0,NA,40,2020,NA,NA
"7/27/20",15:47:00,"Genarp","Sympetrum_sanguineum","Mature",1,NA,0,NA,40,2020,NA,NA
"7/27/20",15:47:00,"Genarp","Sympetrum_sanguineum","Mature",1,NA,0,NA,40,2020,NA,NA
"7/27/20",15:47:00,"Genarp","Sympetrum_sanguineum","Mature",1,NA,0,NA,40,2020,NA,NA
"7/27/20",15:47:00,"Genarp","Sympetrum_sanguineum","Mature",1,NA,0,NA,40,2020,NA,NA
"7/27/20",15:47:00,"Genarp","Sympetrum_sanguineum","Mature",1,NA,0,NA,40,2020,NA,NA
"7/27/20",15:47:00,"Genarp","Sympetrum_sanguineum","Mature",1,NA,0,NA,40,2020,NA,NA
"7/27/20",15:47:00,"Genarp","Sympetrum_sanguineum","Mature",1,NA,0,NA,40,2020,NA,NA
"7/27/20",15:47:00,"Genarp","Sympetrum_sanguineum","Mature",1,NA,0,NA,40,2020,NA,NA
"7/27/20",15:47:00,"Genarp","Sympetrum_sanguineum","Mature",1,NA,0,0,40,2020,NA,NA
"7/27/20",15:47:00,"Genarp","Sympetrum_vulgatum","Immature",1,NA,0,0,40,2020,NA,NA
"7/27/20",15:47:00,"Genarp","Ischnura_elegans","Mature",1,NA,0,0,40,2020,NA,NA
"7/27/20",15:47:00,"Genarp","Enallagma_cyathigerum","Mature",1,NA,0,0,40,2020,NA,NA
"7/27/20",15:47:00,"Genarp","Ischnura_elegans","Mature",1,NA,0,0,40,2020,NA,NA
"7/27/20",15:47:00,"Genarp","Ischnura_elegans","Mature",1,NA,0,0,40,2020,NA,NA
"7/27/20",15:47:00,"Genarp","Enallagma_cyathigerum","Mature",1,NA,0,0,40,2020,NA,NA
"7/27/20",15:47:00,"Genarp","Coenagrion_pulchellum","Mature",1,NA,0,0,40,2020,NA,NA
"7/27/20",15:47:00,"Genarp","Enallagma_cyathigerum","Mature",1,NA,0,0,40,2020,NA,NA
"7/27/20",15:47:00,"Genarp","Coenagrion_puella","Mature",0,NA,0,2,40,2020,NA,NA
"7/27/20",15:47:00,"Genarp","Ischnura_elegans","Mature",1,NA,0,0,40,2020,NA,NA
"7/27/20",15:47:00,"Genarp","Ischnura_elegans","Mature",1,NA,0,0,40,2020,NA,NA
"7/27/20",15:47:00,"Genarp","Ischnura_elegans","Mature",1,NA,0,0,40,2020,NA,NA
"7/27/20",15:47:00,"Genarp","Ischnura_elegans","Mature",1,NA,0,0,40,2020,NA,NA
"7/27/20",15:47:00,"Genarp","Ischnura_elegans","Mature",1,NA,0,0,40,2020,NA,NA
"7/27/20",15:47:00,"Genarp","Ischnura_elegans","Mature",1,NA,0,0,40,2020,NA,NA
"7/27/20",15:47:00,"Genarp","Ischnura_elegans","Mature",1,NA,0,0,40,2020,NA,NA
"7/27/20",15:47:00,"Genarp","Enallagma_cyathigerum","Mature",1,NA,0,0,40,2020,NA,NA
"7/27/20",15:47:00,"Genarp","Ischnura_elegans","Mature",1,NA,0,0,40,2020,NA,NA
"7/27/20",15:47:00,"Genarp","Ischnura_elegans","Teneral",1,NA,0,0,40,2020,NA,NA
"7/27/20",15:47:00,"Genarp","Ischnura_elegans","Mature",1,NA,0,0,40,2020,NA,NA
"7/27/20",15:47:00,"Genarp","Enallagma_cyathigerum","Mature",1,NA,0,0,40,2020,NA,NA
"7/27/20",15:47:00,"Genarp","Ischnura_elegans","Mature",1,NA,0,0,40,2020,NA,NA
"7/27/20",15:47:00,"Genarp","Ischnura_elegans","Mature",1,NA,0,0,40,2020,NA,NA
"7/27/20",15:47:00,"Genarp","Ischnura_elegans","Mature",1,NA,0,0,40,2020,NA,NA
"7/27/20",15:47:00,"Genarp","Ischnura_elegans","Mature",1,NA,0,0,40,2020,NA,NA
"7/27/20",15:47:00,"Genarp","Ischnura_elegans","Mature",1,NA,0,0,40,2020,NA,NA
"7/27/20",15:47:00,"Genarp","Ischnura_elegans","Mature",1,NA,0,0,40,2020,NA,NA
"7/27/20",15:47:00,"Genarp","Ischnura_elegans","Mature",1,NA,0,0,40,2020,NA,NA
"7/27/20",15:47:00,"Genarp","Ischnura_elegans","Mature",1,NA,0,0,40,2020,NA,NA
"7/27/20",15:47:00,"Genarp","Ischnura_elegans","Mature",1,NA,0,0,40,2020,NA,NA
"7/27/20",15:47:00,"Genarp","Enallagma_cyathigerum","Mature",1,NA,0,0,40,2020,NA,NA
"7/27/20",15:47:00,"Genarp","Ischnura_elegans","Mature",1,NA,0,0,40,2020,NA,NA
"7/27/20",15:47:00,"Genarp","Ischnura_elegans","Mature",1,NA,0,0,40,2020,NA,NA
"7/27/20",15:47:00,"Genarp","Ischnura_elegans","Mature",1,NA,0,0,40,2020,NA,NA
"7/27/20",15:47:00,"Genarp","Ischnura_elegans","Mature",1,NA,0,0,40,2020,NA,NA
"7/11/20",13:17:00,"Genarp","Ischnura_elegans","Immature",0,"Gynochrome",0,0,60,2020,"Androchrome","Violacea_(Androchrome)"
"7/11/20",13:17:00,"Genarp","Ischnura_elegans","Immature",0,"Gynochrome",0,0,60,2020,"Androchrome","Violacea_(Androchrome)"
"7/19/20",17:37:00,"Genarp","Ischnura_elegans","Immature",0,"Gynochrome",0,0,40,2020,"Androchrome","Violacea_(Androchrome)"
"5/28/20",10:51:00,"Genarp","Coenagrion_pulchellum","Mature",1,NA,1,12,80,2020,NA,NA
"5/28/20",10:51:00,"Genarp","Coenagrion_pulchellum","Mature",0,"Gynochrome",1,2,80,2020,NA,NA
"5/28/20",10:51:00,"Genarp","Coenagrion_pulchellum","Immature",0,"Gynochrome",0,50,80,2020,NA,NA
"5/28/20",10:51:00,"Genarp","Coenagrion_pulchellum","Mature",1,NA,0,40,80,2020,NA,NA
"5/28/20",10:51:00,"Genarp","Coenagrion_pulchellum","Immature",1,NA,0,15,80,2020,NA,NA
"5/28/20",10:51:00,"Genarp","Coenagrion_pulchellum","Immature",0,"Gynochrome",0,58,80,2020,NA,NA
"5/28/20",10:51:00,"Genarp","Coenagrion_puella","Mature",1,NA,0,20,80,2020,NA,NA
"5/28/20",10:51:00,"Genarp","Coenagrion_pulchellum","Immature",1,NA,0,10,80,2020,NA,NA
"5/28/20",10:51:00,"Genarp","Coenagrion_pulchellum","Immature",0,"Gynochrome",0,70,80,2020,NA,NA
"5/28/20",10:51:00,"Genarp","Coenagrion_pulchellum","Immature",1,NA,0,1,80,2020,NA,NA
"5/28/20",10:51:00,"Genarp","Coenagrion_pulchellum","Immature",0,"Gynochrome",0,55,80,2020,NA,NA
"5/28/20",10:51:00,"Genarp","Coenagrion_pulchellum","Teneral",1,NA,0,1,80,2020,NA,NA
"5/28/20",10:51:00,"Genarp","Coenagrion_pulchellum","Immature",0,"Gynochrome",0,100,80,2020,NA,NA
"5/28/20",10:51:00,"Genarp","Coenagrion_pulchellum","Immature",1,NA,0,35,80,2020,NA,NA
"5/28/20",10:51:00,"Genarp","Coenagrion_pulchellum","Immature",1,NA,0,35,80,2020,NA,NA
"5/28/20",10:51:00,"Genarp","Coenagrion_pulchellum","Teneral",0,NA,0,110,80,2020,NA,NA
"5/28/20",10:51:00,"Genarp","Coenagrion_pulchellum","Immature",1,NA,0,35,80,2020,NA,NA
"5/28/20",10:51:00,"Genarp","Coenagrion_pulchellum","Immature",1,NA,0,16,80,2020,NA,NA
"5/28/20",10:51:00,"Genarp","Coenagrion_pulchellum","Immature",0,"Gynochrome",0,45,80,2020,NA,NA
"5/28/20",10:51:00,"Genarp","Coenagrion_pulchellum","Immature",0,"Gynochrome",0,50,80,2020,NA,NA
"5/28/20",10:51:00,"Genarp","Coenagrion_pulchellum","Immature",1,NA,0,37,80,2020,NA,NA
"5/28/20",10:51:00,"Genarp","Coenagrion_pulchellum","Teneral",1,NA,0,20,80,2020,NA,NA
"5/28/20",10:51:00,"Genarp","Coenagrion_pulchellum","Immature",0,"Gynochrome",0,55,80,2020,NA,NA
"5/28/20",10:51:00,"Genarp","Coenagrion_pulchellum","Immature",1,NA,0,45,80,2020,NA,NA
"5/28/20",10:51:00,"Genarp","Coenagrion_pulchellum","Teneral",0,NA,0,10,80,2020,NA,NA
"5/28/20",10:51:00,"Genarp","Coenagrion_pulchellum","Immature",0,"Gynochrome",0,85,80,2020,NA,NA
"5/28/20",10:51:00,"Genarp","Coenagrion_pulchellum","Teneral",1,NA,0,40,80,2020,NA,NA
"5/28/20",10:51:00,"Genarp","Coenagrion_pulchellum","Immature",1,NA,0,8,80,2020,NA,NA
"5/28/20",10:51:00,"Genarp","Coenagrion_pulchellum","Mature",0,"Gynochrome",0,43,80,2020,NA,NA
"5/28/20",10:51:00,"Genarp","Erythromma_najas","Teneral",1,NA,0,1,80,2020,NA,NA
"5/28/20",10:51:00,"Genarp","Coenagrion_pulchellum","Immature",1,NA,0,63,80,2020,NA,NA
"5/28/20",10:51:00,"Genarp","Coenagrion_pulchellum","Mature",1,NA,0,20,80,2020,NA,NA
"5/28/20",10:51:00,"Genarp","Coenagrion_pulchellum","Teneral",1,NA,0,18,80,2020,NA,NA
"5/28/20",10:51:00,"Genarp","Coenagrion_pulchellum","Immature",1,NA,0,45,80,2020,NA,NA
"5/28/20",10:51:00,"Genarp","Enallagma_cyathigerum","Teneral",0,NA,0,8,80,2020,NA,NA
"5/28/20",10:51:00,"Genarp","Coenagrion_pulchellum","Immature",1,NA,0,9,80,2020,NA,NA
"5/28/20",10:51:00,"Genarp","Coenagrion_pulchellum","Teneral",0,NA,0,49,80,2020,NA,NA
"5/28/20",10:51:00,"Genarp","Coenagrion_pulchellum","Immature",1,NA,0,45,80,2020,NA,NA
"5/28/20",10:51:00,"Genarp","Coenagrion_pulchellum","Teneral",1,NA,0,40,80,2020,NA,NA
"5/28/20",10:51:00,"Genarp","Coenagrion_pulchellum","Mature",1,NA,0,35,80,2020,NA,NA
"5/28/20",10:51:00,"Genarp","Coenagrion_pulchellum","Mature",1,NA,0,35,80,2020,NA,NA
"5/28/20",10:51:00,"Genarp","Coenagrion_pulchellum","Teneral",0,NA,0,40,80,2020,NA,NA
"5/28/20",10:51:00,"Genarp","Coenagrion_puella","Teneral",1,NA,0,40,115,2020,NA,NA
"5/28/20",10:51:00,"Genarp","Coenagrion_pulchellum","Teneral",1,NA,0,17,115,2020,NA,NA
"5/28/20",10:51:00,"Genarp","Coenagrion_pulchellum","Teneral",0,NA,0,35,115,2020,NA,NA
"5/28/20",10:51:00,"Genarp","Coenagrion_pulchellum","Teneral",1,NA,0,18,115,2020,NA,NA
"5/28/20",10:51:00,"Genarp","Coenagrion_pulchellum","Teneral",0,NA,0,37,115,2020,NA,NA
"5/28/20",10:51:00,"Genarp","Ischnura_elegans","Immature",0,"Gynochrome",0,0,115,2020,"Androchrome","Violacea_(Androchrome)"
"5/28/20",10:51:00,"Genarp","Ischnura_elegans","Teneral",0,NA,0,2,115,2020,NA,NA
"5/28/20",10:51:00,"Genarp","Ischnura_elegans","Teneral",0,NA,0,3,115,2020,NA,NA
"5/28/20",10:51:00,"Genarp","Ischnura_elegans","Immature",0,NA,0,3,115,2020,NA,NA
"5/28/20",10:51:00,"Genarp","Ischnura_elegans","Teneral",0,NA,0,0,115,2020,NA,NA
"5/28/20",10:51:00,"Genarp","Ischnura_elegans","Teneral",0,NA,0,0,115,2020,NA,NA
"5/28/20",10:51:00,"Genarp","Ischnura_elegans","Teneral",0,NA,0,0,115,2020,NA,NA
"5/28/20",10:51:00,"Genarp","Ischnura_elegans","Immature",0,"Gynochrome",0,27,115,2020,"Infuscans_obsoleta","Infuscans_obsoleta_(Rufescens)"
"5/28/20",10:51:00,"Genarp","Ischnura_elegans","Teneral",0,NA,0,0,115,2020,NA,NA
"5/28/20",10:51:00,"Genarp","Ischnura_elegans","Teneral",0,NA,0,0,115,2020,NA,NA
"5/28/20",10:51:00,"Genarp","Ischnura_elegans","Immature",0,"Gynochrome",0,0,115,2020,"Androchrome","Violacea_(Androchrome)"
"5/28/20",10:51:00,"Genarp","Ischnura_elegans","Immature",0,"Gynochrome",0,2,115,2020,"Infuscans_obsoleta","Infuscans_obsoleta_(Rufescens)"
"5/28/20",10:51:00,"Genarp","Ischnura_elegans","Teneral",0,"Gynochrome",0,0,115,2020,"Infuscans_obsoleta",NA
"5/28/20",10:51:00,"Genarp","Ischnura_elegans","Teneral",0,NA,0,1,115,2020,NA,NA
"5/28/20",10:51:00,"Genarp","Ischnura_elegans","Teneral",0,NA,0,1,115,2020,NA,NA
"5/28/20",10:51:00,"Genarp","Ischnura_elegans","Teneral",0,NA,0,0,115,2020,NA,NA
"5/28/20",10:51:00,"Genarp","Ischnura_elegans","Teneral",0,NA,0,0,115,2020,NA,NA
"5/28/20",10:51:00,"Genarp","Ischnura_elegans","Immature",1,NA,0,0,115,2020,NA,NA
"5/28/20",10:51:00,"Genarp","Ischnura_elegans","Teneral",1,NA,0,0,115,2020,NA,NA
"5/28/20",10:51:00,"Genarp","Ischnura_elegans","Immature",1,NA,0,0,115,2020,NA,NA
"5/28/20",10:51:00,"Genarp","Ischnura_elegans","Immature",1,NA,0,0,115,2020,NA,NA
"5/28/20",10:51:00,"Genarp","Ischnura_elegans","Immature",1,NA,0,0,115,2020,NA,NA
"5/28/20",10:51:00,"Genarp","Ischnura_elegans","Immature",1,NA,0,0,115,2020,NA,NA
"5/28/20",10:51:00,"Genarp","Ischnura_elegans","Teneral",1,NA,0,0,115,2020,NA,NA
"5/28/20",10:51:00,"Genarp","Ischnura_elegans","Immature",1,NA,0,1,115,2020,NA,NA
"5/28/20",10:51:00,"Genarp","Ischnura_elegans","Immature",1,NA,0,1,115,2020,NA,NA
"5/28/20",10:51:00,"Genarp","Ischnura_elegans","Immature",1,NA,0,3,115,2020,NA,NA
"5/28/20",10:51:00,"Genarp","Ischnura_elegans","Immature",1,NA,0,0,115,2020,NA,NA
"5/28/20",10:51:00,"Genarp","Ischnura_elegans","Immature",1,NA,0,0,115,2020,NA,NA
"5/28/20",10:51:00,"Genarp","Ischnura_elegans","Immature",1,NA,0,0,115,2020,NA,NA
"5/28/20",10:51:00,"Genarp","Ischnura_elegans","Immature",1,NA,0,2,115,2020,NA,NA
"5/28/20",10:51:00,"Genarp","Ischnura_elegans","Teneral",1,NA,0,0,115,2020,NA,NA
"5/28/20",10:51:00,"Genarp","Ischnura_elegans","Immature",1,NA,0,1,115,2020,NA,NA
"5/28/20",10:51:00,"Genarp","Ischnura_elegans","Teneral",1,NA,0,0,115,2020,NA,NA
"5/28/20",10:51:00,"Genarp","Ischnura_elegans","Teneral",1,NA,0,0,115,2020,NA,NA
"5/28/20",10:51:00,"Genarp","Ischnura_elegans","Teneral",1,NA,0,0,115,2020,NA,NA
"5/28/20",10:51:00,"Genarp","Ischnura_elegans","Teneral",1,NA,0,0,115,2020,NA,NA
"5/28/20",10:51:00,"Genarp","Brachytron_pratense",NA,NA,NA,0,NA,115,2020,NA,NA
"6/9/20",13:52:00,"Genarp","Calopteryx_virgo","Mature",1,NA,0,NA,25,2020,NA,NA
"6/9/20",13:52:00,"Genarp","Ischnura_elegans","Mature",0,"Gynochrome",1,0,25,2020,"Infuscans_obsoleta",NA
"6/9/20",13:52:00,"Genarp","Ischnura_elegans","Mature",1,NA,1,0,25,2020,NA,NA
"6/9/20",13:52:00,"Genarp","Ischnura_elegans","Mature",1,NA,1,0,25,2020,NA,NA
"6/9/20",13:52:00,"Genarp","Ischnura_elegans","Mature",0,"Gynochrome",1,0,25,2020,"Infuscans",NA
"6/9/20",13:52:00,"Genarp","Coenagrion_pulchellum","Mature",1,NA,1,0,25,2020,NA,NA
"6/9/20",13:52:00,"Genarp","Coenagrion_pulchellum","Mature",0,"Gynochrome",1,11,25,2020,NA,NA
"6/9/20",13:52:00,"Genarp","Ischnura_elegans","Mature",1,NA,1,0,25,2020,NA,NA
"6/9/20",13:52:00,"Genarp","Ischnura_elegans","Mature",0,"Gynochrome",1,0,25,2020,"Infuscans_obsoleta",NA
"6/9/20",13:52:00,"Genarp","Coenagrion_pulchellum","Mature",1,NA,1,2,25,2020,NA,NA
"6/9/20",13:52:00,"Genarp","Coenagrion_pulchellum","Mature",0,"Gynochrome",1,9,25,2020,NA,NA
"6/9/20",13:52:00,"Genarp","Coenagrion_pulchellum","Mature",1,NA,1,0,25,2020,NA,NA
"6/9/20",13:52:00,"Genarp","Coenagrion_pulchellum","Mature",0,"Gynochrome",1,0,25,2020,NA,NA
"6/9/20",13:52:00,"Genarp","Coenagrion_pulchellum","Mature",0,"Gynochrome",1,5,25,2020,NA,NA
"6/9/20",13:52:00,"Genarp","Coenagrion_pulchellum","Mature",1,NA,1,2,25,2020,NA,NA
"6/9/20",13:52:00,"Genarp","Ischnura_elegans","Mature",1,NA,1,0,25,2020,NA,NA
"6/9/20",13:52:00,"Genarp","Ischnura_elegans","Mature",0,"Gynochrome",1,2,25,2020,"Infuscans_obsoleta",NA
"6/9/20",13:52:00,"Genarp","Ischnura_elegans","Mature",1,NA,1,0,25,2020,NA,NA
"6/9/20",13:52:00,"Genarp","Ischnura_elegans","Mature",0,"Gynochrome",1,2,25,2020,"Infuscans",NA
"6/9/20",13:52:00,"Genarp","Ischnura_elegans","Mature",1,NA,1,0,25,2020,NA,NA
"6/9/20",13:52:00,"Genarp","Ischnura_elegans","Mature",0,"Gynochrome",1,0,25,2020,"Infuscans",NA
"6/9/20",13:52:00,"Genarp","Ischnura_elegans","Mature",0,"Androchrome",1,0,25,2020,"Androchrome",NA
"6/9/20",13:52:00,"Genarp","Ischnura_elegans","Mature",1,NA,1,0,25,2020,NA,NA
"6/9/20",13:52:00,"Genarp","Ischnura_elegans","Mature",1,NA,1,0,25,2020,NA,NA
"6/9/20",13:52:00,"Genarp","Ischnura_elegans","Mature",0,"Gynochrome",1,0,25,2020,"Infuscans",NA
"6/9/20",13:52:00,"Genarp","Ischnura_elegans","Immature",1,NA,0,0,25,2020,NA,NA
"6/9/20",13:52:00,"Genarp","Erythromma_najas","Mature",1,NA,0,0,25,2020,NA,NA
"6/9/20",13:52:00,"Genarp","Coenagrion_puella","Mature",1,NA,0,8,25,2020,NA,NA
"6/9/20",13:52:00,"Genarp","Coenagrion_pulchellum","Mature",1,NA,0,0,25,2020,NA,NA
"6/9/20",13:52:00,"Genarp","Ischnura_elegans","Immature",0,"Gynochrome",0,0,25,2020,"Androchrome","Violacea_(Androchrome)"
"6/9/20",13:52:00,"Genarp","Coenagrion_pulchellum","Teneral",0,NA,0,23,25,2020,NA,NA
"6/9/20",13:52:00,"Genarp","Ischnura_elegans","Teneral",1,NA,0,0,25,2020,NA,NA
"6/9/20",13:52:00,"Genarp","Ischnura_elegans","Teneral",0,NA,0,0,25,2020,NA,NA
"6/9/20",13:52:00,"Genarp","Coenagrion_pulchellum","Mature",1,NA,0,0,25,2020,NA,NA
"6/9/20",13:52:00,"Genarp","Coenagrion_pulchellum","Mature",1,NA,0,29,25,2020,NA,NA
"6/9/20",13:52:00,"Genarp","Ischnura_elegans","Immature",0,"Gynochrome",0,0,25,2020,"Androchrome","Violacea_(Androchrome)"
"6/9/20",13:52:00,"Genarp","Ischnura_elegans","Immature",0,"Gynochrome",0,0,25,2020,"Androchrome","Violacea_(Androchrome)"
"6/9/20",13:52:00,"Genarp","Ischnura_elegans","Teneral",1,NA,0,0,25,2020,NA,NA
"6/9/20",13:52:00,"Genarp","Coenagrion_pulchellum","Mature",1,NA,0,28,25,2020,NA,NA
"6/9/20",13:52:00,"Genarp","Ischnura_elegans","Mature",0,"Androchrome",0,0,25,2020,"Androchrome",NA
"6/9/20",13:52:00,"Genarp","Ischnura_elegans","Mature",1,NA,0,0,25,2020,NA,NA
"6/9/20",13:52:00,"Genarp","Coenagrion_pulchellum","Mature",1,NA,0,0,25,2020,NA,NA
"6/9/20",13:52:00,"Genarp","Ischnura_elegans","Teneral",0,NA,0,0,25,2020,NA,NA
"6/9/20",13:52:00,"Genarp","Erythromma_najas","Mature",1,NA,0,0,25,2020,NA,NA
"6/9/20",13:52:00,"Genarp","Ischnura_elegans","Mature",0,"Gynochrome",0,1,25,2020,"Androchrome","Violacea_(Androchrome)"
"6/9/20",13:52:00,"Genarp","Ischnura_elegans","Mature",1,NA,0,0,25,2020,NA,NA
"6/9/20",13:52:00,"Genarp","Coenagrion_pulchellum","Mature",1,NA,0,1,25,2020,NA,NA
"6/9/20",13:52:00,"Genarp","Ischnura_elegans","Immature",0,"Gynochrome",0,4,25,2020,"Androchrome","Violacea_(Androchrome)"
"6/9/20",13:52:00,"Genarp","Coenagrion_pulchellum","Mature",1,NA,0,0,25,2020,NA,NA
"6/9/20",13:52:00,"Genarp","Ischnura_elegans","Immature",1,NA,0,0,25,2020,NA,NA
"6/9/20",13:52:00,"Genarp","Ischnura_elegans","Immature",0,NA,0,0,25,2020,NA,NA
"6/9/20",13:52:00,"Genarp","Ischnura_elegans","Mature",1,NA,0,0,25,2020,NA,NA
"6/26/20",11:15:00,"Genarp","Orthetrum_cancellatum","Mature",1,NA,0,NA,60,2020,NA,NA
"6/26/20",11:15:00,"Genarp","Orthetrum_cancellatum","Mature",1,NA,0,NA,60,2020,NA,NA
"6/26/20",11:15:00,"Genarp","Orthetrum_cancellatum","Mature",1,NA,0,NA,60,2020,NA,NA
"6/26/20",11:15:00,"Genarp","Orthetrum_cancellatum","Mature",1,NA,0,NA,60,2020,NA,NA
"6/26/20",11:15:00,"Genarp","Orthetrum_cancellatum","Mature",1,NA,0,NA,60,2020,NA,NA
"6/26/20",11:15:00,"Genarp","Erythromma_najas","Mature",1,NA,0,NA,60,2020,NA,NA
"6/26/20",11:15:00,"Genarp","Anax_imperator","Mature",1,NA,0,NA,60,2020,NA,NA
"6/26/20",11:15:00,"Genarp","Calopteryx_virgo","Mature",1,NA,0,NA,60,2020,NA,NA
"6/26/20",11:15:00,"Genarp","Calopteryx_virgo","Mature",1,NA,0,NA,60,2020,NA,NA
"6/26/20",11:15:00,"Genarp","Brachytron_pratense","Mature",0,NA,0,NA,60,2020,NA,NA
"6/26/20",11:15:00,"Genarp","Ischnura_elegans","Mature",0,"Gynochrome",1,0,60,2020,"Infuscans",NA
"6/26/20",11:15:00,"Genarp","Ischnura_elegans","Mature",1,NA,1,0,60,2020,NA,NA
"6/26/20",11:15:00,"Genarp","Coenagrion_pulchellum","Mature",1,NA,1,0,60,2020,NA,NA
"6/26/20",11:15:00,"Genarp","Coenagrion_pulchellum","Mature",0,"Gynochrome",1,28,60,2020,NA,NA
"6/26/20",11:15:00,"Genarp","Coenagrion_pulchellum","Mature",1,NA,1,0,60,2020,NA,NA
"6/26/20",11:15:00,"Genarp","Coenagrion_pulchellum","Mature",0,"Gynochrome",1,9,60,2020,NA,NA
"6/26/20",11:15:00,"Genarp","Ischnura_elegans","Mature",1,NA,1,0,60,2020,NA,NA
"6/26/20",11:15:00,"Genarp","Ischnura_elegans","Mature",0,"Androchrome",1,0,60,2020,"Androchrome",NA
"6/26/20",11:15:00,"Genarp","Ischnura_elegans","Mature",1,NA,0,0,60,2020,NA,NA
"6/26/20",11:15:00,"Genarp","Coenagrion_puella","Mature",1,NA,1,0,60,2020,NA,NA
"6/26/20",11:15:00,"Genarp","Enallagma_cyathigerum","Mature",1,NA,0,0,60,2020,NA,NA
"6/26/20",11:15:00,"Genarp","Ischnura_elegans","Mature",1,NA,0,0,60,2020,NA,NA
"6/26/20",11:15:00,"Genarp","Coenagrion_pulchellum","Mature",1,NA,0,NA,60,2020,NA,NA
"6/26/20",11:15:00,"Genarp","Coenagrion_pulchellum","Mature",1,NA,0,NA,60,2020,NA,NA
"6/26/20",11:15:00,"Genarp","Coenagrion_puella","Mature",1,NA,0,0,60,2020,NA,NA
"6/26/20",11:15:00,"Genarp","Coenagrion_puella","Mature",1,NA,0,0,60,2020,NA,NA
"6/26/20",11:15:00,"Genarp","Enallagma_cyathigerum","Mature",1,NA,0,0,60,2020,NA,NA
"6/26/20",11:15:00,"Genarp","Coenagrion_pulchellum","Mature",1,NA,0,0,60,2020,NA,NA
"6/26/20",11:15:00,"Genarp","Coenagrion_pulchellum","Mature",1,NA,0,0,60,2020,NA,NA
"6/26/20",11:15:00,"Genarp","Coenagrion_pulchellum","Mature",1,NA,0,0,60,2020,NA,NA
"6/26/20",11:15:00,"Genarp","Coenagrion_pulchellum","Mature",1,NA,0,2,60,2020,NA,NA
"6/26/20",11:15:00,"Genarp","Ischnura_elegans","Mature",1,NA,0,0,60,2020,NA,NA
"6/26/20",11:15:00,"Genarp","Coenagrion_pulchellum","Mature",1,NA,0,5,60,2020,NA,NA
"6/26/20",11:15:00,"Genarp","Coenagrion_puella","Mature",1,NA,0,0,60,2020,NA,NA
"6/26/20",11:15:00,"Genarp","Enallagma_cyathigerum","Mature",1,NA,0,0,60,2020,NA,NA
"6/26/20",11:15:00,"Genarp","Ischnura_elegans","Mature",1,NA,0,0,60,2020,NA,NA
"6/26/20",11:15:00,"Genarp","Ischnura_elegans","Immature",0,"Gynochrome",0,0,60,2020,"Androchrome","Violacea_(Androchrome)"
"6/26/20",11:15:00,"Genarp","Ischnura_elegans","Mature",1,NA,0,0,60,2020,NA,NA
"6/26/20",11:15:00,"Genarp","Ischnura_elegans","Immature",0,"Gynochrome",0,0,60,2020,"Androchrome","Violacea_(Androchrome)"
"6/26/20",11:15:00,"Genarp","Ischnura_elegans","Immature",0,"Gynochrome",0,0,60,2020,"Infuscans","Violacea_(Infuscans)"
"6/26/20",11:15:00,"Genarp","Ischnura_elegans","Immature",1,NA,0,0,60,2020,NA,NA
"6/26/20",11:15:00,"Genarp","Coenagrion_pulchellum","Mature",1,NA,0,0,60,2020,NA,NA
"6/26/20",11:15:00,"Genarp","Coenagrion_pulchellum","Mature",1,NA,0,0,60,2020,NA,NA
"6/26/20",11:15:00,"Genarp","Coenagrion_pulchellum","Mature",1,NA,0,3,60,2020,NA,NA
"6/26/20",11:15:00,"Genarp","Coenagrion_pulchellum","Mature",1,NA,0,0,60,2020,NA,NA
"7/18/20",10:06:00,"Gunnesbo","Ischnura_elegans","Mature",0,"Androchrome",0,0,40,2020,"Androchrome",NA
"7/25/20",12:38:00,"Gunnesbo","Ischnura_elegans","Mature",0,"Androchrome",0,0,40,2020,"Androchrome",NA
"7/18/20",10:06:00,"Gunnesbo","Enallagma_cyathigerum","Mature",0,"Gynochrome",1,0,40,2020,NA,NA
"7/18/20",10:06:00,"Gunnesbo","Coenagrion_pulchellum","Mature",0,"Gynochrome",1,0,40,2020,NA,NA
"7/18/20",10:06:00,"Gunnesbo","Enallagma_cyathigerum","Mature",0,"Gynochrome",1,9,40,2020,NA,NA
"7/18/20",10:06:00,"Gunnesbo","Enallagma_cyathigerum","Mature",0,"Gynochrome",0,0,40,2020,NA,NA
"7/25/20",12:38:00,"Gunnesbo","Orthetrum_cancellatum","Mature",0,"Gynochrome",0,NA,40,2020,NA,NA
"7/25/20",12:38:00,"Gunnesbo","Orthetrum_cancellatum","Mature",0,"Gynochrome",0,NA,40,2020,NA,NA
"7/25/20",12:38:00,"Gunnesbo","Orthetrum_cancellatum","Mature",0,"Gynochrome",0,NA,40,2020,NA,NA
"7/25/20",12:38:00,"Gunnesbo","Orthetrum_cancellatum","Mature",0,"Gynochrome",0,NA,40,2020,NA,NA
"7/25/20",12:38:00,"Gunnesbo","Orthetrum_cancellatum","Mature",0,"Gynochrome",0,NA,40,2020,NA,NA
"7/25/20",12:38:00,"Gunnesbo","Orthetrum_cancellatum","Mature",0,"Gynochrome",0,NA,40,2020,NA,NA
"7/25/20",12:38:00,"Gunnesbo","Orthetrum_cancellatum","Mature",0,"Gynochrome",1,NA,40,2020,NA,NA
"7/25/20",12:38:00,"Gunnesbo","Orthetrum_cancellatum","Mature",0,"Gynochrome",1,NA,40,2020,NA,NA
"7/25/20",12:38:00,"Gunnesbo","Orthetrum_cancellatum","Mature",0,"Gynochrome",1,NA,40,2020,NA,NA
"7/25/20",12:38:00,"Gunnesbo","Orthetrum_cancellatum","Mature",0,"Gynochrome",1,NA,40,2020,NA,NA
"7/25/20",12:38:00,"Gunnesbo","Orthetrum_cancellatum","Mature",0,"Gynochrome",1,NA,40,2020,NA,NA
"7/25/20",12:38:00,"Gunnesbo","Anax_imperator","Mature",0,"Gynochrome",0,NA,40,2020,NA,NA
"7/25/20",12:38:00,"Gunnesbo","Anax_imperator","Mature",0,"Gynochrome",0,NA,40,2020,NA,NA
"7/25/20",12:38:00,"Gunnesbo","Aeshna_grandis","Mature",0,"Gynochrome",0,NA,40,2020,NA,NA
"7/25/20",12:38:00,"Gunnesbo","Enallagma_cyathigerum","Mature",0,"Gynochrome",1,0,40,2020,NA,NA
"7/25/20",12:38:00,"Gunnesbo","Erythromma_viridulum","Mature",0,"Gynochrome",1,0,40,2020,NA,NA
"7/25/20",12:38:00,"Gunnesbo","Enallagma_cyathigerum","Mature",0,"Gynochrome",1,0,40,2020,NA,NA
"7/25/20",12:38:00,"Gunnesbo","Enallagma_cyathigerum","Mature",0,"Gynochrome",1,NA,40,2020,NA,NA
"7/25/20",12:38:00,"Gunnesbo","Enallagma_cyathigerum","Mature",0,"Gynochrome",1,0,40,2020,NA,NA
"7/25/20",12:38:00,"Gunnesbo","Lestes_sponsa","Mature",0,"Gynochrome",1,0,40,2020,NA,NA
"7/25/20",12:38:00,"Gunnesbo","Enallagma_cyathigerum","Mature",0,"Gynochrome",0,3,40,2020,NA,NA
"7/18/20",10:06:00,"Gunnesbo","Ischnura_elegans","Mature",0,"Gynochrome",1,0,40,2020,"Infuscans",NA
"7/18/20",10:06:00,"Gunnesbo","Orthetrum_cancellatum","Mature",1,NA,0,0,40,2020,NA,NA
"7/18/20",10:06:00,"Gunnesbo","Orthetrum_cancellatum","Mature",1,NA,0,NA,40,2020,NA,NA
"7/18/20",10:06:00,"Gunnesbo","Orthetrum_cancellatum","Mature",1,NA,0,NA,40,2020,NA,NA
"7/18/20",10:06:00,"Gunnesbo","Orthetrum_cancellatum","Mature",1,NA,0,NA,40,2020,NA,NA
"7/18/20",10:06:00,"Gunnesbo","Orthetrum_cancellatum","Mature",1,NA,0,NA,40,2020,NA,NA
"7/18/20",10:06:00,"Gunnesbo","Orthetrum_cancellatum","Mature",1,NA,0,NA,40,2020,NA,NA
"7/18/20",10:06:00,"Gunnesbo","Orthetrum_cancellatum","Mature",1,NA,0,NA,40,2020,NA,NA
"7/18/20",10:06:00,"Gunnesbo","Orthetrum_cancellatum","Mature",1,NA,0,NA,40,2020,NA,NA
"7/18/20",10:06:00,"Gunnesbo","Orthetrum_cancellatum","Mature",1,NA,0,NA,40,2020,NA,NA
"7/18/20",10:06:00,"Gunnesbo","Orthetrum_cancellatum","Mature",1,NA,0,NA,40,2020,NA,NA
"7/18/20",10:06:00,"Gunnesbo","Orthetrum_cancellatum","Mature",0,NA,0,NA,40,2020,NA,NA
"7/18/20",10:06:00,"Gunnesbo","Sympetrum_sanguineum","Mature",1,NA,0,NA,40,2020,NA,NA
"7/18/20",10:06:00,"Gunnesbo","Anax_imperator","Mature",1,NA,0,NA,40,2020,NA,NA
"7/18/20",10:06:00,"Gunnesbo","Anax_imperator","Mature",1,NA,0,NA,40,2020,NA,NA
"7/18/20",10:06:00,"Gunnesbo","Anax_imperator","Mature",1,NA,0,NA,40,2020,NA,NA
"7/18/20",10:06:00,"Gunnesbo","Anax_imperator","Mature",1,NA,0,NA,40,2020,NA,NA
"7/18/20",10:06:00,"Gunnesbo","Anax_imperator","Mature",1,NA,0,NA,40,2020,NA,NA
"7/18/20",10:06:00,"Gunnesbo","Anax_imperator","Mature",1,NA,0,NA,40,2020,NA,NA
"7/18/20",10:06:00,"Gunnesbo","Libellula_quadrimaculata","Mature",NA,NA,0,NA,40,2020,NA,NA
"7/18/20",10:06:00,"Gunnesbo","Calopteryx_splendens","Mature",1,NA,0,NA,40,2020,NA,NA
"7/18/20",10:06:00,"Gunnesbo","Erythromma_najas","Mature",1,NA,0,NA,40,2020,NA,NA
"7/18/20",10:06:00,"Gunnesbo","Erythromma_najas","Mature",1,NA,0,NA,40,2020,NA,NA
"7/18/20",10:06:00,"Gunnesbo","Erythromma_najas","Mature",1,NA,0,NA,40,2020,NA,NA
"7/18/20",10:06:00,"Gunnesbo","Erythromma_najas","Mature",1,NA,0,NA,40,2020,NA,NA
"7/18/20",10:06:00,"Gunnesbo","Erythromma_najas","Mature",1,NA,0,NA,40,2020,NA,NA
"7/18/20",10:06:00,"Gunnesbo","Erythromma_najas","Mature",1,NA,0,NA,40,2020,NA,NA
"7/18/20",10:06:00,"Gunnesbo","Erythromma_najas","Mature",1,NA,0,NA,40,2020,NA,NA
"7/18/20",10:06:00,"Gunnesbo","Erythromma_najas","Mature",1,NA,0,NA,40,2020,NA,NA
"7/18/20",10:06:00,"Gunnesbo","Erythromma_najas","Mature",1,NA,0,NA,40,2020,NA,NA
"7/18/20",10:06:00,"Gunnesbo","Erythromma_najas","Mature",1,NA,0,NA,40,2020,NA,NA
"7/18/20",10:06:00,"Gunnesbo","Ischnura_elegans","Mature",1,NA,1,0,40,2020,NA,NA
"7/18/20",10:06:00,"Gunnesbo","Enallagma_cyathigerum","Mature",1,NA,1,1,40,2020,NA,NA
"7/18/20",10:06:00,"Gunnesbo","Coenagrion_pulchellum","Mature",1,NA,1,0,40,2020,NA,NA
"7/18/20",10:06:00,"Gunnesbo","Enallagma_cyathigerum","Mature",1,NA,1,0,40,2020,NA,NA
"7/18/20",10:06:00,"Gunnesbo","Enallagma_cyathigerum","Mature",1,NA,0,1,40,2020,NA,NA
"7/18/20",10:06:00,"Gunnesbo","Enallagma_cyathigerum","Mature",1,NA,0,1,40,2020,NA,NA
"7/18/20",10:06:00,"Gunnesbo","Coenagrion_pulchellum","Mature",1,NA,0,0,40,2020,NA,NA
"7/18/20",10:06:00,"Gunnesbo","Somatochlora_metallica","Mature",NA,NA,0,NA,40,2020,NA,NA
"7/18/20",10:06:00,"Gunnesbo","Coenagrion_pulchellum","Mature",1,NA,0,0,40,2020,NA,NA
"7/18/20",10:06:00,"Gunnesbo","Enallagma_cyathigerum","Mature",1,NA,0,0,40,2020,NA,NA
"7/18/20",10:06:00,"Gunnesbo","Enallagma_cyathigerum","Mature",1,NA,0,0,40,2020,NA,NA
"7/18/20",10:06:00,"Gunnesbo","Ischnura_elegans","Mature",1,NA,0,0,40,2020,NA,NA
"7/18/20",10:06:00,"Gunnesbo","Ischnura_elegans","Immature",1,NA,0,0,40,2020,NA,NA
"7/18/20",10:06:00,"Gunnesbo","Ischnura_elegans","Immature",1,NA,0,0,40,2020,NA,NA
"7/18/20",10:06:00,"Gunnesbo","Ischnura_elegans","Immature",1,NA,0,0,40,2020,NA,NA
"7/18/20",10:06:00,"Gunnesbo","Ischnura_elegans","Immature",1,NA,0,0,40,2020,NA,NA
"7/18/20",10:06:00,"Gunnesbo","Ischnura_elegans","Mature",1,NA,0,0,40,2020,NA,NA
"7/18/20",10:06:00,"Gunnesbo","Ischnura_elegans","Mature",1,NA,0,0,40,2020,NA,NA
"7/18/20",10:06:00,"Gunnesbo","Ischnura_elegans","Mature",1,NA,0,0,40,2020,NA,NA
"7/18/20",10:06:00,"Gunnesbo","Ischnura_elegans","Mature",1,NA,0,0,40,2020,NA,NA
"7/18/20",10:06:00,"Gunnesbo","Ischnura_elegans","Mature",1,NA,0,0,40,2020,NA,NA
"7/18/20",10:06:00,"Gunnesbo","Enallagma_cyathigerum","Mature",1,NA,0,0,40,2020,NA,NA
"7/18/20",10:06:00,"Gunnesbo","Ischnura_elegans","Mature",1,NA,0,0,40,2020,NA,NA
"7/25/20",12:38:00,"Gunnesbo","Orthetrum_cancellatum","Mature",1,NA,0,NA,40,2020,NA,NA
"7/25/20",12:38:00,"Gunnesbo","Orthetrum_cancellatum","Mature",1,NA,0,NA,40,2020,NA,NA
"7/25/20",12:38:00,"Gunnesbo","Orthetrum_cancellatum","Mature",1,NA,0,NA,40,2020,NA,NA
"7/25/20",12:38:00,"Gunnesbo","Orthetrum_cancellatum","Mature",1,NA,0,NA,40,2020,NA,NA
"7/25/20",12:38:00,"Gunnesbo","Orthetrum_cancellatum","Mature",1,NA,0,NA,40,2020,NA,NA
"7/25/20",12:38:00,"Gunnesbo","Orthetrum_cancellatum","Mature",1,NA,0,NA,40,2020,NA,NA
"7/25/20",12:38:00,"Gunnesbo","Orthetrum_cancellatum","Mature",1,NA,0,NA,40,2020,NA,NA
"7/25/20",12:38:00,"Gunnesbo","Orthetrum_cancellatum","Mature",1,NA,0,NA,40,2020,NA,NA
"7/25/20",12:38:00,"Gunnesbo","Orthetrum_cancellatum","Mature",1,NA,0,NA,40,2020,NA,NA
"7/25/20",12:38:00,"Gunnesbo","Orthetrum_cancellatum","Mature",1,NA,0,NA,40,2020,NA,NA
"7/25/20",12:38:00,"Gunnesbo","Orthetrum_cancellatum","Mature",1,NA,0,NA,40,2020,NA,NA
"7/25/20",12:38:00,"Gunnesbo","Orthetrum_cancellatum","Mature",1,NA,0,NA,40,2020,NA,NA
"7/25/20",12:38:00,"Gunnesbo","Orthetrum_cancellatum","Mature",1,NA,0,NA,40,2020,NA,NA
"7/25/20",12:38:00,"Gunnesbo","Orthetrum_cancellatum","Mature",1,NA,0,NA,40,2020,NA,NA
"7/25/20",12:38:00,"Gunnesbo","Orthetrum_cancellatum","Mature",1,NA,0,NA,40,2020,NA,NA
"7/25/20",12:38:00,"Gunnesbo","Orthetrum_cancellatum","Mature",1,NA,0,NA,40,2020,NA,NA
"7/25/20",12:38:00,"Gunnesbo","Orthetrum_cancellatum","Mature",1,NA,0,NA,40,2020,NA,NA
"7/25/20",12:38:00,"Gunnesbo","Orthetrum_cancellatum","Mature",1,NA,1,NA,40,2020,NA,NA
"7/25/20",12:38:00,"Gunnesbo","Orthetrum_cancellatum","Mature",1,NA,1,NA,40,2020,NA,NA
"7/25/20",12:38:00,"Gunnesbo","Orthetrum_cancellatum","Mature",1,NA,1,NA,40,2020,NA,NA
"7/25/20",12:38:00,"Gunnesbo","Orthetrum_cancellatum","Mature",1,NA,1,NA,40,2020,NA,NA
"7/25/20",12:38:00,"Gunnesbo","Orthetrum_cancellatum","Mature",1,NA,1,NA,40,2020,NA,NA
"7/25/20",12:38:00,"Gunnesbo","Anax_imperator","Mature",1,NA,0,NA,40,2020,NA,NA
"7/25/20",12:38:00,"Gunnesbo","Anax_imperator","Mature",1,NA,0,NA,40,2020,NA,NA
"7/25/20",12:38:00,"Gunnesbo","Anax_imperator","Mature",1,NA,0,NA,40,2020,NA,NA
"7/25/20",12:38:00,"Gunnesbo","Anax_imperator","Mature",1,NA,0,NA,40,2020,NA,NA
"7/25/20",12:38:00,"Gunnesbo","Anax_imperator","Mature",1,NA,0,NA,40,2020,NA,NA
"7/25/20",12:38:00,"Gunnesbo","Libellula_quadrimaculata","Mature",NA,NA,0,NA,40,2020,NA,NA
"7/25/20",12:38:00,"Gunnesbo","Libellula_quadrimaculata","Mature",NA,NA,0,NA,40,2020,NA,NA
"7/25/20",12:38:00,"Gunnesbo","Libellula_quadrimaculata","Mature",NA,NA,0,NA,40,2020,NA,NA
"7/25/20",12:38:00,"Gunnesbo","Libellula_quadrimaculata","Mature",NA,NA,0,NA,40,2020,NA,NA
"7/25/20",12:38:00,"Gunnesbo","Libellula_quadrimaculata","Mature",NA,NA,0,NA,40,2020,NA,NA
"7/25/20",12:38:00,"Gunnesbo","Sympetrum_spp","Mature",NA,NA,0,NA,40,2020,NA,NA
"7/25/20",12:38:00,"Gunnesbo","Aeshna_grandis","Mature",1,NA,0,NA,40,2020,NA,NA
"7/25/20",12:38:00,"Gunnesbo","Aeshna_grandis","Mature",1,NA,0,NA,40,2020,NA,NA
"7/25/20",12:38:00,"Gunnesbo","Aeshna_grandis","Mature",1,NA,0,NA,40,2020,NA,NA
"7/25/20",12:38:00,"Gunnesbo","Aeshna_spp",NA,NA,NA,0,NA,40,2020,NA,NA
"7/25/20",12:38:00,"Gunnesbo","Erythromma_viridulum","Mature",1,NA,0,NA,40,2020,NA,NA
"7/25/20",12:38:00,"Gunnesbo","Erythromma_viridulum","Mature",1,NA,0,NA,40,2020,NA,NA
"7/25/20",12:38:00,"Gunnesbo","Erythromma_viridulum","Mature",1,NA,0,NA,40,2020,NA,NA
"7/25/20",12:38:00,"Gunnesbo","Erythromma_viridulum","Mature",1,NA,0,NA,40,2020,NA,NA
"7/25/20",12:38:00,"Gunnesbo","Erythromma_viridulum","Mature",1,NA,0,NA,40,2020,NA,NA
"7/25/20",12:38:00,"Gunnesbo","Erythromma_viridulum","Mature",1,NA,0,NA,40,2020,NA,NA
"7/25/20",12:38:00,"Gunnesbo","Enallagma_cyathigerum","Mature",1,NA,1,0,40,2020,NA,NA
"7/25/20",12:38:00,"Gunnesbo","Erythromma_viridulum","Mature",1,NA,1,0,40,2020,NA,NA
"7/25/20",12:38:00,"Gunnesbo","Enallagma_cyathigerum","Mature",1,NA,1,13,40,2020,NA,NA
"7/25/20",12:38:00,"Gunnesbo","Enallagma_cyathigerum","Mature",1,NA,1,0,40,2020,NA,NA
"7/25/20",12:38:00,"Gunnesbo","Enallagma_cyathigerum","Mature",1,NA,1,0,40,2020,NA,NA
"7/25/20",12:38:00,"Gunnesbo","Ischnura_elegans","Mature",1,NA,1,0,40,2020,NA,NA
"7/25/20",12:38:00,"Gunnesbo","Enallagma_cyathigerum","Mature",1,NA,0,0,40,2020,NA,NA
"7/25/20",12:38:00,"Gunnesbo","Enallagma_cyathigerum","Mature",1,NA,0,0,40,2020,NA,NA
"7/25/20",12:38:00,"Gunnesbo","Ischnura_elegans","Mature",1,NA,0,0,40,2020,NA,NA
"7/25/20",12:38:00,"Gunnesbo","Enallagma_cyathigerum","Mature",1,NA,0,1,40,2020,NA,NA
"7/25/20",12:38:00,"Gunnesbo","Enallagma_cyathigerum","Mature",1,NA,0,0,40,2020,NA,NA
"7/25/20",12:38:00,"Gunnesbo","Enallagma_cyathigerum","Mature",1,NA,0,0,40,2020,NA,NA
"7/25/20",12:38:00,"Gunnesbo","Enallagma_cyathigerum","Mature",1,NA,0,0,40,2020,NA,NA
"7/25/20",12:38:00,"Gunnesbo","Ischnura_elegans","Mature",1,NA,0,0,40,2020,NA,NA
"7/25/20",12:38:00,"Gunnesbo","Enallagma_cyathigerum","Mature",1,NA,0,0,40,2020,NA,NA
"7/25/20",12:38:00,"Gunnesbo","Ischnura_elegans","Mature",1,NA,0,0,40,2020,NA,NA
"7/25/20",12:38:00,"Gunnesbo","Enallagma_cyathigerum","Mature",1,NA,0,0,40,2020,NA,NA
"7/25/20",12:38:00,"Gunnesbo","Enallagma_cyathigerum","Mature",1,NA,0,0,40,2020,NA,NA
"7/25/20",12:38:00,"Gunnesbo","Ischnura_elegans","Mature",1,NA,0,0,40,2020,NA,NA
"7/25/20",12:38:00,"Gunnesbo","Enallagma_cyathigerum","Mature",1,NA,0,0,40,2020,NA,NA
"7/25/20",12:38:00,"Gunnesbo","Ischnura_elegans","Mature",1,NA,0,0,40,2020,NA,NA
"7/25/20",12:38:00,"Gunnesbo","Enallagma_cyathigerum","Mature",1,NA,0,0,40,2020,NA,NA
"7/25/20",12:38:00,"Gunnesbo","Enallagma_cyathigerum","Mature",1,NA,0,0,40,2020,NA,NA
"7/25/20",12:38:00,"Gunnesbo","Ischnura_elegans","Mature",1,NA,0,0,40,2020,NA,NA
"7/25/20",12:38:00,"Gunnesbo","Coenagrion_pulchellum","Mature",1,NA,0,0,40,2020,NA,NA
"7/25/20",12:38:00,"Gunnesbo","Ischnura_elegans","Mature",1,NA,0,0,40,2020,NA,NA
"7/25/20",12:38:00,"Gunnesbo","Ischnura_elegans","Mature",1,NA,0,0,40,2020,NA,NA
"7/25/20",12:38:00,"Gunnesbo","Enallagma_cyathigerum","Mature",1,NA,0,0,40,2020,NA,NA
"7/18/20",10:06:00,"Gunnesbo","Ischnura_elegans","Immature",0,"Gynochrome",0,0,40,2020,"Androchrome","Violacea_(Androchrome)"
"5/22/20",11:28:00,"Gunnesbo","Ischnura_elegans","Teneral",1,NA,0,0,60,2020,NA,NA
"5/22/20",11:28:00,"Gunnesbo","Coenagrion_pulchellum","Immature",1,NA,0,2,60,2020,NA,NA
"5/22/20",11:28:00,"Gunnesbo","Coenagrion_pulchellum","Immature",1,NA,0,11,60,2020,NA,NA
"5/22/20",11:28:00,"Gunnesbo","Ischnura_elegans","Immature",1,NA,0,0,60,2020,NA,NA
"5/22/20",11:28:00,"Gunnesbo","Ischnura_elegans","Mature",1,NA,0,0,60,2020,NA,NA
"5/22/20",11:28:00,"Gunnesbo","Ischnura_elegans","Immature",1,NA,0,0,60,2020,NA,NA
"5/22/20",11:28:00,"Gunnesbo","Ischnura_elegans","Immature",1,NA,0,0,60,2020,NA,NA
"5/22/20",11:28:00,"Gunnesbo","Ischnura_elegans","Teneral",1,NA,0,0,60,2020,NA,NA
"5/22/20",11:28:00,"Gunnesbo","Ischnura_elegans","Immature",1,NA,0,0,60,2020,NA,NA
"5/22/20",11:28:00,"Gunnesbo","Ischnura_elegans","Immature",0,"Gynochrome",0,0,60,2020,"Infuscans","Violacea_(Infuscans)"
"5/22/20",11:28:00,"Gunnesbo","Ischnura_elegans","Immature",0,"Gynochrome",0,0,60,2020,"Androchrome","Violacea_(Androchrome)"
"5/22/20",11:28:00,"Gunnesbo","Ischnura_elegans","Immature",0,"Gynochrome",0,0,60,2020,"Infuscans","Violacea_(Infuscans)"
"5/22/20",11:28:00,"Gunnesbo","Ischnura_elegans","Immature",0,"Gynochrome",0,0,60,2020,"Androchrome","Violacea_(Androchrome)"
"5/22/20",11:28:00,"Gunnesbo","Ischnura_elegans","Immature",0,"Gynochrome",0,0,60,2020,"Androchrome","Violacea_(Androchrome)"
"6/3/20",15:52:00,"Gunnesbo","Brachytron_pratense","Mature",1,NA,0,NA,30,2020,NA,NA
"6/3/20",15:52:00,"Gunnesbo","Enallagma_cyathigerum","Mature",1,NA,1,0,30,2020,NA,NA
"6/3/20",15:52:00,"Gunnesbo","Enallagma_cyathigerum","Mature",0,"Gynochrome",1,0,30,2020,NA,NA
"6/3/20",15:52:00,"Gunnesbo","Ischnura_elegans","Mature",0,"Androchrome",0,0,30,2020,"Androchrome",NA
"6/3/20",15:52:00,"Gunnesbo","Ischnura_elegans","Mature",1,NA,0,0,30,2020,NA,NA
"6/3/20",15:52:00,"Gunnesbo","Ischnura_elegans","Mature",1,NA,0,0,30,2020,NA,NA
"6/3/20",15:52:00,"Gunnesbo","Coenagrion_pulchellum","Mature",1,NA,0,5,30,2020,NA,NA
"6/3/20",15:52:00,"Gunnesbo","Coenagrion_pulchellum","Mature",1,NA,0,0,30,2020,NA,NA
"6/3/20",15:52:00,"Gunnesbo","Coenagrion_pulchellum","Mature",1,NA,0,0,30,2020,NA,NA
"6/3/20",15:52:00,"Gunnesbo","Coenagrion_pulchellum","Mature",1,NA,0,16,30,2020,NA,NA
"6/3/20",15:52:00,"Gunnesbo","Ischnura_elegans","Mature",1,NA,0,0,30,2020,NA,NA
"6/3/20",15:52:00,"Gunnesbo","Coenagrion_pulchellum","Mature",1,NA,0,2,30,2020,NA,NA
"6/3/20",15:52:00,"Gunnesbo","Ischnura_elegans","Mature",1,NA,0,0,30,2020,NA,NA
"6/3/20",15:52:00,"Gunnesbo","Ischnura_elegans","Immature",1,NA,0,0,30,2020,NA,NA
"6/3/20",15:52:00,"Gunnesbo","Enallagma_cyathigerum","Mature",1,NA,0,0,30,2020,NA,NA
"6/3/20",15:52:00,"Gunnesbo","Ischnura_elegans","Immature",0,"Gynochrome",0,0,30,2020,"Infuscans","Violacea_(Infuscans)"
"6/3/20",15:52:00,"Gunnesbo","Coenagrion_pulchellum","Mature",0,"Gynochrome",0,0,30,2020,NA,NA
"6/3/20",15:52:00,"Gunnesbo","Ischnura_elegans","Mature",0,"Gynochrome",0,0,30,2020,"Infuscans",NA
"6/3/20",15:52:00,"Gunnesbo","Ischnura_elegans","Immature",1,NA,0,0,30,2020,NA,NA
"6/3/20",15:52:00,"Gunnesbo","Ischnura_elegans","Mature",1,NA,0,0,30,2020,NA,NA
"6/3/20",15:52:00,"Gunnesbo","Ischnura_elegans","Mature",0,"Gynochrome",0,0,30,2020,"Infuscans","Violacea_(Infuscans)"
"6/3/20",15:52:00,"Gunnesbo","Coenagrion_pulchellum","Mature",1,NA,0,14,30,2020,NA,NA
"6/3/20",15:52:00,"Gunnesbo","Ischnura_elegans","Immature",1,NA,0,0,30,2020,NA,NA
"6/3/20",15:52:00,"Gunnesbo","Coenagrion_pulchellum","Mature",0,"Androchrome",0,0,30,2020,NA,NA
"6/3/20",15:52:00,"Gunnesbo","Ischnura_elegans","Immature",1,NA,0,0,30,2020,NA,NA
"6/3/20",15:52:00,"Gunnesbo","Ischnura_elegans","Immature",0,"Gynochrome",0,0,30,2020,"Infuscans","Violacea_(Infuscans)"
"6/3/20",15:52:00,"Gunnesbo","Ischnura_elegans","Mature",0,"Androchrome",0,0,30,2020,"Androchrome",NA
"6/3/20",15:52:00,"Gunnesbo","Coenagrion_pulchellum","Mature",1,NA,0,6,30,2020,NA,NA
"6/3/20",15:52:00,"Gunnesbo","Enallagma_cyathigerum","Mature",1,NA,0,0,30,2020,NA,NA
"6/3/20",15:52:00,"Gunnesbo","Ischnura_elegans","Mature",0,"Gynochrome",0,0,30,2020,"Androchrome","Violacea_(Androchrome)"
"6/3/20",15:52:00,"Gunnesbo","Ischnura_elegans","Mature",1,NA,0,0,30,2020,NA,NA
"6/3/20",15:52:00,"Gunnesbo","Ischnura_elegans","Mature",1,NA,0,0,30,2020,NA,NA
"6/3/20",15:52:00,"Gunnesbo","Ischnura_elegans","Immature",1,NA,0,0,30,2020,NA,NA
"6/3/20",15:52:00,"Gunnesbo","Coenagrion_pulchellum","Immature",1,NA,0,0,30,2020,NA,NA
"6/3/20",15:52:00,"Gunnesbo","Coenagrion_puella","Immature",1,NA,0,25,30,2020,NA,NA
"6/3/20",15:52:00,"Gunnesbo","Ischnura_elegans","Immature",0,"Androchrome",0,25,30,2020,"Androchrome",NA
"6/3/20",15:52:00,"Gunnesbo","Ischnura_elegans","Mature",1,NA,0,0,30,2020,NA,NA
"6/3/20",15:52:00,"Gunnesbo","Coenagrion_pulchellum","Mature",1,NA,0,100,30,2020,NA,NA
"6/3/20",15:52:00,"Gunnesbo","Ischnura_elegans","Immature",0,"Gynochrome",0,0,30,2020,"Androchrome","Violacea_(Androchrome)"
"6/3/20",15:52:00,"Gunnesbo","Coenagrion_pulchellum","Mature",1,NA,0,6,30,2020,NA,NA
"6/3/20",15:52:00,"Gunnesbo","Coenagrion_pulchellum","Mature",1,NA,0,50,30,2020,NA,NA
"6/3/20",15:52:00,"Gunnesbo","Ischnura_elegans","Immature",0,"Gynochrome",0,0,30,2020,"Androchrome","Violacea_(Androchrome)"
"6/3/20",15:52:00,"Gunnesbo","Ischnura_elegans","Teneral",1,NA,0,0,30,2020,NA,NA
"6/3/20",15:52:00,"Gunnesbo","Ischnura_elegans","Mature",1,NA,0,0,30,2020,NA,NA
"6/3/20",15:52:00,"Gunnesbo","Coenagrion_pulchellum","Mature",0,"Gynochrome",0,1,30,2020,NA,NA
"6/3/20",15:52:00,"Gunnesbo","Ischnura_elegans","Mature",1,NA,0,0,30,2020,NA,NA
"6/24/20",17:20:00,"Gunnesbo","Libellula_quadrimaculata","Mature",NA,NA,0,NA,30,2020,NA,NA
"6/24/20",17:20:00,"Gunnesbo","Libellula_quadrimaculata","Mature",NA,NA,0,NA,30,2020,NA,NA
"6/24/20",17:20:00,"Gunnesbo","Orthetrum_cancellatum","Mature",1,NA,1,NA,30,2020,NA,NA
"6/24/20",17:20:00,"Gunnesbo","Orthetrum_cancellatum","Mature",1,NA,1,NA,30,2020,NA,NA
"6/24/20",17:20:00,"Gunnesbo","Orthetrum_cancellatum","Mature",0,NA,1,NA,30,2020,NA,NA
"6/24/20",17:20:00,"Gunnesbo","Orthetrum_cancellatum","Mature",0,NA,1,NA,30,2020,NA,NA
"6/24/20",17:20:00,"Gunnesbo","Erythromma_najas","Mature",1,NA,0,NA,30,2020,NA,NA
"6/24/20",17:20:00,"Gunnesbo","Ischnura_elegans","Mature",1,NA,1,0,30,2020,NA,NA
"6/24/20",17:20:00,"Gunnesbo","Ischnura_elegans","Mature",0,"Androchrome",1,0,30,2020,"Androchrome",NA
"6/24/20",17:20:00,"Gunnesbo","Enallagma_cyathigerum","Mature",1,NA,1,0,30,2020,NA,NA
"6/24/20",17:20:00,"Gunnesbo","Enallagma_cyathigerum","Mature",0,"Gynochrome",1,0,30,2020,NA,NA
"6/24/20",17:20:00,"Gunnesbo","Ischnura_elegans","Mature",1,NA,0,0,30,2020,NA,NA
"6/24/20",17:20:00,"Gunnesbo","Enallagma_cyathigerum","Mature",1,NA,0,0,30,2020,NA,NA
"6/24/20",17:20:00,"Gunnesbo","Enallagma_cyathigerum","Mature",1,NA,0,0,30,2020,NA,NA
"6/24/20",17:20:00,"Gunnesbo","Ischnura_elegans","Mature",1,NA,0,0,30,2020,NA,NA
"6/24/20",17:20:00,"Gunnesbo","Ischnura_elegans","Mature",1,NA,0,0,30,2020,NA,NA
"6/24/20",17:20:00,"Gunnesbo","Ischnura_elegans","Mature",1,NA,0,0,30,2020,NA,NA
"6/24/20",17:20:00,"Gunnesbo","Enallagma_cyathigerum","Mature",1,NA,0,0,30,2020,NA,NA
"6/24/20",17:20:00,"Gunnesbo","Coenagrion_pulchellum","Mature",1,NA,0,0,30,2020,NA,NA
"6/24/20",17:20:00,"Gunnesbo","Ischnura_elegans","Mature",1,NA,0,0,30,2020,NA,NA
"6/24/20",17:20:00,"Gunnesbo","Ischnura_elegans","Immature",0,"Gynochrome",0,0,30,2020,"Androchrome","Violacea_(Androchrome)"
"6/24/20",17:20:00,"Gunnesbo","Ischnura_elegans","Mature",1,NA,0,0,30,2020,NA,NA
"6/24/20",17:20:00,"Gunnesbo","Enallagma_cyathigerum","Mature",1,NA,0,0,30,2020,NA,NA
"6/24/20",17:20:00,"Gunnesbo","Ischnura_elegans","Mature",1,NA,0,0,30,2020,NA,NA
"6/24/20",17:20:00,"Gunnesbo","Ischnura_elegans","Mature",1,NA,0,0,30,2020,NA,NA
"6/24/20",17:20:00,"Gunnesbo","Ischnura_elegans","Mature",1,NA,0,0,30,2020,NA,NA
"6/24/20",17:20:00,"Gunnesbo","Ischnura_elegans","Mature",1,NA,0,0,30,2020,NA,NA
"6/24/20",17:20:00,"Gunnesbo","Ischnura_elegans","Mature",1,NA,0,0,30,2020,NA,NA
"6/24/20",17:20:00,"Gunnesbo","Ischnura_elegans","Mature",1,NA,0,0,30,2020,NA,NA
"6/24/20",17:20:00,"Gunnesbo","Ischnura_elegans","Mature",1,NA,0,0,30,2020,NA,NA
"6/24/20",17:20:00,"Gunnesbo","Ischnura_elegans","Mature",1,NA,0,0,30,2020,NA,NA
"6/24/20",17:20:00,"Gunnesbo","Coenagrion_pulchellum","Mature",1,NA,0,0,30,2020,NA,NA
"6/24/20",17:20:00,"Gunnesbo","Enallagma_cyathigerum","Teneral",1,NA,0,0,30,2020,NA,NA
"6/24/20",17:20:00,"Gunnesbo","Ischnura_elegans","Mature",1,NA,0,0,30,2020,NA,NA
"6/24/20",17:20:00,"Gunnesbo","Ischnura_elegans","Immature",0,"Gynochrome",0,0,30,2020,"Androchrome","Violacea_(Androchrome)"
"6/24/20",17:20:00,"Gunnesbo","Coenagrion_pulchellum","Mature",1,NA,0,0,30,2020,NA,NA
"6/24/20",17:20:00,"Gunnesbo","Ischnura_elegans","Mature",1,NA,0,0,30,2020,NA,NA
"6/24/20",17:20:00,"Gunnesbo","Ischnura_elegans","Mature",1,NA,0,0,30,2020,NA,NA
"6/24/20",17:20:00,"Gunnesbo","Ischnura_elegans","Mature",1,NA,0,0,30,2020,NA,NA
"6/24/20",17:20:00,"Gunnesbo","Ischnura_elegans","Mature",1,NA,0,0,30,2020,NA,NA
"6/24/20",17:20:00,"Gunnesbo","Ischnura_elegans","Immature",1,NA,0,0,30,2020,NA,NA
"6/24/20",17:20:00,"Gunnesbo","Ischnura_elegans","Mature",1,NA,0,0,30,2020,NA,NA
"6/24/20",17:20:00,"Gunnesbo","Coenagrion_pulchellum","Mature",1,NA,0,0,30,2020,NA,NA
"6/24/20",17:20:00,"Gunnesbo","Ischnura_elegans","Immature",0,"Gynochrome",0,0,30,2020,"Androchrome","Violacea_(Androchrome)"
"6/24/20",17:20:00,"Gunnesbo","Ischnura_elegans","Immature",1,NA,0,0,30,2020,NA,NA
"7/17/20",17:06:00,"Habo_Gard","Ischnura_elegans","Mature",0,"Androchrome",0,0,30,2020,"Androchrome",NA
"7/17/20",17:06:00,"Habo_Gard","Anax_imperator","Mature",1,NA,0,NA,30,2020,NA,NA
"7/17/20",17:06:00,"Habo_Gard","Somatochlora_metallica","Mature",1,NA,0,NA,30,2020,NA,NA
"7/17/20",17:06:00,"Habo_Gard","Calopteryx_splendens","Mature",1,NA,0,NA,30,2020,NA,NA
"7/17/20",17:06:00,"Habo_Gard","Ischnura_elegans","Mature",1,NA,0,0,30,2020,NA,NA
"7/17/20",17:06:00,"Habo_Gard","Ischnura_elegans","Teneral",0,NA,0,0,30,2020,NA,NA
"7/17/20",17:06:00,"Habo_Gard","Ischnura_elegans","Mature",1,NA,0,0,30,2020,NA,NA
"7/17/20",17:06:00,"Habo_Gard","Sympetrum_sanguineum","Mature",NA,NA,0,NA,30,2020,NA,NA
"7/27/20",12:50:00,"Habo_Gard","Ischnura_elegans","Mature",1,NA,0,0,20,2020,NA,NA
"7/27/20",12:50:00,"Habo_Gard","Ischnura_elegans","Mature",1,NA,0,0,20,2020,NA,NA
"7/27/20",12:50:00,"Habo_Gard","Aeshna_grandis","Mature",1,NA,0,0,20,2020,NA,NA
"7/27/20",12:50:00,"Habo_Gard","Aeshna_grandis","Mature",1,NA,0,NA,20,2020,NA,NA
"5/21/20",10:25:00,"Habo_Gard","Coenagrion_pulchellum","Mature",0,"Gynochrome",0,0,45,2020,NA,NA
"5/21/20",10:25:00,"Habo_Gard","Ischnura_elegans","Teneral",1,NA,0,0,45,2020,NA,NA
"5/21/20",10:25:00,"Habo_Gard","Ischnura_elegans","Immature",1,NA,0,0,45,2020,NA,NA
"5/21/20",10:25:00,"Habo_Gard","Ischnura_elegans","Teneral",1,NA,0,0,45,2020,NA,NA
"5/21/20",10:25:00,"Habo_Gard","Ischnura_elegans","Teneral",1,NA,0,0,45,2020,NA,NA
"5/21/20",10:25:00,"Habo_Gard","Ischnura_elegans","Teneral",1,NA,0,0,45,2020,NA,NA
"5/21/20",10:25:00,"Habo_Gard","Ischnura_elegans","Teneral",0,"Gynochrome",0,0,45,2020,"Infuscans_obsoleta",NA
"5/21/20",10:25:00,"Habo_Gard","Ischnura_elegans","Immature",0,"Gynochrome",0,0,45,2020,"Androchrome","Violacea_(Androchrome)"
"5/21/20",10:25:00,"Habo_Gard","Ischnura_elegans","Immature",0,"Gynochrome",0,0,45,2020,"Androchrome","Violacea_(Androchrome)"
"6/2/20",10:28:00,"Habo_Gard","Cordulia_aenea","Mature",NA,NA,0,NA,30,2020,NA,NA
"6/2/20",10:28:00,"Habo_Gard","Calopteryx_splendens","Mature",1,NA,0,NA,30,2020,NA,NA
"6/2/20",10:28:00,"Habo_Gard","Ischnura_elegans","Teneral",1,NA,0,0,30,2020,NA,NA
"6/2/20",10:28:00,"Habo_Gard","Ischnura_elegans","Teneral",1,NA,0,0,30,2020,NA,NA
"6/2/20",10:28:00,"Habo_Gard","Ischnura_elegans","Immature",1,NA,0,0,30,2020,NA,NA
"6/2/20",10:28:00,"Habo_Gard","Ischnura_elegans","Immature",0,"Gynochrome",0,0,30,2020,"Androchrome","Violacea_(Androchrome)"
"6/2/20",10:28:00,"Habo_Gard","Ischnura_elegans","Immature",0,"Gynochrome",0,0,30,2020,"Androchrome","Violacea_(Androchrome)"
"6/2/20",10:28:00,"Habo_Gard","Ischnura_elegans","Teneral",0,NA,0,0,30,2020,NA,NA
"6/2/20",10:28:00,"Habo_Gard","Ischnura_elegans","Immature",0,"Gynochrome",0,0,30,2020,"Androchrome","Violacea_(Androchrome)"
"6/2/20",10:28:00,"Habo_Gard","Ischnura_elegans","Teneral",0,NA,0,0,30,2020,NA,NA
"6/2/20",10:28:00,"Habo_Gard","Ischnura_elegans","Immature",1,NA,0,0,30,2020,NA,NA
"6/2/20",10:28:00,"Habo_Gard","Ischnura_elegans","Teneral",1,NA,0,0,30,2020,NA,NA
"6/2/20",10:28:00,"Habo_Gard","Ischnura_elegans","Teneral",0,NA,0,0,30,2020,NA,NA
"6/2/20",10:28:00,"Habo_Gard","Erythromma_najas","Teneral",1,NA,0,4,30,2020,NA,NA
"6/2/20",10:28:00,"Habo_Gard","Ischnura_elegans","Immature",0,"Gynochrome",0,0,30,2020,"Androchrome","Violacea_(Androchrome)"
"6/2/20",10:28:00,"Habo_Gard","Ischnura_elegans","Immature",0,"Gynochrome",0,0,30,2020,"Infuscans","Violacea_(Infuscans)"
"6/2/20",10:28:00,"Habo_Gard","Ischnura_elegans","Teneral",0,NA,0,0,30,2020,NA,NA
"6/25/20",15:49:00,"Habo_Gard","Erythromma_najas","Mature",1,NA,0,NA,30,2020,NA,NA
"6/25/20",15:49:00,"Habo_Gard","Erythromma_najas","Mature",1,NA,0,NA,30,2020,NA,NA
"6/25/20",15:49:00,"Habo_Gard","Somatochlora_metallica","Mature",NA,NA,0,NA,30,2020,NA,NA
"6/25/20",15:49:00,"Habo_Gard","Calopteryx_splendens","Mature",1,NA,0,NA,30,2020,NA,NA
"6/25/20",15:49:00,"Habo_Gard","Calopteryx_splendens","Mature",1,NA,0,NA,30,2020,NA,NA
"6/25/20",15:49:00,"Habo_Gard","Calopteryx_splendens","Mature",1,NA,0,NA,30,2020,NA,NA
"6/25/20",15:49:00,"Habo_Gard","Calopteryx_splendens","Immature",1,NA,0,NA,30,2020,NA,NA
"6/25/20",15:49:00,"Habo_Gard","Calopteryx_splendens","Immature",1,NA,0,NA,30,2020,NA,NA
"6/25/20",15:49:00,"Habo_Gard","Calopteryx_splendens","Immature",0,NA,0,NA,30,2020,NA,NA
"6/25/20",15:49:00,"Habo_Gard","Calopteryx_splendens","Immature",0,NA,0,NA,30,2020,NA,NA
"6/25/20",15:49:00,"Habo_Gard","Orthetrum_cancellatum","Mature",1,NA,0,NA,30,2020,NA,NA
"6/25/20",15:49:00,"Habo_Gard","Ischnura_elegans","Teneral",0,NA,0,0,30,2020,NA,NA
"6/25/20",15:49:00,"Habo_Gard","Ischnura_elegans","Mature",1,NA,0,0,30,2020,NA,NA
"6/25/20",15:49:00,"Habo_Gard","Ischnura_elegans","Mature",1,NA,0,0,30,2020,NA,NA
"6/25/20",15:49:00,"Habo_Gard","Ischnura_elegans","Immature",0,"Gynochrome",0,0,30,2020,"Androchrome","Violacea_(Androchrome)"
"6/25/20",15:49:00,"Habo_Gard","Ischnura_elegans","Mature",1,NA,0,0,30,2020,NA,NA
"6/25/20",15:49:00,"Habo_Gard","Ischnura_elegans","Immature",1,NA,0,0,30,2020,NA,NA
"6/25/20",15:49:00,"Habo_Gard","Ischnura_elegans","Immature",1,NA,0,0,30,2020,NA,NA
"6/25/20",15:49:00,"Habo_Gard","Enallagma_cyathigerum","Immature",0,"Gynochrome",0,0,30,2020,NA,NA
"6/25/20",15:49:00,"Habo_Gard","Ischnura_elegans","Mature",0,"Androchrome",0,0,30,2020,"Androchrome",NA
"6/25/20",15:49:00,"Habo_Gard","Ischnura_elegans","Immature",0,"Gynochrome",0,0,30,2020,"Androchrome","Violacea_(Androchrome)"
"7/14/20",15:20:00,"Hoje_A_14","Ischnura_elegans","Mature",0,"Androchrome",1,1,40,2020,"Androchrome",NA
"7/14/20",15:20:00,"Hoje_A_14","Ischnura_elegans","Mature",0,"Androchrome",1,0,40,2020,"Androchrome",NA
"7/14/20",15:20:00,"Hoje_A_14","Ischnura_elegans","Mature",0,"Androchrome",1,0,40,2020,"Androchrome",NA
"7/14/20",15:20:00,"Hoje_A_14","Ischnura_elegans","Mature",0,"Androchrome",1,0,40,2020,"Androchrome",NA
"7/14/20",15:20:00,"Hoje_A_14","Ischnura_elegans","Mature",0,"Androchrome",1,0,40,2020,"Androchrome",NA
"7/14/20",15:20:00,"Hoje_A_14","Ischnura_elegans","Mature",0,"Androchrome",0,0,40,2020,"Androchrome",NA
"7/14/20",15:20:00,"Hoje_A_14","Ischnura_elegans","Mature",0,"Androchrome",0,0,40,2020,"Androchrome",NA
"7/14/20",15:20:00,"Hoje_A_14","Ischnura_elegans","Mature",0,"Androchrome",0,0,40,2020,"Androchrome",NA
"7/25/20",09:56:00,"Hoje_A_14","Ischnura_elegans","Mature",0,"Androchrome",1,0,40,2020,"Androchrome",NA
"7/25/20",09:56:00,"Hoje_A_14","Ischnura_elegans","Mature",0,"Androchrome",0,1,40,2020,"Androchrome",NA
"7/25/20",09:56:00,"Hoje_A_14","Ischnura_elegans","Mature",0,"Androchrome",0,0,40,2020,"Androchrome",NA
"7/14/20",15:20:00,"Hoje_A_14","Orthetrum_cancellatum","Mature",0,"Gynochrome",1,NA,40,2020,NA,NA
"7/14/20",15:20:00,"Hoje_A_14","Orthetrum_cancellatum","Mature",0,"Gynochrome",1,NA,40,2020,NA,NA
"7/14/20",15:20:00,"Hoje_A_14","Orthetrum_cancellatum","Mature",0,"Gynochrome",1,NA,40,2020,NA,NA
"7/14/20",15:20:00,"Hoje_A_14","Orthetrum_cancellatum","Mature",0,"Gynochrome",1,0,40,2020,NA,NA
"7/14/20",15:20:00,"Hoje_A_14","Enallagma_cyathigerum","Mature",0,"Gynochrome",1,0,40,2020,NA,NA
"7/14/20",15:20:00,"Hoje_A_14","Lestes_sponsa","Immature",0,"Gynochrome",0,0,40,2020,NA,NA
"7/14/20",15:20:00,"Hoje_A_14","Lestes_sponsa","Mature",0,"Gynochrome",0,0,40,2020,NA,NA
"7/14/20",15:20:00,"Hoje_A_14","Lestes_sponsa","Mature",0,"Gynochrome",0,0,40,2020,NA,NA
"7/14/20",15:20:00,"Hoje_A_14","Lestes_sponsa","Mature",0,"Gynochrome",0,0,40,2020,NA,NA
"7/14/20",15:20:00,"Hoje_A_14","Aeshna_isoceles","Mature",0,"Gynochrome",0,0,40,2020,NA,NA
"7/25/20",09:56:00,"Hoje_A_14","Anax_imperator","Mature",0,"Gynochrome",0,NA,40,2020,NA,NA
"7/25/20",09:56:00,"Hoje_A_14","Sympetrum_sanguineum","Immature",0,"Gynochrome",0,NA,40,2020,NA,NA
"7/25/20",09:56:00,"Hoje_A_14","Sympetrum_sanguineum","Immature",0,"Gynochrome",0,NA,40,2020,NA,NA
"7/25/20",09:56:00,"Hoje_A_14","Enallagma_cyathigerum","Mature",0,"Gynochrome",1,3,40,2020,NA,NA
"7/25/20",09:56:00,"Hoje_A_14","Coenagrion_pulchellum","Mature",0,"Gynochrome",1,0,40,2020,NA,NA
"7/25/20",09:56:00,"Hoje_A_14","Enallagma_cyathigerum","Mature",0,"Gynochrome",1,0,40,2020,NA,NA
"7/25/20",09:56:00,"Hoje_A_14","Lestes_sponsa","Mature",0,"Gynochrome",0,0,40,2020,NA,NA
"7/25/20",09:56:00,"Hoje_A_14","Lestes_sponsa","Mature",0,"Gynochrome",0,0,40,2020,NA,NA
"7/25/20",09:56:00,"Hoje_A_14","Erythromma_viridulum","Mature",0,"Gynochrome",0,0,40,2020,NA,NA
"7/25/20",09:56:00,"Hoje_A_14","Erythromma_viridulum","Mature",0,"Gynochrome",0,0,40,2020,NA,NA
"7/14/20",15:20:00,"Hoje_A_14","Ischnura_elegans","Mature",0,"Gynochrome",1,0,40,2020,"Infuscans",NA
"7/14/20",15:20:00,"Hoje_A_14","Ischnura_elegans","Mature",0,"Gynochrome",1,0,40,2020,"Infuscans",NA
"7/14/20",15:20:00,"Hoje_A_14","Ischnura_elegans","Mature",0,"Gynochrome",1,4,40,2020,"Infuscans",NA
"7/14/20",15:20:00,"Hoje_A_14","Ischnura_elegans","Mature",0,"Gynochrome",1,NA,40,2020,"Infuscans",NA
"7/14/20",15:20:00,"Hoje_A_14","Ischnura_elegans","Mature",0,"Gynochrome",1,2,40,2020,"Infuscans",NA
"7/14/20",15:20:00,"Hoje_A_14","Orthetrum_cancellatum","Mature",1,NA,0,NA,40,2020,NA,NA
"7/14/20",15:20:00,"Hoje_A_14","Orthetrum_cancellatum","Mature",1,NA,0,NA,40,2020,NA,NA
"7/14/20",15:20:00,"Hoje_A_14","Orthetrum_cancellatum","Mature",1,NA,0,NA,40,2020,NA,NA
"7/14/20",15:20:00,"Hoje_A_14","Orthetrum_cancellatum","Mature",1,NA,0,NA,40,2020,NA,NA
"7/14/20",15:20:00,"Hoje_A_14","Orthetrum_cancellatum","Mature",1,NA,0,NA,40,2020,NA,NA
"7/14/20",15:20:00,"Hoje_A_14","Orthetrum_cancellatum","Mature",1,NA,0,NA,40,2020,NA,NA
"7/14/20",15:20:00,"Hoje_A_14","Orthetrum_cancellatum","Mature",1,NA,0,NA,40,2020,NA,NA
"7/14/20",15:20:00,"Hoje_A_14","Orthetrum_cancellatum","Mature",1,NA,0,NA,40,2020,NA,NA
"7/14/20",15:20:00,"Hoje_A_14","Orthetrum_cancellatum","Mature",1,NA,0,NA,40,2020,NA,NA
"7/14/20",15:20:00,"Hoje_A_14","Orthetrum_cancellatum","Mature",1,NA,0,NA,40,2020,NA,NA
"7/14/20",15:20:00,"Hoje_A_14","Orthetrum_cancellatum","Mature",1,NA,1,NA,40,2020,NA,NA
"7/14/20",15:20:00,"Hoje_A_14","Orthetrum_cancellatum","Mature",1,NA,1,NA,40,2020,NA,NA
"7/14/20",15:20:00,"Hoje_A_14","Orthetrum_cancellatum","Mature",1,NA,1,NA,40,2020,NA,NA
"7/14/20",15:20:00,"Hoje_A_14","Orthetrum_cancellatum","Mature",1,NA,1,0,40,2020,NA,NA
"7/14/20",15:20:00,"Hoje_A_14","Anax_imperator","Mature",1,NA,0,NA,40,2020,NA,NA
"7/14/20",15:20:00,"Hoje_A_14","Anax_imperator","Mature",1,NA,0,NA,40,2020,NA,NA
"7/14/20",15:20:00,"Hoje_A_14","Anax_imperator","Mature",1,NA,0,NA,40,2020,NA,NA
"7/14/20",15:20:00,"Hoje_A_14","Anax_imperator","Mature",1,NA,0,NA,40,2020,NA,NA
"7/14/20",15:20:00,"Hoje_A_14","Anax_imperator","Mature",1,NA,0,NA,40,2020,NA,NA
"7/14/20",15:20:00,"Hoje_A_14","Anax_imperator","Mature",1,NA,0,NA,40,2020,NA,NA
"7/14/20",15:20:00,"Hoje_A_14","Anax_imperator","Mature",1,NA,0,NA,40,2020,NA,NA
"7/14/20",15:20:00,"Hoje_A_14","Anax_imperator","Mature",1,NA,0,NA,40,2020,NA,NA
"7/14/20",15:20:00,"Hoje_A_14","Anax_imperator","Mature",0,NA,0,NA,40,2020,NA,NA
"7/14/20",15:20:00,"Hoje_A_14","Sympetrum_sanguineum","Mature",1,NA,0,NA,40,2020,NA,NA
"7/14/20",15:20:00,"Hoje_A_14","Sympetrum_sanguineum","Mature",1,NA,0,NA,40,2020,NA,NA
"7/14/20",15:20:00,"Hoje_A_14","Sympetrum_sanguineum","Mature",1,NA,0,NA,40,2020,NA,NA
"7/14/20",15:20:00,"Hoje_A_14","Sympetrum_sanguineum","Mature",1,NA,0,NA,40,2020,NA,NA
"7/14/20",15:20:00,"Hoje_A_14","Sympetrum_sanguineum","Mature",1,NA,0,NA,40,2020,NA,NA
"7/14/20",15:20:00,"Hoje_A_14","Sympetrum_sanguineum","Mature",1,NA,0,NA,40,2020,NA,NA
"7/14/20",15:20:00,"Hoje_A_14","Sympetrum_sanguineum","Mature",1,NA,0,NA,40,2020,NA,NA
"7/14/20",15:20:00,"Hoje_A_14","Ischnura_elegans","Mature",1,NA,1,0,40,2020,NA,NA
"7/14/20",15:20:00,"Hoje_A_14","Ischnura_elegans","Mature",1,NA,1,0,40,2020,NA,NA
"7/14/20",15:20:00,"Hoje_A_14","Ischnura_elegans","Mature",1,NA,1,0,40,2020,NA,NA
"7/14/20",15:20:00,"Hoje_A_14","Ischnura_elegans","Mature",1,NA,1,0,40,2020,NA,NA
"7/14/20",15:20:00,"Hoje_A_14","Ischnura_elegans","Mature",1,NA,1,0,40,2020,NA,NA
"7/14/20",15:20:00,"Hoje_A_14","Ischnura_elegans","Mature",1,NA,1,0,40,2020,NA,NA
"7/14/20",15:20:00,"Hoje_A_14","Ischnura_elegans","Mature",1,NA,1,0,40,2020,NA,NA
"7/14/20",15:20:00,"Hoje_A_14","Ischnura_elegans","Mature",1,NA,1,0,40,2020,NA,NA
"7/14/20",15:20:00,"Hoje_A_14","Ischnura_elegans","Mature",1,NA,1,0,40,2020,NA,NA
"7/14/20",15:20:00,"Hoje_A_14","Ischnura_elegans","Mature",1,NA,1,0,40,2020,NA,NA
"7/14/20",15:20:00,"Hoje_A_14","Enallagma_cyathigerum","Mature",1,NA,1,0,40,2020,NA,NA
"7/14/20",15:20:00,"Hoje_A_14","Lestes_sponsa","Mature",1,NA,0,0,40,2020,NA,NA
"7/14/20",15:20:00,"Hoje_A_14","Lestes_sponsa","Mature",1,NA,0,0,40,2020,NA,NA
"7/14/20",15:20:00,"Hoje_A_14","Enallagma_cyathigerum","Mature",1,NA,0,0,40,2020,NA,NA
"7/14/20",15:20:00,"Hoje_A_14","Lestes_sponsa","Immature",1,NA,0,0,40,2020,NA,NA
"7/14/20",15:20:00,"Hoje_A_14","Lestes_sponsa","Mature",0,NA,0,NA,40,2020,NA,NA
"7/14/20",15:20:00,"Hoje_A_14","Ischnura_elegans","Mature",1,NA,0,0,40,2020,NA,NA
"7/14/20",15:20:00,"Hoje_A_14","Lestes_sponsa","Mature",1,NA,0,0,40,2020,NA,NA
"7/14/20",15:20:00,"Hoje_A_14","Lestes_sponsa","Mature",1,NA,0,0,40,2020,NA,NA
"7/14/20",15:20:00,"Hoje_A_14","Lestes_sponsa","Mature",0,NA,0,0,40,2020,NA,NA
"7/14/20",15:20:00,"Hoje_A_14","Lestes_sponsa","Immature",1,NA,0,0,40,2020,NA,NA
"7/14/20",15:20:00,"Hoje_A_14","Lestes_sponsa","Immature",1,NA,0,0,40,2020,NA,NA
"7/14/20",15:20:00,"Hoje_A_14","Lestes_sponsa","Immature",1,NA,0,0,40,2020,NA,NA
"7/14/20",15:20:00,"Hoje_A_14","Enallagma_cyathigerum","Mature",1,NA,0,0,40,2020,NA,NA
"7/14/20",15:20:00,"Hoje_A_14","Lestes_sponsa","Mature",0,NA,0,0,40,2020,NA,NA
"7/14/20",15:20:00,"Hoje_A_14","Lestes_sponsa","Mature",1,NA,0,0,40,2020,NA,NA
"7/14/20",15:20:00,"Hoje_A_14","Enallagma_cyathigerum","Mature",1,NA,0,0,40,2020,NA,NA
"7/14/20",15:20:00,"Hoje_A_14","Lestes_sponsa","Mature",1,NA,0,0,40,2020,NA,NA
"7/14/20",15:20:00,"Hoje_A_14","Ischnura_elegans","Mature",1,NA,0,0,40,2020,NA,NA
"7/14/20",15:20:00,"Hoje_A_14","Ischnura_elegans","Mature",1,NA,0,0,40,2020,NA,NA
"7/14/20",15:20:00,"Hoje_A_14","Coenagrion_pulchellum","Mature",1,NA,0,0,40,2020,NA,NA
"7/14/20",15:20:00,"Hoje_A_14","Lestes_sponsa","Mature",1,NA,0,0,40,2020,NA,NA
"7/14/20",15:20:00,"Hoje_A_14","Ischnura_elegans","Mature",1,NA,0,0,40,2020,NA,NA
"7/14/20",15:20:00,"Hoje_A_14","Coenagrion_pulchellum","Mature",1,NA,0,4,40,2020,NA,NA
"7/14/20",15:20:00,"Hoje_A_14","Enallagma_cyathigerum","Mature",1,NA,0,1,40,2020,NA,NA
"7/14/20",15:20:00,"Hoje_A_14","Coenagrion_pulchellum","Mature",1,NA,0,0,40,2020,NA,NA
"7/14/20",15:20:00,"Hoje_A_14","Enallagma_cyathigerum","Mature",1,NA,0,0,40,2020,NA,NA
"7/14/20",15:20:00,"Hoje_A_14","Ischnura_elegans","Mature",1,NA,0,0,40,2020,NA,NA
"7/14/20",15:20:00,"Hoje_A_14","Lestes_sponsa","Immature",1,NA,0,0,40,2020,NA,NA
"7/14/20",15:20:00,"Hoje_A_14","Coenagrion_pulchellum","Mature",1,NA,0,0,40,2020,NA,NA
"7/14/20",15:20:00,"Hoje_A_14","Ischnura_elegans","Mature",1,NA,0,0,40,2020,NA,NA
"7/14/20",15:20:00,"Hoje_A_14","Enallagma_cyathigerum","Mature",1,NA,0,3,40,2020,NA,NA
"7/14/20",15:20:00,"Hoje_A_14","Lestes_sponsa","Mature",1,NA,0,0,40,2020,NA,NA
"7/14/20",15:20:00,"Hoje_A_14","Lestes_sponsa","Mature",1,NA,0,0,40,2020,NA,NA
"7/14/20",15:20:00,"Hoje_A_14","Lestes_sponsa","Mature",1,NA,0,NA,40,2020,NA,NA
"7/14/20",15:20:00,"Hoje_A_14","Lestes_sponsa","Mature",1,NA,0,NA,40,2020,NA,NA
"7/14/20",15:20:00,"Hoje_A_14","Enallagma_cyathigerum","Mature",1,NA,0,0,40,2020,NA,NA
"7/14/20",15:20:00,"Hoje_A_14","Coenagrion_pulchellum","Mature",1,NA,0,0,40,2020,NA,NA
"7/14/20",15:20:00,"Hoje_A_14","Lestes_sponsa","Mature",1,NA,0,0,40,2020,NA,NA
"7/14/20",15:20:00,"Hoje_A_14","Enallagma_cyathigerum","Mature",1,NA,0,0,40,2020,NA,NA
"7/14/20",15:20:00,"Hoje_A_14","Enallagma_cyathigerum","Mature",1,NA,0,0,40,2020,NA,NA
"7/14/20",15:20:00,"Hoje_A_14","Enallagma_cyathigerum","Mature",1,NA,0,1,40,2020,NA,NA
"7/14/20",15:20:00,"Hoje_A_14","Enallagma_cyathigerum","Mature",1,NA,0,3,40,2020,NA,NA
"7/14/20",15:20:00,"Hoje_A_14","Coenagrion_puella","Mature",1,NA,0,0,40,2020,NA,NA
"7/14/20",15:20:00,"Hoje_A_14","Enallagma_cyathigerum","Mature",1,NA,0,1,40,2020,NA,NA
"7/14/20",15:20:00,"Hoje_A_14","Erythromma_viridulum","Mature",1,NA,0,1,40,2020,NA,NA
"7/14/20",15:20:00,"Hoje_A_14","Lestes_sponsa","Mature",1,NA,0,0,40,2020,NA,NA
"7/14/20",15:20:00,"Hoje_A_14","Enallagma_cyathigerum","Mature",1,NA,0,0,40,2020,NA,NA
"7/14/20",15:20:00,"Hoje_A_14","Lestes_sponsa","Mature",1,NA,0,0,40,2020,NA,NA
"7/14/20",15:20:00,"Hoje_A_14","Ischnura_elegans","Mature",1,NA,0,0,40,2020,NA,NA
"7/14/20",15:20:00,"Hoje_A_14","Enallagma_cyathigerum","Mature",1,NA,0,0,40,2020,NA,NA
"7/14/20",15:20:00,"Hoje_A_14","Lestes_sponsa","Mature",1,NA,0,0,40,2020,NA,NA
"7/14/20",15:20:00,"Hoje_A_14","Coenagrion_pulchellum","Mature",0,NA,0,0,40,2020,NA,NA
"7/14/20",15:20:00,"Hoje_A_14","Erythromma_najas","Mature",1,NA,0,NA,40,2020,NA,NA
"7/14/20",15:20:00,"Hoje_A_14","Erythromma_najas","Mature",1,NA,0,NA,40,2020,NA,NA
"7/14/20",15:20:00,"Hoje_A_14","Erythromma_najas","Mature",1,NA,0,NA,40,2020,NA,NA
"7/14/20",15:20:00,"Hoje_A_14","Erythromma_najas","Mature",1,NA,0,NA,40,2020,NA,NA
"7/14/20",15:20:00,"Hoje_A_14","Erythromma_najas","Mature",1,NA,0,NA,40,2020,NA,NA
"7/14/20",15:20:00,"Hoje_A_14","Erythromma_najas","Mature",1,NA,0,NA,40,2020,NA,NA
"7/14/20",15:20:00,"Hoje_A_14","Erythromma_najas","Mature",1,NA,0,NA,40,2020,NA,NA
"7/14/20",15:20:00,"Hoje_A_14","Erythromma_najas","Mature",1,NA,0,NA,40,2020,NA,NA
"7/14/20",15:20:00,"Hoje_A_14","Erythromma_najas","Mature",1,NA,0,NA,40,2020,NA,NA
"7/14/20",15:20:00,"Hoje_A_14","Erythromma_najas","Mature",1,NA,0,NA,40,2020,NA,NA
"7/25/20",09:56:00,"Hoje_A_14","Anax_imperator","Mature",1,NA,0,NA,40,2020,NA,NA
"7/25/20",09:56:00,"Hoje_A_14","Anax_imperator","Mature",1,NA,0,NA,40,2020,NA,NA
"7/25/20",09:56:00,"Hoje_A_14","Anax_imperator","Mature",1,NA,0,NA,40,2020,NA,NA
"7/25/20",09:56:00,"Hoje_A_14","Anax_imperator","Mature",1,NA,0,NA,40,2020,NA,NA
"7/25/20",09:56:00,"Hoje_A_14","Anax_imperator","Mature",1,NA,0,NA,40,2020,NA,NA
"7/25/20",09:56:00,"Hoje_A_14","Anax_imperator","Mature",1,NA,0,NA,40,2020,NA,NA
"7/25/20",09:56:00,"Hoje_A_14","Anax_imperator","Mature",1,NA,0,NA,40,2020,NA,NA
"7/25/20",09:56:00,"Hoje_A_14","Anax_imperator","Mature",1,NA,0,NA,40,2020,NA,NA
"7/25/20",09:56:00,"Hoje_A_14","Libellula_quadrimaculata","Mature",NA,NA,0,NA,40,2020,NA,NA
"7/25/20",09:56:00,"Hoje_A_14","Orthetrum_cancellatum","Mature",1,NA,0,NA,40,2020,NA,NA
"7/25/20",09:56:00,"Hoje_A_14","Orthetrum_cancellatum","Mature",1,NA,0,NA,40,2020,NA,NA
"7/25/20",09:56:00,"Hoje_A_14","Sympetrum_vulgatum","Teneral",0,NA,0,NA,40,2020,NA,NA
"7/25/20",09:56:00,"Hoje_A_14","Enallagma_cyathigerum","Mature",1,NA,1,1,40,2020,NA,NA
"7/25/20",09:56:00,"Hoje_A_14","Coenagrion_pulchellum","Mature",1,NA,1,0,40,2020,NA,NA
"7/25/20",09:56:00,"Hoje_A_14","Enallagma_cyathigerum","Mature",1,NA,1,0,40,2020,NA,NA
"7/25/20",09:56:00,"Hoje_A_14","Ischnura_elegans","Mature",1,NA,1,0,40,2020,NA,NA
"7/25/20",09:56:00,"Hoje_A_14","Lestes_sponsa","Mature",1,NA,0,0,40,2020,NA,NA
"7/25/20",09:56:00,"Hoje_A_14","Lestes_sponsa","Mature",1,NA,0,0,40,2020,NA,NA
"7/25/20",09:56:00,"Hoje_A_14","Lestes_sponsa","Mature",1,NA,0,0,40,2020,NA,NA
"7/25/20",09:56:00,"Hoje_A_14","Lestes_sponsa","Mature",1,NA,0,0,40,2020,NA,NA
"7/25/20",09:56:00,"Hoje_A_14","Lestes_sponsa","Mature",1,NA,0,0,40,2020,NA,NA
"7/25/20",09:56:00,"Hoje_A_14","Lestes_sponsa","Mature",1,NA,0,0,40,2020,NA,NA
"7/25/20",09:56:00,"Hoje_A_14","Enallagma_cyathigerum","Mature",1,NA,0,1,40,2020,NA,NA
"7/25/20",09:56:00,"Hoje_A_14","Ischnura_elegans","Mature",1,NA,0,0,40,2020,NA,NA
"7/25/20",09:56:00,"Hoje_A_14","Lestes_sponsa","Mature",1,NA,0,0,40,2020,NA,NA
"7/25/20",09:56:00,"Hoje_A_14","Lestes_sponsa","Mature",1,NA,0,0,40,2020,NA,NA
"7/25/20",09:56:00,"Hoje_A_14","Ischnura_elegans","Mature",1,NA,0,0,40,2020,NA,NA
"7/25/20",09:56:00,"Hoje_A_14","Enallagma_cyathigerum","Mature",1,NA,0,0,40,2020,NA,NA
"7/25/20",09:56:00,"Hoje_A_14","Enallagma_cyathigerum","Mature",1,NA,0,0,40,2020,NA,NA
"7/25/20",09:56:00,"Hoje_A_14","Lestes_sponsa","Mature",1,NA,0,0,40,2020,NA,NA
"7/25/20",09:56:00,"Hoje_A_14","Lestes_sponsa","Mature",1,NA,0,0,40,2020,NA,NA
"7/25/20",09:56:00,"Hoje_A_14","Enallagma_cyathigerum","Mature",1,NA,0,0,40,2020,NA,NA
"7/25/20",09:56:00,"Hoje_A_14","Enallagma_cyathigerum","Mature",1,NA,0,0,40,2020,NA,NA
"7/25/20",09:56:00,"Hoje_A_14","Enallagma_cyathigerum","Mature",1,NA,0,1,40,2020,NA,NA
"7/25/20",09:56:00,"Hoje_A_14","Lestes_sponsa","Mature",1,NA,0,0,40,2020,NA,NA
"7/25/20",09:56:00,"Hoje_A_14","Lestes_sponsa","Mature",1,NA,0,0,40,2020,NA,NA
"7/25/20",09:56:00,"Hoje_A_14","Lestes_sponsa","Mature",1,NA,0,0,40,2020,NA,NA
"7/25/20",09:56:00,"Hoje_A_14","Lestes_sponsa","Mature",1,NA,0,0,40,2020,NA,NA
"7/25/20",09:56:00,"Hoje_A_14","Enallagma_cyathigerum","Mature",1,NA,0,1,40,2020,NA,NA
"7/25/20",09:56:00,"Hoje_A_14","Lestes_sponsa","Mature",1,NA,0,0,40,2020,NA,NA
"7/25/20",09:56:00,"Hoje_A_14","Enallagma_cyathigerum","Mature",1,NA,0,0,40,2020,NA,NA
"7/25/20",09:56:00,"Hoje_A_14","Enallagma_cyathigerum","Mature",1,NA,0,0,40,2020,NA,NA
"7/25/20",09:56:00,"Hoje_A_14","Ischnura_elegans","Mature",1,NA,0,0,40,2020,NA,NA
"7/25/20",09:56:00,"Hoje_A_14","Erythromma_viridulum","Mature",1,NA,0,1,40,2020,NA,NA
"7/25/20",09:56:00,"Hoje_A_14","Lestes_sponsa","Mature",1,NA,0,0,40,2020,NA,NA
"7/25/20",09:56:00,"Hoje_A_14","Enallagma_cyathigerum","Mature",1,NA,0,0,40,2020,NA,NA
"7/25/20",09:56:00,"Hoje_A_14","Erythromma_viridulum","Mature",1,NA,0,0,40,2020,NA,NA
"7/25/20",09:56:00,"Hoje_A_14","Ischnura_elegans","Mature",1,NA,0,0,40,2020,NA,NA
"7/25/20",09:56:00,"Hoje_A_14","Ischnura_elegans","Mature",1,NA,0,0,40,2020,NA,NA
"7/25/20",09:56:00,"Hoje_A_14","Ischnura_elegans","Mature",1,NA,0,0,40,2020,NA,NA
"7/25/20",09:56:00,"Hoje_A_14","Lestes_sponsa","Mature",1,NA,0,0,40,2020,NA,NA
"7/25/20",09:56:00,"Hoje_A_14","Lestes_sponsa","Mature",1,NA,0,0,40,2020,NA,NA
"7/25/20",09:56:00,"Hoje_A_14","Coenagrion_pulchellum","Mature",1,NA,0,0,40,2020,NA,NA
"7/25/20",09:56:00,"Hoje_A_14","Enallagma_cyathigerum","Mature",1,NA,0,0,40,2020,NA,NA
"7/25/20",09:56:00,"Hoje_A_14","Ischnura_elegans","Mature",1,NA,0,0,40,2020,NA,NA
"7/25/20",09:56:00,"Hoje_A_14","Enallagma_cyathigerum","Mature",1,NA,0,0,40,2020,NA,NA
"7/25/20",09:56:00,"Hoje_A_14","Lestes_sponsa","Teneral",0,NA,0,0,40,2020,NA,NA
"7/25/20",09:56:00,"Hoje_A_14","Ischnura_elegans","Mature",1,NA,0,0,40,2020,NA,NA
"7/25/20",09:56:00,"Hoje_A_14","Enallagma_cyathigerum","Mature",1,NA,0,0,40,2020,NA,NA
"7/25/20",09:56:00,"Hoje_A_14","Lestes_sponsa","Teneral",1,NA,0,0,40,2020,NA,NA
"7/25/20",09:56:00,"Hoje_A_14","Lestes_sponsa","Mature",1,NA,0,0,40,2020,NA,NA
"7/25/20",09:56:00,"Hoje_A_14","Enallagma_cyathigerum","Mature",1,NA,0,18,40,2020,NA,NA
"7/25/20",09:56:00,"Hoje_A_14","Ischnura_elegans","Immature",1,NA,0,0,40,2020,NA,NA
"7/25/20",09:56:00,"Hoje_A_14","Coenagrion_pulchellum","Teneral",0,NA,0,1,40,2020,NA,NA
"7/14/20",15:20:00,"Hoje_A_14","Ischnura_elegans","Immature",0,"Gynochrome",0,0,40,2020,"Androchrome","Violacea_(Androchrome)"
"5/26/20",09:38:00,"Hoje_A_14","Coenagrion_pulchellum","Immature",1,NA,0,29,80,2020,NA,NA
"5/26/20",09:38:00,"Hoje_A_14","Coenagrion_pulchellum","Immature",0,NA,0,62,80,2020,NA,NA
"5/26/20",09:38:00,"Hoje_A_14","Coenagrion_pulchellum","Teneral",0,NA,0,0,80,2020,NA,NA
"5/26/20",09:38:00,"Hoje_A_14","Coenagrion_pulchellum","Immature",1,NA,0,15,80,2020,NA,NA
"5/26/20",09:38:00,"Hoje_A_14","Coenagrion_pulchellum","Immature",0,NA,0,22,80,2020,NA,NA
"5/26/20",09:38:00,"Hoje_A_14","Coenagrion_pulchellum","Immature",1,NA,0,2,80,2020,NA,NA
"5/26/20",09:38:00,"Hoje_A_14","Coenagrion_pulchellum","Immature",1,NA,0,43,80,2020,NA,NA
"5/26/20",09:38:00,"Hoje_A_14","Coenagrion_pulchellum","Immature",1,NA,0,5,80,2020,NA,NA
"5/26/20",09:38:00,"Hoje_A_14","Coenagrion_pulchellum","Immature",1,NA,0,17,80,2020,NA,NA
"5/26/20",09:38:00,"Hoje_A_14","Coenagrion_pulchellum","Teneral",1,NA,0,9,80,2020,NA,NA
"5/26/20",09:38:00,"Hoje_A_14","Coenagrion_pulchellum","Immature",0,NA,0,0,80,2020,NA,NA
"5/26/20",09:38:00,"Hoje_A_14","Coenagrion_pulchellum","Teneral",1,NA,0,7,80,2020,NA,NA
"5/26/20",09:38:00,"Hoje_A_14","Coenagrion_pulchellum","Mature",0,NA,0,62,80,2020,NA,NA
"5/26/20",09:38:00,"Hoje_A_14","Coenagrion_pulchellum","Immature",0,NA,0,40,80,2020,NA,NA
"5/26/20",09:38:00,"Hoje_A_14","Coenagrion_pulchellum","Immature",0,NA,0,5,80,2020,NA,NA
"5/26/20",09:38:00,"Hoje_A_14","Coenagrion_pulchellum","Immature",1,NA,0,10,80,2020,NA,NA
"5/26/20",09:38:00,"Hoje_A_14","Coenagrion_pulchellum","Mature",0,"Androchrome",0,58,80,2020,NA,NA
"5/26/20",09:38:00,"Hoje_A_14","Coenagrion_pulchellum","Immature",1,NA,0,26,80,2020,NA,NA
"5/26/20",09:38:00,"Hoje_A_14","Coenagrion_pulchellum","Immature",1,NA,0,5,80,2020,NA,NA
"5/26/20",09:38:00,"Hoje_A_14","Coenagrion_pulchellum","Mature",0,"Gynochrome",0,11,80,2020,NA,NA
"5/26/20",09:38:00,"Hoje_A_14","Coenagrion_pulchellum","Immature",0,"Gynochrome",0,35,80,2020,NA,NA
"5/26/20",09:38:00,"Hoje_A_14","Coenagrion_pulchellum","Immature",1,NA,0,20,80,2020,NA,NA
"5/26/20",09:38:00,"Hoje_A_14","Erythromma_najas","Teneral",0,NA,0,0,80,2020,NA,NA
"5/26/20",09:38:00,"Hoje_A_14","Coenagrion_pulchellum","Mature",0,"Gynochrome",0,100,80,2020,NA,NA
"5/26/20",09:38:00,"Hoje_A_14","Coenagrion_pulchellum","Teneral",1,NA,0,12,80,2020,NA,NA
"5/26/20",09:38:00,"Hoje_A_14","Coenagrion_pulchellum","Teneral",0,NA,0,30,80,2020,NA,NA
"5/26/20",09:38:00,"Hoje_A_14","Coenagrion_pulchellum","Immature",1,NA,0,35,80,2020,NA,NA
"5/26/20",09:38:00,"Hoje_A_14","Coenagrion_puella","Immature",1,NA,0,12,80,2020,NA,NA
"5/26/20",09:38:00,"Hoje_A_14","Coenagrion_pulchellum","Immature",1,NA,0,60,80,2020,NA,NA
"5/26/20",09:38:00,"Hoje_A_14","Coenagrion_pulchellum","Immature",1,NA,0,5,80,2020,NA,NA
"5/26/20",09:38:00,"Hoje_A_14","Coenagrion_pulchellum","Immature",1,NA,0,16,80,2020,NA,NA
"5/26/20",09:38:00,"Hoje_A_14","Coenagrion_pulchellum","Teneral",NA,NA,0,65,80,2020,NA,NA
"5/26/20",09:38:00,"Hoje_A_14","Coenagrion_pulchellum","Immature",1,NA,0,7,80,2020,NA,NA
"5/26/20",09:38:00,"Hoje_A_14","Coenagrion_pulchellum","Mature",1,NA,0,1,80,2020,NA,NA
"5/26/20",09:38:00,"Hoje_A_14","Coenagrion_pulchellum","Mature",1,NA,0,30,80,2020,NA,NA
"5/26/20",09:38:00,"Hoje_A_14","Coenagrion_pulchellum","Teneral",1,NA,0,7,80,2020,NA,NA
"5/26/20",09:38:00,"Hoje_A_14","Coenagrion_pulchellum","Immature",0,NA,0,12,80,2020,NA,NA
"5/26/20",09:38:00,"Hoje_A_14","Coenagrion_pulchellum","Teneral",1,NA,0,35,80,2020,NA,NA
"5/26/20",09:38:00,"Hoje_A_14","Coenagrion_pulchellum","Mature",0,"Gynochrome",0,7,80,2020,NA,NA
"5/26/20",09:38:00,"Hoje_A_14","Coenagrion_pulchellum","Mature",0,"Gynochrome",0,8,80,2020,NA,NA
"5/26/20",09:38:00,"Hoje_A_14","Coenagrion_pulchellum","Immature",1,NA,0,27,80,2020,NA,NA
"5/26/20",09:38:00,"Hoje_A_14","Coenagrion_pulchellum","Immature",1,NA,0,2,80,2020,NA,NA
"5/26/20",09:38:00,"Hoje_A_14","Coenagrion_pulchellum","Immature",1,NA,0,3,80,2020,NA,NA
"5/26/20",09:38:00,"Hoje_A_14","Coenagrion_pulchellum","Immature",0,"Gynochrome",0,22,80,2020,NA,NA
"5/26/20",09:38:00,"Hoje_A_14","Ischnura_elegans","Immature",0,"Gynochrome",0,0,80,2020,"Androchrome","Violacea_(Androchrome)"
"5/26/20",09:38:00,"Hoje_A_14","Ischnura_elegans","Teneral",0,NA,0,0,80,2020,NA,NA
"5/26/20",09:38:00,"Hoje_A_14","Ischnura_elegans","Teneral",0,NA,0,0,80,2020,NA,NA
"5/26/20",09:38:00,"Hoje_A_14","Ischnura_elegans","Teneral",1,NA,0,0,80,2020,NA,NA
"5/26/20",09:38:00,"Hoje_A_14","Ischnura_elegans","Teneral",1,NA,0,0,80,2020,NA,NA
"5/26/20",09:38:00,"Hoje_A_14","Ischnura_elegans","Teneral",1,NA,0,9,80,2020,NA,NA
"5/26/20",09:38:00,"Hoje_A_14","Ischnura_elegans","Teneral",1,NA,0,25,80,2020,NA,NA
"5/26/20",09:38:00,"Hoje_A_14","Ischnura_elegans","Immature",1,NA,0,0,80,2020,NA,NA
"5/26/20",09:38:00,"Hoje_A_14","Ischnura_elegans","Immature",1,NA,0,0,80,2020,NA,NA
"6/8/20",09:43:00,"Hoje_A_14","Coenagrion_pulchellum","Mature",1,NA,1,11,40,2020,NA,NA
"6/8/20",09:43:00,"Hoje_A_14","Coenagrion_pulchellum","Mature",0,"Androchrome",1,36,40,2020,NA,NA
"6/8/20",09:43:00,"Hoje_A_14","Coenagrion_pulchellum","Mature",0,"Gynochrome",1,2,40,2020,NA,NA
"6/8/20",09:43:00,"Hoje_A_14","Coenagrion_pulchellum","Mature",1,NA,1,0,40,2020,NA,NA
"6/8/20",09:43:00,"Hoje_A_14","Coenagrion_pulchellum","Mature",1,NA,1,0,40,2020,NA,NA
"6/8/20",09:43:00,"Hoje_A_14","Coenagrion_pulchellum","Mature",0,"Gynochrome",1,0,40,2020,NA,NA
"6/8/20",09:43:00,"Hoje_A_14","Ischnura_elegans","Immature",0,"Androchrome",0,0,40,2020,"Androchrome",NA
"6/8/20",09:43:00,"Hoje_A_14","Coenagrion_pulchellum","Mature",1,NA,0,10,40,2020,NA,NA
"6/8/20",09:43:00,"Hoje_A_14","Erythromma_najas","Mature",1,NA,0,0,40,2020,NA,NA
"6/8/20",09:43:00,"Hoje_A_14","Coenagrion_pulchellum","Mature",1,NA,0,14,40,2020,NA,NA
"6/8/20",09:43:00,"Hoje_A_14","Enallagma_cyathigerum","Mature",1,NA,0,0,40,2020,NA,NA
"6/8/20",09:43:00,"Hoje_A_14","Ischnura_elegans","Immature",1,NA,0,0,40,2020,NA,NA
"6/8/20",09:43:00,"Hoje_A_14","Coenagrion_pulchellum","Mature",1,NA,0,12,40,2020,NA,NA
"6/8/20",09:43:00,"Hoje_A_14","Ischnura_elegans","Immature",1,NA,0,0,40,2020,NA,NA
"6/8/20",09:43:00,"Hoje_A_14","Coenagrion_puella","Immature",1,NA,0,59,40,2020,NA,NA
"6/8/20",09:43:00,"Hoje_A_14","Enallagma_cyathigerum","Mature",1,NA,0,0,40,2020,NA,NA
"6/8/20",09:43:00,"Hoje_A_14","Enallagma_cyathigerum","Mature",0,"Gynochrome",0,0,40,2020,NA,NA
"6/8/20",09:43:00,"Hoje_A_14","Ischnura_elegans","Immature",1,NA,0,0,40,2020,NA,NA
"6/8/20",09:43:00,"Hoje_A_14","Coenagrion_pulchellum","Mature",1,NA,0,12,40,2020,NA,NA
"6/8/20",09:43:00,"Hoje_A_14","Coenagrion_pulchellum","Mature",1,NA,0,2,40,2020,NA,NA
"6/8/20",09:43:00,"Hoje_A_14","Coenagrion_pulchellum","Immature",1,NA,0,0,40,2020,NA,NA
"6/8/20",09:43:00,"Hoje_A_14","Coenagrion_pulchellum","Mature",1,NA,0,40,40,2020,NA,NA
"6/8/20",09:43:00,"Hoje_A_14","Coenagrion_pulchellum","Mature",1,NA,0,13,40,2020,NA,NA
"6/8/20",09:43:00,"Hoje_A_14","Ischnura_elegans","Mature",0,"Androchrome",0,0,40,2020,"Androchrome",NA
"6/8/20",09:43:00,"Hoje_A_14","Coenagrion_pulchellum","Mature",1,NA,0,4,40,2020,NA,NA
"6/8/20",09:43:00,"Hoje_A_14","Coenagrion_pulchellum","Mature",1,NA,0,1,40,2020,NA,NA
"6/8/20",09:43:00,"Hoje_A_14","Coenagrion_pulchellum","Immature",1,NA,0,5,40,2020,NA,NA
"6/8/20",09:43:00,"Hoje_A_14","Coenagrion_pulchellum","Mature",1,NA,0,0,40,2020,NA,NA
"6/8/20",09:43:00,"Hoje_A_14","Ischnura_elegans","Immature",1,NA,0,0,40,2020,NA,NA
"6/8/20",09:43:00,"Hoje_A_14","Coenagrion_pulchellum","Mature",1,NA,0,60,40,2020,NA,NA
"6/8/20",09:43:00,"Hoje_A_14","Coenagrion_pulchellum","Mature",1,NA,0,16,40,2020,NA,NA
"6/8/20",09:43:00,"Hoje_A_14","Coenagrion_pulchellum","Mature",0,"Gynochrome",0,0,40,2020,NA,NA
"6/8/20",09:43:00,"Hoje_A_14","Coenagrion_pulchellum","Mature",1,NA,0,22,40,2020,NA,NA
"6/8/20",09:43:00,"Hoje_A_14","Coenagrion_pulchellum","Mature",1,NA,0,10,40,2020,NA,NA
"6/8/20",09:43:00,"Hoje_A_14","Coenagrion_pulchellum","Immature",0,"Androchrome",0,26,40,2020,NA,NA
"6/8/20",09:43:00,"Hoje_A_14","Coenagrion_pulchellum","Mature",1,NA,0,30,40,2020,NA,NA
"6/8/20",09:43:00,"Hoje_A_14","Coenagrion_pulchellum","Mature",1,NA,0,51,40,2020,NA,NA
"6/8/20",09:43:00,"Hoje_A_14","Coenagrion_pulchellum","Mature",1,NA,0,0,40,2020,NA,NA
"6/8/20",09:43:00,"Hoje_A_14","Ischnura_elegans","Immature",0,"Gynochrome",0,0,40,2020,"Infuscans","Violacea_(Infuscans)"
"6/8/20",09:43:00,"Hoje_A_14","Coenagrion_pulchellum","Mature",1,NA,0,2,40,2020,NA,NA
"6/8/20",09:43:00,"Hoje_A_14","Coenagrion_pulchellum","Immature",1,NA,0,26,40,2020,NA,NA
"6/8/20",09:43:00,"Hoje_A_14","Ischnura_elegans","Immature",0,"Androchrome",0,0,40,2020,"Androchrome",NA
"6/8/20",09:43:00,"Hoje_A_14","Coenagrion_pulchellum","Mature",1,NA,0,18,40,2020,NA,NA
"6/8/20",09:43:00,"Hoje_A_14","Coenagrion_pulchellum","Immature",0,"Gynochrome",0,8,40,2020,NA,NA
"6/8/20",09:43:00,"Hoje_A_14","Ischnura_elegans","Teneral",0,NA,0,1,40,2020,NA,NA
"6/8/20",09:43:00,"Hoje_A_14","Coenagrion_pulchellum","Immature",1,NA,0,39,40,2020,NA,NA
"6/8/20",09:43:00,"Hoje_A_14","Coenagrion_pulchellum","Mature",1,NA,0,9,40,2020,NA,NA
"6/8/20",09:43:00,"Hoje_A_14","Ischnura_elegans","Immature",0,"Gynochrome",0,0,40,2020,"Androchrome","Violacea_(Androchrome)"
"6/8/20",09:43:00,"Hoje_A_14","Ischnura_elegans","Mature",1,NA,0,0,40,2020,NA,NA
"6/8/20",09:43:00,"Hoje_A_14","Ischnura_elegans","Immature",1,NA,0,0,40,2020,NA,NA
"6/8/20",09:43:00,"Hoje_A_14","Ischnura_elegans","Teneral",1,NA,0,0,40,2020,NA,NA
"6/8/20",09:43:00,"Hoje_A_14","Coenagrion_pulchellum","Mature",0,"Gynochrome",0,0,40,2020,NA,NA
"6/8/20",09:43:00,"Hoje_A_14","Coenagrion_pulchellum","Mature",1,NA,0,25,40,2020,NA,NA
"6/8/20",09:43:00,"Hoje_A_14","Coenagrion_pulchellum","Mature",1,NA,0,0,40,2020,NA,NA
"6/8/20",09:43:00,"Hoje_A_14","Ischnura_elegans","Mature",1,NA,0,0,40,2020,NA,NA
"6/8/20",09:43:00,"Hoje_A_14","Coenagrion_pulchellum","Immature",1,NA,0,30,40,2020,NA,NA
"6/8/20",09:43:00,"Hoje_A_14","Coenagrion_pulchellum","Mature",1,NA,0,27,40,2020,NA,NA
"6/8/20",09:43:00,"Hoje_A_14","Ischnura_elegans","Immature",1,NA,0,0,40,2020,NA,NA
"6/8/20",09:43:00,"Hoje_A_14","Ischnura_elegans","Immature",0,"Gynochrome",0,0,40,2020,"Infuscans","Violacea_(Infuscans)"
"6/8/20",09:43:00,"Hoje_A_14","Coenagrion_pulchellum","Mature",1,NA,0,37,40,2020,NA,NA
"6/8/20",09:43:00,"Hoje_A_14","Coenagrion_pulchellum","Mature",1,NA,0,56,40,2020,NA,NA
"6/8/20",09:43:00,"Hoje_A_14","Ischnura_elegans","Teneral",1,NA,0,0,40,2020,NA,NA
"6/8/20",09:43:00,"Hoje_A_14","Coenagrion_pulchellum","Mature",1,NA,0,0,40,2020,NA,NA
"6/8/20",09:43:00,"Hoje_A_14","Coenagrion_pulchellum","Mature",1,NA,0,51,40,2020,NA,NA
"6/8/20",09:43:00,"Hoje_A_14","Coenagrion_pulchellum","Immature",1,NA,0,50,40,2020,NA,NA
"6/8/20",09:43:00,"Hoje_A_14","Coenagrion_pulchellum","Mature",1,NA,0,58,40,2020,NA,NA
"6/8/20",09:43:00,"Hoje_A_14","Ischnura_elegans","Immature",1,NA,0,0,40,2020,NA,NA
"6/8/20",09:43:00,"Hoje_A_14","Coenagrion_pulchellum","Mature",1,NA,0,53,40,2020,NA,NA
"6/8/20",09:43:00,"Hoje_A_14","Coenagrion_pulchellum","Immature",1,NA,0,23,40,2020,NA,NA
"6/8/20",09:43:00,"Hoje_A_14","Ischnura_elegans","Mature",0,"Gynochrome",0,0,40,2020,"Infuscans",NA
"6/8/20",09:43:00,"Hoje_A_14","Ischnura_elegans","Immature",1,NA,0,0,40,2020,NA,NA
"6/8/20",09:43:00,"Hoje_A_14","Ischnura_elegans","Immature",0,"Gynochrome",0,0,40,2020,"Androchrome","Violacea_(Androchrome)"
"6/8/20",09:43:00,"Hoje_A_14","Coenagrion_pulchellum","Mature",1,NA,0,14,40,2020,NA,NA
"6/8/20",09:43:00,"Hoje_A_14","Ischnura_elegans","Mature",0,"Androchrome",0,0,40,2020,"Androchrome",NA
"6/8/20",09:43:00,"Hoje_A_14","Coenagrion_pulchellum","Immature",1,NA,0,25,40,2020,NA,NA
"6/8/20",09:43:00,"Hoje_A_14","Coenagrion_pulchellum","Immature",1,NA,0,0,40,2020,NA,NA
"6/8/20",09:43:00,"Hoje_A_14","Ischnura_elegans","Immature",0,"Gynochrome",0,0,40,2020,"Infuscans","Violacea_(Infuscans)"
"6/8/20",09:43:00,"Hoje_A_14","Ischnura_elegans","Teneral",NA,NA,0,0,40,2020,NA,NA
"6/8/20",09:43:00,"Hoje_A_14","Coenagrion_pulchellum","Immature",1,NA,0,14,40,2020,NA,NA
"6/24/20",11:02:00,"Hoje_A_14","Aeshna_isoceles","Mature",NA,NA,0,NA,40,2020,NA,NA
"6/24/20",11:02:00,"Hoje_A_14","Aeshna_isoceles","Mature",NA,NA,0,NA,40,2020,NA,NA
"6/24/20",11:02:00,"Hoje_A_14","Aeshna_isoceles","Mature",NA,NA,0,NA,40,2020,NA,NA
"6/24/20",11:02:00,"Hoje_A_14","Aeshna_isoceles","Mature",NA,NA,0,NA,40,2020,NA,NA
"6/24/20",11:02:00,"Hoje_A_14","Aeshna_isoceles","Mature",NA,NA,0,NA,40,2020,NA,NA
"6/24/20",11:02:00,"Hoje_A_14","Anax_imperator","Mature",1,NA,0,NA,40,2020,NA,NA
"6/24/20",11:02:00,"Hoje_A_14","Anax_imperator","Mature",1,NA,0,NA,40,2020,NA,NA
"6/24/20",11:02:00,"Hoje_A_14","Anax_imperator","Mature",1,NA,0,NA,40,2020,NA,NA
"6/24/20",11:02:00,"Hoje_A_14","Orthetrum_cancellatum","Mature",1,NA,0,NA,40,2020,NA,NA
"6/24/20",11:02:00,"Hoje_A_14","Orthetrum_cancellatum","Mature",1,NA,0,NA,40,2020,NA,NA
"6/24/20",11:02:00,"Hoje_A_14","Orthetrum_cancellatum","Mature",1,NA,0,NA,40,2020,NA,NA
"6/24/20",11:02:00,"Hoje_A_14","Calopteryx_splendens","Mature",1,NA,0,NA,40,2020,NA,NA
"6/24/20",11:02:00,"Hoje_A_14","Ischnura_elegans","Mature",0,"Gynochrome",1,0,40,2020,"Infuscans",NA
"6/24/20",11:02:00,"Hoje_A_14","Coenagrion_pulchellum","Mature",0,"Gynochrome",1,NA,40,2020,NA,NA
"6/24/20",11:02:00,"Hoje_A_14","Coenagrion_pulchellum","Mature",1,NA,1,7,40,2020,NA,NA
"6/24/20",11:02:00,"Hoje_A_14","Ischnura_elegans","Mature",1,NA,1,0,40,2020,NA,NA
"6/24/20",11:02:00,"Hoje_A_14","Coenagrion_pulchellum","Mature",1,NA,1,1,40,2020,NA,NA
"6/24/20",11:02:00,"Hoje_A_14","Coenagrion_pulchellum","Mature",0,"Gynochrome",1,77,40,2020,NA,NA
"6/24/20",11:02:00,"Hoje_A_14","Ischnura_elegans","Mature",0,"Gynochrome",1,0,40,2020,"Infuscans",NA
"6/24/20",11:02:00,"Hoje_A_14","Enallagma_cyathigerum","Mature",1,NA,1,0,40,2020,NA,NA
"6/24/20",11:02:00,"Hoje_A_14","Enallagma_cyathigerum","Mature",0,"Gynochrome",1,1,40,2020,NA,NA
"6/24/20",11:02:00,"Hoje_A_14","Ischnura_elegans","Mature",1,NA,1,0,40,2020,NA,NA
"6/24/20",11:02:00,"Hoje_A_14","Ischnura_elegans","Mature",0,"Androchrome",1,0,40,2020,"Androchrome",NA
"6/24/20",11:02:00,"Hoje_A_14","Ischnura_elegans","Mature",1,NA,1,0,40,2020,NA,NA
"6/24/20",11:02:00,"Hoje_A_14","Ischnura_elegans","Mature",1,NA,1,0,40,2020,NA,NA
"6/24/20",11:02:00,"Hoje_A_14","Ischnura_elegans","Mature",0,"Androchrome",1,0,40,2020,"Androchrome",NA
"6/24/20",11:02:00,"Hoje_A_14","Ischnura_elegans","Mature",1,NA,1,NA,40,2020,NA,NA
"6/24/20",11:02:00,"Hoje_A_14","Ischnura_elegans","Mature",0,"Androchrome",1,0,40,2020,"Androchrome",NA
"6/24/20",11:02:00,"Hoje_A_14","Coenagrion_pulchellum","Mature",1,NA,1,2,40,2020,NA,NA
"6/24/20",11:02:00,"Hoje_A_14","Coenagrion_pulchellum","Mature",0,"Androchrome",1,11,40,2020,NA,NA
"6/24/20",11:02:00,"Hoje_A_14","Coenagrion_pulchellum","Mature",1,NA,1,9,40,2020,NA,NA
"6/24/20",11:02:00,"Hoje_A_14","Coenagrion_pulchellum","Mature",0,"Androchrome",1,0,40,2020,NA,NA
"6/24/20",11:02:00,"Hoje_A_14","Enallagma_cyathigerum","Mature",0,"Gynochrome",1,11,40,2020,NA,NA
"6/24/20",11:02:00,"Hoje_A_14","Enallagma_cyathigerum","Mature",1,NA,1,0,40,2020,NA,NA
"6/24/20",11:02:00,"Hoje_A_14","Ischnura_elegans","Mature",1,NA,1,0,40,2020,NA,NA
"6/24/20",11:02:00,"Hoje_A_14","Ischnura_elegans","Mature",0,"Gynochrome",1,2,40,2020,"Infuscans",NA
"6/24/20",11:02:00,"Hoje_A_14","Ischnura_elegans","Mature",1,NA,1,0,40,2020,NA,NA
"6/24/20",11:02:00,"Hoje_A_14","Ischnura_elegans","Mature",0,"Androchrome",1,0,40,2020,"Androchrome",NA
"6/24/20",11:02:00,"Hoje_A_14","Coenagrion_pulchellum","Mature",1,NA,0,0,40,2020,NA,NA
"6/24/20",11:02:00,"Hoje_A_14","Coenagrion_pulchellum","Mature",1,NA,0,0,40,2020,NA,NA
"6/24/20",11:02:00,"Hoje_A_14","Enallagma_cyathigerum","Mature",1,NA,0,14,40,2020,NA,NA
"6/24/20",11:02:00,"Hoje_A_14","Enallagma_cyathigerum","Mature",1,NA,0,NA,40,2020,NA,NA
"6/24/20",11:02:00,"Hoje_A_14","Coenagrion_pulchellum","Immature",1,NA,0,19,40,2020,NA,NA
"6/24/20",11:02:00,"Hoje_A_14","Enallagma_cyathigerum","Mature",1,NA,0,0,40,2020,NA,NA
"6/24/20",11:02:00,"Hoje_A_14","Coenagrion_pulchellum","Mature",1,NA,0,1,40,2020,NA,NA
"6/24/20",11:02:00,"Hoje_A_14","Coenagrion_pulchellum","Immature",1,NA,0,0,40,2020,NA,NA
"6/24/20",11:02:00,"Hoje_A_14","Coenagrion_pulchellum","Immature",1,NA,0,0,40,2020,NA,NA
"6/24/20",11:02:00,"Hoje_A_14","Enallagma_cyathigerum","Mature",1,NA,0,0,40,2020,NA,NA
"6/24/20",11:02:00,"Hoje_A_14","Coenagrion_pulchellum","Mature",1,NA,0,0,40,2020,NA,NA
"6/24/20",11:02:00,"Hoje_A_14","Coenagrion_pulchellum","Immature",1,NA,0,43,40,2020,NA,NA
"6/24/20",11:02:00,"Hoje_A_14","Coenagrion_pulchellum","Mature",1,NA,0,13,40,2020,NA,NA
"6/24/20",11:02:00,"Hoje_A_14","Ischnura_elegans","Mature",1,NA,0,0,40,2020,NA,NA
"6/24/20",11:02:00,"Hoje_A_14","Coenagrion_pulchellum","Immature",1,NA,0,53,40,2020,NA,NA
"6/24/20",11:02:00,"Hoje_A_14","Ischnura_elegans","Immature",1,NA,0,0,40,2020,NA,NA
"6/24/20",11:02:00,"Hoje_A_14","Coenagrion_pulchellum","Mature",1,NA,0,0,40,2020,NA,NA
"6/24/20",11:02:00,"Hoje_A_14","Coenagrion_pulchellum","Mature",1,NA,0,0,40,2020,NA,NA
"6/24/20",11:02:00,"Hoje_A_14","Coenagrion_pulchellum","Mature",1,NA,0,36,40,2020,NA,NA
"6/24/20",11:02:00,"Hoje_A_14","Coenagrion_pulchellum","Mature",1,NA,0,0,40,2020,NA,NA
"6/24/20",11:02:00,"Hoje_A_14","Coenagrion_pulchellum","Immature",1,NA,0,12,40,2020,NA,NA
"6/24/20",11:02:00,"Hoje_A_14","Coenagrion_pulchellum","Mature",1,NA,0,12,40,2020,NA,NA
"6/24/20",11:02:00,"Hoje_A_14","Coenagrion_pulchellum","Mature",1,NA,0,0,40,2020,NA,NA
"6/24/20",11:02:00,"Hoje_A_14","Coenagrion_pulchellum","Mature",1,NA,0,0,40,2020,NA,NA
"6/24/20",11:02:00,"Hoje_A_14","Enallagma_cyathigerum","Mature",1,NA,0,0,40,2020,NA,NA
"6/24/20",11:02:00,"Hoje_A_14","Coenagrion_pulchellum","Immature",1,NA,0,2,40,2020,NA,NA
"6/24/20",11:02:00,"Hoje_A_14","Coenagrion_pulchellum","Mature",1,NA,0,0,40,2020,NA,NA
"6/24/20",11:02:00,"Hoje_A_14","Coenagrion_pulchellum","Mature",1,NA,0,5,40,2020,NA,NA
"6/24/20",11:02:00,"Hoje_A_14","Coenagrion_pulchellum","Immature",1,NA,0,0,40,2020,NA,NA
"6/24/20",11:02:00,"Hoje_A_14","Coenagrion_pulchellum","Immature",1,NA,0,9,40,2020,NA,NA
"6/24/20",11:02:00,"Hoje_A_14","Coenagrion_pulchellum","Mature",1,NA,0,1,40,2020,NA,NA
"6/24/20",11:02:00,"Hoje_A_14","Coenagrion_pulchellum","Immature",1,NA,0,3,40,2020,NA,NA
"6/24/20",11:02:00,"Hoje_A_14","Lestes_sponsa","Immature",0,NA,0,0,40,2020,NA,NA
"6/24/20",11:02:00,"Hoje_A_14","Coenagrion_pulchellum","Mature",1,NA,0,7,40,2020,NA,NA
"6/24/20",11:02:00,"Hoje_A_14","Ischnura_elegans","Immature",0,"Gynochrome",0,0,40,2020,"Androchrome","Violacea_(Androchrome)"
"6/24/20",11:02:00,"Hoje_A_14","Coenagrion_pulchellum","Mature",1,NA,0,25,40,2020,NA,NA
"6/24/20",11:02:00,"Hoje_A_14","Ischnura_elegans","Mature",1,NA,0,0,40,2020,NA,NA
"6/24/20",11:02:00,"Hoje_A_14","Ischnura_elegans","Mature",0,"Androchrome",0,0,40,2020,"Androchrome",NA
"6/24/20",11:02:00,"Hoje_A_14","Coenagrion_pulchellum","Mature",1,NA,0,13,40,2020,NA,NA
"6/24/20",11:02:00,"Hoje_A_14","Coenagrion_pulchellum","Mature",0,"Gynochrome",0,26,40,2020,NA,NA
"6/24/20",11:02:00,"Hoje_A_14","Coenagrion_pulchellum","Immature",1,NA,0,13,40,2020,NA,NA
"7/14/20",09:57:00,"Hoje_A_6","Ischnura_elegans","Mature",0,"Androchrome",1,0,30,2020,"Androchrome",NA
"7/14/20",09:57:00,"Hoje_A_6","Enallagma_cyathigerum","Mature",0,"Androchrome",1,10,30,2020,NA,NA
"7/14/20",09:57:00,"Hoje_A_6","Enallagma_cyathigerum","Mature",0,"Androchrome",1,8,30,2020,NA,NA
"7/14/20",09:57:00,"Hoje_A_6","Ischnura_elegans","Mature",0,"Androchrome",0,25,30,2020,"Androchrome",NA
"7/14/20",09:57:00,"Hoje_A_6","Ischnura_elegans","Mature",0,"Androchrome",0,0,30,2020,"Androchrome",NA
"7/21/20",12:06:00,"Hoje_A_6","Ischnura_elegans","Mature",0,"Androchrome",0,0,40,2020,"Androchrome",NA
"7/21/20",12:06:00,"Hoje_A_6","Erythromma_najas","Mature",0,"Androchrome",0,96,40,2020,NA,NA
"7/14/20",09:57:00,"Hoje_A_6","Sympetrum_sanguineum","Immature",0,"Gynochrome",0,0,30,2020,NA,NA
"7/14/20",09:57:00,"Hoje_A_6","Enallagma_cyathigerum","Mature",0,"Gynochrome",1,15,30,2020,NA,NA
"7/14/20",09:57:00,"Hoje_A_6","Enallagma_cyathigerum","Mature",0,"Gynochrome",1,0,30,2020,NA,NA
"7/14/20",09:57:00,"Hoje_A_6","Lestes_sponsa","Immature",0,"Gynochrome",0,0,30,2020,NA,NA
"7/14/20",09:57:00,"Hoje_A_6","Lestes_sponsa","Mature",0,"Gynochrome",0,0,30,2020,NA,NA
"7/14/20",09:57:00,"Hoje_A_6","Lestes_sponsa","Immature",0,"Gynochrome",0,0,30,2020,NA,NA
"7/14/20",09:57:00,"Hoje_A_6","Lestes_sponsa","Immature",0,"Gynochrome",0,0,30,2020,NA,NA
"7/21/20",12:06:00,"Hoje_A_6","Sympetrum_sanguineum","Immature",0,"Gynochrome",0,0,40,2020,NA,NA
"7/21/20",12:06:00,"Hoje_A_6","Sympetrum_sanguineum","Mature",0,"Gynochrome",1,NA,40,2020,NA,NA
"7/21/20",12:06:00,"Hoje_A_6","Sympetrum_sanguineum","Mature",0,"Gynochrome",1,NA,40,2020,NA,NA
"7/21/20",12:06:00,"Hoje_A_6","Sympetrum_sanguineum","Mature",0,"Gynochrome",1,NA,40,2020,NA,NA
"7/21/20",12:06:00,"Hoje_A_6","Sympetrum_sanguineum","Mature",0,"Gynochrome",1,NA,40,2020,NA,NA
"7/21/20",12:06:00,"Hoje_A_6","Sympetrum_sanguineum","Mature",0,"Gynochrome",1,NA,40,2020,NA,NA
"7/21/20",12:06:00,"Hoje_A_6","Sympetrum_sanguineum","Mature",0,"Gynochrome",1,NA,40,2020,NA,NA
"7/21/20",12:06:00,"Hoje_A_6","Sympetrum_sanguineum","Mature",0,"Gynochrome",1,NA,40,2020,NA,NA
"7/21/20",12:06:00,"Hoje_A_6","Enallagma_cyathigerum","Mature",0,"Gynochrome",1,12,40,2020,NA,NA
"7/21/20",12:06:00,"Hoje_A_6","Erythromma_najas","Mature",0,"Gynochrome",0,7,40,2020,NA,NA
"7/21/20",12:06:00,"Hoje_A_6","Erythromma_viridulum","Mature",0,"Gynochrome",0,22,40,2020,NA,NA
"7/21/20",12:06:00,"Hoje_A_6","Enallagma_cyathigerum","Mature",0,"Gynochrome",0,0,40,2020,NA,NA
"7/14/20",09:57:00,"Hoje_A_6","Sympetrum_sanguineum","Mature",1,NA,0,0,30,2020,NA,NA
"7/14/20",09:57:00,"Hoje_A_6","Sympetrum_sanguineum","Mature",1,NA,0,0,30,2020,NA,NA
"7/14/20",09:57:00,"Hoje_A_6","Sympetrum_sanguineum","Mature",1,NA,0,0,30,2020,NA,NA
"7/14/20",09:57:00,"Hoje_A_6","Sympetrum_sanguineum","Mature",0,NA,0,0,30,2020,NA,NA
"7/14/20",09:57:00,"Hoje_A_6","Sympetrum_sanguineum","Mature",1,NA,0,NA,30,2020,NA,NA
"7/14/20",09:57:00,"Hoje_A_6","Sympetrum_sanguineum","Mature",1,NA,0,NA,30,2020,NA,NA
"7/14/20",09:57:00,"Hoje_A_6","Sympetrum_sanguineum","Mature",1,NA,0,NA,30,2020,NA,NA
"7/14/20",09:57:00,"Hoje_A_6","Sympetrum_sanguineum","Mature",1,NA,0,NA,30,2020,NA,NA
"7/14/20",09:57:00,"Hoje_A_6","Sympetrum_sanguineum","Mature",1,NA,0,NA,30,2020,NA,NA
"7/14/20",09:57:00,"Hoje_A_6","Sympetrum_sanguineum","Mature",1,NA,0,NA,30,2020,NA,NA
"7/14/20",09:57:00,"Hoje_A_6","Sympetrum_sanguineum","Mature",1,NA,0,NA,30,2020,NA,NA
"7/14/20",09:57:00,"Hoje_A_6","Sympetrum_sanguineum","Mature",1,NA,0,NA,30,2020,NA,NA
"7/14/20",09:57:00,"Hoje_A_6","Sympetrum_sanguineum","Mature",1,NA,0,NA,30,2020,NA,NA
"7/14/20",09:57:00,"Hoje_A_6","Sympetrum_sanguineum","Mature",1,NA,0,NA,30,2020,NA,NA
"7/14/20",09:57:00,"Hoje_A_6","Sympetrum_sanguineum","Mature",1,NA,0,NA,30,2020,NA,NA
"7/14/20",09:57:00,"Hoje_A_6","Sympetrum_sanguineum","Mature",1,NA,0,NA,30,2020,NA,NA
"7/14/20",09:57:00,"Hoje_A_6","Sympetrum_sanguineum","Mature",1,NA,0,NA,30,2020,NA,NA
"7/14/20",09:57:00,"Hoje_A_6","Sympetrum_sanguineum","Mature",1,NA,0,NA,30,2020,NA,NA
"7/14/20",09:57:00,"Hoje_A_6","Sympetrum_sanguineum","Mature",1,NA,0,NA,30,2020,NA,NA
"7/14/20",09:57:00,"Hoje_A_6","Sympetrum_sanguineum","Mature",1,NA,0,NA,30,2020,NA,NA
"7/14/20",09:57:00,"Hoje_A_6","Sympetrum_sanguineum","Mature",1,NA,0,NA,30,2020,NA,NA
"7/14/20",09:57:00,"Hoje_A_6","Sympetrum_sanguineum","Mature",1,NA,0,NA,30,2020,NA,NA
"7/14/20",09:57:00,"Hoje_A_6","Sympetrum_sanguineum","Mature",1,NA,0,NA,30,2020,NA,NA
"7/14/20",09:57:00,"Hoje_A_6","Sympetrum_sanguineum","Mature",1,NA,0,NA,30,2020,NA,NA
"7/14/20",09:57:00,"Hoje_A_6","Sympetrum_sanguineum","Mature",1,NA,0,NA,30,2020,NA,NA
"7/14/20",09:57:00,"Hoje_A_6","Sympetrum_sanguineum","Mature",1,NA,0,NA,30,2020,NA,NA
"7/14/20",09:57:00,"Hoje_A_6","Sympetrum_sanguineum","Mature",1,NA,0,NA,30,2020,NA,NA
"7/14/20",09:57:00,"Hoje_A_6","Sympetrum_sanguineum","Mature",1,NA,0,NA,30,2020,NA,NA
"7/14/20",09:57:00,"Hoje_A_6","Sympetrum_sanguineum","Mature",1,NA,0,NA,30,2020,NA,NA
"7/14/20",09:57:00,"Hoje_A_6","Enallagma_cyathigerum","Mature",1,NA,1,0,30,2020,NA,NA
"7/14/20",09:57:00,"Hoje_A_6","Enallagma_cyathigerum","Mature",0,NA,1,0,30,2020,NA,NA
"7/14/20",09:57:00,"Hoje_A_6","Ischnura_elegans","Mature",1,NA,1,0,30,2020,NA,NA
"7/14/20",09:57:00,"Hoje_A_6","Enallagma_cyathigerum","Mature",1,NA,1,3,30,2020,NA,NA
"7/14/20",09:57:00,"Hoje_A_6","Enallagma_cyathigerum","Mature",1,NA,1,4,30,2020,NA,NA
"7/14/20",09:57:00,"Hoje_A_6","Enallagma_cyathigerum","Mature",1,NA,1,0,30,2020,NA,NA
"7/14/20",09:57:00,"Hoje_A_6","Enallagma_cyathigerum","Mature",1,NA,1,0,30,2020,NA,NA
"7/14/20",09:57:00,"Hoje_A_6","Lestes_sponsa","Immature",1,NA,0,0,30,2020,NA,NA
"7/14/20",09:57:00,"Hoje_A_6","Lestes_sponsa","Mature",1,NA,0,0,30,2020,NA,NA
"7/14/20",09:57:00,"Hoje_A_6","Lestes_sponsa","Mature",1,NA,0,0,30,2020,NA,NA
"7/14/20",09:57:00,"Hoje_A_6","Coenagrion_puella","Mature",1,NA,0,0,30,2020,NA,NA
"7/14/20",09:57:00,"Hoje_A_6","Enallagma_cyathigerum","Mature",1,NA,0,0,30,2020,NA,NA
"7/14/20",09:57:00,"Hoje_A_6","Enallagma_cyathigerum","Mature",1,NA,0,1,30,2020,NA,NA
"7/14/20",09:57:00,"Hoje_A_6","Enallagma_cyathigerum","Mature",1,NA,0,3,30,2020,NA,NA
"7/14/20",09:57:00,"Hoje_A_6","Enallagma_cyathigerum","Mature",1,NA,0,3,30,2020,NA,NA
"7/14/20",09:57:00,"Hoje_A_6","Enallagma_cyathigerum","Mature",1,NA,0,1,30,2020,NA,NA
"7/14/20",09:57:00,"Hoje_A_6","Enallagma_cyathigerum","Mature",1,NA,0,1,30,2020,NA,NA
"7/14/20",09:57:00,"Hoje_A_6","Ischnura_elegans","Mature",1,NA,0,0,30,2020,NA,NA
"7/14/20",09:57:00,"Hoje_A_6","Coenagrion_puella","Mature",1,NA,0,0,30,2020,NA,NA
"7/14/20",09:57:00,"Hoje_A_6","Enallagma_cyathigerum","Mature",1,NA,0,5,30,2020,NA,NA
"7/14/20",09:57:00,"Hoje_A_6","Ischnura_elegans","Mature",1,NA,0,0,30,2020,NA,NA
"7/14/20",09:57:00,"Hoje_A_6","Enallagma_cyathigerum","Mature",1,NA,0,1,30,2020,NA,NA
"7/14/20",09:57:00,"Hoje_A_6","Coenagrion_pulchellum","Mature",1,NA,0,0,30,2020,NA,NA
"7/14/20",09:57:00,"Hoje_A_6","Enallagma_cyathigerum","Mature",1,NA,0,0,30,2020,NA,NA
"7/14/20",09:57:00,"Hoje_A_6","Enallagma_cyathigerum","Mature",1,NA,0,0,30,2020,NA,NA
"7/14/20",09:57:00,"Hoje_A_6","Ischnura_elegans","Mature",1,NA,0,0,30,2020,NA,NA
"7/14/20",09:57:00,"Hoje_A_6","Lestes_sponsa","Mature",1,NA,0,0,30,2020,NA,NA
"7/14/20",09:57:00,"Hoje_A_6","Coenagrion_puella","Mature",1,NA,0,0,30,2020,NA,NA
"7/14/20",09:57:00,"Hoje_A_6","Lestes_sponsa","Mature",1,NA,0,0,30,2020,NA,NA
"7/14/20",09:57:00,"Hoje_A_6","Enallagma_cyathigerum","Mature",1,NA,0,0,30,2020,NA,NA
"7/14/20",09:57:00,"Hoje_A_6","Enallagma_cyathigerum","Mature",1,NA,0,0,30,2020,NA,NA
"7/14/20",09:57:00,"Hoje_A_6","Enallagma_cyathigerum","Mature",1,NA,0,0,30,2020,NA,NA
"7/14/20",09:57:00,"Hoje_A_6","Lestes_sponsa","Mature",1,NA,0,0,30,2020,NA,NA
"7/14/20",09:57:00,"Hoje_A_6","Ischnura_elegans","Immature",1,NA,0,0,30,2020,NA,NA
"7/14/20",09:57:00,"Hoje_A_6","Ischnura_elegans","Mature",1,NA,0,0,30,2020,NA,NA
"7/14/20",09:57:00,"Hoje_A_6","Ischnura_elegans","Mature",1,NA,0,0,30,2020,NA,NA
"7/21/20",12:06:00,"Hoje_A_6","Anax_imperator","Mature",1,NA,0,NA,40,2020,NA,NA
"7/21/20",12:06:00,"Hoje_A_6","Calopteryx_splendens","Mature",1,NA,0,NA,40,2020,NA,NA
"7/21/20",12:06:00,"Hoje_A_6","Calopteryx_splendens","Mature",1,NA,0,NA,40,2020,NA,NA
"7/21/20",12:06:00,"Hoje_A_6","Sympetrum_sanguineum","Mature",1,NA,0,0,40,2020,NA,NA
"7/21/20",12:06:00,"Hoje_A_6","Sympetrum_sanguineum","Mature",1,NA,0,0,40,2020,NA,NA
"7/21/20",12:06:00,"Hoje_A_6","Sympetrum_sanguineum","Mature",1,NA,0,0,40,2020,NA,NA
"7/21/20",12:06:00,"Hoje_A_6","Sympetrum_sanguineum","Mature",1,NA,0,0,40,2020,NA,NA
"7/21/20",12:06:00,"Hoje_A_6","Sympetrum_sanguineum","Mature",1,NA,0,0,40,2020,NA,NA
"7/21/20",12:06:00,"Hoje_A_6","Sympetrum_sanguineum","Mature",1,NA,0,0,40,2020,NA,NA
"7/21/20",12:06:00,"Hoje_A_6","Sympetrum_sanguineum","Mature",1,NA,0,0,40,2020,NA,NA
"7/21/20",12:06:00,"Hoje_A_6","Sympetrum_sanguineum","Mature",1,NA,0,0,40,2020,NA,NA
"7/21/20",12:06:00,"Hoje_A_6","Sympetrum_sanguineum","Mature",1,NA,0,0,40,2020,NA,NA
"7/21/20",12:06:00,"Hoje_A_6","Sympetrum_sanguineum","Mature",1,NA,0,NA,40,2020,NA,NA
"7/21/20",12:06:00,"Hoje_A_6","Sympetrum_sanguineum","Mature",1,NA,0,NA,40,2020,NA,NA
"7/21/20",12:06:00,"Hoje_A_6","Sympetrum_sanguineum","Mature",1,NA,0,NA,40,2020,NA,NA
"7/21/20",12:06:00,"Hoje_A_6","Sympetrum_sanguineum","Mature",1,NA,0,NA,40,2020,NA,NA
"7/21/20",12:06:00,"Hoje_A_6","Sympetrum_sanguineum","Mature",1,NA,0,NA,40,2020,NA,NA
"7/21/20",12:06:00,"Hoje_A_6","Sympetrum_sanguineum","Mature",1,NA,0,NA,40,2020,NA,NA
"7/21/20",12:06:00,"Hoje_A_6","Sympetrum_sanguineum","Mature",1,NA,0,NA,40,2020,NA,NA
"7/21/20",12:06:00,"Hoje_A_6","Sympetrum_sanguineum","Mature",1,NA,0,NA,40,2020,NA,NA
"7/21/20",12:06:00,"Hoje_A_6","Sympetrum_sanguineum","Mature",1,NA,0,NA,40,2020,NA,NA
"7/21/20",12:06:00,"Hoje_A_6","Sympetrum_sanguineum","Mature",1,NA,0,NA,40,2020,NA,NA
"7/21/20",12:06:00,"Hoje_A_6","Sympetrum_sanguineum","Mature",1,NA,0,NA,40,2020,NA,NA
"7/21/20",12:06:00,"Hoje_A_6","Sympetrum_sanguineum","Mature",1,NA,0,NA,40,2020,NA,NA
"7/21/20",12:06:00,"Hoje_A_6","Sympetrum_sanguineum","Mature",1,NA,0,NA,40,2020,NA,NA
"7/21/20",12:06:00,"Hoje_A_6","Sympetrum_sanguineum","Mature",1,NA,0,NA,40,2020,NA,NA
"7/21/20",12:06:00,"Hoje_A_6","Sympetrum_sanguineum","Mature",1,NA,0,NA,40,2020,NA,NA
"7/21/20",12:06:00,"Hoje_A_6","Sympetrum_sanguineum","Mature",1,NA,0,NA,40,2020,NA,NA
"7/21/20",12:06:00,"Hoje_A_6","Sympetrum_sanguineum","Mature",1,NA,0,NA,40,2020,NA,NA
"7/21/20",12:06:00,"Hoje_A_6","Sympetrum_sanguineum","Mature",1,NA,0,NA,40,2020,NA,NA
"7/21/20",12:06:00,"Hoje_A_6","Sympetrum_sanguineum","Mature",1,NA,0,NA,40,2020,NA,NA
"7/21/20",12:06:00,"Hoje_A_6","Sympetrum_sanguineum","Mature",1,NA,0,NA,40,2020,NA,NA
"7/21/20",12:06:00,"Hoje_A_6","Sympetrum_sanguineum","Mature",1,NA,1,NA,40,2020,NA,NA
"7/21/20",12:06:00,"Hoje_A_6","Sympetrum_sanguineum","Mature",1,NA,1,NA,40,2020,NA,NA
"7/21/20",12:06:00,"Hoje_A_6","Sympetrum_sanguineum","Mature",1,NA,1,NA,40,2020,NA,NA
"7/21/20",12:06:00,"Hoje_A_6","Sympetrum_sanguineum","Mature",1,NA,1,NA,40,2020,NA,NA
"7/21/20",12:06:00,"Hoje_A_6","Sympetrum_sanguineum","Mature",1,NA,1,NA,40,2020,NA,NA
"7/21/20",12:06:00,"Hoje_A_6","Sympetrum_sanguineum","Mature",1,NA,1,NA,40,2020,NA,NA
"7/21/20",12:06:00,"Hoje_A_6","Sympetrum_sanguineum","Mature",1,NA,1,NA,40,2020,NA,NA
"7/21/20",12:06:00,"Hoje_A_6","Enallagma_cyathigerum","Mature",1,NA,1,0,40,2020,NA,NA
"7/21/20",12:06:00,"Hoje_A_6","Enallagma_cyathigerum","Mature",1,NA,0,1,40,2020,NA,NA
"7/21/20",12:06:00,"Hoje_A_6","Enallagma_cyathigerum","Mature",1,NA,0,0,40,2020,NA,NA
"7/21/20",12:06:00,"Hoje_A_6","Enallagma_cyathigerum","Mature",1,NA,0,3,40,2020,NA,NA
"7/21/20",12:06:00,"Hoje_A_6","Enallagma_cyathigerum","Mature",1,NA,0,0,40,2020,NA,NA
"7/21/20",12:06:00,"Hoje_A_6","Lestes_sponsa","Mature",1,NA,0,0,40,2020,NA,NA
"7/21/20",12:06:00,"Hoje_A_6","Enallagma_cyathigerum","Mature",1,NA,0,1,40,2020,NA,NA
"7/21/20",12:06:00,"Hoje_A_6","Ischnura_elegans","Mature",1,NA,0,0,40,2020,NA,NA
"7/21/20",12:06:00,"Hoje_A_6","Lestes_sponsa","Mature",1,NA,0,0,40,2020,NA,NA
"7/21/20",12:06:00,"Hoje_A_6","Lestes_sponsa","Mature",1,NA,0,0,40,2020,NA,NA
"7/21/20",12:06:00,"Hoje_A_6","Lestes_sponsa","Mature",1,NA,0,0,40,2020,NA,NA
"7/21/20",12:06:00,"Hoje_A_6","Lestes_sponsa","Mature",1,NA,0,0,40,2020,NA,NA
"7/21/20",12:06:00,"Hoje_A_6","Enallagma_cyathigerum","Mature",1,NA,0,NA,40,2020,NA,NA
"7/21/20",12:06:00,"Hoje_A_6","Enallagma_cyathigerum","Mature",1,NA,0,0,40,2020,NA,NA
"7/21/20",12:06:00,"Hoje_A_6","Enallagma_cyathigerum","Mature",1,NA,0,1,40,2020,NA,NA
"7/21/20",12:06:00,"Hoje_A_6","Coenagrion_pulchellum","Mature",1,NA,0,0,40,2020,NA,NA
"7/21/20",12:06:00,"Hoje_A_6","Enallagma_cyathigerum","Mature",1,NA,0,3,40,2020,NA,NA
"7/21/20",12:06:00,"Hoje_A_6","Ischnura_elegans","Mature",1,NA,0,0,40,2020,NA,NA
"7/21/20",12:06:00,"Hoje_A_6","Ischnura_elegans","Teneral",0,NA,0,0,40,2020,NA,NA
"7/21/20",12:06:00,"Hoje_A_6","Enallagma_cyathigerum","Mature",1,NA,0,0,40,2020,NA,NA
"7/21/20",12:06:00,"Hoje_A_6","Enallagma_cyathigerum","Mature",1,NA,0,0,40,2020,NA,NA
"7/21/20",12:06:00,"Hoje_A_6","Enallagma_cyathigerum","Mature",1,NA,0,0,40,2020,NA,NA
"7/21/20",12:06:00,"Hoje_A_6","Enallagma_cyathigerum","Mature",1,NA,0,0,40,2020,NA,NA
"7/21/20",12:06:00,"Hoje_A_6","Enallagma_cyathigerum","Mature",1,NA,0,21,40,2020,NA,NA
"7/21/20",12:06:00,"Hoje_A_6","Ischnura_elegans","Mature",1,NA,0,0,40,2020,NA,NA
"7/21/20",12:06:00,"Hoje_A_6","Ischnura_elegans","Mature",1,NA,0,0,40,2020,NA,NA
"7/21/20",12:06:00,"Hoje_A_6","Enallagma_cyathigerum","Mature",1,NA,0,0,40,2020,NA,NA
"7/21/20",12:06:00,"Hoje_A_6","Ischnura_elegans","Mature",1,NA,0,0,40,2020,NA,NA
"7/21/20",12:06:00,"Hoje_A_6","Ischnura_elegans","Mature",1,NA,0,0,40,2020,NA,NA
"7/21/20",12:06:00,"Hoje_A_6","Enallagma_cyathigerum","Mature",1,NA,0,1,40,2020,NA,NA
"7/21/20",12:06:00,"Hoje_A_6","Enallagma_cyathigerum","Mature",1,NA,0,1,40,2020,NA,NA
"7/21/20",12:06:00,"Hoje_A_6","Enallagma_cyathigerum","Mature",1,NA,0,1,40,2020,NA,NA
"7/21/20",12:06:00,"Hoje_A_6","Enallagma_cyathigerum","Mature",1,NA,0,0,40,2020,NA,NA
"7/21/20",12:06:00,"Hoje_A_6","Enallagma_cyathigerum","Mature",1,NA,0,NA,40,2020,NA,NA
"7/21/20",12:06:00,"Hoje_A_6","Enallagma_cyathigerum","Mature",1,NA,0,5,40,2020,NA,NA
"7/21/20",12:06:00,"Hoje_A_6","Enallagma_cyathigerum","Mature",1,NA,0,0,40,2020,NA,NA
"7/21/20",12:06:00,"Hoje_A_6","Enallagma_cyathigerum","Mature",1,NA,0,0,40,2020,NA,NA
"7/21/20",12:06:00,"Hoje_A_6","Enallagma_cyathigerum","Mature",1,NA,0,0,40,2020,NA,NA
"7/21/20",12:06:00,"Hoje_A_6","Enallagma_cyathigerum","Mature",1,NA,0,NA,40,2020,NA,NA
"7/21/20",12:06:00,"Hoje_A_6","Coenagrion_puella","Mature",1,NA,0,0,40,2020,NA,NA
"7/21/20",12:06:00,"Hoje_A_6","Enallagma_cyathigerum","Mature",1,NA,0,0,40,2020,NA,NA
"7/21/20",12:06:00,"Hoje_A_6","Enallagma_cyathigerum","Mature",1,NA,0,1,40,2020,NA,NA
"7/21/20",12:06:00,"Hoje_A_6","Enallagma_cyathigerum","Mature",1,NA,0,0,40,2020,NA,NA
"7/21/20",12:06:00,"Hoje_A_6","Erythromma_viridulum","Immature",1,NA,0,7,40,2020,NA,NA
"7/21/20",12:06:00,"Hoje_A_6","Enallagma_cyathigerum","Mature",1,NA,0,2,40,2020,NA,NA
"7/21/20",12:06:00,"Hoje_A_6","Erythromma_viridulum","Mature",1,NA,0,7,40,2020,NA,NA
"7/21/20",12:06:00,"Hoje_A_6","Enallagma_cyathigerum","Mature",1,NA,0,0,40,2020,NA,NA
"7/21/20",12:06:00,"Hoje_A_6","Enallagma_cyathigerum","Mature",1,NA,0,0,40,2020,NA,NA
"7/21/20",12:06:00,"Hoje_A_6","Enallagma_cyathigerum","Mature",1,NA,0,0,40,2020,NA,NA
"7/21/20",12:06:00,"Hoje_A_6","Enallagma_cyathigerum","Mature",1,NA,0,0,40,2020,NA,NA
"7/21/20",12:06:00,"Hoje_A_6","Enallagma_cyathigerum","Mature",1,NA,0,0,40,2020,NA,NA
"7/21/20",12:06:00,"Hoje_A_6","Coenagrion_puella","Mature",1,NA,0,0,40,2020,NA,NA
"7/21/20",12:06:00,"Hoje_A_6","Enallagma_cyathigerum","Mature",1,NA,0,0,40,2020,NA,NA
"7/21/20",12:06:00,"Hoje_A_6","Enallagma_cyathigerum","Mature",1,NA,0,2,40,2020,NA,NA
"7/21/20",12:06:00,"Hoje_A_6","Ischnura_elegans","Mature",1,NA,0,0,40,2020,NA,NA
"7/21/20",12:06:00,"Hoje_A_6","Somatochlora_metallica","Mature",1,NA,0,NA,40,2020,NA,NA
"7/14/20",09:57:00,"Hoje_A_6","Erythromma_viridulum","Mature",0,NA,0,0,30,2020,NA,NA
"7/14/20",09:57:00,"Hoje_A_6","Erythromma_viridulum","Mature",0,NA,0,0,30,2020,NA,NA
"7/14/20",09:57:00,"Hoje_A_6","Erythromma_viridulum","Mature",0,NA,0,17,30,2020,NA,NA
"5/26/20",11:02:00,"Hoje_A_6","Pyrrhosoma_nymphula","Mature",1,NA,0,4,80,2020,NA,NA
"5/26/20",11:02:00,"Hoje_A_6","Coenagrion_pulchellum","Teneral",0,NA,0,1,80,2020,NA,NA
"5/26/20",11:02:00,"Hoje_A_6","Coenagrion_puella","Immature",1,NA,0,100,80,2020,NA,NA
"5/26/20",11:02:00,"Hoje_A_6","Coenagrion_pulchellum","Teneral",0,NA,0,8,80,2020,NA,NA
"5/26/20",11:02:00,"Hoje_A_6","Coenagrion_puella","Teneral",0,NA,0,16,80,2020,NA,NA
"5/26/20",11:02:00,"Hoje_A_6","Coenagrion_pulchellum","Teneral",1,NA,0,5,80,2020,NA,NA
"5/26/20",11:02:00,"Hoje_A_6","Coenagrion_pulchellum","Teneral",0,NA,0,10,80,2020,NA,NA
"5/26/20",11:02:00,"Hoje_A_6","Coenagrion_pulchellum","Mature",1,NA,0,80,80,2020,NA,NA
"5/26/20",11:02:00,"Hoje_A_6","Coenagrion_pulchellum","Mature",1,NA,0,20,80,2020,NA,NA
"5/26/20",11:02:00,"Hoje_A_6","Erythromma_najas","Teneral",0,NA,0,0,80,2020,NA,NA
"5/26/20",11:02:00,"Hoje_A_6","Coenagrion_puella","Teneral",1,NA,0,26,80,2020,NA,NA
"5/26/20",11:02:00,"Hoje_A_6","Coenagrion_puella","Immature",1,NA,0,32,80,2020,NA,NA
"5/26/20",11:02:00,"Hoje_A_6","Coenagrion_pulchellum","Immature",0,"Gynochrome",0,21,80,2020,NA,NA
"5/26/20",11:02:00,"Hoje_A_6","Coenagrion_pulchellum","Teneral",0,NA,0,30,80,2020,NA,NA
"5/26/20",11:02:00,"Hoje_A_6","Coenagrion_pulchellum","Teneral",1,NA,0,12,80,2020,NA,NA
"5/26/20",11:02:00,"Hoje_A_6","Coenagrion_puella","Immature",1,NA,0,28,80,2020,NA,NA
"5/26/20",11:02:00,"Hoje_A_6","Coenagrion_puella","Teneral",0,NA,0,21,80,2020,NA,NA
"5/26/20",11:02:00,"Hoje_A_6","Coenagrion_pulchellum","Mature",0,"Gynochrome",0,26,80,2020,NA,NA
"5/26/20",11:02:00,"Hoje_A_6","Erythromma_najas","Mature",0,"Gynochrome",0,0,80,2020,NA,NA
"5/26/20",11:02:00,"Hoje_A_6","Coenagrion_puella","Mature",1,NA,0,33,80,2020,NA,NA
"5/26/20",11:02:00,"Hoje_A_6","Coenagrion_pulchellum","Mature",1,NA,0,12,80,2020,NA,NA
"5/26/20",11:02:00,"Hoje_A_6","Coenagrion_puella","Teneral",0,NA,0,14,80,2020,NA,NA
"5/26/20",11:02:00,"Hoje_A_6","Coenagrion_puella","Teneral",0,NA,0,30,80,2020,NA,NA
"5/26/20",11:02:00,"Hoje_A_6","Coenagrion_pulchellum","Mature",1,NA,0,2,80,2020,NA,NA
"5/26/20",11:02:00,"Hoje_A_6","Coenagrion_pulchellum","Immature",0,"Gynochrome",0,0,80,2020,NA,NA
"5/26/20",11:02:00,"Hoje_A_6","Coenagrion_pulchellum","Teneral",0,NA,0,0,80,2020,NA,NA
"5/26/20",11:02:00,"Hoje_A_6","Coenagrion_pulchellum","Immature",1,NA,0,0,80,2020,NA,NA
"5/26/20",11:02:00,"Hoje_A_6","Ischnura_elegans","Immature",1,NA,0,0,80,2020,NA,NA
"5/26/20",11:02:00,"Hoje_A_6","Ischnura_elegans","Immature",1,NA,0,0,80,2020,NA,NA
"5/26/20",11:02:00,"Hoje_A_6","Ischnura_elegans","Immature",0,"Gynochrome",0,0,80,2020,"Androchrome","Violacea_(Androchrome)"
"6/8/20",11:29:00,"Hoje_A_6","Brachytron_pratense","Mature",1,NA,0,NA,40,2020,NA,NA
"6/8/20",11:29:00,"Hoje_A_6","Libellula_quadrimaculata","Teneral",NA,NA,0,NA,40,2020,NA,NA
"6/8/20",11:29:00,"Hoje_A_6","Enallagma_cyathigerum","Mature",1,NA,1,0,40,2020,NA,NA
"6/8/20",11:29:00,"Hoje_A_6","Enallagma_cyathigerum","Mature",0,"Gynochrome",1,0,40,2020,NA,NA
"6/8/20",11:29:00,"Hoje_A_6","Coenagrion_pulchellum","Mature",0,"Androchrome",1,34,40,2020,NA,NA
"6/8/20",11:29:00,"Hoje_A_6","Coenagrion_pulchellum","Mature",1,NA,1,7,40,2020,NA,NA
"6/8/20",11:29:00,"Hoje_A_6","Ischnura_elegans","Mature",0,"Gynochrome",0,0,40,2020,"Infuscans",NA
"6/8/20",11:29:00,"Hoje_A_6","Enallagma_cyathigerum","Immature",0,"Gynochrome",0,0,40,2020,NA,NA
"6/8/20",11:29:00,"Hoje_A_6","Erythromma_najas","Mature",1,NA,0,4,40,2020,NA,NA
"6/8/20",11:29:00,"Hoje_A_6","Coenagrion_puella","Mature",1,NA,0,1,40,2020,NA,NA
"6/8/20",11:29:00,"Hoje_A_6","Coenagrion_puella","Mature",1,NA,0,1,40,2020,NA,NA
"6/8/20",11:29:00,"Hoje_A_6","Coenagrion_pulchellum","Mature",1,NA,0,14,40,2020,NA,NA
"6/8/20",11:29:00,"Hoje_A_6","Coenagrion_pulchellum","Mature",1,NA,0,0,40,2020,NA,NA
"6/8/20",11:29:00,"Hoje_A_6","Coenagrion_pulchellum","Mature",1,NA,0,6,40,2020,NA,NA
"6/8/20",11:29:00,"Hoje_A_6","Coenagrion_pulchellum","Mature",1,NA,0,3,40,2020,NA,NA
"6/8/20",11:29:00,"Hoje_A_6","Coenagrion_pulchellum","Mature",1,NA,0,4,40,2020,NA,NA
"6/8/20",11:29:00,"Hoje_A_6","Coenagrion_puella","Mature",1,NA,0,0,40,2020,NA,NA
"6/8/20",11:29:00,"Hoje_A_6","Enallagma_cyathigerum","Mature",1,NA,0,0,40,2020,NA,NA
"6/8/20",11:29:00,"Hoje_A_6","Ischnura_elegans","Immature",0,"Gynochrome",0,0,40,2020,"Infuscans","Violacea_(Infuscans)"
"6/8/20",11:29:00,"Hoje_A_6","Erythromma_najas","Teneral",0,NA,0,0,40,2020,NA,NA
"6/8/20",11:29:00,"Hoje_A_6","Erythromma_najas","Teneral",0,NA,0,6,40,2020,NA,NA
"6/8/20",11:29:00,"Hoje_A_6","Coenagrion_puella","Immature",1,NA,0,24,40,2020,NA,NA
"6/8/20",11:29:00,"Hoje_A_6","Coenagrion_pulchellum","Teneral",NA,NA,0,36,40,2020,NA,NA
"6/8/20",11:29:00,"Hoje_A_6","Ischnura_elegans","Mature",NA,NA,0,0,40,2020,NA,NA
"6/8/20",11:29:00,"Hoje_A_6","Ischnura_elegans","Immature",NA,NA,0,0,40,2020,NA,NA
"6/8/20",11:29:00,"Hoje_A_6","Erythromma_najas","Mature",NA,NA,0,0,40,2020,NA,NA
"6/8/20",11:29:00,"Hoje_A_6","Erythromma_najas","Mature",0,"Gynochrome",0,0,40,2020,NA,NA
"6/8/20",11:29:00,"Hoje_A_6","Coenagrion_pulchellum","Mature",NA,NA,0,50,40,2020,NA,NA
"6/8/20",11:29:00,"Hoje_A_6","Ischnura_elegans","Mature",0,"Gynochrome",0,0,40,2020,"Infuscans","Violacea_(Infuscans)"
"6/8/20",11:29:00,"Hoje_A_6","Ischnura_elegans","Mature",1,NA,0,0,40,2020,NA,NA
"6/8/20",11:29:00,"Hoje_A_6","Ischnura_elegans","Mature",0,"Androchrome",0,0,40,2020,"Androchrome",NA
"6/8/20",11:29:00,"Hoje_A_6","Ischnura_elegans","Immature",0,"Gynochrome",0,1,40,2020,"Androchrome","Violacea_(Androchrome)"
"6/24/20",12:18:00,"Hoje_A_6","Anax_imperator","Mature",1,NA,0,NA,30,2020,NA,NA
"6/24/20",12:18:00,"Hoje_A_6","Aeshna_isoceles","Mature",NA,NA,0,NA,30,2020,NA,NA
"6/24/20",12:18:00,"Hoje_A_6","Libellula_quadrimaculata","Mature",NA,NA,0,NA,30,2020,NA,NA
"6/24/20",12:18:00,"Hoje_A_6","Enallagma_cyathigerum","Mature",1,NA,1,0,30,2020,NA,NA
"6/24/20",12:18:00,"Hoje_A_6","Enallagma_cyathigerum","Mature",0,"Gynochrome",1,11,30,2020,NA,NA
"6/24/20",12:18:00,"Hoje_A_6","Ischnura_elegans","Mature",0,"Androchrome",1,15,30,2020,"Androchrome",NA
"6/24/20",12:18:00,"Hoje_A_6","Ischnura_elegans","Mature",1,NA,1,0,30,2020,NA,NA
"6/24/20",12:18:00,"Hoje_A_6","Enallagma_cyathigerum","Mature",1,NA,1,2,30,2020,NA,NA
"6/24/20",12:18:00,"Hoje_A_6","Coenagrion_puella","Mature",1,NA,1,0,30,2020,NA,NA
"6/24/20",12:18:00,"Hoje_A_6","Coenagrion_puella","Mature",0,"Gynochrome",1,NA,30,2020,NA,NA
"6/24/20",12:18:00,"Hoje_A_6","Enallagma_cyathigerum","Mature",0,"Gynochrome",1,20,30,2020,NA,NA
"6/24/20",12:18:00,"Hoje_A_6","Enallagma_cyathigerum","Mature",0,"Gynochrome",1,3,30,2020,NA,NA
"6/24/20",12:18:00,"Hoje_A_6","Enallagma_cyathigerum","Mature",1,NA,1,NA,30,2020,NA,NA
"6/24/20",12:18:00,"Hoje_A_6","Enallagma_cyathigerum","Mature",0,"Gynochrome",1,10,30,2020,NA,NA
"6/24/20",12:18:00,"Hoje_A_6","Enallagma_cyathigerum","Mature",1,NA,1,24,30,2020,NA,NA
"6/24/20",12:18:00,"Hoje_A_6","Coenagrion_puella","Mature",0,"Gynochrome",0,30,30,2020,NA,NA
"6/24/20",12:18:00,"Hoje_A_6","Coenagrion_puella","Mature",1,NA,0,0,30,2020,NA,NA
"6/24/20",12:18:00,"Hoje_A_6","Enallagma_cyathigerum","Mature",1,NA,0,0,30,2020,NA,NA
"6/24/20",12:18:00,"Hoje_A_6","Enallagma_cyathigerum","Mature",1,NA,0,13,30,2020,NA,NA
"6/24/20",12:18:00,"Hoje_A_6","Lestes_sponsa","Teneral",0,NA,0,0,30,2020,NA,NA
"6/24/20",12:18:00,"Hoje_A_6","Coenagrion_pulchellum","Immature",1,NA,0,6,30,2020,NA,NA
"6/24/20",12:18:00,"Hoje_A_6","Coenagrion_puella","Mature",1,NA,0,0,30,2020,NA,NA
"6/24/20",12:18:00,"Hoje_A_6","Enallagma_cyathigerum","Mature",1,NA,0,3,30,2020,NA,NA
"6/24/20",12:18:00,"Hoje_A_6","Coenagrion_pulchellum","Mature",1,NA,0,0,30,2020,NA,NA
"6/24/20",12:18:00,"Hoje_A_6","Coenagrion_puella","Mature",1,NA,0,21,30,2020,NA,NA
"6/24/20",12:18:00,"Hoje_A_6","Enallagma_cyathigerum","Mature",1,NA,0,0,30,2020,NA,NA
"6/24/20",12:18:00,"Hoje_A_6","Enallagma_cyathigerum","Mature",1,NA,0,0,30,2020,NA,NA
"6/24/20",12:18:00,"Hoje_A_6","Coenagrion_pulchellum","Mature",1,NA,0,0,30,2020,NA,NA
"6/24/20",12:18:00,"Hoje_A_6","Enallagma_cyathigerum","Immature",1,NA,0,43,30,2020,NA,NA
"6/24/20",12:18:00,"Hoje_A_6","Enallagma_cyathigerum","Mature",1,NA,0,0,30,2020,NA,NA
"6/24/20",12:18:00,"Hoje_A_6","Enallagma_cyathigerum","Mature",1,NA,0,4,30,2020,NA,NA
"6/24/20",12:18:00,"Hoje_A_6","Coenagrion_puella","Mature",0,"Gynochrome",0,76,30,2020,NA,NA
"6/24/20",12:18:00,"Hoje_A_6","Coenagrion_pulchellum","Mature",1,NA,0,2,30,2020,NA,NA
"6/24/20",12:18:00,"Hoje_A_6","Enallagma_cyathigerum","Mature",1,NA,0,NA,30,2020,NA,NA
"6/24/20",12:18:00,"Hoje_A_6","Coenagrion_pulchellum","Mature",1,NA,0,5,30,2020,NA,NA
"6/24/20",12:18:00,"Hoje_A_6","Lestes_sponsa","Teneral",1,NA,0,0,30,2020,NA,NA
"6/24/20",12:18:00,"Hoje_A_6","Enallagma_cyathigerum","Mature",1,NA,0,0,30,2020,NA,NA
"6/24/20",12:18:00,"Hoje_A_6","Coenagrion_puella","Mature",1,NA,0,0,30,2020,NA,NA
"6/24/20",12:18:00,"Hoje_A_6","Ischnura_elegans","Immature",0,"Gynochrome",0,13,30,2020,"Androchrome","Violacea_(Androchrome)"
"6/24/20",12:18:00,"Hoje_A_6","Ischnura_elegans","Mature",0,"Androchrome",0,0,30,2020,"Androchrome",NA
"6/24/20",12:18:00,"Hoje_A_6","Enallagma_cyathigerum","Mature",1,NA,0,2,30,2020,NA,NA
"6/24/20",12:18:00,"Hoje_A_6","Lestes_sponsa","Teneral",0,NA,0,0,30,2020,NA,NA
"6/24/20",12:18:00,"Hoje_A_6","Enallagma_cyathigerum","Mature",1,NA,0,11,30,2020,NA,NA
"6/24/20",12:18:00,"Hoje_A_6","Ischnura_elegans","Teneral",1,NA,0,57,30,2020,NA,NA
"6/24/20",12:18:00,"Hoje_A_6","Enallagma_cyathigerum","Mature",1,NA,0,0,30,2020,NA,NA
"6/24/20",12:18:00,"Hoje_A_6","Enallagma_cyathigerum","Immature",1,NA,0,1,30,2020,NA,NA
"6/24/20",12:18:00,"Hoje_A_6","Enallagma_cyathigerum","Mature",1,NA,0,0,30,2020,NA,NA
"6/24/20",12:18:00,"Hoje_A_6","Enallagma_cyathigerum","Mature",1,NA,0,8,30,2020,NA,NA
"6/24/20",12:18:00,"Hoje_A_6","Coenagrion_pulchellum","Mature",1,NA,0,3,30,2020,NA,NA
"6/24/20",12:18:00,"Hoje_A_6","Enallagma_cyathigerum","Mature",1,NA,0,1,30,2020,NA,NA
"6/24/20",12:18:00,"Hoje_A_6","Enallagma_cyathigerum","Mature",1,NA,0,29,30,2020,NA,NA
"6/24/20",12:18:00,"Hoje_A_6","Enallagma_cyathigerum","Mature",1,NA,0,3,30,2020,NA,NA
"6/24/20",12:18:00,"Hoje_A_6","Enallagma_cyathigerum","Mature",1,NA,0,4,30,2020,NA,NA
"6/24/20",12:18:00,"Hoje_A_6","Enallagma_cyathigerum","Immature",1,NA,0,29,30,2020,NA,NA
"6/24/20",12:18:00,"Hoje_A_6","Coenagrion_puella","Mature",1,NA,0,0,30,2020,NA,NA
"6/24/20",12:18:00,"Hoje_A_6","Enallagma_cyathigerum","Mature",1,NA,0,3,30,2020,NA,NA
"6/24/20",12:18:00,"Hoje_A_6","Enallagma_cyathigerum","Mature",1,NA,0,3,30,2020,NA,NA
"6/24/20",12:18:00,"Hoje_A_6","Coenagrion_puella","Mature",1,NA,0,0,30,2020,NA,NA
"6/24/20",12:18:00,"Hoje_A_6","Coenagrion_pulchellum","Mature",1,NA,0,0,30,2020,NA,NA
"6/24/20",12:18:00,"Hoje_A_6","Ischnura_elegans","Teneral",1,NA,0,0,30,2020,NA,NA
"6/24/20",12:18:00,"Hoje_A_6","Coenagrion_pulchellum","Immature",1,NA,0,28,30,2020,NA,NA
"7/17/20",15:52:00,"Hoje_A_7","Ischnura_elegans","Mature",0,"Androchrome",1,0,60,2020,"Androchrome",NA
"7/17/20",15:52:00,"Hoje_A_7","Ischnura_elegans","Mature",0,"Androchrome",1,0,60,2020,"Androchrome",NA
"7/17/20",15:52:00,"Hoje_A_7","Ischnura_elegans","Mature",0,"Androchrome",1,0,60,2020,"Androchrome",NA
"7/25/20",11:17:00,"Hoje_A_7","Ischnura_elegans","Mature",0,"Androchrome",0,0,40,2020,"Androchrome",NA
"7/25/20",11:17:00,"Hoje_A_7","Ischnura_elegans","Mature",0,"Androchrome",0,0,40,2020,"Androchrome",NA
"7/25/20",11:17:00,"Hoje_A_7","Ischnura_elegans","Mature",0,"Androchrome",0,0,40,2020,"Androchrome",NA
"7/25/20",11:17:00,"Hoje_A_7","Ischnura_elegans","Immature",0,"Androchrome",0,0,40,2020,"Androchrome",NA
"7/17/20",15:52:00,"Hoje_A_7","Anax_imperator","Mature",0,"Gynochrome",0,NA,60,2020,NA,NA
"7/17/20",15:52:00,"Hoje_A_7","Ischnura_elegans","Mature",0,"Gynochrome",1,0,60,2020,"Infuscans",NA
"7/17/20",15:52:00,"Hoje_A_7","Ischnura_elegans","Mature",0,"Gynochrome",1,0,60,2020,"Infuscans",NA
"7/17/20",15:52:00,"Hoje_A_7","Ischnura_elegans","Mature",0,"Gynochrome",0,0,60,2020,"Infuscans",NA
"7/25/20",11:17:00,"Hoje_A_7","Ischnura_elegans","Mature",0,"Gynochrome",1,0,40,2020,"Infuscans",NA
"7/25/20",11:17:00,"Hoje_A_7","Ischnura_elegans","Mature",0,"Gynochrome",0,0,40,2020,"Infuscans",NA
"7/17/20",15:52:00,"Hoje_A_7","Ischnura_elegans","Mature",0,"Gynochrome",1,0,60,2020,"Infuscans_obsoleta",NA
"7/17/20",15:52:00,"Hoje_A_7","Ischnura_elegans","Mature",0,"Gynochrome",0,0,60,2020,"Infuscans_obsoleta",NA
"7/25/20",11:17:00,"Hoje_A_7","Ischnura_elegans","Mature",0,"Gynochrome",1,0,40,2020,"Infuscans_obsoleta",NA
"7/25/20",11:17:00,"Hoje_A_7","Ischnura_elegans","Immature",0,"Gynochrome",0,0,40,2020,"Infuscans_obsoleta","Infuscans_obsoleta_(Rufescens)"
"7/17/20",15:52:00,"Hoje_A_7","Anax_imperator","Mature",1,NA,0,NA,60,2020,NA,NA
"7/17/20",15:52:00,"Hoje_A_7","Anax_imperator","Mature",1,NA,0,NA,60,2020,NA,NA
"7/17/20",15:52:00,"Hoje_A_7","Anax_imperator","Mature",1,NA,0,NA,60,2020,NA,NA
"7/17/20",15:52:00,"Hoje_A_7","Somatochlora_metallica","Mature",1,NA,0,NA,60,2020,NA,NA
"7/17/20",15:52:00,"Hoje_A_7","Somatochlora_metallica","Mature",1,NA,0,NA,60,2020,NA,NA
"7/17/20",15:52:00,"Hoje_A_7","Calopteryx_splendens","Mature",1,NA,0,NA,60,2020,NA,NA
"7/17/20",15:52:00,"Hoje_A_7","Calopteryx_splendens","Mature",1,NA,0,NA,60,2020,NA,NA
"7/17/20",15:52:00,"Hoje_A_7","Orthetrum_cancellatum","Mature",1,NA,0,NA,60,2020,NA,NA
"7/17/20",15:52:00,"Hoje_A_7","Orthetrum_cancellatum","Mature",1,NA,0,NA,60,2020,NA,NA
"7/17/20",15:52:00,"Hoje_A_7","Aeshna_grandis","Mature",1,NA,0,NA,60,2020,NA,NA
"7/17/20",15:52:00,"Hoje_A_7","Ischnura_elegans","Mature",1,NA,1,0,60,2020,NA,NA
"7/17/20",15:52:00,"Hoje_A_7","Ischnura_elegans","Mature",1,NA,1,0,60,2020,NA,NA
"7/17/20",15:52:00,"Hoje_A_7","Ischnura_elegans","Mature",1,NA,1,0,60,2020,NA,NA
"7/17/20",15:52:00,"Hoje_A_7","Ischnura_elegans","Mature",1,NA,1,0,60,2020,NA,NA
"7/17/20",15:52:00,"Hoje_A_7","Ischnura_elegans","Mature",1,NA,1,0,60,2020,NA,NA
"7/17/20",15:52:00,"Hoje_A_7","Ischnura_elegans","Mature",1,NA,1,0,60,2020,NA,NA
"7/17/20",15:52:00,"Hoje_A_7","Enallagma_cyathigerum","Mature",1,NA,0,NA,60,2020,NA,NA
"7/17/20",15:52:00,"Hoje_A_7","Enallagma_cyathigerum","Mature",1,NA,0,NA,60,2020,NA,NA
"7/17/20",15:52:00,"Hoje_A_7","Enallagma_cyathigerum","Mature",1,NA,0,NA,60,2020,NA,NA
"7/17/20",15:52:00,"Hoje_A_7","Enallagma_cyathigerum","Mature",1,NA,0,NA,60,2020,NA,NA
"7/17/20",15:52:00,"Hoje_A_7","Ischnura_elegans","Mature",1,NA,0,NA,60,2020,NA,NA
"7/17/20",15:52:00,"Hoje_A_7","Ischnura_elegans","Mature",1,NA,0,NA,60,2020,NA,NA
"7/17/20",15:52:00,"Hoje_A_7","Ischnura_elegans","Mature",1,NA,0,NA,60,2020,NA,NA
"7/17/20",15:52:00,"Hoje_A_7","Ischnura_elegans","Mature",1,NA,0,0,60,2020,NA,NA
"7/17/20",15:52:00,"Hoje_A_7","Ischnura_elegans","Mature",1,NA,0,0,60,2020,NA,NA
"7/17/20",15:52:00,"Hoje_A_7","Ischnura_elegans","Mature",1,NA,0,0,60,2020,NA,NA
"7/17/20",15:52:00,"Hoje_A_7","Ischnura_elegans","Mature",1,NA,0,0,60,2020,NA,NA
"7/17/20",15:52:00,"Hoje_A_7","Ischnura_elegans","Teneral",0,NA,0,0,60,2020,NA,NA
"7/17/20",15:52:00,"Hoje_A_7","Ischnura_elegans","Mature",1,NA,0,0,60,2020,NA,NA
"7/17/20",15:52:00,"Hoje_A_7","Ischnura_elegans","Mature",1,NA,0,0,60,2020,NA,NA
"7/17/20",15:52:00,"Hoje_A_7","Ischnura_elegans","Mature",1,NA,0,0,60,2020,NA,NA
"7/17/20",15:52:00,"Hoje_A_7","Ischnura_elegans","Immature",1,NA,0,0,60,2020,NA,NA
"7/17/20",15:52:00,"Hoje_A_7","Ischnura_elegans","Immature",1,NA,0,0,60,2020,NA,NA
"7/17/20",15:52:00,"Hoje_A_7","Ischnura_elegans","Teneral",1,NA,0,0,60,2020,NA,NA
"7/17/20",15:52:00,"Hoje_A_7","Ischnura_elegans","Mature",1,NA,0,0,60,2020,NA,NA
"7/17/20",15:52:00,"Hoje_A_7","Ischnura_elegans","Mature",1,NA,0,0,60,2020,NA,NA
"7/17/20",15:52:00,"Hoje_A_7","Ischnura_elegans","Mature",1,NA,0,0,60,2020,NA,NA
"7/17/20",15:52:00,"Hoje_A_7","Ischnura_elegans","Mature",1,NA,0,0,60,2020,NA,NA
"7/17/20",15:52:00,"Hoje_A_7","Ischnura_elegans","Mature",1,NA,0,0,60,2020,NA,NA
"7/17/20",15:52:00,"Hoje_A_7","Ischnura_elegans","Immature",1,NA,0,0,60,2020,NA,NA
"7/25/20",11:17:00,"Hoje_A_7","Aeshna_grandis","Mature",1,NA,0,NA,40,2020,NA,NA
"7/25/20",11:17:00,"Hoje_A_7","Aeshna_grandis","Mature",1,NA,0,NA,40,2020,NA,NA
"7/25/20",11:17:00,"Hoje_A_7","Aeshna_grandis","Mature",1,NA,0,NA,40,2020,NA,NA
"7/25/20",11:17:00,"Hoje_A_7","Aeshna_grandis","Mature",1,NA,0,NA,40,2020,NA,NA
"7/25/20",11:17:00,"Hoje_A_7","Aeshna_grandis","Mature",1,NA,0,0,40,2020,NA,NA
"7/25/20",11:17:00,"Hoje_A_7","Anax_imperator","Mature",1,NA,0,NA,40,2020,NA,NA
"7/25/20",11:17:00,"Hoje_A_7","Anax_imperator","Mature",1,NA,0,NA,40,2020,NA,NA
"7/25/20",11:17:00,"Hoje_A_7","Orthetrum_cancellatum","Mature",1,NA,0,NA,40,2020,NA,NA
"7/25/20",11:17:00,"Hoje_A_7","Calopteryx_splendens","Mature",1,NA,0,NA,40,2020,NA,NA
"7/25/20",11:17:00,"Hoje_A_7","Ischnura_elegans","Mature",1,NA,1,0,40,2020,NA,NA
"7/25/20",11:17:00,"Hoje_A_7","Ischnura_elegans","Mature",1,NA,1,0,40,2020,NA,NA
"7/25/20",11:17:00,"Hoje_A_7","Ischnura_elegans","Mature",1,NA,0,NA,40,2020,NA,NA
"7/25/20",11:17:00,"Hoje_A_7","Ischnura_elegans","Mature",1,NA,0,0,40,2020,NA,NA
"7/25/20",11:17:00,"Hoje_A_7","Ischnura_elegans","Mature",1,NA,0,0,40,2020,NA,NA
"7/25/20",11:17:00,"Hoje_A_7","Ischnura_elegans","Mature",1,NA,0,0,40,2020,NA,NA
"7/25/20",11:17:00,"Hoje_A_7","Coenagrion_pulchellum","Mature",1,NA,0,1,40,2020,NA,NA
"7/25/20",11:17:00,"Hoje_A_7","Ischnura_elegans","Mature",1,NA,0,0,40,2020,NA,NA
"7/25/20",11:17:00,"Hoje_A_7","Ischnura_elegans","Mature",1,NA,0,0,40,2020,NA,NA
"7/25/20",11:17:00,"Hoje_A_7","Ischnura_elegans","Teneral",1,NA,0,0,40,2020,NA,NA
"7/25/20",11:17:00,"Hoje_A_7","Ischnura_elegans","Immature",1,NA,0,0,40,2020,NA,NA
"7/25/20",11:17:00,"Hoje_A_7","Ischnura_elegans","Teneral",0,NA,0,0,40,2020,NA,NA
"7/25/20",11:17:00,"Hoje_A_7","Ischnura_elegans","Mature",1,NA,0,0,40,2020,NA,NA
"7/25/20",11:17:00,"Hoje_A_7","Ischnura_elegans","Mature",1,NA,0,0,40,2020,NA,NA
"7/25/20",11:17:00,"Hoje_A_7","Ischnura_elegans","Mature",1,NA,0,0,40,2020,NA,NA
"7/25/20",11:17:00,"Hoje_A_7","Enallagma_cyathigerum","Mature",1,NA,0,0,40,2020,NA,NA
"7/25/20",11:17:00,"Hoje_A_7","Ischnura_elegans","Mature",1,NA,0,0,40,2020,NA,NA
"7/25/20",11:17:00,"Hoje_A_7","Ischnura_elegans","Mature",1,NA,0,0,40,2020,NA,NA
"7/25/20",11:17:00,"Hoje_A_7","Ischnura_elegans","Mature",1,NA,0,0,40,2020,NA,NA
"7/25/20",11:17:00,"Hoje_A_7","Ischnura_elegans","Mature",1,NA,0,0,40,2020,NA,NA
"7/25/20",11:17:00,"Hoje_A_7","Ischnura_elegans","Teneral",0,NA,0,0,40,2020,NA,NA
"7/17/20",15:52:00,"Hoje_A_7","Ischnura_elegans","Immature",0,"Gynochrome",0,0,60,2020,"Androchrome","Violacea_(Androchrome)"
"7/25/20",11:17:00,"Hoje_A_7","Ischnura_elegans","Immature",0,"Gynochrome",0,0,40,2020,"Androchrome","Violacea_(Androchrome)"
"5/28/20",12:38:00,"Hoje_A_7","Brachytron_pratense","Mature",1,NA,1,NA,100,2020,NA,NA
"5/28/20",12:38:00,"Hoje_A_7","Brachytron_pratense","Mature",0,"Gynochrome",1,NA,100,2020,NA,NA
"5/28/20",12:38:00,"Hoje_A_7","Coenagrion_pulchellum","Teneral",1,NA,0,1,100,2020,NA,NA
"5/28/20",12:38:00,"Hoje_A_7","Coenagrion_pulchellum","Immature",0,"Gynochrome",0,0,100,2020,NA,NA
"5/28/20",12:38:00,"Hoje_A_7","Coenagrion_pulchellum","Teneral",0,NA,0,6,100,2020,NA,NA
"5/28/20",12:38:00,"Hoje_A_7","Coenagrion_pulchellum","Teneral",0,NA,0,1,100,2020,NA,NA
"5/28/20",12:38:00,"Hoje_A_7","Coenagrion_pulchellum","Mature",0,"Gynochrome",0,6,100,2020,NA,NA
"5/28/20",12:38:00,"Hoje_A_7","Enallagma_cyathigerum","Immature",0,"Gynochrome",0,1,100,2020,NA,NA
"5/28/20",12:38:00,"Hoje_A_7","Coenagrion_pulchellum","Mature",0,"Gynochrome",0,20,100,2020,NA,NA
"5/28/20",12:38:00,"Hoje_A_7","Coenagrion_puella","Immature",1,NA,0,1,100,2020,NA,NA
"5/28/20",12:38:00,"Hoje_A_7","Coenagrion_pulchellum","Immature",1,NA,0,6,100,2020,NA,NA
"5/28/20",12:38:00,"Hoje_A_7","Coenagrion_pulchellum","Teneral",1,NA,0,2,100,2020,NA,NA
"5/28/20",12:38:00,"Hoje_A_7","Coenagrion_pulchellum","Immature",1,NA,0,0,100,2020,NA,NA
"5/28/20",12:38:00,"Hoje_A_7","Coenagrion_pulchellum","Immature",1,NA,0,2,100,2020,NA,NA
"5/28/20",12:38:00,"Hoje_A_7","Coenagrion_puella","Teneral",0,NA,0,2,100,2020,NA,NA
"5/28/20",12:38:00,"Hoje_A_7","Coenagrion_pulchellum","Immature",0,"Gynochrome",0,9,100,2020,NA,NA
"5/28/20",12:38:00,"Hoje_A_7","Coenagrion_pulchellum","Mature",0,"Androchrome",0,0,100,2020,NA,NA
"5/28/20",12:38:00,"Hoje_A_7","Coenagrion_pulchellum","Immature",1,NA,0,5,100,2020,NA,NA
"5/28/20",12:38:00,"Hoje_A_7","Coenagrion_pulchellum","Mature",0,"Androchrome",0,6,100,2020,NA,NA
"5/28/20",12:38:00,"Hoje_A_7","Coenagrion_pulchellum","Immature",1,NA,0,10,100,2020,NA,NA
"5/28/20",12:38:00,"Hoje_A_7","Coenagrion_puella","Teneral",1,NA,0,0,100,2020,NA,NA
"5/28/20",12:38:00,"Hoje_A_7","Coenagrion_pulchellum","Immature",0,"Androchrome",0,2,100,2020,NA,NA
"5/28/20",12:38:00,"Hoje_A_7","Coenagrion_pulchellum","Immature",1,NA,0,0,100,2020,NA,NA
"5/28/20",12:38:00,"Hoje_A_7","Coenagrion_pulchellum","Teneral",1,NA,0,4,100,2020,NA,NA
"5/28/20",12:38:00,"Hoje_A_7","Coenagrion_pulchellum","Teneral",0,NA,0,0,100,2020,NA,NA
"5/28/20",12:38:00,"Hoje_A_7","Ischnura_elegans","Teneral",0,NA,0,0,100,2020,NA,NA
"5/28/20",12:38:00,"Hoje_A_7","Ischnura_elegans","Teneral",0,NA,0,0,100,2020,NA,NA
"5/28/20",12:38:00,"Hoje_A_7","Ischnura_elegans","Teneral",0,NA,0,0,100,2020,NA,NA
"5/28/20",12:38:00,"Hoje_A_7","Ischnura_elegans","Teneral",0,NA,0,0,100,2020,NA,NA
"5/28/20",12:38:00,"Hoje_A_7","Ischnura_elegans","Teneral",0,NA,0,0,100,2020,NA,NA
"5/28/20",12:38:00,"Hoje_A_7","Ischnura_elegans","Teneral",0,NA,0,0,100,2020,NA,NA
"5/28/20",12:38:00,"Hoje_A_7","Ischnura_elegans","Teneral",1,NA,0,0,100,2020,NA,NA
"5/28/20",12:38:00,"Hoje_A_7","Ischnura_elegans","Teneral",1,NA,0,0,100,2020,NA,NA
"5/28/20",12:38:00,"Hoje_A_7","Ischnura_elegans","Teneral",1,NA,0,0,100,2020,NA,NA
"5/28/20",12:38:00,"Hoje_A_7","Ischnura_elegans","Teneral",1,NA,0,0,100,2020,NA,NA
"5/28/20",12:38:00,"Hoje_A_7","Ischnura_elegans","Teneral",1,NA,0,0,100,2020,NA,NA
"5/28/20",12:38:00,"Hoje_A_7","Ischnura_elegans","Teneral",1,NA,0,0,100,2020,NA,NA
"5/28/20",12:38:00,"Hoje_A_7","Ischnura_elegans","Teneral",1,NA,0,0,100,2020,NA,NA
"5/28/20",12:38:00,"Hoje_A_7","Ischnura_elegans","Immature",1,NA,0,0,100,2020,NA,NA
"5/28/20",12:38:00,"Hoje_A_7","Ischnura_elegans","Immature",1,NA,0,0,100,2020,NA,NA
"5/28/20",12:38:00,"Hoje_A_7","Ischnura_elegans","Immature",1,NA,0,0,100,2020,NA,NA
"5/28/20",12:38:00,"Hoje_A_7","Ischnura_elegans","Immature",1,NA,0,0,100,2020,NA,NA
"5/28/20",12:38:00,"Hoje_A_7","Ischnura_elegans","Immature",1,NA,0,0,100,2020,NA,NA
"5/28/20",12:38:00,"Hoje_A_7","Ischnura_elegans","Immature",1,NA,0,0,100,2020,NA,NA
"5/28/20",12:38:00,"Hoje_A_7","Ischnura_elegans","Immature",1,NA,0,0,100,2020,NA,NA
"5/28/20",12:38:00,"Hoje_A_7","Ischnura_elegans","Immature",1,NA,0,0,100,2020,NA,NA
"5/28/20",12:38:00,"Hoje_A_7","Ischnura_elegans","Immature",1,NA,0,0,100,2020,NA,NA
"5/28/20",12:38:00,"Hoje_A_7","Ischnura_elegans","Immature",1,NA,0,0,100,2020,NA,NA
"5/28/20",12:38:00,"Hoje_A_7","Ischnura_elegans","Immature",1,NA,0,0,100,2020,NA,NA
"5/28/20",12:38:00,"Hoje_A_7","Ischnura_elegans","Immature",1,NA,0,0,100,2020,NA,NA
"5/28/20",12:38:00,"Hoje_A_7","Ischnura_elegans","Immature",1,NA,0,0,100,2020,NA,NA
"5/28/20",12:38:00,"Hoje_A_7","Ischnura_elegans","Mature",1,NA,0,0,100,2020,NA,NA
"5/28/20",12:38:00,"Hoje_A_7","Ischnura_elegans","Mature",1,NA,0,0,100,2020,NA,NA
"5/28/20",12:38:00,"Hoje_A_7","Ischnura_elegans","Mature",1,NA,0,0,100,2020,NA,NA
"5/28/20",12:38:00,"Hoje_A_7","Ischnura_elegans","Mature",1,NA,0,0,100,2020,NA,NA
"5/28/20",12:38:00,"Hoje_A_7","Ischnura_elegans","Immature",0,"Gynochrome",0,0,100,2020,"Androchrome","Violacea_(Androchrome)"
"5/28/20",12:38:00,"Hoje_A_7","Ischnura_elegans","Immature",0,"Gynochrome",0,0,100,2020,"Androchrome","Violacea_(Androchrome)"
"5/28/20",12:38:00,"Hoje_A_7","Ischnura_elegans","Immature",0,"Gynochrome",0,0,100,2020,"Infuscans","Violacea_(Infuscans)"
"5/28/20",12:38:00,"Hoje_A_7","Ischnura_elegans","Immature",0,"Gynochrome",0,0,100,2020,"Infuscans","Violacea_(Infuscans)"
"5/28/20",12:38:00,"Hoje_A_7","Ischnura_elegans","Mature",0,"Androchrome",0,0,100,2020,"Androchrome",NA
"5/28/20",12:38:00,"Hoje_A_7","Ischnura_elegans","Mature",0,"Androchrome",0,0,100,2020,"Androchrome",NA
"5/28/20",12:38:00,"Hoje_A_7","Ischnura_elegans","Mature",0,"Androchrome",0,0,100,2020,"Androchrome",NA
"6/9/20",09:32:00,"Hoje_A_7","Coenagrion_pulchellum","Mature",0,"Androchrome",1,0,40,2020,NA,NA
"6/9/20",09:32:00,"Hoje_A_7","Coenagrion_pulchellum","Mature",1,NA,1,NA,40,2020,NA,NA
"6/9/20",09:32:00,"Hoje_A_7","Ischnura_elegans","Mature",0,"Gynochrome",1,0,40,2020,"Infuscans",NA
"6/9/20",09:32:00,"Hoje_A_7","Ischnura_elegans","Mature",1,NA,1,0,40,2020,NA,NA
"6/9/20",09:32:00,"Hoje_A_7","Coenagrion_pulchellum","Mature",1,NA,1,0,40,2020,NA,NA
"6/9/20",09:32:00,"Hoje_A_7","Coenagrion_pulchellum","Mature",0,"Androchrome",1,0,40,2020,NA,NA
"6/9/20",09:32:00,"Hoje_A_7","Coenagrion_pulchellum","Mature",1,NA,1,0,40,2020,NA,NA
"6/9/20",09:32:00,"Hoje_A_7","Coenagrion_pulchellum","Mature",0,"Androchrome",1,4,40,2020,NA,NA
"6/9/20",09:32:00,"Hoje_A_7","Coenagrion_pulchellum","Mature",1,NA,1,0,40,2020,NA,NA
"6/9/20",09:32:00,"Hoje_A_7","Coenagrion_pulchellum","Mature",0,"Gynochrome",1,0,40,2020,NA,NA
"6/9/20",09:32:00,"Hoje_A_7","Enallagma_cyathigerum","Mature",1,NA,0,0,40,2020,NA,NA
"6/9/20",09:32:00,"Hoje_A_7","Enallagma_cyathigerum","Mature",1,NA,0,0,40,2020,NA,NA
"6/9/20",09:32:00,"Hoje_A_7","Ischnura_elegans","Mature",1,NA,0,0,40,2020,NA,NA
"6/9/20",09:32:00,"Hoje_A_7","Ischnura_elegans","Mature",0,"Gynochrome",0,0,40,2020,"Androchrome","Violacea_(Androchrome)"
"6/9/20",09:32:00,"Hoje_A_7","Ischnura_elegans","Immature",1,NA,0,0,40,2020,NA,NA
"6/9/20",09:32:00,"Hoje_A_7","Ischnura_elegans","Mature",1,NA,0,0,40,2020,NA,NA
"6/9/20",09:32:00,"Hoje_A_7","Ischnura_elegans","Mature",1,NA,0,0,40,2020,NA,NA
"6/9/20",09:32:00,"Hoje_A_7","Ischnura_elegans","Immature",1,NA,0,0,40,2020,NA,NA
"6/9/20",09:32:00,"Hoje_A_7","Ischnura_elegans","Mature",1,NA,0,0,40,2020,NA,NA
"6/9/20",09:32:00,"Hoje_A_7","Ischnura_elegans","Mature",1,NA,0,0,40,2020,NA,NA
"6/9/20",09:32:00,"Hoje_A_7","Ischnura_elegans","Mature",0,"Androchrome",0,0,40,2020,"Androchrome",NA
"6/9/20",09:32:00,"Hoje_A_7","Coenagrion_pulchellum","Mature",1,NA,0,0,40,2020,NA,NA
"6/9/20",09:32:00,"Hoje_A_7","Coenagrion_puella","Mature",1,NA,0,0,40,2020,NA,NA
"6/9/20",09:32:00,"Hoje_A_7","Coenagrion_pulchellum","Mature",1,NA,0,0,40,2020,NA,NA
"6/9/20",09:32:00,"Hoje_A_7","Coenagrion_pulchellum","Mature",0,"Gynochrome",0,0,40,2020,NA,NA
"6/9/20",09:32:00,"Hoje_A_7","Ischnura_elegans","Mature",0,"Androchrome",0,0,40,2020,"Androchrome",NA
"6/9/20",09:32:00,"Hoje_A_7","Ischnura_elegans","Mature",0,"Gynochrome",0,0,40,2020,"Infuscans",NA
"6/9/20",09:32:00,"Hoje_A_7","Ischnura_elegans","Mature",1,NA,0,0,40,2020,NA,NA
"6/9/20",09:32:00,"Hoje_A_7","Coenagrion_pulchellum","Mature",1,NA,0,5,40,2020,NA,NA
"6/9/20",09:32:00,"Hoje_A_7","Ischnura_elegans","Mature",1,NA,0,0,40,2020,NA,NA
"6/9/20",09:32:00,"Hoje_A_7","Ischnura_elegans","Mature",0,"Gynochrome",0,0,40,2020,"Infuscans","Violacea_(Infuscans)"
"6/9/20",09:32:00,"Hoje_A_7","Ischnura_elegans","Mature",0,"Gynochrome",0,0,40,2020,"Infuscans","Violacea_(Infuscans)"
"6/9/20",09:32:00,"Hoje_A_7","Ischnura_elegans","Mature",1,NA,0,0,40,2020,NA,NA
"6/9/20",09:32:00,"Hoje_A_7","Coenagrion_puella","Mature",1,NA,0,0,40,2020,NA,NA
"6/9/20",09:32:00,"Hoje_A_7","Ischnura_elegans","Immature",1,NA,0,0,40,2020,NA,NA
"6/9/20",09:32:00,"Hoje_A_7","Coenagrion_puella","Mature",1,NA,0,3,40,2020,NA,NA
"6/9/20",09:32:00,"Hoje_A_7","Ischnura_elegans","Teneral",1,NA,0,0,40,2020,NA,NA
"6/9/20",09:32:00,"Hoje_A_7","Ischnura_elegans","Immature",1,NA,0,0,40,2020,NA,NA
"6/9/20",09:32:00,"Hoje_A_7","Ischnura_elegans","Immature",0,"Gynochrome",0,0,40,2020,"Androchrome","Violacea_(Androchrome)"
"6/9/20",09:32:00,"Hoje_A_7","Ischnura_elegans","Immature",1,NA,0,0,40,2020,NA,NA
"6/9/20",09:32:00,"Hoje_A_7","Ischnura_elegans","Immature",0,"Gynochrome",0,0,40,2020,"Androchrome","Violacea_(Androchrome)"
"6/9/20",09:32:00,"Hoje_A_7","Coenagrion_pulchellum","Mature",0,"Gynochrome",0,5,40,2020,NA,NA
"6/9/20",09:32:00,"Hoje_A_7","Coenagrion_pulchellum","Immature",0,"Androchrome",0,14,40,2020,NA,NA
"6/9/20",09:32:00,"Hoje_A_7","Ischnura_elegans","Immature",0,"Gynochrome",0,0,40,2020,"Androchrome","Violacea_(Androchrome)"
"6/9/20",09:32:00,"Hoje_A_7","Coenagrion_puella","Immature",1,NA,0,14,40,2020,NA,NA
"6/9/20",09:32:00,"Hoje_A_7","Coenagrion_pulchellum","Mature",1,NA,0,0,40,2020,NA,NA
"6/9/20",09:32:00,"Hoje_A_7","Ischnura_elegans","Immature",0,"Gynochrome",0,1,40,2020,"Androchrome","Violacea_(Androchrome)"
"6/9/20",09:32:00,"Hoje_A_7","Ischnura_elegans","Immature",0,"Gynochrome",0,0,40,2020,"Androchrome","Violacea_(Androchrome)"
"6/9/20",09:32:00,"Hoje_A_7","Ischnura_elegans","Mature",1,NA,0,0,40,2020,NA,NA
"6/9/20",09:32:00,"Hoje_A_7","Ischnura_elegans","Teneral",1,NA,0,0,40,2020,NA,NA
"6/9/20",09:32:00,"Hoje_A_7","Coenagrion_pulchellum","Mature",1,NA,0,12,40,2020,NA,NA
"6/9/20",09:32:00,"Hoje_A_7","Ischnura_elegans","Immature",1,NA,0,0,40,2020,NA,NA
"6/27/20",09:31:00,"Hoje_A_7","Ischnura_elegans","Mature",0,"Gynochrome",1,0,60,2020,"Infuscans",NA
"6/27/20",09:31:00,"Hoje_A_7","Ischnura_elegans","Mature",1,NA,1,0,60,2020,NA,NA
"6/27/20",09:31:00,"Hoje_A_7","Ischnura_elegans","Immature",1,NA,0,0,60,2020,NA,NA
"6/27/20",09:31:00,"Hoje_A_7","Ischnura_elegans","Mature",1,NA,0,0,60,2020,NA,NA
"6/27/20",09:31:00,"Hoje_A_7","Ischnura_elegans","Mature",1,NA,0,0,60,2020,NA,NA
"6/27/20",09:31:00,"Hoje_A_7","Ischnura_elegans","Immature",1,NA,0,0,60,2020,NA,NA
"6/27/20",09:31:00,"Hoje_A_7","Enallagma_cyathigerum","Immature",1,NA,0,0,60,2020,NA,NA
"6/27/20",09:31:00,"Hoje_A_7","Ischnura_elegans","Mature",1,NA,0,0,60,2020,NA,NA
"6/27/20",09:31:00,"Hoje_A_7","Enallagma_cyathigerum","Mature",1,NA,0,0,60,2020,NA,NA
"6/27/20",09:31:00,"Hoje_A_7","Ischnura_elegans","Immature",1,NA,0,0,60,2020,NA,NA
"6/27/20",09:31:00,"Hoje_A_7","Coenagrion_pulchellum","Mature",1,NA,0,0,60,2020,NA,NA
"6/27/20",09:31:00,"Hoje_A_7","Ischnura_elegans","Immature",1,NA,0,0,60,2020,NA,NA
"6/27/20",09:31:00,"Hoje_A_7","Enallagma_cyathigerum","Mature",1,NA,0,1,60,2020,NA,NA
"6/27/20",09:31:00,"Hoje_A_7","Ischnura_elegans","Mature",1,NA,0,0,60,2020,NA,NA
"6/27/20",09:31:00,"Hoje_A_7","Ischnura_elegans","Immature",0,"Gynochrome",0,0,60,2020,"Infuscans_obsoleta",NA
"6/27/20",09:31:00,"Hoje_A_7","Ischnura_elegans","Immature",1,NA,0,0,60,2020,NA,NA
"6/27/20",09:31:00,"Hoje_A_7","Ischnura_elegans","Immature",1,NA,0,0,60,2020,NA,NA
"6/27/20",09:31:00,"Hoje_A_7","Ischnura_elegans","Immature",1,NA,0,0,60,2020,NA,NA
"6/27/20",09:31:00,"Hoje_A_7","Ischnura_elegans","Immature",0,"Gynochrome",0,0,60,2020,"Infuscans","Violacea_(Infuscans)"
"6/27/20",09:31:00,"Hoje_A_7","Enallagma_cyathigerum","Mature",1,NA,0,0,60,2020,NA,NA
"6/27/20",09:31:00,"Hoje_A_7","Ischnura_elegans","Mature",1,NA,0,0,60,2020,NA,NA
"6/27/20",09:31:00,"Hoje_A_7","Ischnura_elegans","Mature",1,NA,0,0,60,2020,NA,NA
"6/27/20",09:31:00,"Hoje_A_7","Ischnura_elegans","Immature",1,NA,0,0,60,2020,NA,NA
"6/27/20",09:31:00,"Hoje_A_7","Enallagma_cyathigerum","Mature",1,NA,0,0,60,2020,NA,NA
"6/27/20",09:31:00,"Hoje_A_7","Ischnura_elegans","Immature",0,"Gynochrome",0,0,60,2020,"Infuscans","Violacea_(Infuscans)"
"6/27/20",09:31:00,"Hoje_A_7","Ischnura_elegans","Mature",0,"Androchrome",0,0,60,2020,"Androchrome",NA
"6/27/20",09:31:00,"Hoje_A_7","Ischnura_elegans","Mature",0,"Androchrome",0,0,60,2020,"Androchrome",NA
"6/27/20",09:31:00,"Hoje_A_7","Coenagrion_pulchellum","Mature",0,"Gynochrome",0,0,60,2020,NA,NA
"6/27/20",09:31:00,"Hoje_A_7","Ischnura_elegans","Mature",1,NA,0,0,60,2020,NA,NA
"6/27/20",09:31:00,"Hoje_A_7","Ischnura_elegans","Mature",0,"Androchrome",0,0,60,2020,"Androchrome",NA
"7/11/20",10:17:00,"Holmeja","Sympetrum_sanguineum","Immature",0,"Gynochrome",0,1,60,2020,NA,NA
"7/11/20",10:17:00,"Holmeja","Lestes_sponsa","Mature",0,"Gynochrome",0,0,60,2020,NA,NA
"7/11/20",10:17:00,"Holmeja","Lestes_virens","Mature",0,"Gynochrome",0,0,60,2020,NA,NA
"7/11/20",10:17:00,"Holmeja","Lestes_sponsa","Mature",0,"Gynochrome",0,0,60,2020,NA,NA
"7/11/20",10:17:00,"Holmeja","Lestes_virens","Immature",0,"Gynochrome",0,1,60,2020,NA,NA
"7/11/20",10:17:00,"Holmeja","Lestes_virens","Immature",0,"Gynochrome",0,1,60,2020,NA,NA
"7/11/20",10:17:00,"Holmeja","Lestes_virens","Mature",0,"Gynochrome",0,0,60,2020,NA,NA
"7/11/20",10:17:00,"Holmeja","Lestes_sponsa","Mature",0,"Gynochrome",0,0,60,2020,NA,NA
"7/11/20",10:17:00,"Holmeja","Lestes_sponsa","Mature",0,"Gynochrome",0,0,60,2020,NA,NA
"7/11/20",10:17:00,"Holmeja","Lestes_sponsa","Mature",0,"Gynochrome",0,0,60,2020,NA,NA
"7/11/20",10:17:00,"Holmeja","Lestes_sponsa","Mature",0,"Gynochrome",0,0,60,2020,NA,NA
"7/11/20",10:17:00,"Holmeja","Lestes_virens","Mature",0,"Gynochrome",0,0,60,2020,NA,NA
"7/11/20",10:17:00,"Holmeja","Lestes_virens","Immature",0,"Gynochrome",0,0,60,2020,NA,NA
"7/11/20",10:17:00,"Holmeja","Lestes_sponsa","Immature",0,"Gynochrome",0,0,60,2020,NA,NA
"7/11/20",10:17:00,"Holmeja","Lestes_sponsa","Mature",0,"Gynochrome",0,0,60,2020,NA,NA
"7/11/20",10:17:00,"Holmeja","Lestes_virens","Mature",0,"Gynochrome",0,0,60,2020,NA,NA
"7/11/20",10:17:00,"Holmeja","Lestes_virens","Immature",0,"Gynochrome",0,0,60,2020,NA,NA
"7/11/20",10:17:00,"Holmeja","Lestes_virens","Mature",0,"Gynochrome",0,0,60,2020,NA,NA
"7/11/20",10:17:00,"Holmeja","Lestes_sponsa","Immature",0,"Gynochrome",0,0,60,2020,NA,NA
"7/11/20",10:17:00,"Holmeja","Lestes_virens","Immature",0,"Gynochrome",0,0,60,2020,NA,NA
"7/11/20",10:17:00,"Holmeja","Lestes_sponsa","Immature",0,"Gynochrome",0,0,60,2020,NA,NA
"7/11/20",10:17:00,"Holmeja","Lestes_sponsa","Mature",0,"Gynochrome",0,1,60,2020,NA,NA
"7/11/20",10:17:00,"Holmeja","Lestes_sponsa","Immature",0,"Gynochrome",0,0,60,2020,NA,NA
"7/11/20",10:17:00,"Holmeja","Lestes_dryas","Mature",0,"Gynochrome",0,0,60,2020,NA,NA
"7/11/20",10:17:00,"Holmeja","Lestes_sponsa","Mature",0,"Gynochrome",0,0,60,2020,NA,NA
"7/11/20",10:17:00,"Holmeja","Lestes_sponsa","Mature",0,"Gynochrome",0,0,60,2020,NA,NA
"7/11/20",10:17:00,"Holmeja","Lestes_virens","Mature",0,"Gynochrome",0,0,60,2020,NA,NA
"7/11/20",10:17:00,"Holmeja","Lestes_sponsa","Mature",0,"Gynochrome",0,0,60,2020,NA,NA
"7/19/20",15:08:00,"Holmeja","Lestes_virens","Immature",0,"Gynochrome",0,0,40,2020,NA,NA
"7/19/20",15:08:00,"Holmeja","Lestes_virens","Immature",0,"Gynochrome",0,0,40,2020,NA,NA
"7/19/20",15:08:00,"Holmeja","Lestes_virens","Mature",0,"Gynochrome",0,0,40,2020,NA,NA
"7/19/20",15:08:00,"Holmeja","Lestes_sponsa","Immature",0,"Gynochrome",0,0,40,2020,NA,NA
"7/19/20",15:08:00,"Holmeja","Lestes_virens","Mature",0,"Gynochrome",0,0,40,2020,NA,NA
"7/19/20",15:08:00,"Holmeja","Lestes_sponsa","Mature",0,"Gynochrome",0,0,40,2020,NA,NA
"7/19/20",15:08:00,"Holmeja","Lestes_virens","Mature",0,"Gynochrome",0,0,40,2020,NA,NA
"7/19/20",15:08:00,"Holmeja","Lestes_sponsa","Mature",0,"Gynochrome",1,0,40,2020,NA,NA
"7/19/20",15:08:00,"Holmeja","Lestes_dryas","Mature",0,"Gynochrome",1,0,40,2020,NA,NA
"7/31/20",11:37:00,"Holmeja","Sympetrum_sanguineum","Immature",0,"Gynochrome",0,0,60,2020,NA,NA
"7/31/20",11:37:00,"Holmeja","Sympetrum_sanguineum","Immature",0,"Gynochrome",0,0,60,2020,NA,NA
"7/31/20",11:37:00,"Holmeja","Sympetrum_sanguineum","Immature",0,"Gynochrome",0,0,60,2020,NA,NA
"7/31/20",11:37:00,"Holmeja","Sympetrum_danae","Mature",0,"Gynochrome",0,0,60,2020,NA,NA
"7/31/20",11:37:00,"Holmeja","Sympetrum_sanguineum","Mature",0,"Gynochrome",0,0,60,2020,NA,NA
"7/31/20",11:37:00,"Holmeja","Sympetrum_sanguineum","Mature",0,"Gynochrome",0,0,60,2020,NA,NA
"7/31/20",11:37:00,"Holmeja","Sympetrum_sanguineum","Immature",0,"Gynochrome",0,0,60,2020,NA,NA
"7/31/20",11:37:00,"Holmeja","Sympetrum_sanguineum","Mature",0,"Gynochrome",0,0,60,2020,NA,NA
"7/31/20",11:37:00,"Holmeja","Sympetrum_sanguineum","Mature",0,"Gynochrome",0,0,60,2020,NA,NA
"7/31/20",11:37:00,"Holmeja","Sympetrum_sanguineum","Mature",0,"Gynochrome",0,0,60,2020,NA,NA
"7/31/20",11:37:00,"Holmeja","Sympetrum_sanguineum","Mature",0,"Gynochrome",0,0,60,2020,NA,NA
"7/31/20",11:37:00,"Holmeja","Sympetrum_sanguineum","Mature",0,"Gynochrome",0,0,60,2020,NA,NA
"7/31/20",11:37:00,"Holmeja","Lestes_sponsa","Mature",0,"Gynochrome",0,0,60,2020,NA,NA
"7/31/20",11:37:00,"Holmeja","Lestes_sponsa","Mature",0,"Gynochrome",0,0,60,2020,NA,NA
"7/31/20",11:37:00,"Holmeja","Lestes_sponsa","Immature",0,"Gynochrome",0,0,60,2020,NA,NA
"7/31/20",11:37:00,"Holmeja","Lestes_virens","Mature",0,"Gynochrome",0,0,60,2020,NA,NA
"7/31/20",11:37:00,"Holmeja","Lestes_sponsa","Mature",0,"Gynochrome",0,0,60,2020,NA,NA
"7/31/20",11:37:00,"Holmeja","Lestes_sponsa","Mature",0,"Gynochrome",0,0,60,2020,NA,NA
"7/31/20",11:37:00,"Holmeja","Lestes_sponsa","Mature",0,"Gynochrome",0,0,60,2020,NA,NA
"7/31/20",11:37:00,"Holmeja","Lestes_virens","Mature",0,"Gynochrome",0,0,60,2020,NA,NA
"7/31/20",11:37:00,"Holmeja","Lestes_virens","Mature",0,"Gynochrome",0,0,60,2020,NA,NA
"7/31/20",11:37:00,"Holmeja","Lestes_sponsa","Mature",0,"Gynochrome",0,0,60,2020,NA,NA
"7/31/20",11:37:00,"Holmeja","Lestes_dryas","Mature",0,"Gynochrome",0,0,60,2020,NA,NA
"7/31/20",11:37:00,"Holmeja","Lestes_sponsa","Mature",0,"Gynochrome",0,0,60,2020,NA,NA
"7/31/20",11:37:00,"Holmeja","Lestes_virens","Mature",0,"Gynochrome",0,0,60,2020,NA,NA
"7/31/20",11:37:00,"Holmeja","Lestes_sponsa","Mature",0,"Gynochrome",0,0,60,2020,NA,NA
"7/31/20",11:37:00,"Holmeja","Lestes_sponsa","Mature",0,"Gynochrome",0,18,60,2020,NA,NA
"7/31/20",11:37:00,"Holmeja","Lestes_virens","Mature",0,"Gynochrome",0,0,60,2020,NA,NA
"7/31/20",11:37:00,"Holmeja","Lestes_virens","Mature",0,"Gynochrome",0,0,60,2020,NA,NA
"7/31/20",11:37:00,"Holmeja","Lestes_dryas","Mature",0,"Gynochrome",0,0,60,2020,NA,NA
"7/31/20",11:37:00,"Holmeja","Lestes_virens","Mature",0,"Gynochrome",0,0,60,2020,NA,NA
"7/31/20",11:37:00,"Holmeja","Lestes_sponsa","Mature",0,"Gynochrome",0,0,60,2020,NA,NA
"7/31/20",11:37:00,"Holmeja","Aeshna_mixta","Mature",0,"Gynochrome",0,0,60,2020,NA,NA
"7/31/20",11:37:00,"Holmeja","Orthetrum_cancellatum","Mature",0,"Gynochrome",0,0,60,2020,NA,NA
"7/11/20",10:17:00,"Holmeja","Sympetrum_sanguineum","Immature",1,NA,0,0,60,2020,NA,NA
"7/11/20",10:17:00,"Holmeja","Sympetrum_sanguineum","Mature",1,NA,0,1,60,2020,NA,NA
"7/11/20",10:17:00,"Holmeja","Sympetrum_sanguineum","Teneral",0,NA,0,0,60,2020,NA,NA
"7/11/20",10:17:00,"Holmeja","Sympetrum_sanguineum","Mature",0,NA,0,0,60,2020,NA,NA
"7/11/20",10:17:00,"Holmeja","Sympetrum_sanguineum","Teneral",1,NA,0,0,60,2020,NA,NA
"7/11/20",10:17:00,"Holmeja","Sympetrum_sanguineum","Teneral",1,NA,0,0,60,2020,NA,NA
"7/11/20",10:17:00,"Holmeja","Sympetrum_sanguineum","Immature",1,NA,0,0,60,2020,NA,NA
"7/11/20",10:17:00,"Holmeja","Sympetrum_sanguineum","Teneral",0,NA,0,0,60,2020,NA,NA
"7/11/20",10:17:00,"Holmeja","Lestes_virens","Teneral",0,NA,0,0,60,2020,NA,NA
"7/11/20",10:17:00,"Holmeja","Lestes_virens","Immature",1,NA,0,0,60,2020,NA,NA
"7/11/20",10:17:00,"Holmeja","Lestes_virens","Teneral",1,NA,0,0,60,2020,NA,NA
"7/11/20",10:17:00,"Holmeja","Lestes_sponsa","Mature",1,NA,0,0,60,2020,NA,NA
"7/11/20",10:17:00,"Holmeja","Lestes_sponsa","Mature",1,NA,0,0,60,2020,NA,NA
"7/11/20",10:17:00,"Holmeja","Lestes_virens","Mature",1,NA,0,0,60,2020,NA,NA
"7/11/20",10:17:00,"Holmeja","Lestes_sponsa","Immature",1,NA,0,0,60,2020,NA,NA
"7/11/20",10:17:00,"Holmeja","Lestes_sponsa","Mature",1,NA,0,0,60,2020,NA,NA
"7/11/20",10:17:00,"Holmeja","Lestes_sponsa","Mature",1,NA,0,0,60,2020,NA,NA
"7/11/20",10:17:00,"Holmeja","Lestes_virens","Teneral",1,NA,0,1,60,2020,NA,NA
"7/11/20",10:17:00,"Holmeja","Lestes_virens","Mature",1,NA,0,0,60,2020,NA,NA
"7/11/20",10:17:00,"Holmeja","Lestes_virens","Mature",1,NA,0,0,60,2020,NA,NA
"7/11/20",10:17:00,"Holmeja","Lestes_virens","Teneral",0,NA,0,0,60,2020,NA,NA
"7/11/20",10:17:00,"Holmeja","Lestes_virens","Teneral",1,NA,0,0,60,2020,NA,NA
"7/11/20",10:17:00,"Holmeja","Lestes_virens","Immature",1,NA,0,0,60,2020,NA,NA
"7/11/20",10:17:00,"Holmeja","Lestes_virens","Teneral",1,NA,0,0,60,2020,NA,NA
"7/11/20",10:17:00,"Holmeja","Lestes_virens","Mature",1,NA,0,0,60,2020,NA,NA
"7/11/20",10:17:00,"Holmeja","Lestes_sponsa","Mature",1,NA,0,0,60,2020,NA,NA
"7/11/20",10:17:00,"Holmeja","Lestes_virens","Immature",1,NA,0,0,60,2020,NA,NA
"7/11/20",10:17:00,"Holmeja","Lestes_sponsa","Mature",1,NA,0,0,60,2020,NA,NA
"7/11/20",10:17:00,"Holmeja","Lestes_virens","Teneral",0,NA,0,0,60,2020,NA,NA
"7/11/20",10:17:00,"Holmeja","Lestes_sponsa","Immature",1,NA,0,0,60,2020,NA,NA
"7/11/20",10:17:00,"Holmeja","Lestes_virens","Immature",1,NA,0,0,60,2020,NA,NA
"7/11/20",10:17:00,"Holmeja","Lestes_virens","Immature",1,NA,0,0,60,2020,NA,NA
"7/11/20",10:17:00,"Holmeja","Lestes_virens","Mature",1,NA,0,0,60,2020,NA,NA
"7/11/20",10:17:00,"Holmeja","Lestes_virens","Immature",1,NA,0,0,60,2020,NA,NA
"7/11/20",10:17:00,"Holmeja","Lestes_sponsa","Mature",1,NA,0,0,60,2020,NA,NA
"7/11/20",10:17:00,"Holmeja","Lestes_virens","Teneral",0,NA,0,0,60,2020,NA,NA
"7/11/20",10:17:00,"Holmeja","Aeshna_spp",NA,NA,NA,0,NA,60,2020,NA,NA
"7/19/20",15:08:00,"Holmeja","Aeshna_grandis","Mature",NA,NA,0,NA,40,2020,NA,NA
"7/19/20",15:08:00,"Holmeja","Anax_imperator","Mature",1,NA,0,NA,40,2020,NA,NA
"7/19/20",15:08:00,"Holmeja","Anax_imperator","Mature",1,NA,0,NA,40,2020,NA,NA
"7/19/20",15:08:00,"Holmeja","Libellula_quadrimaculata","Mature",NA,NA,0,NA,40,2020,NA,NA
"7/19/20",15:08:00,"Holmeja","Libellula_quadrimaculata","Mature",NA,NA,0,NA,40,2020,NA,NA
"7/19/20",15:08:00,"Holmeja","Libellula_quadrimaculata","Mature",NA,NA,0,NA,40,2020,NA,NA
"7/19/20",15:08:00,"Holmeja","Libellula_quadrimaculata","Mature",NA,NA,0,NA,40,2020,NA,NA
"7/19/20",15:08:00,"Holmeja","Libellula_quadrimaculata","Mature",1,NA,0,0,40,2020,NA,NA
"7/19/20",15:08:00,"Holmeja","Sympetrum_sanguineum","Mature",1,NA,0,0,40,2020,NA,NA
"7/19/20",15:08:00,"Holmeja","Sympetrum_sanguineum","Mature",1,NA,0,0,40,2020,NA,NA
"7/19/20",15:08:00,"Holmeja","Sympetrum_sanguineum","Immature",1,NA,0,0,40,2020,NA,NA
"7/19/20",15:08:00,"Holmeja","Sympetrum_sanguineum","Immature",1,NA,0,0,40,2020,NA,NA
"7/19/20",15:08:00,"Holmeja","Sympetrum_sanguineum","Immature",0,NA,0,1,40,2020,NA,NA
"7/19/20",15:08:00,"Holmeja","Somatochlora_metallica","Mature",1,NA,0,NA,40,2020,NA,NA
"7/19/20",15:08:00,"Holmeja","Somatochlora_metallica","Mature",1,NA,1,NA,40,2020,NA,NA
"7/19/20",15:08:00,"Holmeja","Somatochlora_metallica","Mature",0,NA,1,NA,40,2020,NA,NA
"7/19/20",15:08:00,"Holmeja","Sympetrum_sanguineum","Immature",0,NA,0,0,40,2020,NA,NA
"7/19/20",15:08:00,"Holmeja","Sympetrum_sanguineum","Mature",0,NA,1,0,40,2020,NA,NA
"7/19/20",15:08:00,"Holmeja","Sympetrum_sanguineum","Mature",1,NA,1,0,40,2020,NA,NA
"7/19/20",15:08:00,"Holmeja","Sympetrum_sanguineum","Mature",1,NA,0,NA,40,2020,NA,NA
"7/19/20",15:08:00,"Holmeja","Sympetrum_sanguineum","Mature",1,NA,0,NA,40,2020,NA,NA
"7/19/20",15:08:00,"Holmeja","Sympetrum_sanguineum","Mature",1,NA,0,NA,40,2020,NA,NA
"7/19/20",15:08:00,"Holmeja","Sympetrum_sanguineum","Mature",1,NA,0,NA,40,2020,NA,NA
"7/19/20",15:08:00,"Holmeja","Sympetrum_sanguineum","Mature",1,NA,0,NA,40,2020,NA,NA
"7/19/20",15:08:00,"Holmeja","Sympetrum_sanguineum","Mature",1,NA,0,NA,40,2020,NA,NA
"7/19/20",15:08:00,"Holmeja","Lestes_sponsa","Mature",1,NA,0,14,40,2020,NA,NA
"7/19/20",15:08:00,"Holmeja","Lestes_sponsa",NA,NA,NA,0,NA,40,2020,NA,NA
"7/19/20",15:08:00,"Holmeja","Lestes_virens",NA,NA,NA,0,NA,40,2020,NA,NA
"7/19/20",15:08:00,"Holmeja","Lestes_sponsa","Mature",1,NA,0,0,40,2020,NA,NA
"7/19/20",15:08:00,"Holmeja","Lestes_sponsa","Mature",1,NA,0,0,40,2020,NA,NA
"7/19/20",15:08:00,"Holmeja","Lestes_sponsa","Mature",1,NA,0,0,40,2020,NA,NA
"7/19/20",15:08:00,"Holmeja","Lestes_sponsa","Mature",1,NA,0,0,40,2020,NA,NA
"7/19/20",15:08:00,"Holmeja","Lestes_sponsa","Mature",1,NA,0,0,40,2020,NA,NA
"7/19/20",15:08:00,"Holmeja","Lestes_virens","Teneral",1,NA,0,0,40,2020,NA,NA
"7/19/20",15:08:00,"Holmeja","Lestes_sponsa","Teneral",1,NA,0,0,40,2020,NA,NA
"7/19/20",15:08:00,"Holmeja","Lestes_sponsa","Mature",1,NA,0,0,40,2020,NA,NA
"7/19/20",15:08:00,"Holmeja","Lestes_sponsa","Mature",1,NA,0,0,40,2020,NA,NA
"7/19/20",15:08:00,"Holmeja","Lestes_virens","Immature",1,NA,0,0,40,2020,NA,NA
"7/19/20",15:08:00,"Holmeja","Lestes_sponsa","Mature",1,NA,0,0,40,2020,NA,NA
"7/19/20",15:08:00,"Holmeja","Lestes_sponsa","Mature",1,NA,0,0,40,2020,NA,NA
"7/19/20",15:08:00,"Holmeja","Lestes_virens","Teneral",1,NA,0,0,40,2020,NA,NA
"7/19/20",15:08:00,"Holmeja","Lestes_sponsa","Mature",1,NA,0,0,40,2020,NA,NA
"7/19/20",15:08:00,"Holmeja","Lestes_sponsa","Mature",1,NA,0,0,40,2020,NA,NA
"7/19/20",15:08:00,"Holmeja","Lestes_sponsa","Mature",1,NA,0,0,40,2020,NA,NA
"7/19/20",15:08:00,"Holmeja","Lestes_sponsa","Mature",1,NA,0,0,40,2020,NA,NA
"7/19/20",15:08:00,"Holmeja","Lestes_virens","Teneral",0,NA,0,0,40,2020,NA,NA
"7/19/20",15:08:00,"Holmeja","Lestes_sponsa","Immature",1,NA,0,0,40,2020,NA,NA
"7/19/20",15:08:00,"Holmeja","Lestes_sponsa","Mature",1,NA,0,0,40,2020,NA,NA
"7/19/20",15:08:00,"Holmeja","Lestes_sponsa","Mature",1,NA,0,0,40,2020,NA,NA
"7/19/20",15:08:00,"Holmeja","Lestes_sponsa","Immature",1,NA,0,0,40,2020,NA,NA
"7/19/20",15:08:00,"Holmeja","Lestes_virens","Teneral",0,NA,0,0,40,2020,NA,NA
"7/19/20",15:08:00,"Holmeja","Lestes_virens","Immature",1,NA,0,0,40,2020,NA,NA
"7/19/20",15:08:00,"Holmeja","Lestes_sponsa","Mature",1,NA,0,0,40,2020,NA,NA
"7/19/20",15:08:00,"Holmeja","Lestes_sponsa","Mature",1,NA,0,0,40,2020,NA,NA
"7/19/20",15:08:00,"Holmeja","Lestes_sponsa","Mature",1,NA,0,0,40,2020,NA,NA
"7/19/20",15:08:00,"Holmeja","Lestes_virens","Immature",0,NA,0,0,40,2020,NA,NA
"7/19/20",15:08:00,"Holmeja","Lestes_sponsa","Mature",1,NA,0,0,40,2020,NA,NA
"7/19/20",15:08:00,"Holmeja","Lestes_sponsa","Mature",1,NA,0,0,40,2020,NA,NA
"7/19/20",15:08:00,"Holmeja","Lestes_sponsa","Mature",1,NA,0,0,40,2020,NA,NA
"7/19/20",15:08:00,"Holmeja","Lestes_sponsa","Immature",1,NA,0,0,40,2020,NA,NA
"7/19/20",15:08:00,"Holmeja","Lestes_sponsa","Immature",1,NA,0,0,40,2020,NA,NA
"7/19/20",15:08:00,"Holmeja","Lestes_sponsa","Immature",1,NA,0,0,40,2020,NA,NA
"7/19/20",15:08:00,"Holmeja","Lestes_sponsa","Mature",1,NA,1,0,40,2020,NA,NA
"7/19/20",15:08:00,"Holmeja","Lestes_dryas","Mature",1,NA,1,0,40,2020,NA,NA
"7/31/20",11:37:00,"Holmeja","Sympetrum_sanguineum","Mature",1,NA,0,NA,60,2020,NA,NA
"7/31/20",11:37:00,"Holmeja","Sympetrum_sanguineum","Mature",1,NA,0,NA,60,2020,NA,NA
"7/31/20",11:37:00,"Holmeja","Sympetrum_sanguineum","Mature",1,NA,0,NA,60,2020,NA,NA
"7/31/20",11:37:00,"Holmeja","Sympetrum_sanguineum","Mature",1,NA,0,NA,60,2020,NA,NA
"7/31/20",11:37:00,"Holmeja","Sympetrum_sanguineum","Mature",1,NA,0,NA,60,2020,NA,NA
"7/31/20",11:37:00,"Holmeja","Sympetrum_sanguineum","Mature",1,NA,0,NA,60,2020,NA,NA
"7/31/20",11:37:00,"Holmeja","Sympetrum_sanguineum","Mature",1,NA,0,NA,60,2020,NA,NA
"7/31/20",11:37:00,"Holmeja","Sympetrum_sanguineum","Mature",1,NA,0,NA,60,2020,NA,NA
"7/31/20",11:37:00,"Holmeja","Sympetrum_sanguineum","Mature",1,NA,0,NA,60,2020,NA,NA
"7/31/20",11:37:00,"Holmeja","Sympetrum_sanguineum","Mature",1,NA,0,NA,60,2020,NA,NA
"7/31/20",11:37:00,"Holmeja","Sympetrum_sanguineum","Mature",1,NA,0,NA,60,2020,NA,NA
"7/31/20",11:37:00,"Holmeja","Sympetrum_sanguineum","Mature",1,NA,0,NA,60,2020,NA,NA
"7/31/20",11:37:00,"Holmeja","Sympetrum_sanguineum","Mature",1,NA,0,NA,60,2020,NA,NA
"7/31/20",11:37:00,"Holmeja","Sympetrum_sanguineum","Mature",1,NA,0,NA,60,2020,NA,NA
"7/31/20",11:37:00,"Holmeja","Sympetrum_sanguineum","Mature",1,NA,0,NA,60,2020,NA,NA
"7/31/20",11:37:00,"Holmeja","Sympetrum_sanguineum","Mature",1,NA,0,NA,60,2020,NA,NA
"7/31/20",11:37:00,"Holmeja","Sympetrum_sanguineum","Mature",1,NA,0,NA,60,2020,NA,NA
"7/31/20",11:37:00,"Holmeja","Sympetrum_sanguineum","Mature",1,NA,0,NA,60,2020,NA,NA
"7/31/20",11:37:00,"Holmeja","Sympetrum_sanguineum","Mature",1,NA,0,NA,60,2020,NA,NA
"7/31/20",11:37:00,"Holmeja","Sympetrum_sanguineum","Mature",1,NA,0,NA,60,2020,NA,NA
"7/31/20",11:37:00,"Holmeja","Sympetrum_sanguineum","Mature",1,NA,0,NA,60,2020,NA,NA
"7/31/20",11:37:00,"Holmeja","Sympetrum_sanguineum","Mature",1,NA,0,NA,60,2020,NA,NA
"7/31/20",11:37:00,"Holmeja","Sympetrum_sanguineum","Mature",1,NA,0,NA,60,2020,NA,NA
"7/31/20",11:37:00,"Holmeja","Sympetrum_sanguineum","Mature",1,NA,0,NA,60,2020,NA,NA
"7/31/20",11:37:00,"Holmeja","Sympetrum_sanguineum","Mature",1,NA,0,NA,60,2020,NA,NA
"7/31/20",11:37:00,"Holmeja","Sympetrum_sanguineum","Mature",1,NA,0,NA,60,2020,NA,NA
"7/31/20",11:37:00,"Holmeja","Sympetrum_sanguineum","Mature",1,NA,0,NA,60,2020,NA,NA
"7/31/20",11:37:00,"Holmeja","Sympetrum_sanguineum","Mature",1,NA,0,NA,60,2020,NA,NA
"7/31/20",11:37:00,"Holmeja","Sympetrum_sanguineum","Mature",1,NA,0,NA,60,2020,NA,NA
"7/31/20",11:37:00,"Holmeja","Sympetrum_sanguineum","Mature",1,NA,0,NA,60,2020,NA,NA
"7/31/20",11:37:00,"Holmeja","Sympetrum_sanguineum","Mature",1,NA,0,NA,60,2020,NA,NA
"7/31/20",11:37:00,"Holmeja","Sympetrum_sanguineum","Mature",1,NA,0,NA,60,2020,NA,NA
"7/31/20",11:37:00,"Holmeja","Sympetrum_sanguineum","Mature",1,NA,0,NA,60,2020,NA,NA
"7/31/20",11:37:00,"Holmeja","Sympetrum_sanguineum","Mature",1,NA,0,NA,60,2020,NA,NA
"7/31/20",11:37:00,"Holmeja","Sympetrum_sanguineum","Mature",1,NA,0,NA,60,2020,NA,NA
"7/31/20",11:37:00,"Holmeja","Sympetrum_sanguineum","Mature",1,NA,0,NA,60,2020,NA,NA
"7/31/20",11:37:00,"Holmeja","Sympetrum_sanguineum","Mature",1,NA,0,NA,60,2020,NA,NA
"7/31/20",11:37:00,"Holmeja","Sympetrum_sanguineum","Mature",1,NA,0,NA,60,2020,NA,NA
"7/31/20",11:37:00,"Holmeja","Sympetrum_sanguineum","Mature",1,NA,0,NA,60,2020,NA,NA
"7/31/20",11:37:00,"Holmeja","Sympetrum_sanguineum","Mature",1,NA,0,NA,60,2020,NA,NA
"7/31/20",11:37:00,"Holmeja","Sympetrum_sanguineum","Mature",1,NA,0,NA,60,2020,NA,NA
"7/31/20",11:37:00,"Holmeja","Sympetrum_sanguineum","Mature",1,NA,0,NA,60,2020,NA,NA
"7/31/20",11:37:00,"Holmeja","Sympetrum_sanguineum","Mature",1,NA,0,NA,60,2020,NA,NA
"7/31/20",11:37:00,"Holmeja","Sympetrum_sanguineum","Mature",1,NA,0,NA,60,2020,NA,NA
"7/31/20",11:37:00,"Holmeja","Sympetrum_sanguineum","Mature",1,NA,0,NA,60,2020,NA,NA
"7/31/20",11:37:00,"Holmeja","Sympetrum_danae","Mature",1,NA,0,NA,60,2020,NA,NA
"7/31/20",11:37:00,"Holmeja","Sympetrum_danae","Mature",1,NA,0,NA,60,2020,NA,NA
"7/31/20",11:37:00,"Holmeja","Sympetrum_danae","Mature",1,NA,0,NA,60,2020,NA,NA
"7/31/20",11:37:00,"Holmeja","Sympetrum_danae","Mature",1,NA,0,NA,60,2020,NA,NA
"7/31/20",11:37:00,"Holmeja","Aeshna_grandis","Mature",1,NA,0,0,60,2020,NA,NA
"7/31/20",11:37:00,"Holmeja","Sympetrum_danae","Mature",1,NA,0,0,60,2020,NA,NA
"7/31/20",11:37:00,"Holmeja","Sympetrum_sanguineum","Immature",1,NA,0,0,60,2020,NA,NA
"7/31/20",11:37:00,"Holmeja","Sympetrum_danae","Immature",1,NA,0,0,60,2020,NA,NA
"7/31/20",11:37:00,"Holmeja","Sympetrum_sanguineum","Mature",1,NA,0,0,60,2020,NA,NA
"7/31/20",11:37:00,"Holmeja","Sympetrum_sanguineum","Mature",1,NA,0,0,60,2020,NA,NA
"7/31/20",11:37:00,"Holmeja","Sympetrum_sanguineum","Mature",1,NA,0,1,60,2020,NA,NA
"7/31/20",11:37:00,"Holmeja","Sympetrum_danae","Mature",1,NA,0,0,60,2020,NA,NA
"7/31/20",11:37:00,"Holmeja","Lestes_virens","Mature",1,NA,0,0,60,2020,NA,NA
"7/31/20",11:37:00,"Holmeja","Lestes_sponsa","Mature",1,NA,0,0,60,2020,NA,NA
"7/31/20",11:37:00,"Holmeja","Lestes_sponsa","Mature",1,NA,0,0,60,2020,NA,NA
"7/31/20",11:37:00,"Holmeja","Lestes_sponsa","Mature",1,NA,0,0,60,2020,NA,NA
"7/31/20",11:37:00,"Holmeja","Lestes_sponsa","Mature",1,NA,0,0,60,2020,NA,NA
"7/31/20",11:37:00,"Holmeja","Lestes_virens","Mature",1,NA,0,0,60,2020,NA,NA
"7/31/20",11:37:00,"Holmeja","Lestes_sponsa","Mature",1,NA,0,0,60,2020,NA,NA
"7/31/20",11:37:00,"Holmeja","Lestes_sponsa","Mature",1,NA,0,0,60,2020,NA,NA
"7/31/20",11:37:00,"Holmeja","Lestes_sponsa","Mature",1,NA,0,0,60,2020,NA,NA
"7/31/20",11:37:00,"Holmeja","Lestes_sponsa","Mature",1,NA,0,0,60,2020,NA,NA
"7/31/20",11:37:00,"Holmeja","Lestes_sponsa","Mature",1,NA,0,0,60,2020,NA,NA
"7/31/20",11:37:00,"Holmeja","Lestes_sponsa","Mature",1,NA,0,0,60,2020,NA,NA
"7/31/20",11:37:00,"Holmeja","Lestes_sponsa","Mature",1,NA,0,0,60,2020,NA,NA
"7/31/20",11:37:00,"Holmeja","Lestes_virens","Mature",1,NA,0,NA,60,2020,NA,NA
"7/31/20",11:37:00,"Holmeja","Lestes_virens","Mature",1,NA,0,NA,60,2020,NA,NA
"7/31/20",11:37:00,"Holmeja","Lestes_virens","Mature",1,NA,0,0,60,2020,NA,NA
"7/31/20",11:37:00,"Holmeja","Lestes_sponsa","Mature",1,NA,0,0,60,2020,NA,NA
"7/31/20",11:37:00,"Holmeja","Lestes_sponsa","Mature",1,NA,0,0,60,2020,NA,NA
"7/31/20",11:37:00,"Holmeja","Lestes_virens","Mature",1,NA,0,0,60,2020,NA,NA
"7/31/20",11:37:00,"Holmeja","Lestes_sponsa","Mature",1,NA,0,0,60,2020,NA,NA
"7/31/20",11:37:00,"Holmeja","Lestes_sponsa","Mature",1,NA,0,0,60,2020,NA,NA
"7/31/20",11:37:00,"Holmeja","Lestes_sponsa","Mature",1,NA,0,0,60,2020,NA,NA
"7/31/20",11:37:00,"Holmeja","Lestes_virens","Mature",1,NA,0,0,60,2020,NA,NA
"7/31/20",11:37:00,"Holmeja","Lestes_sponsa","Mature",1,NA,0,0,60,2020,NA,NA
"7/31/20",11:37:00,"Holmeja","Lestes_sponsa","Mature",1,NA,0,0,60,2020,NA,NA
"7/31/20",11:37:00,"Holmeja","Lestes_virens","Mature",1,NA,0,0,60,2020,NA,NA
"7/31/20",11:37:00,"Holmeja","Lestes_virens","Mature",1,NA,0,NA,60,2020,NA,NA
"7/31/20",11:37:00,"Holmeja","Lestes_sponsa","Mature",1,NA,0,0,60,2020,NA,NA
"7/31/20",11:37:00,"Holmeja","Lestes_virens","Mature",1,NA,0,0,60,2020,NA,NA
"7/31/20",11:37:00,"Holmeja","Lestes_virens","Immature",1,NA,0,0,60,2020,NA,NA
"7/31/20",11:37:00,"Holmeja","Lestes_virens","Immature",1,NA,0,0,60,2020,NA,NA
"7/31/20",11:37:00,"Holmeja","Lestes_sponsa","Mature",1,NA,0,0,60,2020,NA,NA
"7/31/20",11:37:00,"Holmeja","Lestes_virens","Immature",1,NA,0,0,60,2020,NA,NA
"7/31/20",11:37:00,"Holmeja","Lestes_sponsa","Mature",1,NA,0,0,60,2020,NA,NA
"7/31/20",11:37:00,"Holmeja","Lestes_virens","Mature",1,NA,0,0,60,2020,NA,NA
"7/31/20",11:37:00,"Holmeja","Lestes_virens","Immature",1,NA,0,0,60,2020,NA,NA
"7/31/20",11:37:00,"Holmeja","Lestes_sponsa","Mature",1,NA,0,0,60,2020,NA,NA
"7/31/20",11:37:00,"Holmeja","Lestes_virens","Mature",1,NA,0,0,60,2020,NA,NA
"7/31/20",11:37:00,"Holmeja","Lestes_virens","Mature",1,NA,0,0,60,2020,NA,NA
"7/31/20",11:37:00,"Holmeja","Lestes_virens","Mature",1,NA,0,0,60,2020,NA,NA
"7/31/20",11:37:00,"Holmeja","Lestes_sponsa","Mature",1,NA,0,0,60,2020,NA,NA
"5/13/20",14:41:00,"Holmeja","Cordulia_aenea","Mature",1,NA,0,NA,30,2020,NA,NA
"5/13/20",14:41:00,"Holmeja","Cordulia_aenea","Mature",1,NA,0,0,30,2020,NA,NA
"5/13/20",14:41:00,"Holmeja","Libellula_quadrimaculata","Immature",NA,NA,0,NA,30,2020,NA,NA
"5/13/20",14:41:00,"Holmeja","Leucorrhinia_rubicunda","Mature",1,NA,0,NA,30,2020,NA,NA
"5/13/20",14:41:00,"Holmeja","Leucorrhinia_rubicunda","Mature",1,NA,0,NA,30,2020,NA,NA
"5/13/20",14:41:00,"Holmeja","Leucorrhinia_rubicunda","Mature",1,NA,0,NA,30,2020,NA,NA
"5/13/20",14:41:00,"Holmeja","Leucorrhinia_rubicunda","Mature",1,NA,0,NA,30,2020,NA,NA
"5/13/20",14:41:00,"Holmeja","Leucorrhinia_rubicunda","Mature",1,NA,0,NA,30,2020,NA,NA
"5/13/20",14:41:00,"Holmeja","Leucorrhinia_rubicunda","Mature",1,NA,0,NA,30,2020,NA,NA
"5/13/20",14:41:00,"Holmeja","Leucorrhinia_rubicunda","Mature",1,NA,0,NA,30,2020,NA,NA
"5/13/20",14:41:00,"Holmeja","Leucorrhinia_rubicunda","Mature",1,NA,0,NA,30,2020,NA,NA
"5/13/20",14:41:00,"Holmeja","Leucorrhinia_rubicunda","Mature",1,NA,0,NA,30,2020,NA,NA
"5/13/20",14:41:00,"Holmeja","Leucorrhinia_rubicunda","Mature",1,NA,0,NA,30,2020,NA,NA
"5/13/20",14:41:00,"Holmeja","Leucorrhinia_rubicunda","Mature",1,NA,0,NA,30,2020,NA,NA
"5/13/20",14:41:00,"Holmeja","Leucorrhinia_rubicunda","Mature",1,NA,0,NA,30,2020,NA,NA
"5/13/20",14:41:00,"Holmeja","Leucorrhinia_rubicunda","Mature",1,NA,0,NA,30,2020,NA,NA
"5/13/20",14:41:00,"Holmeja","Leucorrhinia_rubicunda","Mature",1,NA,0,NA,30,2020,NA,NA
"5/13/20",14:41:00,"Holmeja","Leucorrhinia_rubicunda","Mature",1,NA,0,NA,30,2020,NA,NA
"5/13/20",14:41:00,"Holmeja","Leucorrhinia_rubicunda","Mature",1,NA,0,NA,30,2020,NA,NA
"5/13/20",14:41:00,"Holmeja","Leucorrhinia_rubicunda","Mature",1,NA,0,NA,30,2020,NA,NA
"5/13/20",14:41:00,"Holmeja","Leucorrhinia_rubicunda","Mature",1,NA,0,NA,30,2020,NA,NA
"5/13/20",14:41:00,"Holmeja","Leucorrhinia_rubicunda","Mature",1,NA,0,NA,30,2020,NA,NA
"5/13/20",14:41:00,"Holmeja","Leucorrhinia_rubicunda","Mature",1,NA,0,NA,30,2020,NA,NA
"5/13/20",14:41:00,"Holmeja","Leucorrhinia_rubicunda","Mature",0,NA,0,NA,30,2020,NA,NA
"5/13/20",14:41:00,"Holmeja","Coenagrion_hastulatum","Immature",1,NA,0,0,30,2020,NA,NA
"5/13/20",14:41:00,"Holmeja","Pyrrhosoma_nymphula","Mature",0,NA,0,0,30,2020,NA,NA
"5/13/20",14:41:00,"Holmeja","Coenagrion_hastulatum","Mature",1,NA,0,3,30,2020,NA,NA
"5/13/20",14:41:00,"Holmeja","Coenagrion_hastulatum","Immature",1,NA,0,7,30,2020,NA,NA
"5/13/20",14:41:00,"Holmeja","Coenagrion_hastulatum","Mature",1,NA,0,4,30,2020,NA,NA
"5/13/20",14:41:00,"Holmeja","Coenagrion_hastulatum","Immature",1,NA,0,8,30,2020,NA,NA
"5/31/20",12:48:00,"Holmeja","Libellula_depressa","Immature",NA,NA,0,NA,40,2020,NA,NA
"5/31/20",12:48:00,"Holmeja","Cordulia_aenea","Mature",NA,NA,0,NA,40,2020,NA,NA
"5/31/20",12:48:00,"Holmeja","Libellula_quadrimaculata","Mature",NA,NA,0,NA,40,2020,NA,NA
"5/31/20",12:48:00,"Holmeja","Libellula_quadrimaculata","Mature",NA,NA,0,NA,40,2020,NA,NA
"5/31/20",12:48:00,"Holmeja","Libellula_quadrimaculata","Mature",NA,NA,0,NA,40,2020,NA,NA
"5/31/20",12:48:00,"Holmeja","Libellula_quadrimaculata","Mature",NA,NA,0,NA,40,2020,NA,NA
"5/31/20",12:48:00,"Holmeja","Libellula_quadrimaculata","Mature",NA,NA,0,NA,40,2020,NA,NA
"5/31/20",12:48:00,"Holmeja","Libellula_quadrimaculata","Mature",NA,NA,0,NA,40,2020,NA,NA
"5/31/20",12:48:00,"Holmeja","Libellula_quadrimaculata","Mature",NA,NA,0,NA,40,2020,NA,NA
"5/31/20",12:48:00,"Holmeja","Libellula_quadrimaculata","Mature",NA,NA,0,NA,40,2020,NA,NA
"5/31/20",12:48:00,"Holmeja","Libellula_quadrimaculata","Mature",NA,NA,0,NA,40,2020,NA,NA
"5/31/20",12:48:00,"Holmeja","Libellula_quadrimaculata","Mature",NA,NA,0,NA,40,2020,NA,NA
"5/31/20",12:48:00,"Holmeja","Libellula_quadrimaculata","Mature",NA,NA,0,NA,40,2020,NA,NA
"5/31/20",12:48:00,"Holmeja","Libellula_quadrimaculata","Mature",NA,NA,0,NA,40,2020,NA,NA
"5/31/20",12:48:00,"Holmeja","Libellula_quadrimaculata","Mature",NA,NA,0,NA,40,2020,NA,NA
"5/31/20",12:48:00,"Holmeja","Libellula_quadrimaculata","Mature",NA,NA,0,NA,40,2020,NA,NA
"5/31/20",12:48:00,"Holmeja","Libellula_quadrimaculata","Mature",NA,NA,0,NA,40,2020,NA,NA
"5/31/20",12:48:00,"Holmeja","Libellula_quadrimaculata","Mature",NA,NA,0,NA,40,2020,NA,NA
"5/31/20",12:48:00,"Holmeja","Libellula_quadrimaculata","Mature",NA,NA,0,NA,40,2020,NA,NA
"5/31/20",12:48:00,"Holmeja","Libellula_quadrimaculata","Mature",NA,NA,0,NA,40,2020,NA,NA
"5/31/20",12:48:00,"Holmeja","Libellula_quadrimaculata","Mature",NA,NA,0,NA,40,2020,NA,NA
"5/31/20",12:48:00,"Holmeja","Libellula_quadrimaculata","Mature",NA,NA,0,NA,40,2020,NA,NA
"5/31/20",12:48:00,"Holmeja","Libellula_quadrimaculata","Mature",NA,NA,0,NA,40,2020,NA,NA
"5/31/20",12:48:00,"Holmeja","Libellula_quadrimaculata","Mature",NA,NA,0,NA,40,2020,NA,NA
"5/31/20",12:48:00,"Holmeja","Libellula_quadrimaculata","Mature",NA,NA,0,NA,40,2020,NA,NA
"5/31/20",12:48:00,"Holmeja","Libellula_quadrimaculata","Mature",NA,NA,0,NA,40,2020,NA,NA
"5/31/20",12:48:00,"Holmeja","Libellula_quadrimaculata","Mature",NA,NA,0,NA,40,2020,NA,NA
"5/31/20",12:48:00,"Holmeja","Libellula_quadrimaculata","Mature",NA,NA,0,NA,40,2020,NA,NA
"5/31/20",12:48:00,"Holmeja","Libellula_quadrimaculata","Mature",NA,NA,0,NA,40,2020,NA,NA
"5/31/20",12:48:00,"Holmeja","Libellula_quadrimaculata","Mature",NA,NA,0,NA,40,2020,NA,NA
"5/31/20",12:48:00,"Holmeja","Libellula_quadrimaculata","Mature",NA,NA,0,NA,40,2020,NA,NA
"5/31/20",12:48:00,"Holmeja","Libellula_quadrimaculata","Mature",NA,NA,0,NA,40,2020,NA,NA
"5/31/20",12:48:00,"Holmeja","Libellula_quadrimaculata","Mature",NA,NA,0,NA,40,2020,NA,NA
"5/31/20",12:48:00,"Holmeja","Libellula_quadrimaculata","Mature",NA,NA,0,NA,40,2020,NA,NA
"5/31/20",12:48:00,"Holmeja","Libellula_quadrimaculata","Mature",NA,NA,0,NA,40,2020,NA,NA
"5/31/20",12:48:00,"Holmeja","Libellula_quadrimaculata","Mature",NA,NA,0,NA,40,2020,NA,NA
"5/31/20",12:48:00,"Holmeja","Libellula_quadrimaculata","Mature",NA,NA,0,NA,40,2020,NA,NA
"5/31/20",12:48:00,"Holmeja","Libellula_quadrimaculata","Mature",NA,NA,0,NA,40,2020,NA,NA
"5/31/20",12:48:00,"Holmeja","Libellula_quadrimaculata","Mature",NA,NA,0,NA,40,2020,NA,NA
"5/31/20",12:48:00,"Holmeja","Libellula_quadrimaculata","Mature",NA,NA,0,NA,40,2020,NA,NA
"5/31/20",12:48:00,"Holmeja","Libellula_quadrimaculata","Mature",NA,NA,0,NA,40,2020,NA,NA
"5/31/20",12:48:00,"Holmeja","Libellula_quadrimaculata","Mature",NA,NA,0,NA,40,2020,NA,NA
"5/31/20",12:48:00,"Holmeja","Libellula_quadrimaculata","Mature",NA,NA,0,NA,40,2020,NA,NA
"5/31/20",12:48:00,"Holmeja","Libellula_quadrimaculata","Mature",NA,NA,0,NA,40,2020,NA,NA
"5/31/20",12:48:00,"Holmeja","Libellula_quadrimaculata","Mature",NA,NA,0,NA,40,2020,NA,NA
"5/31/20",12:48:00,"Holmeja","Libellula_quadrimaculata","Mature",NA,NA,0,NA,40,2020,NA,NA
"5/31/20",12:48:00,"Holmeja","Libellula_quadrimaculata","Mature",NA,NA,0,NA,40,2020,NA,NA
"5/31/20",12:48:00,"Holmeja","Libellula_quadrimaculata","Mature",NA,NA,0,NA,40,2020,NA,NA
"5/31/20",12:48:00,"Holmeja","Libellula_quadrimaculata","Mature",NA,NA,0,NA,40,2020,NA,NA
"5/31/20",12:48:00,"Holmeja","Libellula_quadrimaculata","Mature",NA,NA,0,NA,40,2020,NA,NA
"5/31/20",12:48:00,"Holmeja","Libellula_quadrimaculata","Mature",NA,NA,0,NA,40,2020,NA,NA
"5/31/20",12:48:00,"Holmeja","Libellula_quadrimaculata","Mature",NA,NA,0,NA,40,2020,NA,NA
"5/31/20",12:48:00,"Holmeja","Leucorrhinia_dubia","Mature",1,NA,1,0,40,2020,NA,NA
"5/31/20",12:48:00,"Holmeja","Leucorrhinia_dubia","Mature",0,"Gynochrome",1,0,40,2020,NA,NA
"5/31/20",12:48:00,"Holmeja","Leucorrhinia_dubia","Mature",0,NA,1,NA,40,2020,NA,NA
"5/31/20",12:48:00,"Holmeja","Leucorrhinia_dubia","Mature",1,NA,1,NA,40,2020,NA,NA
"5/31/20",12:48:00,"Holmeja","Leucorrhinia_dubia","Mature",1,NA,0,NA,40,2020,NA,NA
"5/31/20",12:48:00,"Holmeja","Leucorrhinia_dubia","Mature",0,"Gynochrome",0,NA,40,2020,NA,NA
"5/31/20",12:48:00,"Holmeja","Leucorrhinia_dubia","Mature",1,NA,0,NA,40,2020,NA,NA
"5/31/20",12:48:00,"Holmeja","Leucorrhinia_dubia","Mature",1,NA,0,NA,40,2020,NA,NA
"5/31/20",12:48:00,"Holmeja","Leucorrhinia_dubia","Mature",1,NA,0,NA,40,2020,NA,NA
"5/31/20",12:48:00,"Holmeja","Leucorrhinia_dubia","Mature",1,NA,0,NA,40,2020,NA,NA
"5/31/20",12:48:00,"Holmeja","Leucorrhinia_dubia","Mature",1,NA,0,NA,40,2020,NA,NA
"5/31/20",12:48:00,"Holmeja","Leucorrhinia_dubia","Mature",1,NA,0,NA,40,2020,NA,NA
"5/31/20",12:48:00,"Holmeja","Leucorrhinia_dubia","Mature",1,NA,0,NA,40,2020,NA,NA
"5/31/20",12:48:00,"Holmeja","Leucorrhinia_dubia","Mature",1,NA,0,NA,40,2020,NA,NA
"5/31/20",12:48:00,"Holmeja","Leucorrhinia_dubia","Mature",1,NA,0,NA,40,2020,NA,NA
"5/31/20",12:48:00,"Holmeja","Leucorrhinia_dubia","Mature",1,NA,0,NA,40,2020,NA,NA
"5/31/20",12:48:00,"Holmeja","Leucorrhinia_dubia","Mature",1,NA,0,NA,40,2020,NA,NA
"5/31/20",12:48:00,"Holmeja","Leucorrhinia_dubia","Mature",1,NA,0,NA,40,2020,NA,NA
"5/31/20",12:48:00,"Holmeja","Leucorrhinia_dubia","Mature",1,NA,0,NA,40,2020,NA,NA
"5/31/20",12:48:00,"Holmeja","Leucorrhinia_dubia","Mature",1,NA,0,NA,40,2020,NA,NA
"5/31/20",12:48:00,"Holmeja","Leucorrhinia_dubia","Mature",1,NA,0,NA,40,2020,NA,NA
"5/31/20",12:48:00,"Holmeja","Leucorrhinia_dubia","Teneral",0,NA,0,0,40,2020,NA,NA
"5/31/20",12:48:00,"Holmeja","Leucorrhinia_dubia","Teneral",0,NA,0,0,40,2020,NA,NA
"5/31/20",12:48:00,"Holmeja","Coenagrion_puella","Mature",1,NA,1,30,40,2020,NA,NA
"5/31/20",12:48:00,"Holmeja","Coenagrion_puella","Mature",0,"Gynochrome",1,30,40,2020,NA,NA
"5/31/20",12:48:00,"Holmeja","Coenagrion_hastulatum","Immature",1,NA,0,25,40,2020,NA,NA
"5/31/20",12:48:00,"Holmeja","Coenagrion_hastulatum","Mature",1,NA,0,30,40,2020,NA,NA
"5/31/20",12:48:00,"Holmeja","Coenagrion_hastulatum","Immature",1,NA,0,42,40,2020,NA,NA
"5/31/20",12:48:00,"Holmeja","Coenagrion_puella","Mature",1,NA,0,12,40,2020,NA,NA
"5/31/20",12:48:00,"Holmeja","Coenagrion_hastulatum","Immature",1,NA,0,1,40,2020,NA,NA
"5/31/20",12:48:00,"Holmeja","Coenagrion_hastulatum","Mature",1,NA,0,2,40,2020,NA,NA
"5/31/20",12:48:00,"Holmeja","Coenagrion_puella","Teneral",1,NA,0,11,40,2020,NA,NA
"5/31/20",12:48:00,"Holmeja","Coenagrion_puella","Mature",1,NA,0,20,40,2020,NA,NA
"5/31/20",12:48:00,"Holmeja","Coenagrion_hastulatum","Mature",1,NA,0,9,40,2020,NA,NA
"5/31/20",12:48:00,"Holmeja","Coenagrion_hastulatum","Immature",1,NA,0,22,40,2020,NA,NA
"5/31/20",12:48:00,"Holmeja","Coenagrion_hastulatum","Mature",1,NA,0,45,40,2020,NA,NA
"5/31/20",12:48:00,"Holmeja","Coenagrion_puella","Immature",1,NA,0,37,40,2020,NA,NA
"5/31/20",12:48:00,"Holmeja","Coenagrion_puella","Mature",1,NA,0,11,40,2020,NA,NA
"5/31/20",12:48:00,"Holmeja","Coenagrion_puella","Mature",0,"Gynochrome",0,15,40,2020,NA,NA
"5/31/20",12:48:00,"Holmeja","Coenagrion_puella","Teneral",1,NA,0,30,40,2020,NA,NA
"5/31/20",12:48:00,"Holmeja","Coenagrion_hastulatum","Immature",1,NA,0,3,40,2020,NA,NA
"5/31/20",12:48:00,"Holmeja","Coenagrion_puella","Mature",1,NA,0,10,40,2020,NA,NA
"5/31/20",12:48:00,"Holmeja","Coenagrion_puella","Immature",1,NA,0,6,40,2020,NA,NA
"5/31/20",12:48:00,"Holmeja","Coenagrion_hastulatum","Mature",1,NA,0,40,40,2020,NA,NA
"5/31/20",12:48:00,"Holmeja","Coenagrion_hastulatum","Immature",1,NA,0,4,40,2020,NA,NA
"5/31/20",12:48:00,"Holmeja","Coenagrion_puella","Mature",1,NA,0,30,40,2020,NA,NA
"5/31/20",12:48:00,"Holmeja","Coenagrion_hastulatum","Immature",1,NA,0,0,40,2020,NA,NA
"5/31/20",12:48:00,"Holmeja","Leucorrhinia_rubicunda","Mature",1,NA,0,0,40,2020,NA,NA
"5/31/20",12:48:00,"Holmeja","Leucorrhinia_dubia","Immature",0,"Gynochrome",0,0,40,2020,NA,NA
"6/16/20",12:08:00,"Holmeja","Cordulia_aenea","Mature",1,NA,0,NA,60,2020,NA,NA
"6/16/20",12:08:00,"Holmeja","Cordulia_aenea","Mature",1,NA,0,NA,60,2020,NA,NA
"6/16/20",12:08:00,"Holmeja","Leucorrhinia_rubicunda","Mature",1,NA,0,NA,60,2020,NA,NA
"6/16/20",12:08:00,"Holmeja","Libellula_quadrimaculata","Mature",1,NA,1,NA,60,2020,NA,NA
"6/16/20",12:08:00,"Holmeja","Libellula_quadrimaculata","Mature",1,NA,1,NA,60,2020,NA,NA
"6/16/20",12:08:00,"Holmeja","Libellula_quadrimaculata","Mature",0,NA,1,NA,60,2020,NA,NA
"6/16/20",12:08:00,"Holmeja","Libellula_quadrimaculata","Mature",0,NA,1,NA,60,2020,NA,NA
"6/16/20",12:08:00,"Holmeja","Cordulia_aenea","Mature",1,NA,0,NA,60,2020,NA,NA
"6/16/20",12:08:00,"Holmeja","Libellula_quadrimaculata","Mature",NA,NA,0,NA,60,2020,NA,NA
"6/16/20",12:08:00,"Holmeja","Libellula_quadrimaculata","Mature",NA,NA,0,NA,60,2020,NA,NA
"6/16/20",12:08:00,"Holmeja","Libellula_quadrimaculata","Mature",NA,NA,0,NA,60,2020,NA,NA
"6/16/20",12:08:00,"Holmeja","Libellula_quadrimaculata","Mature",NA,NA,0,NA,60,2020,NA,NA
"6/16/20",12:08:00,"Holmeja","Libellula_quadrimaculata","Mature",NA,NA,0,NA,60,2020,NA,NA
"6/16/20",12:08:00,"Holmeja","Libellula_quadrimaculata","Mature",NA,NA,0,NA,60,2020,NA,NA
"6/16/20",12:08:00,"Holmeja","Libellula_quadrimaculata","Mature",NA,NA,0,NA,60,2020,NA,NA
"6/16/20",12:08:00,"Holmeja","Libellula_quadrimaculata","Mature",NA,NA,0,NA,60,2020,NA,NA
"6/16/20",12:08:00,"Holmeja","Libellula_quadrimaculata","Mature",NA,NA,0,NA,60,2020,NA,NA
"6/16/20",12:08:00,"Holmeja","Libellula_quadrimaculata","Mature",NA,NA,0,NA,60,2020,NA,NA
"6/16/20",12:08:00,"Holmeja","Libellula_quadrimaculata","Mature",NA,NA,0,NA,60,2020,NA,NA
"6/16/20",12:08:00,"Holmeja","Libellula_quadrimaculata","Mature",NA,NA,0,NA,60,2020,NA,NA
"6/16/20",12:08:00,"Holmeja","Libellula_quadrimaculata","Mature",NA,NA,0,NA,60,2020,NA,NA
"6/16/20",12:08:00,"Holmeja","Libellula_quadrimaculata","Mature",NA,NA,0,NA,60,2020,NA,NA
"6/16/20",12:08:00,"Holmeja","Libellula_quadrimaculata","Mature",NA,NA,0,NA,60,2020,NA,NA
"6/16/20",12:08:00,"Holmeja","Libellula_quadrimaculata","Mature",NA,NA,0,NA,60,2020,NA,NA
"6/16/20",12:08:00,"Holmeja","Libellula_quadrimaculata","Mature",NA,NA,0,NA,60,2020,NA,NA
"6/16/20",12:08:00,"Holmeja","Libellula_quadrimaculata","Mature",NA,NA,0,NA,60,2020,NA,NA
"6/16/20",12:08:00,"Holmeja","Libellula_quadrimaculata","Mature",NA,NA,0,NA,60,2020,NA,NA
"6/16/20",12:08:00,"Holmeja","Libellula_quadrimaculata","Mature",NA,NA,0,NA,60,2020,NA,NA
"6/16/20",12:08:00,"Holmeja","Libellula_quadrimaculata","Mature",NA,NA,0,NA,60,2020,NA,NA
"6/16/20",12:08:00,"Holmeja","Libellula_quadrimaculata","Mature",NA,NA,0,NA,60,2020,NA,NA
"6/16/20",12:08:00,"Holmeja","Libellula_quadrimaculata","Mature",NA,NA,0,NA,60,2020,NA,NA
"6/16/20",12:08:00,"Holmeja","Libellula_quadrimaculata","Mature",NA,NA,0,NA,60,2020,NA,NA
"6/16/20",12:08:00,"Holmeja","Libellula_quadrimaculata","Mature",NA,NA,0,NA,60,2020,NA,NA
"6/16/20",12:08:00,"Holmeja","Libellula_quadrimaculata","Mature",NA,NA,0,NA,60,2020,NA,NA
"6/16/20",12:08:00,"Holmeja","Libellula_quadrimaculata","Mature",NA,NA,0,NA,60,2020,NA,NA
"6/16/20",12:08:00,"Holmeja","Libellula_quadrimaculata","Mature",NA,NA,0,NA,60,2020,NA,NA
"6/16/20",12:08:00,"Holmeja","Libellula_quadrimaculata","Mature",NA,NA,0,NA,60,2020,NA,NA
"6/16/20",12:08:00,"Holmeja","Libellula_quadrimaculata","Mature",NA,NA,0,NA,60,2020,NA,NA
"6/16/20",12:08:00,"Holmeja","Libellula_quadrimaculata","Mature",NA,NA,0,NA,60,2020,NA,NA
"6/16/20",12:08:00,"Holmeja","Libellula_quadrimaculata","Mature",NA,NA,0,NA,60,2020,NA,NA
"6/16/20",12:08:00,"Holmeja","Libellula_quadrimaculata","Mature",NA,NA,0,NA,60,2020,NA,NA
"6/16/20",12:08:00,"Holmeja","Libellula_quadrimaculata","Mature",NA,NA,0,NA,60,2020,NA,NA
"6/16/20",12:08:00,"Holmeja","Libellula_quadrimaculata","Mature",NA,NA,0,NA,60,2020,NA,NA
"6/16/20",12:08:00,"Holmeja","Libellula_quadrimaculata","Mature",NA,NA,0,NA,60,2020,NA,NA
"6/16/20",12:08:00,"Holmeja","Libellula_quadrimaculata","Mature",NA,NA,0,NA,60,2020,NA,NA
"6/16/20",12:08:00,"Holmeja","Libellula_quadrimaculata","Mature",NA,NA,0,NA,60,2020,NA,NA
"6/16/20",12:08:00,"Holmeja","Libellula_quadrimaculata","Mature",NA,NA,0,NA,60,2020,NA,NA
"6/16/20",12:08:00,"Holmeja","Libellula_quadrimaculata","Mature",NA,NA,0,NA,60,2020,NA,NA
"6/16/20",12:08:00,"Holmeja","Libellula_quadrimaculata","Mature",NA,NA,0,NA,60,2020,NA,NA
"6/16/20",12:08:00,"Holmeja","Libellula_quadrimaculata","Mature",NA,NA,0,NA,60,2020,NA,NA
"6/16/20",12:08:00,"Holmeja","Libellula_quadrimaculata","Mature",NA,NA,0,NA,60,2020,NA,NA
"6/16/20",12:08:00,"Holmeja","Libellula_quadrimaculata","Mature",NA,NA,0,NA,60,2020,NA,NA
"6/16/20",12:08:00,"Holmeja","Libellula_quadrimaculata","Mature",NA,NA,0,NA,60,2020,NA,NA
"6/16/20",12:08:00,"Holmeja","Libellula_quadrimaculata","Mature",NA,NA,0,NA,60,2020,NA,NA
"6/16/20",12:08:00,"Holmeja","Libellula_quadrimaculata","Mature",NA,NA,0,NA,60,2020,NA,NA
"6/16/20",12:08:00,"Holmeja","Libellula_quadrimaculata","Mature",NA,NA,0,NA,60,2020,NA,NA
"6/16/20",12:08:00,"Holmeja","Libellula_quadrimaculata","Mature",NA,NA,0,NA,60,2020,NA,NA
"6/16/20",12:08:00,"Holmeja","Libellula_quadrimaculata","Mature",NA,NA,0,NA,60,2020,NA,NA
"6/16/20",12:08:00,"Holmeja","Anax_imperator","Mature",1,NA,0,NA,60,2020,NA,NA
"6/16/20",12:08:00,"Holmeja","Leucorrhinia_dubia","Mature",1,NA,0,NA,60,2020,NA,NA
"6/16/20",12:08:00,"Holmeja","Leucorrhinia_dubia","Mature",1,NA,0,NA,60,2020,NA,NA
"6/16/20",12:08:00,"Holmeja","Leucorrhinia_rubicunda","Mature",1,NA,0,NA,60,2020,NA,NA
"6/16/20",12:08:00,"Holmeja","Leucorrhinia_dubia","Mature",1,NA,1,NA,60,2020,NA,NA
"6/16/20",12:08:00,"Holmeja","Leucorrhinia_dubia","Mature",0,NA,1,NA,60,2020,NA,NA
"6/16/20",12:08:00,"Holmeja","Leucorrhinia_dubia","Mature",1,NA,0,NA,60,2020,NA,NA
"6/16/20",12:08:00,"Holmeja","Leucorrhinia_dubia","Mature",1,NA,0,NA,60,2020,NA,NA
"6/16/20",12:08:00,"Holmeja","Leucorrhinia_dubia","Mature",1,NA,0,NA,60,2020,NA,NA
"6/16/20",12:08:00,"Holmeja","Leucorrhinia_dubia","Mature",1,NA,0,NA,60,2020,NA,NA
"6/16/20",12:08:00,"Holmeja","Leucorrhinia_dubia","Mature",1,NA,0,NA,60,2020,NA,NA
"6/16/20",12:08:00,"Holmeja","Leucorrhinia_dubia","Mature",1,NA,0,NA,60,2020,NA,NA
"6/16/20",12:08:00,"Holmeja","Leucorrhinia_dubia","Mature",1,NA,0,NA,60,2020,NA,NA
"6/16/20",12:08:00,"Holmeja","Leucorrhinia_dubia","Mature",1,NA,0,NA,60,2020,NA,NA
"6/16/20",12:08:00,"Holmeja","Leucorrhinia_dubia","Mature",1,NA,0,NA,60,2020,NA,NA
"6/16/20",12:08:00,"Holmeja","Leucorrhinia_dubia","Mature",1,NA,0,NA,60,2020,NA,NA
"6/16/20",12:08:00,"Holmeja","Leucorrhinia_dubia","Mature",1,NA,0,NA,60,2020,NA,NA
"6/16/20",12:08:00,"Holmeja","Leucorrhinia_dubia","Mature",1,NA,0,NA,60,2020,NA,NA
"6/16/20",12:08:00,"Holmeja","Leucorrhinia_dubia","Mature",1,NA,0,NA,60,2020,NA,NA
"6/16/20",12:08:00,"Holmeja","Leucorrhinia_dubia","Mature",1,NA,0,NA,60,2020,NA,NA
"6/16/20",12:08:00,"Holmeja","Leucorrhinia_dubia","Mature",1,NA,0,NA,60,2020,NA,NA
"6/16/20",12:08:00,"Holmeja","Leucorrhinia_dubia","Mature",1,NA,0,NA,60,2020,NA,NA
"6/16/20",12:08:00,"Holmeja","Leucorrhinia_dubia","Mature",1,NA,0,NA,60,2020,NA,NA
"6/16/20",12:08:00,"Holmeja","Leucorrhinia_dubia","Mature",1,NA,0,NA,60,2020,NA,NA
"6/16/20",12:08:00,"Holmeja","Leucorrhinia_dubia","Mature",1,NA,0,NA,60,2020,NA,NA
"6/16/20",12:08:00,"Holmeja","Leucorrhinia_dubia","Mature",1,NA,0,NA,60,2020,NA,NA
"6/16/20",12:08:00,"Holmeja","Coenagrion_puella","Mature",1,NA,1,0,60,2020,NA,NA
"6/16/20",12:08:00,"Holmeja","Coenagrion_puella","Mature",0,"Gynochrome",1,25,60,2020,NA,NA
"6/16/20",12:08:00,"Holmeja","Coenagrion_puella","Mature",1,NA,1,0,60,2020,NA,NA
"6/16/20",12:08:00,"Holmeja","Coenagrion_puella","Mature",0,"Gynochrome",1,15,60,2020,NA,NA
"6/16/20",12:08:00,"Holmeja","Coenagrion_puella","Mature",0,"Gynochrome",1,52,60,2020,NA,NA
"6/16/20",12:08:00,"Holmeja","Coenagrion_puella","Mature",1,NA,1,0,60,2020,NA,NA
"6/16/20",12:08:00,"Holmeja","Coenagrion_puella","Mature",1,NA,1,0,60,2020,NA,NA
"6/16/20",12:08:00,"Holmeja","Coenagrion_puella","Mature",0,"Gynochrome",1,NA,60,2020,NA,NA
"6/16/20",12:08:00,"Holmeja","Coenagrion_puella","Mature",1,NA,1,1,60,2020,NA,NA
"6/16/20",12:08:00,"Holmeja","Coenagrion_puella","Mature",0,"Gynochrome",1,11,60,2020,NA,NA
"6/16/20",12:08:00,"Holmeja","Coenagrion_puella","Mature",0,"Androchrome",1,0,60,2020,NA,NA
"6/16/20",12:08:00,"Holmeja","Coenagrion_puella","Mature",0,"Gynochrome",1,0,60,2020,NA,NA
"6/16/20",12:08:00,"Holmeja","Coenagrion_puella","Mature",1,NA,1,0,60,2020,NA,NA
"6/16/20",12:08:00,"Holmeja","Coenagrion_puella","Mature",0,"Gynochrome",1,0,60,2020,NA,NA
"6/16/20",12:08:00,"Holmeja","Coenagrion_puella","Mature",1,NA,1,9,60,2020,NA,NA
"6/16/20",12:08:00,"Holmeja","Coenagrion_puella","Mature",0,"Gynochrome",1,40,60,2020,NA,NA
"6/16/20",12:08:00,"Holmeja","Coenagrion_puella","Mature",1,NA,1,1,60,2020,NA,NA
"6/16/20",12:08:00,"Holmeja","Coenagrion_puella","Mature",0,"Gynochrome",1,29,60,2020,NA,NA
"6/16/20",12:08:00,"Holmeja","Coenagrion_puella","Mature",1,NA,1,0,60,2020,NA,NA
"6/16/20",12:08:00,"Holmeja","Coenagrion_puella","Mature",1,NA,0,1,60,2020,NA,NA
"6/16/20",12:08:00,"Holmeja","Coenagrion_puella","Mature",1,NA,0,2,60,2020,NA,NA
"6/16/20",12:08:00,"Holmeja","Coenagrion_puella","Mature",1,NA,0,0,60,2020,NA,NA
"6/16/20",12:08:00,"Holmeja","Coenagrion_puella","Mature",1,NA,0,0,60,2020,NA,NA
"6/16/20",12:08:00,"Holmeja","Coenagrion_puella","Mature",1,NA,0,26,60,2020,NA,NA
"6/16/20",12:08:00,"Holmeja","Coenagrion_puella","Mature",1,NA,0,7,60,2020,NA,NA
"6/16/20",12:08:00,"Holmeja","Coenagrion_puella","Mature",1,NA,0,0,60,2020,NA,NA
"6/16/20",12:08:00,"Holmeja","Coenagrion_puella","Immature",1,NA,0,0,60,2020,NA,NA
"6/16/20",12:08:00,"Holmeja","Coenagrion_puella","Immature",1,NA,0,26,60,2020,NA,NA
"6/16/20",12:08:00,"Holmeja","Coenagrion_puella","Mature",1,NA,0,5,60,2020,NA,NA
"6/16/20",12:08:00,"Holmeja","Coenagrion_puella","Mature",1,NA,0,0,60,2020,NA,NA
"6/16/20",12:08:00,"Holmeja","Coenagrion_puella","Mature",1,NA,0,0,60,2020,NA,NA
"6/16/20",12:08:00,"Holmeja","Coenagrion_puella","Mature",1,NA,0,0,60,2020,NA,NA
"6/16/20",12:08:00,"Holmeja","Coenagrion_puella","Immature",1,NA,0,33,60,2020,NA,NA
"6/16/20",12:08:00,"Holmeja","Coenagrion_puella","Mature",1,NA,0,14,60,2020,NA,NA
"6/16/20",12:08:00,"Holmeja","Coenagrion_puella","Mature",1,NA,0,32,60,2020,NA,NA
"6/16/20",12:08:00,"Holmeja","Coenagrion_puella","Mature",1,NA,0,37,60,2020,NA,NA
"6/16/20",12:08:00,"Holmeja","Coenagrion_puella","Mature",1,NA,0,0,60,2020,NA,NA
"6/16/20",12:08:00,"Holmeja","Coenagrion_puella","Immature",1,NA,0,13,60,2020,NA,NA
"6/16/20",12:08:00,"Holmeja","Coenagrion_puella","Immature",1,NA,0,1,60,2020,NA,NA
"6/16/20",12:08:00,"Holmeja","Coenagrion_puella","Mature",1,NA,0,0,60,2020,NA,NA
"6/16/20",12:08:00,"Holmeja","Coenagrion_puella","Immature",1,NA,0,44,60,2020,NA,NA
"6/16/20",12:08:00,"Holmeja","Coenagrion_puella","Immature",1,NA,0,36,60,2020,NA,NA
"6/16/20",12:08:00,"Holmeja","Coenagrion_puella","Mature",1,NA,0,7,60,2020,NA,NA
"6/16/20",12:08:00,"Holmeja","Coenagrion_puella","Mature",1,NA,0,49,60,2020,NA,NA
"6/16/20",12:08:00,"Holmeja","Coenagrion_puella","Immature",1,NA,0,0,60,2020,NA,NA
"6/16/20",12:08:00,"Holmeja","Coenagrion_puella","Mature",1,NA,0,63,60,2020,NA,NA
"6/16/20",12:08:00,"Holmeja","Coenagrion_puella","Mature",1,NA,0,20,60,2020,NA,NA
"6/16/20",12:08:00,"Holmeja","Coenagrion_puella","Mature",1,NA,0,NA,60,2020,NA,NA
"6/16/20",12:08:00,"Holmeja","Coenagrion_puella","Mature",1,NA,0,6,60,2020,NA,NA
"6/16/20",12:08:00,"Holmeja","Coenagrion_puella","Mature",1,NA,0,0,60,2020,NA,NA
"6/16/20",12:08:00,"Holmeja","Coenagrion_puella","Mature",1,NA,0,0,60,2020,NA,NA
"6/16/20",12:08:00,"Holmeja","Coenagrion_puella","Mature",1,NA,0,0,60,2020,NA,NA
"6/16/20",12:08:00,"Holmeja","Coenagrion_hastulatum","Mature",1,NA,0,67,60,2020,NA,NA
"6/16/20",12:08:00,"Holmeja","Coenagrion_hastulatum","Immature",1,NA,0,63,60,2020,NA,NA
"6/16/20",12:08:00,"Holmeja","Coenagrion_puella","Mature",1,NA,0,0,60,2020,NA,NA
"6/16/20",12:08:00,"Holmeja","Coenagrion_puella","Mature",1,NA,0,2,60,2020,NA,NA
"7/13/20",21:00:00,"IKEA","Ischnura_elegans","Mature",0,"Androchrome",0,0,40,2020,"Androchrome",NA
"7/13/20",20:00:00,"IKEA","Lestes_sponsa","Mature",0,"Gynochrome",0,0,40,2020,NA,NA
"7/13/20",22:00:00,"IKEA","Ischnura_pumilio","Mature",0,"Gynochrome",0,0,40,2020,NA,NA
"7/13/20",02:00:00,"IKEA","Lestes_sponsa","Mature",0,"Gynochrome",0,0,40,2020,NA,NA
"7/13/20",05:00:00,"IKEA","Lestes_sponsa","Mature",0,"Gynochrome",0,0,40,2020,NA,NA
"7/13/20",06:00:00,"IKEA","Lestes_sponsa","Mature",0,"Gynochrome",0,0,40,2020,NA,NA
"7/13/20",07:00:00,"IKEA","Lestes_sponsa","Mature",0,"Gynochrome",0,0,40,2020,NA,NA
"7/13/20",11:00:00,"IKEA","Lestes_sponsa","Mature",0,"Gynochrome",0,0,40,2020,NA,NA
"7/13/20",12:00:00,"IKEA","Lestes_sponsa","Mature",0,"Gynochrome",0,0,40,2020,NA,NA
"7/13/20",13:00:00,"IKEA","Lestes_sponsa","Mature",0,"Gynochrome",0,0,40,2020,NA,NA
"7/13/20",22:00:00,"IKEA","Lestes_sponsa","Mature",0,"Gynochrome",0,0,40,2020,NA,NA
"7/23/20",11:30:00,"IKEA","Lestes_sponsa","Mature",0,"Gynochrome",0,0,30,2020,NA,NA
"7/23/20",11:30:00,"IKEA","Ischnura_pumilio","Mature",0,"Gynochrome",0,0,30,2020,NA,NA
"7/23/20",11:30:00,"IKEA","Sympetrum_spp","Mature",0,"Gynochrome",1,NA,30,2020,NA,NA
"7/13/20",00:00:00,"IKEA","Ischnura_elegans","Mature",0,"Gynochrome",0,0,40,2020,"Infuscans",NA
"7/13/20",17:00:00,"IKEA","Sympetrum_sanguineum","Mature",1,NA,0,0,40,2020,NA,NA
"7/13/20",18:00:00,"IKEA","Sympetrum_sanguineum","Immature",1,NA,0,0,40,2020,NA,NA
"7/13/20",19:00:00,"IKEA","Lestes_sponsa","Mature",1,NA,0,0,40,2020,NA,NA
"7/13/20",21:00:00,"IKEA","Lestes_sponsa","Mature",1,NA,0,0,40,2020,NA,NA
"7/13/20",23:00:00,"IKEA","Lestes_sponsa","Mature",1,NA,0,0,40,2020,NA,NA
"7/13/20",01:00:00,"IKEA","Ischnura_pumilio","Mature",1,NA,0,0,40,2020,NA,NA
"7/13/20",03:00:00,"IKEA","Ischnura_pumilio","Mature",1,NA,0,0,40,2020,NA,NA
"7/13/20",04:00:00,"IKEA","Lestes_sponsa","Mature",1,NA,0,0,40,2020,NA,NA
"7/13/20",08:00:00,"IKEA","Coenagrion_puella","Mature",1,NA,0,0,40,2020,NA,NA
"7/13/20",09:00:00,"IKEA","Lestes_sponsa","Mature",1,NA,0,0,40,2020,NA,NA
"7/13/20",10:00:00,"IKEA","Lestes_sponsa","Mature",1,NA,0,0,40,2020,NA,NA
"7/13/20",14:00:00,"IKEA","Lestes_sponsa","Mature",1,NA,0,0,40,2020,NA,NA
"7/13/20",15:00:00,"IKEA","Lestes_sponsa","Mature",1,NA,0,0,40,2020,NA,NA
"7/13/20",16:00:00,"IKEA","Coenagrion_puella","Mature",1,NA,0,0,40,2020,NA,NA
"7/13/20",17:00:00,"IKEA","Ischnura_pumilio","Mature",1,NA,0,0,40,2020,NA,NA
"7/13/20",18:00:00,"IKEA","Ischnura_elegans","Mature",1,NA,0,0,40,2020,NA,NA
"7/13/20",19:00:00,"IKEA","Lestes_sponsa","Mature",1,NA,0,0,40,2020,NA,NA
"7/13/20",23:00:00,"IKEA","Ischnura_pumilio","Immature",0,NA,0,0,40,2020,NA,NA
"7/13/20",00:00:00,"IKEA","Sympetrum_sanguineum","Teneral",NA,NA,0,NA,40,2020,NA,NA
"7/13/20",01:00:00,"IKEA","Sympetrum_sanguineum","Teneral",NA,NA,0,NA,40,2020,NA,NA
"7/13/20",02:00:00,"IKEA","Sympetrum_sanguineum","Teneral",NA,NA,0,NA,40,2020,NA,NA
"7/13/20",03:00:00,"IKEA","Sympetrum_sanguineum","Teneral",NA,NA,0,NA,40,2020,NA,NA
"7/13/20",04:00:00,"IKEA","Sympetrum_sanguineum","Teneral",NA,NA,0,NA,40,2020,NA,NA
"7/13/20",05:00:00,"IKEA","Sympetrum_sanguineum","Teneral",NA,NA,0,NA,40,2020,NA,NA
"7/13/20",06:00:00,"IKEA","Sympetrum_sanguineum","Teneral",NA,NA,0,NA,40,2020,NA,NA
"7/13/20",07:00:00,"IKEA","Sympetrum_sanguineum","Teneral",NA,NA,0,NA,40,2020,NA,NA
"7/13/20",08:00:00,"IKEA","Sympetrum_sanguineum","Teneral",NA,NA,0,NA,40,2020,NA,NA
"7/13/20",09:00:00,"IKEA","Sympetrum_sanguineum","Teneral",NA,NA,0,NA,40,2020,NA,NA
"7/13/20",10:00:00,"IKEA","Sympetrum_sanguineum","Teneral",NA,NA,0,NA,40,2020,NA,NA
"7/13/20",11:00:00,"IKEA","Sympetrum_sanguineum","Teneral",NA,NA,0,NA,40,2020,NA,NA
"7/23/20",11:30:00,"IKEA","Aeshna_mixta","Teneral",0,NA,0,0,30,2020,NA,NA
"7/23/20",11:30:00,"IKEA","Sympetrum_vulgatum","Teneral",0,NA,0,0,30,2020,NA,NA
"7/23/20",11:30:00,"IKEA","Aeshna_mixta","Teneral",1,NA,0,0,30,2020,NA,NA
"7/23/20",11:30:00,"IKEA","Sympetrum_sanguineum","Mature",1,NA,0,0,30,2020,NA,NA
"7/23/20",11:30:00,"IKEA","Sympetrum_striolatum","Teneral",1,NA,0,0,30,2020,NA,NA
"7/23/20",11:30:00,"IKEA","Sympetrum_striolatum","Mature",1,NA,0,0,30,2020,NA,NA
"7/23/20",11:30:00,"IKEA","Lestes_sponsa","Mature",1,NA,0,0,30,2020,NA,NA
"7/23/20",11:30:00,"IKEA","Lestes_sponsa","Mature",1,NA,0,0,30,2020,NA,NA
"7/23/20",11:30:00,"IKEA","Lestes_sponsa","Mature",1,NA,0,0,30,2020,NA,NA
"7/23/20",11:30:00,"IKEA","Lestes_sponsa","Mature",1,NA,0,0,30,2020,NA,NA
"7/23/20",11:30:00,"IKEA","Ischnura_elegans","Mature",1,NA,0,0,30,2020,NA,NA
"7/23/20",11:30:00,"IKEA","Lestes_sponsa","Mature",1,NA,0,0,30,2020,NA,NA
"7/23/20",11:30:00,"IKEA","Lestes_sponsa","Mature",1,NA,0,0,30,2020,NA,NA
"7/23/20",11:30:00,"IKEA","Lestes_sponsa","Mature",1,NA,0,0,30,2020,NA,NA
"7/23/20",11:30:00,"IKEA","Lestes_sponsa","Mature",1,NA,0,0,30,2020,NA,NA
"7/23/20",11:30:00,"IKEA","Lestes_sponsa","Mature",1,NA,0,0,30,2020,NA,NA
"7/23/20",11:30:00,"IKEA","Ischnura_pumilio","Mature",1,NA,0,0,30,2020,NA,NA
"7/23/20",11:30:00,"IKEA","Lestes_sponsa","Mature",1,NA,0,0,30,2020,NA,NA
"7/23/20",11:30:00,"IKEA","Lestes_sponsa","Mature",1,NA,0,0,30,2020,NA,NA
"7/23/20",11:30:00,"IKEA","Sympetrum_sanguineum","Mature",1,NA,0,NA,30,2020,NA,NA
"7/23/20",11:30:00,"IKEA","Sympetrum_spp","Teneral",NA,NA,0,NA,30,2020,NA,NA
"7/23/20",11:30:00,"IKEA","Sympetrum_spp","Teneral",NA,NA,0,NA,30,2020,NA,NA
"7/23/20",11:30:00,"IKEA","Sympetrum_spp","Teneral",NA,NA,0,NA,30,2020,NA,NA
"7/23/20",11:30:00,"IKEA","Sympetrum_spp","Mature",1,NA,1,NA,30,2020,NA,NA
"7/13/20",20:00:00,"IKEA","Ischnura_elegans","Immature",0,"Gynochrome",0,0,40,2020,"Androchrome","Violacea_(Androchrome)"
"5/20/20",10:24:00,"IKEA","Ischnura_elegans","Teneral",1,NA,0,0,60,2020,NA,NA
"5/20/20",10:24:00,"IKEA","Ischnura_elegans","Teneral",1,NA,0,0,60,2020,NA,NA
"5/20/20",10:24:00,"IKEA","Ischnura_pumilio","Immature",1,NA,0,0,60,2020,NA,NA
"5/20/20",10:24:00,"IKEA","Ischnura_pumilio","Immature",0,NA,0,0,60,2020,NA,NA
"5/20/20",10:24:00,"IKEA","Coenagrion_pulchellum","Immature",1,NA,0,0,60,2020,NA,NA
"5/20/20",10:24:00,"IKEA","Ischnura_pumilio","Immature",1,NA,0,0,60,2020,NA,NA
"5/20/20",10:24:00,"IKEA","Coenagrion_pulchellum","Teneral",1,NA,0,0,60,2020,NA,NA
"5/20/20",10:24:00,"IKEA","Coenagrion_pulchellum","Teneral",1,NA,0,0,60,2020,NA,NA
"5/20/20",10:24:00,"IKEA","Coenagrion_pulchellum","Teneral",0,NA,0,0,60,2020,NA,NA
"5/20/20",10:24:00,"IKEA","Coenagrion_pulchellum","Teneral",0,NA,0,0,60,2020,NA,NA
"5/20/20",10:24:00,"IKEA","Coenagrion_pulchellum","Teneral",1,NA,0,0,60,2020,NA,NA
"6/1/20",11:02:00,"IKEA","Cordulia_aenea","Mature",NA,NA,0,NA,30,2020,NA,NA
"6/1/20",11:02:00,"IKEA","Brachytron_pratense","Mature",1,NA,0,NA,30,2020,NA,NA
"6/1/20",11:02:00,"IKEA","Brachytron_pratense","Mature",1,NA,0,NA,30,2020,NA,NA
"6/1/20",11:02:00,"IKEA","Coenagrion_puella","Mature",1,NA,1,0,30,2020,NA,NA
"6/1/20",11:02:00,"IKEA","Coenagrion_puella","Mature",0,"Gynochrome",1,0,30,2020,NA,NA
"6/1/20",11:02:00,"IKEA","Coenagrion_pulchellum","Mature",1,NA,1,0,30,2020,NA,NA
"6/1/20",11:02:00,"IKEA","Coenagrion_pulchellum","Mature",1,NA,1,3,30,2020,NA,NA
"6/1/20",11:02:00,"IKEA","Ischnura_elegans","Teneral",0,NA,0,0,30,2020,NA,NA
"6/1/20",11:02:00,"IKEA","Ischnura_pumilio","Mature",0,"Gynochrome",0,0,30,2020,NA,NA
"6/1/20",11:02:00,"IKEA","Ischnura_pumilio","Mature",1,NA,0,0,30,2020,NA,NA
"6/1/20",11:02:00,"IKEA","Coenagrion_puella","Mature",1,NA,0,0,30,2020,NA,NA
"6/1/20",11:02:00,"IKEA","Coenagrion_puella","Mature",1,NA,0,1,30,2020,NA,NA
"6/1/20",11:02:00,"IKEA","Coenagrion_puella","Mature",1,NA,0,3,30,2020,NA,NA
"6/1/20",11:02:00,"IKEA","Coenagrion_puella","Mature",1,NA,0,0,30,2020,NA,NA
"6/1/20",11:02:00,"IKEA","Ischnura_elegans","Immature",0,"Gynochrome",0,0,30,2020,"Androchrome","Violacea_(Androchrome)"
"6/1/20",11:02:00,"IKEA","Coenagrion_puella","Mature",1,NA,0,2,30,2020,NA,NA
"6/1/20",11:02:00,"IKEA","Ischnura_pumilio","Immature",1,NA,0,0,30,2020,NA,NA
"6/1/20",11:02:00,"IKEA","Coenagrion_puella","Mature",1,NA,0,2,30,2020,NA,NA
"6/1/20",11:02:00,"IKEA","Ischnura_elegans","Immature",0,"Gynochrome",0,0,30,2020,"Androchrome","Violacea_(Androchrome)"
"6/1/20",11:02:00,"IKEA","Coenagrion_puella","Mature",1,NA,0,0,30,2020,NA,NA
"6/1/20",11:02:00,"IKEA","Coenagrion_puella","Mature",1,NA,0,0,30,2020,NA,NA
"6/1/20",11:02:00,"IKEA","Coenagrion_puella","Mature",1,NA,0,0,30,2020,NA,NA
"6/1/20",11:02:00,"IKEA","Coenagrion_puella","Mature",1,NA,0,0,30,2020,NA,NA
"6/1/20",11:02:00,"IKEA","Coenagrion_puella","Mature",1,NA,0,1,30,2020,NA,NA
"6/1/20",11:02:00,"IKEA","Ischnura_pumilio","Immature",0,NA,0,0,30,2020,NA,NA
"6/1/20",11:02:00,"IKEA","Ischnura_elegans","Immature",1,NA,0,0,30,2020,NA,NA
"6/1/20",11:02:00,"IKEA","Coenagrion_puella","Mature",1,NA,0,3,30,2020,NA,NA
"6/1/20",11:02:00,"IKEA","Ischnura_elegans","Mature",0,"Gynochrome",0,1,30,2020,"Infuscans","Violacea_(Infuscans)"
"6/1/20",11:02:00,"IKEA","Coenagrion_puella","Teneral",1,NA,0,0,30,2020,NA,NA
"6/1/20",11:02:00,"IKEA","Ischnura_pumilio","Mature",1,NA,0,0,30,2020,NA,NA
"6/1/20",11:02:00,"IKEA","Ischnura_pumilio","Mature",0,"Gynochrome",0,0,30,2020,NA,NA
"6/1/20",11:02:00,"IKEA","Ischnura_pumilio","Immature",0,NA,0,0,30,2020,NA,NA
"6/1/20",11:02:00,"IKEA","Ischnura_pumilio","Immature",0,NA,0,0,30,2020,NA,NA
"6/1/20",11:02:00,"IKEA","Ischnura_pumilio","Teneral",0,NA,0,0,30,2020,NA,NA
"6/1/20",11:02:00,"IKEA","Ischnura_elegans","Teneral",0,NA,0,0,30,2020,NA,NA
"6/23/20",09:47:00,"IKEA","Ischnura_elegans","Mature",1,NA,0,0,60,2020,NA,NA
"6/23/20",09:47:00,"IKEA","Ischnura_pumilio","Mature",1,NA,0,0,60,2020,NA,NA
"6/23/20",09:47:00,"IKEA","Ischnura_elegans","Mature",1,NA,0,0,60,2020,NA,NA
"6/23/20",09:47:00,"IKEA","Coenagrion_puella","Mature",1,NA,0,0,60,2020,NA,NA
"6/23/20",09:47:00,"IKEA","Ischnura_elegans","Mature",0,"Androchrome",0,0,60,2020,"Androchrome",NA
"6/23/20",09:47:00,"IKEA","Ischnura_pumilio","Mature",1,NA,0,0,60,2020,NA,NA
"6/23/20",09:47:00,"IKEA","Ischnura_elegans","Immature",1,NA,0,0,60,2020,NA,NA
"6/23/20",09:47:00,"IKEA","Ischnura_pumilio","Mature",1,NA,0,0,60,2020,NA,NA
"6/23/20",09:47:00,"IKEA","Ischnura_elegans","Mature",1,NA,0,0,60,2020,NA,NA
"6/23/20",09:47:00,"IKEA","Coenagrion_pulchellum","Mature",1,NA,0,0,60,2020,NA,NA
"6/23/20",09:47:00,"IKEA","Ischnura_elegans","Immature",0,"Gynochrome",0,0,60,2020,"Infuscans",NA
"6/23/20",09:47:00,"IKEA","Ischnura_elegans","Immature",1,NA,0,0,60,2020,NA,NA
"6/23/20",09:47:00,"IKEA","Ischnura_elegans","Immature",1,NA,0,1,60,2020,NA,NA
"6/23/20",09:47:00,"IKEA","Lestes_sponsa","Immature",1,NA,0,0,60,2020,NA,NA
"6/23/20",09:47:00,"IKEA","Lestes_sponsa","Mature",1,NA,0,0,60,2020,NA,NA
"6/23/20",09:47:00,"IKEA","Lestes_sponsa","Immature",0,"Gynochrome",0,0,60,2020,NA,NA
"6/23/20",09:47:00,"IKEA","Lestes_sponsa","Teneral",1,NA,0,0,60,2020,NA,NA
"6/23/20",09:47:00,"IKEA","Sympetrum_vulgatum","Teneral",1,NA,0,2,60,2020,NA,NA
"6/23/20",09:47:00,"IKEA","Sympetrum_vulgatum","Teneral",0,NA,0,0,60,2020,NA,NA
"6/23/20",09:47:00,"IKEA","Sympetrum_vulgatum","Teneral",0,NA,0,1,60,2020,NA,NA
"6/23/20",09:47:00,"IKEA","Sympetrum_vulgatum","Teneral",0,NA,0,0,60,2020,NA,NA
"7/17/20",09:49:00,"Ilstorp","Sympetrum_sanguineum","Immature",0,"Gynochrome",0,0,60,2020,NA,NA
"7/17/20",09:49:00,"Ilstorp","Sympetrum_sanguineum","Immature",0,"Gynochrome",0,0,60,2020,NA,NA
"7/17/20",09:49:00,"Ilstorp","Sympetrum_sanguineum","Teneral",0,NA,0,0,60,2020,NA,NA
"7/17/20",09:49:00,"Ilstorp","Anax_imperator","Mature",0,"Gynochrome",0,NA,60,2020,NA,NA
"7/17/20",09:49:00,"Ilstorp","Orthetrum_cancellatum","Mature",0,"Gynochrome",0,NA,60,2020,NA,NA
"7/17/20",09:49:00,"Ilstorp","Orthetrum_cancellatum","Mature",0,"Gynochrome",0,NA,60,2020,NA,NA
"7/17/20",09:49:00,"Ilstorp","Enallagma_cyathigerum","Mature",0,"Gynochrome",1,80,60,2020,NA,NA
"7/17/20",09:49:00,"Ilstorp","Enallagma_cyathigerum","Mature",0,"Gynochrome",1,13,60,2020,NA,NA
"7/17/20",09:49:00,"Ilstorp","Enallagma_cyathigerum","Immature",0,"Gynochrome",0,4,60,2020,NA,NA
"7/17/20",09:49:00,"Ilstorp","Enallagma_cyathigerum","Immature",0,"Gynochrome",0,0,60,2020,NA,NA
"7/17/20",09:49:00,"Ilstorp","Enallagma_cyathigerum","Immature",0,"Gynochrome",0,18,60,2020,NA,NA
"7/17/20",09:49:00,"Ilstorp","Lestes_sponsa","Mature",0,"Gynochrome",0,0,60,2020,NA,NA
"7/17/20",09:49:00,"Ilstorp","Enallagma_cyathigerum","Immature",0,"Gynochrome",0,15,60,2020,NA,NA
"7/28/20",16:54:00,"Ilstorp","Sympetrum_sanguineum","Mature",0,"Gynochrome",0,NA,20,2020,NA,NA
"7/28/20",16:54:00,"Ilstorp","Enallagma_cyathigerum","Mature",0,"Gynochrome",0,13,20,2020,NA,NA
"7/28/20",16:54:00,"Ilstorp","Lestes_sponsa","Mature",0,"Gynochrome",0,0,20,2020,NA,NA
"7/28/20",16:54:00,"Ilstorp","Enallagma_cyathigerum","Mature",0,"Gynochrome",0,10,20,2020,NA,NA
"7/28/20",16:54:00,"Ilstorp","Enallagma_cyathigerum","Mature",0,"Gynochrome",0,12,20,2020,NA,NA
"7/28/20",16:54:00,"Ilstorp","Ischnura_elegans","Mature",0,"Gynochrome",0,0,20,2020,"Infuscans",NA
"7/17/20",09:49:00,"Ilstorp","Ischnura_elegans","Immature",0,"Gynochrome",0,0,60,2020,"Infuscans_obsoleta","Infuscans_obsoleta_(Rufescens)"
"7/17/20",09:49:00,"Ilstorp","Sympetrum_sanguineum","Immature",1,NA,0,0,60,2020,NA,NA
"7/17/20",09:49:00,"Ilstorp","Sympetrum_sanguineum","Immature",1,NA,0,0,60,2020,NA,NA
"7/17/20",09:49:00,"Ilstorp","Sympetrum_sanguineum","Immature",1,NA,0,0,60,2020,NA,NA
"7/17/20",09:49:00,"Ilstorp","Sympetrum_sanguineum","Teneral",1,NA,0,0,60,2020,NA,NA
"7/17/20",09:49:00,"Ilstorp","Sympetrum_sanguineum",NA,NA,NA,0,NA,60,2020,NA,NA
"7/17/20",09:49:00,"Ilstorp","Sympetrum_sanguineum",NA,NA,NA,0,NA,60,2020,NA,NA
"7/17/20",09:49:00,"Ilstorp","Sympetrum_sanguineum",NA,NA,NA,0,NA,60,2020,NA,NA
"7/17/20",09:49:00,"Ilstorp","Sympetrum_sanguineum",NA,NA,NA,0,NA,60,2020,NA,NA
"7/17/20",09:49:00,"Ilstorp","Sympetrum_sanguineum",NA,NA,NA,0,NA,60,2020,NA,NA
"7/17/20",09:49:00,"Ilstorp","Sympetrum_sanguineum",NA,NA,NA,0,NA,60,2020,NA,NA
"7/17/20",09:49:00,"Ilstorp","Sympetrum_sanguineum",NA,NA,NA,0,NA,60,2020,NA,NA
"7/17/20",09:49:00,"Ilstorp","Sympetrum_sanguineum",NA,NA,NA,0,NA,60,2020,NA,NA
"7/17/20",09:49:00,"Ilstorp","Sympetrum_sanguineum",NA,NA,NA,0,NA,60,2020,NA,NA
"7/17/20",09:49:00,"Ilstorp","Sympetrum_sanguineum",NA,NA,NA,0,NA,60,2020,NA,NA
"7/17/20",09:49:00,"Ilstorp","Sympetrum_sanguineum",NA,NA,NA,0,NA,60,2020,NA,NA
"7/17/20",09:49:00,"Ilstorp","Sympetrum_sanguineum",NA,NA,NA,0,NA,60,2020,NA,NA
"7/17/20",09:49:00,"Ilstorp","Sympetrum_sanguineum",NA,NA,NA,0,NA,60,2020,NA,NA
"7/17/20",09:49:00,"Ilstorp","Sympetrum_sanguineum",NA,NA,NA,0,NA,60,2020,NA,NA
"7/17/20",09:49:00,"Ilstorp","Sympetrum_sanguineum",NA,NA,NA,0,NA,60,2020,NA,NA
"7/17/20",09:49:00,"Ilstorp","Anax_imperator","Mature",1,NA,0,NA,60,2020,NA,NA
"7/17/20",09:49:00,"Ilstorp","Anax_imperator","Mature",1,NA,0,NA,60,2020,NA,NA
"7/17/20",09:49:00,"Ilstorp","Anax_imperator","Mature",1,NA,0,NA,60,2020,NA,NA
"7/17/20",09:49:00,"Ilstorp","Orthetrum_cancellatum","Mature",1,NA,0,NA,60,2020,NA,NA
"7/17/20",09:49:00,"Ilstorp","Orthetrum_cancellatum","Mature",1,NA,0,NA,60,2020,NA,NA
"7/17/20",09:49:00,"Ilstorp","Orthetrum_cancellatum","Mature",1,NA,0,NA,60,2020,NA,NA
"7/17/20",09:49:00,"Ilstorp","Orthetrum_cancellatum","Mature",1,NA,0,NA,60,2020,NA,NA
"7/17/20",09:49:00,"Ilstorp","Orthetrum_cancellatum","Mature",1,NA,0,NA,60,2020,NA,NA
"7/17/20",09:49:00,"Ilstorp","Enallagma_cyathigerum","Mature",1,NA,1,20,60,2020,NA,NA
"7/17/20",09:49:00,"Ilstorp","Enallagma_cyathigerum","Mature",1,NA,1,3,60,2020,NA,NA
"7/17/20",09:49:00,"Ilstorp","Enallagma_cyathigerum","Mature",1,NA,0,1,60,2020,NA,NA
"7/17/20",09:49:00,"Ilstorp","Enallagma_cyathigerum","Teneral",0,NA,0,0,60,2020,NA,NA
"7/17/20",09:49:00,"Ilstorp","Enallagma_cyathigerum","Teneral",1,NA,0,0,60,2020,NA,NA
"7/17/20",09:49:00,"Ilstorp","Enallagma_cyathigerum","Mature",1,NA,0,0,60,2020,NA,NA
"7/17/20",09:49:00,"Ilstorp","Ischnura_elegans","Teneral",1,NA,0,0,60,2020,NA,NA
"7/17/20",09:49:00,"Ilstorp","Enallagma_cyathigerum","Teneral",0,NA,0,0,60,2020,NA,NA
"7/17/20",09:49:00,"Ilstorp","Ischnura_elegans","Mature",1,NA,0,13,60,2020,NA,NA
"7/17/20",09:49:00,"Ilstorp","Ischnura_elegans","Mature",1,NA,0,0,60,2020,NA,NA
"7/17/20",09:49:00,"Ilstorp","Enallagma_cyathigerum","Mature",1,NA,0,20,60,2020,NA,NA
"7/17/20",09:49:00,"Ilstorp","Enallagma_cyathigerum","Mature",1,NA,0,3,60,2020,NA,NA
"7/17/20",09:49:00,"Ilstorp","Ischnura_elegans","Mature",1,NA,0,0,60,2020,NA,NA
"7/17/20",09:49:00,"Ilstorp","Enallagma_cyathigerum","Immature",1,NA,0,25,60,2020,NA,NA
"7/17/20",09:49:00,"Ilstorp","Enallagma_cyathigerum","Teneral",1,NA,0,13,60,2020,NA,NA
"7/17/20",09:49:00,"Ilstorp","Enallagma_cyathigerum","Mature",1,NA,0,3,60,2020,NA,NA
"7/17/20",09:49:00,"Ilstorp","Ischnura_elegans","Mature",1,NA,0,0,60,2020,NA,NA
"7/17/20",09:49:00,"Ilstorp","Enallagma_cyathigerum","Mature",1,NA,0,2,60,2020,NA,NA
"7/17/20",09:49:00,"Ilstorp","Ischnura_elegans","Immature",1,NA,0,4,60,2020,NA,NA
"7/17/20",09:49:00,"Ilstorp","Enallagma_cyathigerum","Mature",1,NA,0,0,60,2020,NA,NA
"7/17/20",09:49:00,"Ilstorp","Ischnura_elegans","Mature",1,NA,0,0,60,2020,NA,NA
"7/17/20",09:49:00,"Ilstorp","Ischnura_elegans","Teneral",1,NA,0,1,60,2020,NA,NA
"7/17/20",09:49:00,"Ilstorp","Enallagma_cyathigerum","Immature",1,NA,0,7,60,2020,NA,NA
"7/17/20",09:49:00,"Ilstorp","Enallagma_cyathigerum","Mature",1,NA,0,2,60,2020,NA,NA
"7/17/20",09:49:00,"Ilstorp","Enallagma_cyathigerum","Mature",1,NA,0,2,60,2020,NA,NA
"7/17/20",09:49:00,"Ilstorp","Enallagma_cyathigerum","Teneral",1,NA,0,21,60,2020,NA,NA
"7/17/20",09:49:00,"Ilstorp","Enallagma_cyathigerum","Teneral",0,NA,0,6,60,2020,NA,NA
"7/17/20",09:49:00,"Ilstorp","Ischnura_elegans","Immature",1,NA,0,0,60,2020,NA,NA
"7/17/20",09:49:00,"Ilstorp","Ischnura_elegans","Immature",1,NA,0,6,60,2020,NA,NA
"7/17/20",09:49:00,"Ilstorp","Enallagma_cyathigerum","Immature",1,NA,0,5,60,2020,NA,NA
"7/17/20",09:49:00,"Ilstorp","Ischnura_elegans","Mature",0,NA,0,0,60,2020,NA,NA
"7/17/20",09:49:00,"Ilstorp","Ischnura_elegans","Immature",1,NA,0,7,60,2020,NA,NA
"7/17/20",09:49:00,"Ilstorp","Enallagma_cyathigerum","Mature",1,NA,0,5,60,2020,NA,NA
"7/17/20",09:49:00,"Ilstorp","Enallagma_cyathigerum","Teneral",0,NA,0,18,60,2020,NA,NA
"7/17/20",09:49:00,"Ilstorp","Ischnura_elegans","Immature",1,NA,0,0,60,2020,NA,NA
"7/17/20",09:49:00,"Ilstorp","Ischnura_elegans","Teneral",1,NA,0,1,60,2020,NA,NA
"7/17/20",09:49:00,"Ilstorp","Enallagma_cyathigerum","Teneral",1,NA,0,0,60,2020,NA,NA
"7/17/20",09:49:00,"Ilstorp","Enallagma_cyathigerum","Teneral",0,NA,0,15,60,2020,NA,NA
"7/17/20",09:49:00,"Ilstorp","Enallagma_cyathigerum","Immature",0,NA,0,0,60,2020,NA,NA
"7/17/20",09:49:00,"Ilstorp","Enallagma_cyathigerum","Mature",0,NA,0,30,60,2020,NA,NA
"7/28/20",16:54:00,"Ilstorp","Anax_imperator","Mature",1,NA,0,NA,20,2020,NA,NA
"7/28/20",16:54:00,"Ilstorp","Orthetrum_cancellatum","Mature",1,NA,0,NA,20,2020,NA,NA
"7/28/20",16:54:00,"Ilstorp","Sympetrum_sanguineum","Mature",1,NA,0,0,20,2020,NA,NA
"7/28/20",16:54:00,"Ilstorp","Sympetrum_sanguineum","Mature",1,NA,0,0,20,2020,NA,NA
"7/28/20",16:54:00,"Ilstorp","Sympetrum_sanguineum","Immature",1,NA,0,0,20,2020,NA,NA
"7/28/20",16:54:00,"Ilstorp","Sympetrum_sanguineum","Mature",1,NA,0,0,20,2020,NA,NA
"7/28/20",16:54:00,"Ilstorp","Sympetrum_sanguineum","Mature",1,NA,0,0,20,2020,NA,NA
"7/28/20",16:54:00,"Ilstorp","Somatochlora_metallica","Mature",1,NA,0,0,20,2020,NA,NA
"7/28/20",16:54:00,"Ilstorp","Enallagma_cyathigerum","Mature",1,NA,0,12,20,2020,NA,NA
"7/28/20",16:54:00,"Ilstorp","Enallagma_cyathigerum","Mature",1,NA,0,1,20,2020,NA,NA
"7/28/20",16:54:00,"Ilstorp","Enallagma_cyathigerum","Mature",1,NA,0,0,20,2020,NA,NA
"7/28/20",16:54:00,"Ilstorp","Enallagma_cyathigerum","Mature",1,NA,0,0,20,2020,NA,NA
"7/28/20",16:54:00,"Ilstorp","Enallagma_cyathigerum","Mature",1,NA,0,1,20,2020,NA,NA
"7/28/20",16:54:00,"Ilstorp","Enallagma_cyathigerum","Mature",1,NA,0,1,20,2020,NA,NA
"7/28/20",16:54:00,"Ilstorp","Enallagma_cyathigerum","Mature",1,NA,0,1,20,2020,NA,NA
"7/28/20",16:54:00,"Ilstorp","Enallagma_cyathigerum","Mature",1,NA,0,0,20,2020,NA,NA
"7/28/20",16:54:00,"Ilstorp","Enallagma_cyathigerum","Mature",1,NA,0,3,20,2020,NA,NA
"7/28/20",16:54:00,"Ilstorp","Enallagma_cyathigerum","Mature",1,NA,0,1,20,2020,NA,NA
"7/28/20",16:54:00,"Ilstorp","Enallagma_cyathigerum","Mature",1,NA,0,9,20,2020,NA,NA
"7/28/20",16:54:00,"Ilstorp","Calopteryx_splendens","Immature",1,NA,0,0,20,2020,NA,NA
"7/28/20",16:54:00,"Ilstorp","Enallagma_cyathigerum","Mature",1,NA,0,3,20,2020,NA,NA
"7/28/20",16:54:00,"Ilstorp","Enallagma_cyathigerum","Mature",1,NA,0,3,20,2020,NA,NA
"7/28/20",16:54:00,"Ilstorp","Ischnura_elegans","Mature",1,NA,0,0,20,2020,NA,NA
"7/28/20",16:54:00,"Ilstorp","Enallagma_cyathigerum","Mature",1,NA,0,1,20,2020,NA,NA
"7/28/20",16:54:00,"Ilstorp","Enallagma_cyathigerum","Mature",1,NA,0,1,20,2020,NA,NA
"7/28/20",16:54:00,"Ilstorp","Enallagma_cyathigerum","Mature",1,NA,0,2,20,2020,NA,NA
"7/28/20",16:54:00,"Ilstorp","Ischnura_elegans","Mature",1,NA,0,3,20,2020,NA,NA
"7/28/20",16:54:00,"Ilstorp","Enallagma_cyathigerum","Mature",1,NA,0,3,20,2020,NA,NA
"7/28/20",16:54:00,"Ilstorp","Enallagma_cyathigerum","Mature",1,NA,0,0,20,2020,NA,NA
"7/28/20",16:54:00,"Ilstorp","Ischnura_elegans","Mature",1,NA,0,0,20,2020,NA,NA
"7/28/20",16:54:00,"Ilstorp","Enallagma_cyathigerum","Teneral",0,NA,0,4,20,2020,NA,NA
"7/28/20",16:54:00,"Ilstorp","Enallagma_cyathigerum","Teneral",0,NA,0,6,20,2020,NA,NA
"7/28/20",16:54:00,"Ilstorp","Enallagma_cyathigerum","Mature",1,NA,0,6,20,2020,NA,NA
"7/28/20",16:54:00,"Ilstorp","Enallagma_cyathigerum","Mature",1,NA,0,3,20,2020,NA,NA
"7/28/20",16:54:00,"Ilstorp","Coenagrion_puella","Mature",1,NA,0,0,20,2020,NA,NA
"7/28/20",16:54:00,"Ilstorp","Enallagma_cyathigerum","Teneral",0,NA,0,1,20,2020,NA,NA
"7/17/20",09:49:00,"Ilstorp","Ischnura_elegans","Immature",0,"Gynochrome",0,0,60,2020,"Infuscans","Violacea_(Infuscans)"
"7/17/20",09:49:00,"Ilstorp","Ischnura_elegans","Immature",0,"Gynochrome",0,0,60,2020,"Infuscans","Violacea_(Infuscans)"
"5/20/20",15:06:00,"Ilstorp","Pyrrhosoma_nymphula","Mature",1,NA,0,0,30,2020,NA,NA
"5/20/20",15:06:00,"Ilstorp","Ischnura_elegans","Mature",0,"Androchrome",0,0,30,2020,"Androchrome",NA
"5/20/20",15:06:00,"Ilstorp","Ischnura_elegans","Teneral",1,NA,0,0,30,2020,NA,NA
"5/20/20",15:06:00,"Ilstorp","Ischnura_elegans","Teneral",1,NA,0,0,30,2020,NA,NA
"5/20/20",15:06:00,"Ilstorp","Ischnura_elegans","Teneral",1,NA,0,0,30,2020,NA,NA
"5/29/20",11:16:00,"Ilstorp","Calopteryx_virgo","Immature",1,NA,0,0,100,2020,NA,NA
"5/29/20",11:16:00,"Ilstorp","Pyrrhosoma_nymphula","Immature",1,NA,0,0,100,2020,NA,NA
"5/29/20",11:16:00,"Ilstorp","Enallagma_cyathigerum","Teneral",0,NA,0,2,100,2020,NA,NA
"5/29/20",11:16:00,"Ilstorp","Enallagma_cyathigerum","Teneral",0,NA,0,1,100,2020,NA,NA
"5/29/20",11:16:00,"Ilstorp","Enallagma_cyathigerum","Teneral",1,NA,0,9,100,2020,NA,NA
"5/29/20",11:16:00,"Ilstorp","Enallagma_cyathigerum","Immature",0,"Gynochrome",0,0,100,2020,NA,NA
"5/29/20",11:16:00,"Ilstorp","Enallagma_cyathigerum","Teneral",0,NA,0,2,100,2020,NA,NA
"5/29/20",11:16:00,"Ilstorp","Coenagrion_pulchellum","Teneral",1,NA,0,25,100,2020,NA,NA
"5/29/20",11:16:00,"Ilstorp","Enallagma_cyathigerum","Teneral",0,NA,0,1,100,2020,NA,NA
"5/29/20",11:16:00,"Ilstorp","Enallagma_cyathigerum","Teneral",1,NA,0,0,100,2020,NA,NA
"5/29/20",11:16:00,"Ilstorp","Coenagrion_pulchellum","Teneral",1,NA,0,7,100,2020,NA,NA
"5/29/20",11:16:00,"Ilstorp","Coenagrion_pulchellum","Immature",0,"Gynochrome",0,24,100,2020,NA,NA
"5/29/20",11:16:00,"Ilstorp","Enallagma_cyathigerum","Immature",1,NA,0,0,100,2020,NA,NA
"5/29/20",11:16:00,"Ilstorp","Enallagma_cyathigerum","Teneral",1,NA,0,1,100,2020,NA,NA
"5/29/20",11:16:00,"Ilstorp","Enallagma_cyathigerum","Teneral",0,NA,0,2,100,2020,NA,NA
"5/29/20",11:16:00,"Ilstorp","Coenagrion_pulchellum","Immature",0,"Gynochrome",0,20,100,2020,NA,NA
"5/29/20",11:16:00,"Ilstorp","Enallagma_cyathigerum","Teneral",1,NA,0,0,100,2020,NA,NA
"5/29/20",11:16:00,"Ilstorp","Coenagrion_pulchellum","Immature",1,NA,0,2,100,2020,NA,NA
"5/29/20",11:16:00,"Ilstorp","Enallagma_cyathigerum","Teneral",0,NA,0,0,100,2020,NA,NA
"5/29/20",11:16:00,"Ilstorp","Enallagma_cyathigerum","Teneral",0,NA,0,0,100,2020,NA,NA
"5/29/20",11:16:00,"Ilstorp","Enallagma_cyathigerum","Teneral",1,NA,0,10,100,2020,NA,NA
"5/29/20",11:16:00,"Ilstorp","Enallagma_cyathigerum","Teneral",0,NA,0,12,100,2020,NA,NA
"5/29/20",11:16:00,"Ilstorp","Coenagrion_pulchellum","Teneral",1,NA,0,2,100,2020,NA,NA
"5/29/20",11:16:00,"Ilstorp","Enallagma_cyathigerum","Teneral",0,NA,0,1,100,2020,NA,NA
"5/29/20",11:16:00,"Ilstorp","Enallagma_cyathigerum","Teneral",1,NA,0,0,100,2020,NA,NA
"5/29/20",11:16:00,"Ilstorp","Coenagrion_puella","Teneral",1,NA,0,22,100,2020,NA,NA
"5/29/20",11:16:00,"Ilstorp","Enallagma_cyathigerum","Teneral",1,NA,0,0,100,2020,NA,NA
"5/29/20",11:16:00,"Ilstorp","Enallagma_cyathigerum","Teneral",1,NA,0,0,100,2020,NA,NA
"5/29/20",11:16:00,"Ilstorp","Ischnura_elegans","Immature",0,"Androchrome",0,3,100,2020,"Androchrome",NA
"5/29/20",11:16:00,"Ilstorp","Ischnura_elegans","Mature",0,"Androchrome",0,1,100,2020,"Androchrome",NA
"5/29/20",11:16:00,"Ilstorp","Ischnura_elegans","Immature",0,"Androchrome",0,0,100,2020,"Androchrome",NA
"5/29/20",11:16:00,"Ilstorp","Ischnura_elegans","Immature",0,"Gynochrome",0,0,100,2020,"Infuscans","Violacea_(Infuscans)"
"5/29/20",11:16:00,"Ilstorp","Ischnura_elegans","Mature",0,"Gynochrome",0,1,100,2020,"Infuscans",NA
"5/29/20",11:16:00,"Ilstorp","Ischnura_elegans","Immature",0,"Gynochrome",0,0,100,2020,"Infuscans","Violacea_(Infuscans)"
"5/29/20",11:16:00,"Ilstorp","Ischnura_elegans","Immature",0,"Gynochrome",0,1,100,2020,"Androchrome","Violacea_(Androchrome)"
"5/29/20",11:16:00,"Ilstorp","Ischnura_elegans","Immature",0,"Gynochrome",0,1,100,2020,"Androchrome","Violacea_(Androchrome)"
"5/29/20",11:16:00,"Ilstorp","Ischnura_elegans","Immature",0,"Gynochrome",0,6,100,2020,"Androchrome","Violacea_(Androchrome)"
"5/29/20",11:16:00,"Ilstorp","Ischnura_elegans","Teneral",0,NA,0,0,100,2020,NA,NA
"5/29/20",11:16:00,"Ilstorp","Ischnura_elegans","Teneral",0,NA,0,0,100,2020,NA,NA
"5/29/20",11:16:00,"Ilstorp","Ischnura_elegans","Teneral",0,NA,0,0,100,2020,NA,NA
"5/29/20",11:16:00,"Ilstorp","Ischnura_elegans","Immature",0,"Gynochrome",0,2,100,2020,"Androchrome","Violacea_(Androchrome)"
"5/29/20",11:16:00,"Ilstorp","Ischnura_elegans","Immature",0,"Gynochrome",0,0,100,2020,"Androchrome","Violacea_(Androchrome)"
"5/29/20",11:16:00,"Ilstorp","Ischnura_elegans","Immature",0,"Gynochrome",0,0,100,2020,"Androchrome","Violacea_(Androchrome)"
"5/29/20",11:16:00,"Ilstorp","Ischnura_elegans","Immature",0,"Gynochrome",0,5,100,2020,"Infuscans","Violacea_(Infuscans)"
"5/29/20",11:16:00,"Ilstorp","Ischnura_elegans","Mature",1,NA,0,1,100,2020,NA,NA
"5/29/20",11:16:00,"Ilstorp","Ischnura_elegans","Mature",1,NA,0,1,100,2020,NA,NA
"5/29/20",11:16:00,"Ilstorp","Ischnura_elegans","Mature",1,NA,0,1,100,2020,NA,NA
"5/29/20",11:16:00,"Ilstorp","Ischnura_elegans","Mature",1,NA,0,1,100,2020,NA,NA
"5/29/20",11:16:00,"Ilstorp","Ischnura_elegans","Teneral",1,NA,0,0,100,2020,NA,NA
"5/29/20",11:16:00,"Ilstorp","Ischnura_elegans","Teneral",1,NA,0,0,100,2020,NA,NA
"5/29/20",11:16:00,"Ilstorp","Ischnura_elegans","Teneral",1,NA,0,0,100,2020,NA,NA
"5/29/20",11:16:00,"Ilstorp","Ischnura_elegans","Teneral",1,NA,0,0,100,2020,NA,NA
"5/29/20",11:16:00,"Ilstorp","Ischnura_elegans","Immature",1,NA,0,0,100,2020,NA,NA
"5/29/20",11:16:00,"Ilstorp","Ischnura_elegans","Immature",1,NA,0,0,100,2020,NA,NA
"5/29/20",11:16:00,"Ilstorp","Ischnura_elegans","Immature",1,NA,0,0,100,2020,NA,NA
"5/29/20",11:16:00,"Ilstorp","Ischnura_elegans","Immature",1,NA,0,0,100,2020,NA,NA
"5/29/20",11:16:00,"Ilstorp","Ischnura_elegans","Immature",1,NA,0,0,100,2020,NA,NA
"5/29/20",11:16:00,"Ilstorp","Ischnura_elegans","Immature",1,NA,0,0,100,2020,NA,NA
"5/29/20",11:16:00,"Ilstorp","Ischnura_elegans","Immature",1,NA,0,0,100,2020,NA,NA
"5/29/20",11:16:00,"Ilstorp","Ischnura_elegans","Immature",1,NA,0,0,100,2020,NA,NA
"5/29/20",11:16:00,"Ilstorp","Ischnura_elegans","Immature",1,NA,0,8,100,2020,NA,NA
"5/29/20",11:16:00,"Ilstorp","Ischnura_elegans","Immature",1,NA,0,1,100,2020,NA,NA
"5/29/20",11:16:00,"Ilstorp","Ischnura_elegans","Immature",1,NA,0,0,100,2020,NA,NA
"5/29/20",11:16:00,"Ilstorp","Ischnura_elegans","Immature",1,NA,0,0,100,2020,NA,NA
"5/29/20",11:16:00,"Ilstorp","Ischnura_elegans","Immature",1,NA,0,0,100,2020,NA,NA
"5/29/20",11:16:00,"Ilstorp","Ischnura_elegans","Immature",1,NA,0,0,100,2020,NA,NA
"5/29/20",11:16:00,"Ilstorp","Ischnura_elegans","Immature",1,NA,0,0,100,2020,NA,NA
"5/29/20",11:16:00,"Ilstorp","Ischnura_elegans","Immature",1,NA,0,0,100,2020,NA,NA
"5/29/20",11:16:00,"Ilstorp","Ischnura_elegans","Immature",1,NA,0,4,100,2020,NA,NA
"5/29/20",11:16:00,"Ilstorp","Ischnura_elegans","Immature",1,NA,0,6,100,2020,NA,NA
"5/29/20",11:16:00,"Ilstorp","Ischnura_elegans","Teneral",1,NA,0,3,100,2020,NA,NA
"5/29/20",11:16:00,"Ilstorp","Ischnura_elegans","Teneral",1,NA,0,0,100,2020,NA,NA
"6/4/20",11:34:00,"Ilstorp","Libellula_depressa","Mature",1,NA,0,NA,50,2020,NA,NA
"6/4/20",11:34:00,"Ilstorp","Ischnura_elegans","Mature",1,NA,1,0,50,2020,NA,NA
"6/4/20",11:34:00,"Ilstorp","Ischnura_elegans","Mature",0,"Androchrome",1,0,50,2020,"Androchrome",NA
"6/4/20",11:34:00,"Ilstorp","Ischnura_elegans","Immature",0,"Androchrome",1,0,50,2020,"Androchrome",NA
"6/4/20",11:34:00,"Ilstorp","Ischnura_elegans","Mature",1,NA,1,2,50,2020,NA,NA
"6/4/20",11:34:00,"Ilstorp","Pyrrhosoma_nymphula","Mature",1,NA,0,0,50,2020,NA,NA
"6/4/20",11:34:00,"Ilstorp","Pyrrhosoma_nymphula","Mature",1,NA,0,0,50,2020,NA,NA
"6/4/20",11:34:00,"Ilstorp","Erythromma_najas","Mature",1,NA,0,6,50,2020,NA,NA
"6/4/20",11:34:00,"Ilstorp","Coenagrion_pulchellum","Mature",1,NA,0,0,50,2020,NA,NA
"6/4/20",11:34:00,"Ilstorp","Enallagma_cyathigerum","Mature",1,NA,0,0,50,2020,NA,NA
"6/4/20",11:34:00,"Ilstorp","Enallagma_cyathigerum","Mature",1,NA,0,0,50,2020,NA,NA
"6/4/20",11:34:00,"Ilstorp","Ischnura_elegans","Mature",1,NA,0,0,50,2020,NA,NA
"6/4/20",11:34:00,"Ilstorp","Enallagma_cyathigerum","Teneral",0,NA,0,1,50,2020,NA,NA
"6/4/20",11:34:00,"Ilstorp","Ischnura_elegans","Immature",1,NA,0,2,50,2020,NA,NA
"6/4/20",11:34:00,"Ilstorp","Ischnura_elegans","Teneral",0,NA,0,0,50,2020,NA,NA
"6/4/20",11:34:00,"Ilstorp","Enallagma_cyathigerum","Immature",1,NA,0,16,50,2020,NA,NA
"6/4/20",11:34:00,"Ilstorp","Erythromma_najas","Mature",1,NA,0,4,50,2020,NA,NA
"6/4/20",11:34:00,"Ilstorp","Ischnura_elegans","Immature",0,"Androchrome",0,15,50,2020,"Androchrome",NA
"6/4/20",11:34:00,"Ilstorp","Ischnura_elegans","Immature",0,"Gynochrome",0,3,50,2020,"Infuscans","Violacea_(Infuscans)"
"6/4/20",11:34:00,"Ilstorp","Ischnura_elegans","Immature",1,NA,0,0,50,2020,NA,NA
"6/4/20",11:34:00,"Ilstorp","Coenagrion_puella","Teneral",1,NA,0,9,50,2020,NA,NA
"6/4/20",11:34:00,"Ilstorp","Ischnura_elegans","Teneral",1,NA,0,9,50,2020,NA,NA
"6/4/20",11:34:00,"Ilstorp","Erythromma_najas","Mature",1,NA,0,3,50,2020,NA,NA
"6/4/20",11:34:00,"Ilstorp","Ischnura_elegans","Teneral",1,NA,0,0,50,2020,NA,NA
"6/4/20",11:34:00,"Ilstorp","Enallagma_cyathigerum","Teneral",0,NA,0,5,50,2020,NA,NA
"6/4/20",11:34:00,"Ilstorp","Ischnura_elegans","Immature",1,NA,0,0,50,2020,NA,NA
"6/4/20",11:34:00,"Ilstorp","Ischnura_elegans","Immature",0,"Gynochrome",0,0,50,2020,"Androchrome","Violacea_(Androchrome)"
"6/4/20",11:34:00,"Ilstorp","Ischnura_elegans","Mature",1,NA,0,0,50,2020,NA,NA
"6/4/20",11:34:00,"Ilstorp","Ischnura_elegans","Teneral",1,NA,0,0,50,2020,NA,NA
"6/4/20",11:34:00,"Ilstorp","Libellula_quadrimaculata","Mature",NA,NA,0,NA,50,2020,NA,NA
"6/4/20",11:34:00,"Ilstorp","Brachytron_pratense","Mature",NA,NA,0,NA,50,2020,NA,NA
"6/15/20",12:09:00,"Ilstorp","Brachytron_pratense","Mature",1,NA,0,NA,40,2020,NA,NA
"6/15/20",12:09:00,"Ilstorp","Orthetrum_cancellatum","Mature",1,NA,1,NA,40,2020,NA,NA
"6/15/20",12:09:00,"Ilstorp","Orthetrum_cancellatum","Mature",0,NA,1,NA,40,2020,NA,NA
"6/15/20",12:09:00,"Ilstorp","Orthetrum_cancellatum","Mature",1,NA,0,NA,40,2020,NA,NA
"6/15/20",12:09:00,"Ilstorp","Libellula_depressa","Mature",1,NA,0,NA,40,2020,NA,NA
"6/15/20",12:09:00,"Ilstorp","Libellula_quadrimaculata","Mature",NA,NA,0,NA,40,2020,NA,NA
"6/15/20",12:09:00,"Ilstorp","Libellula_quadrimaculata","Mature",NA,NA,0,NA,40,2020,NA,NA
"6/15/20",12:09:00,"Ilstorp","Cordulia_aenea","Mature",1,NA,0,NA,40,2020,NA,NA
"6/15/20",12:09:00,"Ilstorp","Cordulia_aenea","Mature",1,NA,0,NA,40,2020,NA,NA
"6/15/20",12:09:00,"Ilstorp","Coenagrion_pulchellum","Mature",1,NA,0,2,40,2020,NA,NA
"6/15/20",12:09:00,"Ilstorp","Coenagrion_pulchellum","Mature",1,NA,1,15,40,2020,NA,NA
"6/15/20",12:09:00,"Ilstorp","Coenagrion_pulchellum","Mature",0,NA,1,NA,40,2020,NA,NA
"6/15/20",12:09:00,"Ilstorp","Ischnura_elegans","Mature",0,"Gynochrome",1,0,40,2020,"Infuscans",NA
"6/15/20",12:09:00,"Ilstorp","Ischnura_elegans","Mature",1,NA,1,NA,40,2020,NA,NA
"6/15/20",12:09:00,"Ilstorp","Ischnura_elegans","Mature",0,"Androchrome",1,0,40,2020,"Androchrome",NA
"6/15/20",12:09:00,"Ilstorp","Ischnura_elegans","Mature",1,NA,1,5,40,2020,NA,NA
"6/15/20",12:09:00,"Ilstorp","Ischnura_elegans","Immature",0,"Gynochrome",0,8,40,2020,"Androchrome","Violacea_(Androchrome)"
"6/15/20",12:09:00,"Ilstorp","Enallagma_cyathigerum","Mature",1,NA,0,15,40,2020,NA,NA
"6/15/20",12:09:00,"Ilstorp","Ischnura_elegans","Immature",0,"Gynochrome",0,12,40,2020,"Androchrome","Violacea_(Androchrome)"
"6/15/20",12:09:00,"Ilstorp","Enallagma_cyathigerum","Mature",1,NA,0,0,40,2020,NA,NA
"6/15/20",12:09:00,"Ilstorp","Coenagrion_puella","Mature",1,NA,0,0,40,2020,NA,NA
"6/15/20",12:09:00,"Ilstorp","Ischnura_elegans","Immature",1,NA,0,13,40,2020,NA,NA
"6/15/20",12:09:00,"Ilstorp","Ischnura_elegans","Immature",1,NA,0,2,40,2020,NA,NA
"6/15/20",12:09:00,"Ilstorp","Coenagrion_pulchellum","Mature",1,NA,0,0,40,2020,NA,NA
"6/15/20",12:09:00,"Ilstorp","Ischnura_elegans","Immature",0,"Gynochrome",0,0,40,2020,"Infuscans","Violacea_(Infuscans)"
"6/15/20",12:09:00,"Ilstorp","Ischnura_elegans","Mature",1,NA,0,0,40,2020,NA,NA
"6/15/20",12:09:00,"Ilstorp","Enallagma_cyathigerum","Mature",1,NA,0,59,40,2020,NA,NA
"6/15/20",12:09:00,"Ilstorp","Coenagrion_puella","Mature",1,NA,0,5,40,2020,NA,NA
"6/15/20",12:09:00,"Ilstorp","Enallagma_cyathigerum","Mature",1,NA,0,2,40,2020,NA,NA
"6/15/20",12:09:00,"Ilstorp","Coenagrion_pulchellum","Mature",1,NA,0,3,40,2020,NA,NA
"6/15/20",12:09:00,"Ilstorp","Ischnura_elegans","Immature",1,NA,0,16,40,2020,NA,NA
"6/15/20",12:09:00,"Ilstorp","Ischnura_elegans","Mature",1,NA,0,0,40,2020,NA,NA
"6/15/20",12:09:00,"Ilstorp","Enallagma_cyathigerum","Teneral",0,NA,0,2,40,2020,NA,NA
"6/15/20",12:09:00,"Ilstorp","Ischnura_elegans","Mature",1,NA,0,3,40,2020,NA,NA
"6/15/20",12:09:00,"Ilstorp","Enallagma_cyathigerum","Teneral",0,NA,0,5,40,2020,NA,NA
"6/15/20",12:09:00,"Ilstorp","Enallagma_cyathigerum","Teneral",0,NA,0,1,40,2020,NA,NA
"6/15/20",12:09:00,"Ilstorp","Ischnura_elegans","Mature",0,"Gynochrome",0,1,40,2020,"Infuscans","Violacea_(Infuscans)"
"6/25/20",12:13:00,"Ilstorp","Anax_imperator","Mature",1,NA,0,NA,45,2020,NA,NA
"6/25/20",12:13:00,"Ilstorp","Anax_imperator","Mature",1,NA,0,NA,45,2020,NA,NA
"6/25/20",12:13:00,"Ilstorp","Anax_imperator","Mature",1,NA,0,NA,45,2020,NA,NA
"6/25/20",12:13:00,"Ilstorp","Anax_imperator","Mature",1,NA,0,NA,45,2020,NA,NA
"6/25/20",12:13:00,"Ilstorp","Anax_imperator","Mature",1,NA,0,NA,45,2020,NA,NA
"6/25/20",12:13:00,"Ilstorp","Anax_imperator","Mature",0,NA,0,NA,45,2020,NA,NA
"6/25/20",12:13:00,"Ilstorp","Orthetrum_cancellatum","Mature",1,NA,0,NA,45,2020,NA,NA
"6/25/20",12:13:00,"Ilstorp","Orthetrum_cancellatum","Mature",1,NA,0,NA,45,2020,NA,NA
"6/25/20",12:13:00,"Ilstorp","Orthetrum_cancellatum","Mature",1,NA,0,NA,45,2020,NA,NA
"6/25/20",12:13:00,"Ilstorp","Orthetrum_cancellatum","Mature",1,NA,0,NA,45,2020,NA,NA
"6/25/20",12:13:00,"Ilstorp","Orthetrum_cancellatum","Mature",1,NA,0,NA,45,2020,NA,NA
"6/25/20",12:13:00,"Ilstorp","Orthetrum_cancellatum","Mature",1,NA,0,NA,45,2020,NA,NA
"6/25/20",12:13:00,"Ilstorp","Orthetrum_cancellatum","Mature",1,NA,0,NA,45,2020,NA,NA
"6/25/20",12:13:00,"Ilstorp","Orthetrum_cancellatum","Mature",1,NA,0,NA,45,2020,NA,NA
"6/25/20",12:13:00,"Ilstorp","Orthetrum_cancellatum","Mature",1,NA,0,NA,45,2020,NA,NA
"6/25/20",12:13:00,"Ilstorp","Orthetrum_cancellatum","Mature",1,NA,0,NA,45,2020,NA,NA
"6/25/20",12:13:00,"Ilstorp","Orthetrum_cancellatum","Mature",1,NA,0,NA,45,2020,NA,NA
"6/25/20",12:13:00,"Ilstorp","Orthetrum_cancellatum","Mature",1,NA,0,NA,45,2020,NA,NA
"6/25/20",12:13:00,"Ilstorp","Orthetrum_cancellatum","Mature",1,NA,0,NA,45,2020,NA,NA
"6/25/20",12:13:00,"Ilstorp","Orthetrum_cancellatum","Mature",1,NA,0,NA,45,2020,NA,NA
"6/25/20",12:13:00,"Ilstorp","Orthetrum_cancellatum","Mature",1,NA,0,NA,45,2020,NA,NA
"6/25/20",12:13:00,"Ilstorp","Orthetrum_cancellatum","Teneral",0,NA,0,NA,45,2020,NA,NA
"6/25/20",12:13:00,"Ilstorp","Orthetrum_cancellatum","Mature",0,NA,1,NA,45,2020,NA,NA
"6/25/20",12:13:00,"Ilstorp","Orthetrum_cancellatum","Mature",1,NA,1,NA,45,2020,NA,NA
"6/25/20",12:13:00,"Ilstorp","Libellula_quadrimaculata","Mature",NA,NA,0,NA,45,2020,NA,NA
"6/25/20",12:13:00,"Ilstorp","Libellula_quadrimaculata","Mature",NA,NA,0,NA,45,2020,NA,NA
"6/25/20",12:13:00,"Ilstorp","Libellula_quadrimaculata","Mature",NA,NA,0,NA,45,2020,NA,NA
"6/25/20",12:13:00,"Ilstorp","Libellula_quadrimaculata","Mature",NA,NA,0,NA,45,2020,NA,NA
"6/25/20",12:13:00,"Ilstorp","Libellula_quadrimaculata","Mature",NA,NA,0,NA,45,2020,NA,NA
"6/25/20",12:13:00,"Ilstorp","Calopteryx_splendens","Immature",0,NA,0,NA,45,2020,NA,NA
"6/25/20",12:13:00,"Ilstorp","Sympetrum_sanguineum","Teneral",1,NA,0,0,45,2020,NA,NA
"6/25/20",12:13:00,"Ilstorp","Sympetrum_sanguineum","Teneral",0,NA,0,0,45,2020,NA,NA
"6/25/20",12:13:00,"Ilstorp","Enallagma_cyathigerum","Mature",1,NA,0,0,45,2020,NA,NA
"6/25/20",12:13:00,"Ilstorp","Enallagma_cyathigerum","Mature",1,NA,0,0,45,2020,NA,NA
"6/25/20",12:13:00,"Ilstorp","Ischnura_elegans","Mature",1,NA,0,4,45,2020,NA,NA
"6/25/20",12:13:00,"Ilstorp","Ischnura_elegans","Mature",0,"Gynochrome",1,8,45,2020,"Infuscans",NA
"6/25/20",12:13:00,"Ilstorp","Ischnura_elegans","Mature",1,NA,1,3,45,2020,NA,NA
"6/25/20",12:13:00,"Ilstorp","Ischnura_elegans","Mature",0,"Androchrome",1,4,45,2020,"Androchrome",NA
"6/25/20",12:13:00,"Ilstorp","Ischnura_elegans","Mature",1,NA,1,0,45,2020,NA,NA
"6/25/20",12:13:00,"Ilstorp","Ischnura_elegans","Mature",1,NA,1,0,45,2020,NA,NA
"6/25/20",12:13:00,"Ilstorp","Ischnura_elegans","Mature",0,"Gynochrome",1,0,45,2020,"Infuscans",NA
"6/25/20",12:13:00,"Ilstorp","Ischnura_elegans","Mature",0,"Gynochrome",1,0,45,2020,"Infuscans",NA
"6/25/20",12:13:00,"Ilstorp","Ischnura_elegans","Mature",1,NA,1,1,45,2020,NA,NA
"6/25/20",12:13:00,"Ilstorp","Ischnura_elegans","Immature",0,"Androchrome",1,5,45,2020,"Androchrome",NA
"6/25/20",12:13:00,"Ilstorp","Ischnura_elegans","Mature",1,NA,1,0,45,2020,NA,NA
"6/25/20",12:13:00,"Ilstorp","Ischnura_elegans","Mature",1,NA,1,0,45,2020,NA,NA
"6/25/20",12:13:00,"Ilstorp","Ischnura_elegans","Mature",0,"Androchrome",1,7,45,2020,"Androchrome",NA
"6/25/20",12:13:00,"Ilstorp","Enallagma_cyathigerum","Mature",1,NA,0,0,45,2020,NA,NA
"6/25/20",12:13:00,"Ilstorp","Enallagma_cyathigerum","Mature",1,NA,0,0,45,2020,NA,NA
"6/25/20",12:13:00,"Ilstorp","Enallagma_cyathigerum","Mature",1,NA,0,4,45,2020,NA,NA
"6/25/20",12:13:00,"Ilstorp","Ischnura_elegans","Immature",0,"Gynochrome",0,4,45,2020,"Androchrome","Violacea_(Androchrome)"
"6/25/20",12:13:00,"Ilstorp","Ischnura_elegans","Mature",1,NA,0,0,45,2020,NA,NA
"6/25/20",12:13:00,"Ilstorp","Enallagma_cyathigerum","Teneral",0,NA,0,0,45,2020,NA,NA
"6/25/20",12:13:00,"Ilstorp","Enallagma_cyathigerum","Mature",1,NA,0,0,45,2020,NA,NA
"6/25/20",12:13:00,"Ilstorp","Enallagma_cyathigerum","Mature",1,NA,0,0,45,2020,NA,NA
"6/25/20",12:13:00,"Ilstorp","Enallagma_cyathigerum","Mature",1,NA,0,4,45,2020,NA,NA
"6/25/20",12:13:00,"Ilstorp","Enallagma_cyathigerum","Teneral",0,NA,0,11,45,2020,NA,NA
"6/25/20",12:13:00,"Ilstorp","Enallagma_cyathigerum","Mature",1,NA,0,5,45,2020,NA,NA
"6/25/20",12:13:00,"Ilstorp","Coenagrion_puella","Mature",1,NA,0,13,45,2020,NA,NA
"6/25/20",12:13:00,"Ilstorp","Enallagma_cyathigerum","Mature",1,NA,0,2,45,2020,NA,NA
"6/25/20",12:13:00,"Ilstorp","Enallagma_cyathigerum","Mature",1,NA,0,0,45,2020,NA,NA
"6/25/20",12:13:00,"Ilstorp","Ischnura_elegans","Mature",0,"Androchrome",0,4,45,2020,"Androchrome",NA
"6/25/20",12:13:00,"Ilstorp","Ischnura_elegans","Mature",0,"Androchrome",0,0,45,2020,"Androchrome",NA
"7/22/20",14:00:00,"Lomma_Kyrkdamm","Ischnura_elegans","Immature",0,"Androchrome",0,20,50,2020,"Androchrome",NA
"7/22/20",14:00:00,"Lomma_Kyrkdamm","Ischnura_elegans","Immature",0,"Androchrome",0,9,50,2020,"Androchrome",NA
"7/22/20",14:00:00,"Lomma_Kyrkdamm","Ischnura_elegans","Mature",0,"Androchrome",0,29,50,2020,"Androchrome",NA
"7/22/20",14:00:00,"Lomma_Kyrkdamm","Ischnura_elegans","Mature",0,"Androchrome",0,35,50,2020,"Androchrome",NA
"7/22/20",14:00:00,"Lomma_Kyrkdamm","Anax_imperator","Mature",0,"Gynochrome",0,0,50,2020,NA,NA
"7/22/20",14:00:00,"Lomma_Kyrkdamm","Sympetrum_striolatum","Immature",0,"Gynochrome",0,0,50,2020,NA,NA
"7/22/20",14:00:00,"Lomma_Kyrkdamm","Erythromma_viridulum","Mature",0,"Gynochrome",1,NA,50,2020,NA,NA
"7/22/20",14:00:00,"Lomma_Kyrkdamm","Erythromma_viridulum","Mature",0,"Gynochrome",0,5,50,2020,NA,NA
"7/22/20",14:00:00,"Lomma_Kyrkdamm","Erythromma_viridulum","Immature",0,"Gynochrome",0,0,50,2020,NA,NA
"7/22/20",14:00:00,"Lomma_Kyrkdamm","Erythromma_viridulum","Immature",0,"Gynochrome",0,0,50,2020,NA,NA
"7/22/20",14:00:00,"Lomma_Kyrkdamm","Erythromma_viridulum","Immature",0,"Gynochrome",0,0,50,2020,NA,NA
"7/22/20",14:00:00,"Lomma_Kyrkdamm","Erythromma_viridulum","Immature",0,"Gynochrome",0,0,50,2020,NA,NA
"7/22/20",14:00:00,"Lomma_Kyrkdamm","Erythromma_viridulum","Immature",0,"Gynochrome",0,0,50,2020,NA,NA
"7/22/20",14:00:00,"Lomma_Kyrkdamm","Anax_imperator","Mature",1,NA,0,NA,50,2020,NA,NA
"7/22/20",14:00:00,"Lomma_Kyrkdamm","Sympetrum_sanguineum","Mature",1,NA,0,NA,50,2020,NA,NA
"7/22/20",14:00:00,"Lomma_Kyrkdamm","Ischnura_elegans","Mature",1,NA,1,0,50,2020,NA,NA
"7/22/20",14:00:00,"Lomma_Kyrkdamm","Aeshna_grandis","Mature",1,NA,0,NA,50,2020,NA,NA
"7/22/20",14:00:00,"Lomma_Kyrkdamm","Erythromma_viridulum","Mature",1,NA,1,NA,50,2020,NA,NA
"7/22/20",14:00:00,"Lomma_Kyrkdamm","Erythromma_viridulum","Mature",1,NA,0,NA,50,2020,NA,NA
"7/22/20",14:00:00,"Lomma_Kyrkdamm","Erythromma_viridulum","Mature",1,NA,0,NA,50,2020,NA,NA
"7/22/20",14:00:00,"Lomma_Kyrkdamm","Erythromma_viridulum","Mature",1,NA,0,NA,50,2020,NA,NA
"7/22/20",14:00:00,"Lomma_Kyrkdamm","Erythromma_viridulum","Mature",1,NA,0,NA,50,2020,NA,NA
"7/22/20",14:00:00,"Lomma_Kyrkdamm","Erythromma_viridulum","Mature",1,NA,0,NA,50,2020,NA,NA
"7/22/20",14:00:00,"Lomma_Kyrkdamm","Enallagma_cyathigerum","Mature",1,NA,0,10,50,2020,NA,NA
"7/22/20",14:00:00,"Lomma_Kyrkdamm","Enallagma_cyathigerum","Teneral",0,NA,0,0,50,2020,NA,NA
"7/22/20",14:00:00,"Lomma_Kyrkdamm","Orthetrum_cancellatum","Mature",1,NA,0,NA,50,2020,NA,NA
"7/22/20",14:00:00,"Lomma_Kyrkdamm","Enallagma_cyathigerum","Mature",1,NA,0,13,50,2020,NA,NA
"7/22/20",14:00:00,"Lomma_Kyrkdamm","Enallagma_cyathigerum","Mature",1,NA,0,0,50,2020,NA,NA
"7/22/20",14:00:00,"Lomma_Kyrkdamm","Ischnura_elegans","Immature",1,NA,0,4,50,2020,NA,NA
"7/22/20",14:00:00,"Lomma_Kyrkdamm","Enallagma_cyathigerum","Mature",1,NA,0,9,50,2020,NA,NA
"7/22/20",14:00:00,"Lomma_Kyrkdamm","Ischnura_elegans","Mature",1,NA,0,0,50,2020,NA,NA
"7/22/20",14:00:00,"Lomma_Kyrkdamm","Ischnura_elegans","Mature",1,NA,0,0,50,2020,NA,NA
"7/22/20",14:00:00,"Lomma_Kyrkdamm","Ischnura_elegans","Mature",1,NA,0,61,50,2020,NA,NA
"7/22/20",14:00:00,"Lomma_Kyrkdamm","Enallagma_cyathigerum","Mature",1,NA,0,12,50,2020,NA,NA
"7/22/20",14:00:00,"Lomma_Kyrkdamm","Enallagma_cyathigerum","Mature",1,NA,0,6,50,2020,NA,NA
"7/22/20",14:00:00,"Lomma_Kyrkdamm","Enallagma_cyathigerum","Mature",1,NA,0,3,50,2020,NA,NA
"7/22/20",14:00:00,"Lomma_Kyrkdamm","Enallagma_cyathigerum","Mature",1,NA,0,8,50,2020,NA,NA
"7/22/20",14:00:00,"Lomma_Kyrkdamm","Ischnura_elegans","Mature",1,NA,0,0,50,2020,NA,NA
"7/22/20",14:00:00,"Lomma_Kyrkdamm","Enallagma_cyathigerum","Mature",1,NA,0,NA,50,2020,NA,NA
"7/22/20",14:00:00,"Lomma_Kyrkdamm","Enallagma_cyathigerum","Mature",1,NA,0,NA,50,2020,NA,NA
"7/22/20",14:00:00,"Lomma_Kyrkdamm","Enallagma_cyathigerum","Mature",1,NA,0,6,50,2020,NA,NA
"7/22/20",14:00:00,"Lomma_Kyrkdamm","Ischnura_elegans","Immature",1,NA,0,2,50,2020,NA,NA
"7/22/20",14:00:00,"Lomma_Kyrkdamm","Enallagma_cyathigerum","Teneral",1,NA,0,0,50,2020,NA,NA
"7/22/20",14:00:00,"Lomma_Kyrkdamm","Erythromma_viridulum","Teneral",1,NA,0,0,50,2020,NA,NA
"7/22/20",14:00:00,"Lomma_Kyrkdamm","Enallagma_cyathigerum","Teneral",1,NA,0,0,50,2020,NA,NA
"7/22/20",14:00:00,"Lomma_Kyrkdamm","Enallagma_cyathigerum","Teneral",1,NA,0,0,50,2020,NA,NA
"7/22/20",14:00:00,"Lomma_Kyrkdamm","Ischnura_elegans","Teneral",0,NA,0,0,50,2020,NA,NA
"7/22/20",14:00:00,"Lomma_Kyrkdamm","Ischnura_elegans","Mature",1,NA,0,0,50,2020,NA,NA
"7/22/20",14:00:00,"Lomma_Kyrkdamm","Enallagma_cyathigerum","Mature",1,NA,0,39,50,2020,NA,NA
"7/22/20",14:00:00,"Lomma_Kyrkdamm","Enallagma_cyathigerum","Mature",1,NA,0,8,50,2020,NA,NA
"7/22/20",14:00:00,"Lomma_Kyrkdamm","Ischnura_elegans","Immature",1,NA,0,84,50,2020,NA,NA
"7/22/20",14:00:00,"Lomma_Kyrkdamm","Enallagma_cyathigerum","Mature",1,NA,0,3,50,2020,NA,NA
"7/22/20",14:00:00,"Lomma_Kyrkdamm","Ischnura_elegans","Mature",1,NA,0,0,50,2020,NA,NA
"7/22/20",14:00:00,"Lomma_Kyrkdamm","Enallagma_cyathigerum","Teneral",1,NA,0,0,50,2020,NA,NA
"7/22/20",14:00:00,"Lomma_Kyrkdamm","Enallagma_cyathigerum","Mature",1,NA,0,0,50,2020,NA,NA
"7/22/20",14:00:00,"Lomma_Kyrkdamm","Enallagma_cyathigerum","Mature",1,NA,0,NA,50,2020,NA,NA
"7/22/20",14:00:00,"Lomma_Kyrkdamm","Ischnura_elegans","Mature",1,NA,0,0,50,2020,NA,NA
"7/22/20",14:00:00,"Lomma_Kyrkdamm","Ischnura_elegans","Immature",1,NA,0,76,50,2020,NA,NA
"7/22/20",14:00:00,"Lomma_Kyrkdamm","Enallagma_cyathigerum","Mature",1,NA,0,2,50,2020,NA,NA
"7/22/20",14:00:00,"Lomma_Kyrkdamm","Ischnura_elegans","Mature",1,NA,0,0,50,2020,NA,NA
"7/22/20",14:00:00,"Lomma_Kyrkdamm","Ischnura_elegans","Immature",1,NA,0,1,50,2020,NA,NA
"7/22/20",14:00:00,"Lomma_Kyrkdamm","Ischnura_elegans","Immature",1,NA,0,97,50,2020,NA,NA
"7/22/20",14:00:00,"Lomma_Kyrkdamm","Erythromma_viridulum","Teneral",1,NA,0,0,50,2020,NA,NA
"7/22/20",14:00:00,"Lomma_Kyrkdamm","Ischnura_elegans","Mature",0,"Gynochrome",0,57,50,2020,"Androchrome","Violacea_(Androchrome)"
"7/22/20",14:00:00,"Lomma_Kyrkdamm","Ischnura_elegans","Immature",0,"Gynochrome",0,1,50,2020,"Androchrome","Violacea_(Androchrome)"
"7/22/20",14:00:00,"Lomma_Kyrkdamm","Ischnura_elegans","Immature",0,"Gynochrome",0,0,50,2020,"Androchrome","Violacea_(Androchrome)"
"7/22/20",14:00:00,"Lomma_Kyrkdamm","Ischnura_elegans","Mature",0,"Gynochrome",0,0,50,2020,"Androchrome","Violacea_(Androchrome)"
"7/22/20",14:00:00,"Lomma_Kyrkdamm","Ischnura_elegans","Mature",0,"Gynochrome",1,0,50,2020,"Infuscans","Violacea_(Infuscans)"
"5/11/20",15:23:00,"Lomma_Kyrkdamm","Cordulia_aenea","Teneral",1,NA,0,0,30,2020,NA,NA
"5/11/20",15:23:00,"Lomma_Kyrkdamm","Cordulia_aenea","Teneral",1,NA,0,0,30,2020,NA,NA
"5/11/20",15:23:00,"Lomma_Kyrkdamm","Cordulia_aenea","Teneral",1,NA,0,0,30,2020,NA,NA
"5/11/20",15:25:00,"Lomma_Kyrkdamm","Coenagrion_pulchellum","Immature",1,NA,0,NA,30,2020,NA,NA
"5/11/20",15:27:00,"Lomma_Kyrkdamm","Erythromma_najas","Immature",0,"Gynochrome",0,0,30,2020,NA,NA
"5/11/20",15:27:00,"Lomma_Kyrkdamm","Erythromma_najas","Teneral",0,NA,0,0,30,2020,NA,NA
"5/11/20",15:27:00,"Lomma_Kyrkdamm","Erythromma_najas","Teneral",0,NA,0,0,30,2020,NA,NA
"5/11/20",15:34:00,"Lomma_Kyrkdamm","Coenagrion_pulchellum","Immature",1,NA,0,NA,30,2020,NA,NA
"5/11/20",15:34:00,"Lomma_Kyrkdamm","Coenagrion_pulchellum","Immature",1,NA,0,NA,30,2020,NA,NA
"5/11/20",15:34:00,"Lomma_Kyrkdamm","Coenagrion_pulchellum","Teneral",1,NA,0,NA,30,2020,NA,NA
"5/11/20",15:34:00,"Lomma_Kyrkdamm","Coenagrion_pulchellum","Immature",1,NA,0,NA,30,2020,NA,NA
"5/11/20",15:34:00,"Lomma_Kyrkdamm","Coenagrion_pulchellum",NA,1,NA,0,NA,30,2020,NA,NA
"5/11/20",15:53:00,"Lomma_Kyrkdamm","Coenagrion_pulchellum","Mature",1,NA,0,4,30,2020,NA,NA
"5/11/20",15:53:00,"Lomma_Kyrkdamm","Enallagma_cyathigerum","Mature",0,"Gynochrome",0,0,30,2020,NA,NA
"5/11/20",15:57:00,"Lomma_Kyrkdamm","Erythromma_najas","Teneral",1,NA,0,NA,30,2020,NA,NA
"5/11/20",15:53:00,"Lomma_Kyrkdamm","Coenagrion_pulchellum","Immature",1,NA,0,10,30,2020,NA,NA
"5/11/20",15:53:00,"Lomma_Kyrkdamm","Coenagrion_pulchellum","Immature",0,NA,0,0,30,2020,NA,NA
"5/11/20",15:53:00,"Lomma_Kyrkdamm","Coenagrion_pulchellum","Immature",0,NA,0,0,30,2020,NA,NA
"5/11/20",15:53:00,"Lomma_Kyrkdamm","Coenagrion_pulchellum","Mature",1,NA,0,0,30,2020,NA,NA
"5/11/20",15:53:00,"Lomma_Kyrkdamm","Coenagrion_pulchellum","Teneral",1,NA,0,5,30,2020,NA,NA
"5/11/20",15:53:00,"Lomma_Kyrkdamm","Coenagrion_pulchellum","Immature",1,NA,0,15,30,2020,NA,NA
"5/11/20",15:53:00,"Lomma_Kyrkdamm","Coenagrion_pulchellum","Immature",1,NA,0,0,30,2020,NA,NA
"5/11/20",15:53:00,"Lomma_Kyrkdamm","Coenagrion_pulchellum","Mature",0,"Gynochrome",0,0,30,2020,NA,NA
"5/11/20",16:09:00,"Lomma_Kyrkdamm","Coenagrion_pulchellum","Mature",1,NA,0,4,30,2020,NA,NA
"5/11/20",15:53:00,"Lomma_Kyrkdamm","Coenagrion_pulchellum","Mature",0,"Gynochrome",0,0,30,2020,NA,NA
"5/11/20",15:53:00,"Lomma_Kyrkdamm","Coenagrion_pulchellum","Mature",1,NA,0,2,30,2020,NA,NA
"5/11/20",15:53:00,"Lomma_Kyrkdamm","Coenagrion_pulchellum","Teneral",0,NA,0,0,30,2020,NA,NA
"5/21/20",09:43:00,"Lomma_Kyrkdamm","Cordulia_aenea","Teneral",NA,NA,0,NA,90,2020,NA,NA
"5/21/20",09:43:00,"Lomma_Kyrkdamm","Coenagrion_pulchellum","Teneral",1,NA,0,45,90,2020,NA,NA
"5/21/20",09:43:00,"Lomma_Kyrkdamm","Enallagma_cyathigerum","Mature",1,NA,0,0,90,2020,NA,NA
"5/21/20",09:43:00,"Lomma_Kyrkdamm","Coenagrion_pulchellum","Mature",0,"Androchrome",0,0,90,2020,NA,NA
"5/21/20",09:43:00,"Lomma_Kyrkdamm","Coenagrion_pulchellum","Mature",1,NA,0,0,90,2020,NA,NA
"5/21/20",09:43:00,"Lomma_Kyrkdamm","Coenagrion_pulchellum","Immature",0,NA,0,30,90,2020,NA,NA
"5/21/20",09:43:00,"Lomma_Kyrkdamm","Coenagrion_pulchellum","Teneral",0,NA,0,7,90,2020,NA,NA
"5/21/20",09:43:00,"Lomma_Kyrkdamm","Coenagrion_pulchellum","Teneral",1,NA,0,39,90,2020,NA,NA
"5/21/20",09:43:00,"Lomma_Kyrkdamm","Coenagrion_pulchellum","Teneral",0,NA,0,17,90,2020,NA,NA
"5/21/20",09:43:00,"Lomma_Kyrkdamm","Coenagrion_pulchellum","Mature",0,"Androchrome",0,27,90,2020,NA,NA
"5/21/20",09:43:00,"Lomma_Kyrkdamm","Enallagma_cyathigerum","Teneral",0,NA,0,0,90,2020,NA,NA
"6/2/20",09:25:00,"Lomma_Kyrkdamm","Coenagrion_pulchellum","Mature",0,"Gynochrome",1,0,30,2020,NA,NA
"6/2/20",09:25:00,"Lomma_Kyrkdamm","Coenagrion_pulchellum","Mature",1,NA,1,0,30,2020,NA,NA
"6/2/20",09:25:00,"Lomma_Kyrkdamm","Enallagma_cyathigerum","Mature",1,NA,0,5,30,2020,NA,NA
"6/2/20",09:25:00,"Lomma_Kyrkdamm","Enallagma_cyathigerum","Mature",0,"Gynochrome",0,0,30,2020,NA,NA
"6/2/20",09:25:00,"Lomma_Kyrkdamm","Enallagma_cyathigerum","Immature",1,NA,0,5,30,2020,NA,NA
"6/2/20",09:25:00,"Lomma_Kyrkdamm","Coenagrion_pulchellum","Immature",1,NA,0,17,30,2020,NA,NA
"6/2/20",09:25:00,"Lomma_Kyrkdamm","Enallagma_cyathigerum","Mature",1,NA,0,0,30,2020,NA,NA
"6/2/20",09:25:00,"Lomma_Kyrkdamm","Coenagrion_pulchellum","Immature",1,NA,0,1,30,2020,NA,NA
"6/2/20",09:25:00,"Lomma_Kyrkdamm","Enallagma_cyathigerum","Mature",1,NA,0,2,30,2020,NA,NA
"6/2/20",09:25:00,"Lomma_Kyrkdamm","Coenagrion_pulchellum","Immature",0,"Gynochrome",0,3,30,2020,NA,NA
"6/2/20",09:25:00,"Lomma_Kyrkdamm","Enallagma_cyathigerum","Immature",0,"Androchrome",0,0,30,2020,NA,NA
"6/2/20",09:25:00,"Lomma_Kyrkdamm","Coenagrion_pulchellum","Teneral",1,NA,0,3,30,2020,NA,NA
"6/2/20",09:25:00,"Lomma_Kyrkdamm","Enallagma_cyathigerum","Mature",1,NA,0,4,30,2020,NA,NA
"6/2/20",09:25:00,"Lomma_Kyrkdamm","Coenagrion_pulchellum","Immature",1,NA,0,14,30,2020,NA,NA
"6/2/20",09:25:00,"Lomma_Kyrkdamm","Ischnura_elegans","Immature",1,NA,0,0,30,2020,NA,NA
"6/2/20",09:25:00,"Lomma_Kyrkdamm","Enallagma_cyathigerum","Immature",1,NA,0,0,30,2020,NA,NA
"6/2/20",09:25:00,"Lomma_Kyrkdamm","Coenagrion_pulchellum","Mature",1,NA,0,6,30,2020,NA,NA
"6/2/20",09:25:00,"Lomma_Kyrkdamm","Erythromma_najas","Teneral",1,NA,0,0,30,2020,NA,NA
"6/2/20",09:25:00,"Lomma_Kyrkdamm","Coenagrion_pulchellum","Immature",1,NA,0,13,30,2020,NA,NA
"6/2/20",09:25:00,"Lomma_Kyrkdamm","Ischnura_elegans","Immature",0,"Gynochrome",0,0,30,2020,"Androchrome","Violacea_(Androchrome)"
"6/2/20",09:25:00,"Lomma_Kyrkdamm","Enallagma_cyathigerum","Mature",1,NA,0,8,30,2020,NA,NA
"6/2/20",09:25:00,"Lomma_Kyrkdamm","Coenagrion_pulchellum","Immature",1,NA,0,2,30,2020,NA,NA
"6/2/20",09:25:00,"Lomma_Kyrkdamm","Coenagrion_pulchellum","Mature",1,NA,0,NA,30,2020,NA,NA
"6/2/20",09:25:00,"Lomma_Kyrkdamm","Enallagma_cyathigerum","Mature",1,NA,0,6,30,2020,NA,NA
"6/2/20",09:25:00,"Lomma_Kyrkdamm","Coenagrion_pulchellum","Immature",1,NA,0,19,30,2020,NA,NA
"6/2/20",09:25:00,"Lomma_Kyrkdamm","Enallagma_cyathigerum","Mature",1,NA,0,2,30,2020,NA,NA
"6/2/20",09:25:00,"Lomma_Kyrkdamm","Ischnura_elegans","Immature",0,"Gynochrome",0,24,30,2020,"Androchrome","Violacea_(Androchrome)"
"6/2/20",09:25:00,"Lomma_Kyrkdamm","Enallagma_cyathigerum","Mature",1,NA,0,30,30,2020,NA,NA
"6/2/20",09:25:00,"Lomma_Kyrkdamm","Ischnura_elegans","Teneral",0,NA,0,34,30,2020,NA,NA
"6/2/20",09:25:00,"Lomma_Kyrkdamm","Ischnura_elegans","Mature",1,NA,0,0,30,2020,NA,NA
"6/2/20",09:25:00,"Lomma_Kyrkdamm","Ischnura_elegans","Teneral",1,NA,0,13,30,2020,NA,NA
"6/2/20",09:25:00,"Lomma_Kyrkdamm","Enallagma_cyathigerum","Mature",1,NA,0,0,30,2020,NA,NA
"6/2/20",09:25:00,"Lomma_Kyrkdamm","Enallagma_cyathigerum","Mature",1,NA,0,8,30,2020,NA,NA
"6/2/20",09:25:00,"Lomma_Kyrkdamm","Coenagrion_pulchellum","Teneral",0,NA,0,40,30,2020,NA,NA
"6/2/20",09:25:00,"Lomma_Kyrkdamm","Enallagma_cyathigerum","Mature",0,"Gynochrome",0,8,30,2020,NA,NA
"6/2/20",09:25:00,"Lomma_Kyrkdamm","Coenagrion_pulchellum","Mature",1,NA,0,20,30,2020,NA,NA
"6/2/20",09:25:00,"Lomma_Kyrkdamm","Ischnura_elegans","Immature",0,"Gynochrome",0,13,30,2020,"Infuscans","Violacea_(Infuscans)"
"6/2/20",09:25:00,"Lomma_Kyrkdamm","Ischnura_elegans","Immature",1,NA,0,7,30,2020,NA,NA
"6/2/20",09:25:00,"Lomma_Kyrkdamm","Coenagrion_pulchellum","Teneral",1,NA,0,0,30,2020,NA,NA
"6/2/20",09:25:00,"Lomma_Kyrkdamm","Libellula_quadrimaculata","Immature",0,NA,0,0,30,2020,NA,NA
"6/2/20",09:25:00,"Lomma_Kyrkdamm","Libellula_quadrimaculata",NA,NA,NA,0,NA,30,2020,NA,NA
"6/2/20",09:25:00,"Lomma_Kyrkdamm","Brachytron_pratense",NA,1,NA,0,NA,30,2020,NA,NA
"6/17/20",12:08:00,"Lomma_Kyrkdamm","Anax_imperator","Mature",1,NA,0,NA,45,2020,NA,NA
"6/17/20",12:08:00,"Lomma_Kyrkdamm","Orthetrum_cancellatum","Mature",1,NA,0,NA,45,2020,NA,NA
"6/17/20",12:08:00,"Lomma_Kyrkdamm","Orthetrum_cancellatum","Teneral",0,NA,0,0,45,2020,NA,NA
"6/17/20",12:08:00,"Lomma_Kyrkdamm","Orthetrum_cancellatum","Teneral",0,NA,0,0,45,2020,NA,NA
"6/17/20",12:08:00,"Lomma_Kyrkdamm","Orthetrum_cancellatum","Teneral",0,NA,0,0,45,2020,NA,NA
"6/17/20",12:08:00,"Lomma_Kyrkdamm","Orthetrum_cancellatum","Teneral",0,NA,0,0,45,2020,NA,NA
"6/17/20",12:08:00,"Lomma_Kyrkdamm","Coenagrion_pulchellum","Immature",1,NA,0,9,45,2020,NA,NA
"6/17/20",12:08:00,"Lomma_Kyrkdamm","Enallagma_cyathigerum","Immature",1,NA,0,7,45,2020,NA,NA
"6/17/20",12:08:00,"Lomma_Kyrkdamm","Enallagma_cyathigerum","Immature",1,NA,0,2,45,2020,NA,NA
"6/17/20",12:08:00,"Lomma_Kyrkdamm","Ischnura_elegans","Immature",1,NA,1,0,45,2020,NA,NA
"6/17/20",12:08:00,"Lomma_Kyrkdamm","Ischnura_elegans","Immature",0,"Gynochrome",1,1,45,2020,"Infuscans","Violacea_(Infuscans)"
"6/17/20",12:08:00,"Lomma_Kyrkdamm","Ischnura_elegans","Immature",1,NA,0,0,45,2020,NA,NA
"6/17/20",12:08:00,"Lomma_Kyrkdamm","Enallagma_cyathigerum","Immature",1,NA,0,8,45,2020,NA,NA
"6/17/20",12:08:00,"Lomma_Kyrkdamm","Enallagma_cyathigerum","Mature",1,NA,0,15,45,2020,NA,NA
"6/17/20",12:08:00,"Lomma_Kyrkdamm","Coenagrion_pulchellum","Mature",1,NA,0,0,45,2020,NA,NA
"6/17/20",12:08:00,"Lomma_Kyrkdamm","Coenagrion_pulchellum","Mature",1,NA,0,0,45,2020,NA,NA
"6/17/20",12:08:00,"Lomma_Kyrkdamm","Enallagma_cyathigerum","Mature",1,NA,0,0,45,2020,NA,NA
"6/17/20",12:08:00,"Lomma_Kyrkdamm","Enallagma_cyathigerum","Mature",1,NA,0,0,45,2020,NA,NA
"6/17/20",12:08:00,"Lomma_Kyrkdamm","Coenagrion_pulchellum","Mature",1,NA,0,0,45,2020,NA,NA
"6/17/20",12:08:00,"Lomma_Kyrkdamm","Enallagma_cyathigerum","Mature",1,NA,0,22,45,2020,NA,NA
"6/17/20",12:08:00,"Lomma_Kyrkdamm","Ischnura_elegans","Immature",0,"Gynochrome",0,0,45,2020,"Infuscans","Violacea_(Infuscans)"
"6/17/20",12:08:00,"Lomma_Kyrkdamm","Ischnura_elegans","Immature",1,NA,0,6,45,2020,NA,NA
"6/17/20",12:08:00,"Lomma_Kyrkdamm","Coenagrion_pulchellum","Mature",1,NA,0,0,45,2020,NA,NA
"6/17/20",12:08:00,"Lomma_Kyrkdamm","Coenagrion_pulchellum","Mature",1,NA,0,0,45,2020,NA,NA
"6/17/20",12:08:00,"Lomma_Kyrkdamm","Ischnura_elegans","Immature",1,NA,0,0,45,2020,NA,NA
"6/17/20",12:08:00,"Lomma_Kyrkdamm","Ischnura_elegans","Immature",1,NA,0,56,45,2020,NA,NA
"6/17/20",12:08:00,"Lomma_Kyrkdamm","Ischnura_elegans","Immature",1,NA,0,0,45,2020,NA,NA
"6/17/20",12:08:00,"Lomma_Kyrkdamm","Ischnura_elegans","Teneral",1,NA,0,0,45,2020,NA,NA
"6/17/20",12:08:00,"Lomma_Kyrkdamm","Enallagma_cyathigerum","Teneral",1,NA,0,0,45,2020,NA,NA
"6/17/20",12:08:00,"Lomma_Kyrkdamm","Coenagrion_pulchellum","Mature",1,NA,0,0,45,2020,NA,NA
"6/17/20",12:08:00,"Lomma_Kyrkdamm","Enallagma_cyathigerum","Mature",1,NA,0,5,45,2020,NA,NA
"6/17/20",12:08:00,"Lomma_Kyrkdamm","Ischnura_elegans","Mature",1,NA,0,1,45,2020,NA,NA
"6/17/20",12:08:00,"Lomma_Kyrkdamm","Enallagma_cyathigerum","Teneral",1,NA,0,0,45,2020,NA,NA
"6/17/20",12:08:00,"Lomma_Kyrkdamm","Ischnura_elegans","Teneral",1,NA,0,0,45,2020,NA,NA
"6/17/20",12:08:00,"Lomma_Kyrkdamm","Enallagma_cyathigerum","Teneral",0,NA,0,0,45,2020,NA,NA
"6/17/20",12:08:00,"Lomma_Kyrkdamm","Coenagrion_pulchellum","Immature",1,NA,0,0,45,2020,NA,NA
"6/17/20",12:08:00,"Lomma_Kyrkdamm","Ischnura_elegans","Immature",1,NA,0,2,45,2020,NA,NA
"6/17/20",12:08:00,"Lomma_Kyrkdamm","Coenagrion_pulchellum","Mature",1,NA,0,2,45,2020,NA,NA
"6/17/20",12:08:00,"Lomma_Kyrkdamm","Enallagma_cyathigerum","Teneral",1,NA,0,8,45,2020,NA,NA
"6/17/20",12:08:00,"Lomma_Kyrkdamm","Enallagma_cyathigerum","Teneral",0,NA,0,0,45,2020,NA,NA
"6/17/20",12:08:00,"Lomma_Kyrkdamm","Enallagma_cyathigerum","Teneral",0,NA,0,0,45,2020,NA,NA
"6/17/20",12:08:00,"Lomma_Kyrkdamm","Ischnura_elegans","Immature",0,"Gynochrome",0,0,45,2020,"Androchrome","Violacea_(Androchrome)"
"6/17/20",12:08:00,"Lomma_Kyrkdamm","Ischnura_elegans","Immature",1,NA,0,0,45,2020,NA,NA
"7/3/20",11:25:00,"Lomma_Kyrkdamm","Orthetrum_cancellatum","Mature",1,NA,0,NA,60,2020,NA,NA
"7/3/20",11:25:00,"Lomma_Kyrkdamm","Aeshna_grandis","Mature",NA,NA,0,NA,60,2020,NA,NA
"7/3/20",11:25:00,"Lomma_Kyrkdamm","Orthetrum_cancellatum","Mature",1,NA,0,NA,60,2020,NA,NA
"7/3/20",11:25:00,"Lomma_Kyrkdamm","Aeshna_grandis","Mature",NA,NA,0,NA,60,2020,NA,NA
"7/3/20",11:25:00,"Lomma_Kyrkdamm","Aeshna_grandis","Mature",NA,NA,0,NA,60,2020,NA,NA
"7/3/20",11:25:00,"Lomma_Kyrkdamm","Aeshna_grandis","Mature",NA,NA,0,NA,60,2020,NA,NA
"7/3/20",11:25:00,"Lomma_Kyrkdamm","Ischnura_elegans","Immature",NA,NA,0,2,60,2020,NA,NA
"7/3/20",11:25:00,"Lomma_Kyrkdamm","Ischnura_elegans","Immature",1,NA,0,0,60,2020,NA,NA
"7/3/20",11:25:00,"Lomma_Kyrkdamm","Ischnura_elegans","Mature",0,"Gynochrome",1,20,60,2020,"Infuscans",NA
"7/3/20",11:25:00,"Lomma_Kyrkdamm","Ischnura_elegans","Mature",1,NA,1,0,60,2020,NA,NA
"7/3/20",11:25:00,"Lomma_Kyrkdamm","Ischnura_elegans","Immature",1,NA,0,13,60,2020,NA,NA
"7/3/20",11:25:00,"Lomma_Kyrkdamm","Ischnura_elegans","Mature",0,"Androchrome",0,0,60,2020,"Androchrome",NA
"7/3/20",11:25:00,"Lomma_Kyrkdamm","Ischnura_elegans","Immature",0,"Gynochrome",0,33,60,2020,"Infuscans","Violacea_(Infuscans)"
"7/3/20",11:25:00,"Lomma_Kyrkdamm","Ischnura_elegans","Mature",0,"Androchrome",0,0,60,2020,"Androchrome",NA
"7/3/20",11:25:00,"Lomma_Kyrkdamm","Ischnura_elegans","Immature",1,NA,0,2,60,2020,NA,NA
"7/3/20",11:25:00,"Lomma_Kyrkdamm","Ischnura_elegans","Mature",0,"Androchrome",0,0,60,2020,"Androchrome",NA
"7/3/20",11:25:00,"Lomma_Kyrkdamm","Ischnura_elegans","Mature",1,NA,0,0,60,2020,NA,NA
"7/3/20",11:25:00,"Lomma_Kyrkdamm","Ischnura_elegans","Immature",1,NA,0,2,60,2020,NA,NA
"7/3/20",11:25:00,"Lomma_Kyrkdamm","Ischnura_elegans","Immature",1,NA,0,0,60,2020,NA,NA
"7/3/20",11:25:00,"Lomma_Kyrkdamm","Ischnura_elegans","Immature",0,"Gynochrome",0,15,60,2020,"Infuscans","Violacea_(Infuscans)"
"7/3/20",11:25:00,"Lomma_Kyrkdamm","Ischnura_elegans","Mature",0,"Androchrome",0,0,60,2020,"Androchrome",NA
"7/3/20",11:25:00,"Lomma_Kyrkdamm","Enallagma_cyathigerum","Mature",1,NA,0,1,60,2020,NA,NA
"7/3/20",11:25:00,"Lomma_Kyrkdamm","Enallagma_cyathigerum","Mature",1,NA,0,1,60,2020,NA,NA
"7/3/20",11:25:00,"Lomma_Kyrkdamm","Ischnura_elegans","Immature",1,NA,0,28,60,2020,NA,NA
"7/3/20",11:25:00,"Lomma_Kyrkdamm","Ischnura_elegans","Immature",1,NA,0,3,60,2020,NA,NA
"7/3/20",11:25:00,"Lomma_Kyrkdamm","Ischnura_elegans","Immature",1,NA,0,0,60,2020,NA,NA
"7/3/20",11:25:00,"Lomma_Kyrkdamm","Ischnura_elegans","Immature",0,"Gynochrome",0,70,60,2020,"Infuscans","Violacea_(Infuscans)"
"7/3/20",11:25:00,"Lomma_Kyrkdamm","Ischnura_elegans","Mature",1,NA,0,0,60,2020,NA,NA
"7/3/20",11:25:00,"Lomma_Kyrkdamm","Ischnura_elegans","Immature",1,NA,0,0,60,2020,NA,NA
"7/3/20",11:25:00,"Lomma_Kyrkdamm","Ischnura_elegans","Teneral",0,"Gynochrome",0,33,60,2020,"Infuscans_obsoleta",NA
"7/3/20",11:25:00,"Lomma_Kyrkdamm","Enallagma_cyathigerum","Mature",1,NA,0,5,60,2020,NA,NA
"7/3/20",11:25:00,"Lomma_Kyrkdamm","Enallagma_cyathigerum","Mature",1,NA,0,2,60,2020,NA,NA
"7/3/20",11:25:00,"Lomma_Kyrkdamm","Enallagma_cyathigerum","Mature",1,NA,0,0,60,2020,NA,NA
"7/3/20",11:25:00,"Lomma_Kyrkdamm","Ischnura_elegans","Immature",1,NA,0,0,60,2020,NA,NA
"7/3/20",11:25:00,"Lomma_Kyrkdamm","Ischnura_elegans","Immature",1,NA,0,0,60,2020,NA,NA
"7/3/20",11:25:00,"Lomma_Kyrkdamm","Ischnura_elegans","Mature",1,NA,0,1,60,2020,NA,NA
"7/3/20",11:25:00,"Lomma_Kyrkdamm","Enallagma_cyathigerum","Mature",1,NA,0,14,60,2020,NA,NA
"7/3/20",11:25:00,"Lomma_Kyrkdamm","Ischnura_elegans","Mature",1,NA,0,0,60,2020,NA,NA
"7/3/20",11:25:00,"Lomma_Kyrkdamm","Ischnura_elegans","Mature",1,NA,0,0,60,2020,NA,NA
"7/3/20",11:25:00,"Lomma_Kyrkdamm","Enallagma_cyathigerum","Mature",1,NA,0,10,60,2020,NA,NA
"7/3/20",11:25:00,"Lomma_Kyrkdamm","Ischnura_elegans","Immature",1,NA,0,2,60,2020,NA,NA
"7/3/20",11:25:00,"Lomma_Kyrkdamm","Ischnura_elegans","Mature",0,"Androchrome",0,4,60,2020,"Androchrome",NA
"7/3/20",11:25:00,"Lomma_Kyrkdamm","Ischnura_elegans","Immature",1,NA,0,12,60,2020,NA,NA
"7/3/20",11:25:00,"Lomma_Kyrkdamm","Erythromma_viridulum","Mature",1,NA,0,3,60,2020,NA,NA
"7/3/20",11:25:00,"Lomma_Kyrkdamm","Ischnura_elegans","Mature",1,NA,0,18,60,2020,NA,NA
"7/3/20",11:25:00,"Lomma_Kyrkdamm","Ischnura_elegans","Mature",1,NA,0,0,60,2020,NA,NA
"7/3/20",11:25:00,"Lomma_Kyrkdamm","Ischnura_elegans","Mature",1,NA,0,0,60,2020,NA,NA
"7/3/20",11:25:00,"Lomma_Kyrkdamm","Ischnura_elegans","Mature",1,NA,0,6,60,2020,NA,NA
"7/3/20",11:25:00,"Lomma_Kyrkdamm","Ischnura_elegans","Mature",0,"Androchrome",0,0,60,2020,"Androchrome",NA
"7/3/20",11:25:00,"Lomma_Kyrkdamm","Ischnura_elegans","Mature",0,"Androchrome",0,5,60,2020,"Androchrome",NA
"7/3/20",11:25:00,"Lomma_Kyrkdamm","Ischnura_elegans","Immature",0,"Gynochrome",0,0,60,2020,"Infuscans","Violacea_(Infuscans)"
"7/3/20",11:25:00,"Lomma_Kyrkdamm","Ischnura_elegans","Mature",1,NA,0,0,60,2020,NA,NA
"7/3/20",11:25:00,"Lomma_Kyrkdamm","Ischnura_elegans","Mature",1,NA,0,0,60,2020,NA,NA
"7/3/20",11:25:00,"Lomma_Kyrkdamm","Ischnura_elegans","Immature",0,"Gynochrome",0,1,60,2020,"Androchrome","Violacea_(Androchrome)"
"7/3/20",11:25:00,"Lomma_Kyrkdamm","Ischnura_elegans","Mature",1,NA,0,0,60,2020,NA,NA
"7/3/20",11:25:00,"Lomma_Kyrkdamm","Ischnura_elegans","Immature",0,"Gynochrome",0,0,60,2020,"Infuscans","Violacea_(Infuscans)"
"7/3/20",11:25:00,"Lomma_Kyrkdamm","Enallagma_cyathigerum","Mature",1,NA,0,0,60,2020,NA,NA
"7/3/20",11:25:00,"Lomma_Kyrkdamm","Ischnura_elegans","Immature",0,"Gynochrome",0,0,60,2020,"Infuscans","Violacea_(Infuscans)"
"7/3/20",11:25:00,"Lomma_Kyrkdamm","Ischnura_elegans","Immature",0,"Gynochrome",0,0,60,2020,"Androchrome","Violacea_(Androchrome)"
"7/3/20",11:25:00,"Lomma_Kyrkdamm","Ischnura_elegans","Immature",1,NA,0,22,60,2020,NA,NA
"7/3/20",11:25:00,"Lomma_Kyrkdamm","Ischnura_elegans","Immature",1,NA,0,0,60,2020,NA,NA
"7/3/20",11:25:00,"Lomma_Kyrkdamm","Ischnura_elegans","Immature",0,"Gynochrome",0,0,60,2020,"Androchrome","Violacea_(Androchrome)"
"7/3/20",11:25:00,"Lomma_Kyrkdamm","Ischnura_elegans","Mature",0,"Gynochrome",0,0,60,2020,"Infuscans","Violacea_(Infuscans)"
"7/3/20",11:25:00,"Lomma_Kyrkdamm","Ischnura_elegans","Mature",1,NA,0,13,60,2020,NA,NA
"7/3/20",11:25:00,"Lomma_Kyrkdamm","Ischnura_elegans","Immature",1,NA,0,21,60,2020,NA,NA
"7/3/20",11:25:00,"Lomma_Kyrkdamm","Coenagrion_pulchellum","Mature",1,NA,0,2,60,2020,NA,NA
"7/3/20",11:25:00,"Lomma_Kyrkdamm","Ischnura_elegans","Mature",1,NA,0,1,60,2020,NA,NA
"7/3/20",11:25:00,"Lomma_Kyrkdamm","Ischnura_elegans","Teneral",0,NA,0,0,60,2020,NA,NA
"7/3/20",11:25:00,"Lomma_Kyrkdamm","Sympetrum_vulgatum","Teneral",0,NA,0,0,60,2020,NA,NA
"7/3/20",11:25:00,"Lomma_Kyrkdamm","Erythromma_viridulum","Teneral",0,NA,0,0,60,2020,NA,NA
"7/3/20",11:25:00,"Lomma_Kyrkdamm","Erythromma_viridulum","Teneral",1,NA,0,0,60,2020,NA,NA
"7/14/20",13:42:00,"Lunnarp","Ischnura_elegans","Mature",0,"Androchrome",1,3,60,2020,"Androchrome",NA
"7/14/20",13:42:00,"Lunnarp","Enallagma_cyathigerum","Mature",0,"Androchrome",1,3,60,2020,NA,NA
"7/27/20",17:01:00,"Lunnarp","Ischnura_elegans","Mature",0,"Androchrome",0,0,60,2020,"Androchrome",NA
"7/27/20",17:01:00,"Lunnarp","Coenagrion_pulchellum","Mature",0,"Androchrome",0,0,60,2020,NA,NA
"7/27/20",17:01:00,"Lunnarp","Ischnura_elegans","Mature",0,"Androchrome",0,NA,60,2020,"Androchrome",NA
"7/27/20",17:01:00,"Lunnarp","Enallagma_cyathigerum","Mature",0,"Androchrome",0,0,60,2020,NA,NA
"7/27/20",17:01:00,"Lunnarp","Enallagma_cyathigerum","Mature",0,"Androchrome",0,0,60,2020,NA,NA
"7/14/20",13:42:00,"Lunnarp","Enallagma_cyathigerum","Mature",0,"Gynochrome",1,0,60,2020,NA,NA
"7/14/20",13:42:00,"Lunnarp","Enallagma_cyathigerum","Mature",0,"Gynochrome",1,0,60,2020,NA,NA
"7/14/20",13:42:00,"Lunnarp","Enallagma_cyathigerum","Mature",0,"Gynochrome",1,0,60,2020,NA,NA
"7/14/20",13:42:00,"Lunnarp","Enallagma_cyathigerum","Mature",0,"Gynochrome",1,0,60,2020,NA,NA
"7/14/20",13:42:00,"Lunnarp","Erythromma_viridulum","Mature",0,"Gynochrome",1,0,60,2020,NA,NA
"7/14/20",13:42:00,"Lunnarp","Enallagma_cyathigerum","Mature",0,"Gynochrome",1,0,60,2020,NA,NA
"7/14/20",13:42:00,"Lunnarp","Enallagma_cyathigerum","Mature",0,"Gynochrome",1,0,60,2020,NA,NA
"7/14/20",13:42:00,"Lunnarp","Erythromma_viridulum","Immature",0,"Gynochrome",0,0,60,2020,NA,NA
"7/14/20",13:42:00,"Lunnarp","Enallagma_cyathigerum","Mature",0,"Gynochrome",0,0,60,2020,NA,NA
"7/14/20",13:42:00,"Lunnarp","Enallagma_cyathigerum","Immature",0,"Gynochrome",0,0,60,2020,NA,NA
"7/14/20",13:42:00,"Lunnarp","Ischnura_pumilio","Mature",0,"Gynochrome",0,0,60,2020,NA,NA
"7/14/20",13:42:00,"Lunnarp","Enallagma_cyathigerum","Mature",0,"Gynochrome",0,0,60,2020,NA,NA
"7/14/20",13:42:00,"Lunnarp","Enallagma_cyathigerum","Mature",0,"Gynochrome",0,0,60,2020,NA,NA
"7/14/20",13:42:00,"Lunnarp","Enallagma_cyathigerum","Mature",0,"Gynochrome",0,13,60,2020,NA,NA
"7/14/20",13:42:00,"Lunnarp","Erythromma_viridulum","Mature",0,"Gynochrome",1,NA,60,2020,NA,NA
"7/14/20",13:42:00,"Lunnarp","Erythromma_viridulum","Mature",0,"Gynochrome",1,NA,60,2020,NA,NA
"7/14/20",13:42:00,"Lunnarp","Erythromma_viridulum","Mature",0,"Gynochrome",1,NA,60,2020,NA,NA
"7/14/20",13:42:00,"Lunnarp","Erythromma_viridulum","Mature",0,"Gynochrome",1,NA,60,2020,NA,NA
"7/14/20",13:42:00,"Lunnarp","Erythromma_viridulum","Mature",0,"Gynochrome",1,NA,60,2020,NA,NA
"7/27/20",17:01:00,"Lunnarp","Anax_imperator","Mature",0,"Gynochrome",0,NA,60,2020,NA,NA
"7/27/20",17:01:00,"Lunnarp","Anax_imperator","Mature",0,"Gynochrome",0,NA,60,2020,NA,NA
"7/27/20",17:01:00,"Lunnarp","Orthetrum_cancellatum","Mature",0,"Gynochrome",1,NA,60,2020,NA,NA
"7/27/20",17:01:00,"Lunnarp","Orthetrum_cancellatum","Mature",0,"Gynochrome",1,NA,60,2020,NA,NA
"7/27/20",17:01:00,"Lunnarp","Orthetrum_cancellatum","Mature",0,"Gynochrome",1,NA,60,2020,NA,NA
"7/27/20",17:01:00,"Lunnarp","Erythromma_viridulum","Mature",0,"Gynochrome",1,NA,60,2020,NA,NA
"7/27/20",17:01:00,"Lunnarp","Erythromma_viridulum","Mature",0,"Gynochrome",1,NA,60,2020,NA,NA
"7/27/20",17:01:00,"Lunnarp","Erythromma_viridulum","Mature",0,"Gynochrome",1,NA,60,2020,NA,NA
"7/27/20",17:01:00,"Lunnarp","Sympetrum_striolatum","Immature",0,"Gynochrome",0,0,60,2020,NA,NA
"7/27/20",17:01:00,"Lunnarp","Enallagma_cyathigerum","Mature",0,"Gynochrome",0,0,60,2020,NA,NA
"7/27/20",17:01:00,"Lunnarp","Enallagma_cyathigerum","Mature",0,"Gynochrome",0,0,60,2020,NA,NA
"7/27/20",17:01:00,"Lunnarp","Erythromma_viridulum","Mature",0,"Gynochrome",0,0,60,2020,NA,NA
"7/27/20",17:01:00,"Lunnarp","Enallagma_cyathigerum","Mature",0,"Gynochrome",0,0,60,2020,NA,NA
"7/27/20",17:01:00,"Lunnarp","Enallagma_cyathigerum","Mature",0,"Gynochrome",1,0,60,2020,NA,NA
"7/14/20",13:42:00,"Lunnarp","Ischnura_elegans","Mature",0,"Gynochrome",1,0,60,2020,"Infuscans",NA
"7/14/20",13:42:00,"Lunnarp","Ischnura_elegans","Mature",0,"Gynochrome",1,0,60,2020,"Infuscans",NA
"7/27/20",17:01:00,"Lunnarp","Ischnura_elegans","Mature",0,"Gynochrome",1,0,60,2020,"Infuscans",NA
"7/27/20",17:01:00,"Lunnarp","Ischnura_elegans","Mature",0,"Gynochrome",1,0,60,2020,"Infuscans",NA
"7/14/20",13:42:00,"Lunnarp","Anax_imperator","Mature",1,NA,0,NA,60,2020,NA,NA
"7/14/20",13:42:00,"Lunnarp","Anax_imperator","Mature",1,NA,0,NA,60,2020,NA,NA
"7/14/20",13:42:00,"Lunnarp","Anax_imperator","Mature",1,NA,0,NA,60,2020,NA,NA
"7/14/20",13:42:00,"Lunnarp","Anax_imperator","Mature",1,NA,0,NA,60,2020,NA,NA
"7/14/20",13:42:00,"Lunnarp","Anax_imperator","Mature",1,NA,0,NA,60,2020,NA,NA
"7/14/20",13:42:00,"Lunnarp","Anax_imperator","Mature",1,NA,0,NA,60,2020,NA,NA
"7/14/20",13:42:00,"Lunnarp","Anax_imperator","Mature",1,NA,0,NA,60,2020,NA,NA
"7/14/20",13:42:00,"Lunnarp","Anax_imperator","Mature",1,NA,0,NA,60,2020,NA,NA
"7/14/20",13:42:00,"Lunnarp","Anax_imperator","Mature",1,NA,0,NA,60,2020,NA,NA
"7/14/20",13:42:00,"Lunnarp","Anax_imperator","Mature",1,NA,0,NA,60,2020,NA,NA
"7/14/20",13:42:00,"Lunnarp","Anax_imperator","Mature",1,NA,0,NA,60,2020,NA,NA
"7/14/20",13:42:00,"Lunnarp","Anax_imperator","Mature",0,NA,0,0,60,2020,NA,NA
"7/14/20",13:42:00,"Lunnarp","Orthetrum_cancellatum","Mature",1,NA,0,NA,60,2020,NA,NA
"7/14/20",13:42:00,"Lunnarp","Orthetrum_cancellatum","Mature",1,NA,0,NA,60,2020,NA,NA
"7/14/20",13:42:00,"Lunnarp","Orthetrum_cancellatum","Mature",1,NA,0,NA,60,2020,NA,NA
"7/14/20",13:42:00,"Lunnarp","Orthetrum_cancellatum","Mature",1,NA,0,NA,60,2020,NA,NA
"7/14/20",13:42:00,"Lunnarp","Orthetrum_cancellatum","Mature",1,NA,0,NA,60,2020,NA,NA
"7/14/20",13:42:00,"Lunnarp","Orthetrum_cancellatum","Mature",1,NA,0,NA,60,2020,NA,NA
"7/14/20",13:42:00,"Lunnarp","Orthetrum_cancellatum","Mature",1,NA,0,NA,60,2020,NA,NA
"7/14/20",13:42:00,"Lunnarp","Orthetrum_cancellatum","Mature",1,NA,0,NA,60,2020,NA,NA
"7/14/20",13:42:00,"Lunnarp","Orthetrum_cancellatum","Mature",1,NA,0,NA,60,2020,NA,NA
"7/14/20",13:42:00,"Lunnarp","Orthetrum_cancellatum","Mature",1,NA,0,NA,60,2020,NA,NA
"7/14/20",13:42:00,"Lunnarp","Orthetrum_cancellatum","Mature",1,NA,0,NA,60,2020,NA,NA
"7/14/20",13:42:00,"Lunnarp","Orthetrum_cancellatum","Mature",1,NA,0,NA,60,2020,NA,NA
"7/14/20",13:42:00,"Lunnarp","Orthetrum_cancellatum","Mature",1,NA,0,NA,60,2020,NA,NA
"7/14/20",13:42:00,"Lunnarp","Orthetrum_cancellatum","Mature",1,NA,0,NA,60,2020,NA,NA
"7/14/20",13:42:00,"Lunnarp","Orthetrum_cancellatum","Mature",1,NA,0,NA,60,2020,NA,NA
"7/14/20",13:42:00,"Lunnarp","Orthetrum_cancellatum","Mature",1,NA,0,NA,60,2020,NA,NA
"7/14/20",13:42:00,"Lunnarp","Orthetrum_cancellatum","Mature",1,NA,0,NA,60,2020,NA,NA
"7/14/20",13:42:00,"Lunnarp","Orthetrum_cancellatum","Mature",1,NA,0,NA,60,2020,NA,NA
"7/14/20",13:42:00,"Lunnarp","Orthetrum_cancellatum","Mature",1,NA,0,NA,60,2020,NA,NA
"7/14/20",13:42:00,"Lunnarp","Orthetrum_cancellatum","Mature",1,NA,0,NA,60,2020,NA,NA
"7/14/20",13:42:00,"Lunnarp","Orthetrum_cancellatum","Mature",1,NA,0,NA,60,2020,NA,NA
"7/14/20",13:42:00,"Lunnarp","Orthetrum_cancellatum","Mature",1,NA,0,NA,60,2020,NA,NA
"7/14/20",13:42:00,"Lunnarp","Orthetrum_cancellatum","Mature",1,NA,0,NA,60,2020,NA,NA
"7/14/20",13:42:00,"Lunnarp","Orthetrum_cancellatum","Mature",1,NA,0,NA,60,2020,NA,NA
"7/14/20",13:42:00,"Lunnarp","Orthetrum_cancellatum","Mature",1,NA,0,NA,60,2020,NA,NA
"7/14/20",13:42:00,"Lunnarp","Orthetrum_cancellatum","Mature",1,NA,0,NA,60,2020,NA,NA
"7/14/20",13:42:00,"Lunnarp","Orthetrum_cancellatum","Mature",1,NA,0,NA,60,2020,NA,NA
"7/14/20",13:42:00,"Lunnarp","Orthetrum_cancellatum","Mature",1,NA,0,NA,60,2020,NA,NA
"7/14/20",13:42:00,"Lunnarp","Orthetrum_cancellatum","Mature",1,NA,0,NA,60,2020,NA,NA
"7/14/20",13:42:00,"Lunnarp","Orthetrum_cancellatum","Mature",1,NA,0,NA,60,2020,NA,NA
"7/14/20",13:42:00,"Lunnarp","Orthetrum_cancellatum","Mature",1,NA,0,NA,60,2020,NA,NA
"7/14/20",13:42:00,"Lunnarp","Orthetrum_cancellatum","Mature",1,NA,1,NA,60,2020,NA,NA
"7/14/20",13:42:00,"Lunnarp","Orthetrum_cancellatum","Mature",0,NA,1,NA,60,2020,NA,NA
"7/14/20",13:42:00,"Lunnarp","Orthetrum_cancellatum","Mature",1,NA,1,NA,60,2020,NA,NA
"7/14/20",13:42:00,"Lunnarp","Orthetrum_cancellatum","Mature",0,NA,1,NA,60,2020,NA,NA
"7/14/20",13:42:00,"Lunnarp","Orthetrum_cancellatum","Mature",1,NA,1,NA,60,2020,NA,NA
"7/14/20",13:42:00,"Lunnarp","Orthetrum_cancellatum","Mature",0,NA,1,NA,60,2020,NA,NA
"7/14/20",13:42:00,"Lunnarp","Orthetrum_cancellatum","Mature",1,NA,0,0,60,2020,NA,NA
"7/14/20",13:42:00,"Lunnarp","Ischnura_elegans","Mature",1,NA,1,0,60,2020,NA,NA
"7/14/20",13:42:00,"Lunnarp","Erythromma_viridulum","Mature",1,NA,1,0,60,2020,NA,NA
"7/14/20",13:42:00,"Lunnarp","Erythromma_viridulum","Mature",0,NA,1,NA,60,2020,NA,NA
"7/14/20",13:42:00,"Lunnarp","Ischnura_elegans","Mature",1,NA,1,0,60,2020,NA,NA
"7/14/20",13:42:00,"Lunnarp","Ischnura_elegans","Mature",1,NA,1,0,60,2020,NA,NA
"7/14/20",13:42:00,"Lunnarp","Enallagma_cyathigerum","Mature",1,NA,1,NA,60,2020,NA,NA
"7/14/20",13:42:00,"Lunnarp","Enallagma_cyathigerum","Mature",1,NA,1,0,60,2020,NA,NA
"7/14/20",13:42:00,"Lunnarp","Enallagma_cyathigerum","Mature",1,NA,1,0,60,2020,NA,NA
"7/14/20",13:42:00,"Lunnarp","Ischnura_elegans","Mature",1,NA,1,0,60,2020,NA,NA
"7/14/20",13:42:00,"Lunnarp","Enallagma_cyathigerum","Mature",1,NA,1,2,60,2020,NA,NA
"7/14/20",13:42:00,"Lunnarp","Enallagma_cyathigerum","Mature",1,NA,1,0,60,2020,NA,NA
"7/14/20",13:42:00,"Lunnarp","Erythromma_viridulum","Mature",1,NA,1,0,60,2020,NA,NA
"7/14/20",13:42:00,"Lunnarp","Enallagma_cyathigerum","Mature",1,NA,1,0,60,2020,NA,NA
"7/14/20",13:42:00,"Lunnarp","Enallagma_cyathigerum","Mature",1,NA,1,0,60,2020,NA,NA
"7/14/20",13:42:00,"Lunnarp","Sympetrum_sanguineum","Mature",1,NA,0,0,60,2020,NA,NA
"7/14/20",13:42:00,"Lunnarp","Sympetrum_sanguineum","Mature",1,NA,0,0,60,2020,NA,NA
"7/14/20",13:42:00,"Lunnarp","Sympetrum_sanguineum","Mature",1,NA,0,0,60,2020,NA,NA
"7/14/20",13:42:00,"Lunnarp","Sympetrum_sanguineum","Mature",NA,NA,0,NA,60,2020,NA,NA
"7/14/20",13:42:00,"Lunnarp","Sympetrum_sanguineum","Teneral",NA,NA,0,NA,60,2020,NA,NA
"7/14/20",13:42:00,"Lunnarp","Sympetrum_sanguineum","Teneral",NA,NA,0,NA,60,2020,NA,NA
"7/14/20",13:42:00,"Lunnarp","Sympetrum_sanguineum","Teneral",NA,NA,0,NA,60,2020,NA,NA
"7/14/20",13:42:00,"Lunnarp","Sympetrum_sanguineum","Teneral",NA,NA,0,NA,60,2020,NA,NA
"7/14/20",13:42:00,"Lunnarp","Sympetrum_sanguineum","Teneral",NA,NA,0,NA,60,2020,NA,NA
"7/14/20",13:42:00,"Lunnarp","Ischnura_elegans","Mature",1,NA,0,0,60,2020,NA,NA
"7/14/20",13:42:00,"Lunnarp","Enallagma_cyathigerum","Mature",1,NA,0,0,60,2020,NA,NA
"7/14/20",13:42:00,"Lunnarp","Enallagma_cyathigerum","Mature",1,NA,0,0,60,2020,NA,NA
"7/14/20",13:42:00,"Lunnarp","Enallagma_cyathigerum","Mature",1,NA,0,0,60,2020,NA,NA
"7/14/20",13:42:00,"Lunnarp","Enallagma_cyathigerum","Mature",1,NA,0,0,60,2020,NA,NA
"7/14/20",13:42:00,"Lunnarp","Ischnura_elegans","Mature",1,NA,0,0,60,2020,NA,NA
"7/14/20",13:42:00,"Lunnarp","Ischnura_elegans","Mature",1,NA,0,0,60,2020,NA,NA
"7/14/20",13:42:00,"Lunnarp","Ischnura_elegans","Mature",1,NA,0,0,60,2020,NA,NA
"7/14/20",13:42:00,"Lunnarp","Lestes_sponsa","Mature",1,NA,0,0,60,2020,NA,NA
"7/14/20",13:42:00,"Lunnarp","Enallagma_cyathigerum","Mature",1,NA,0,0,60,2020,NA,NA
"7/14/20",13:42:00,"Lunnarp","Ischnura_elegans","Teneral",1,NA,0,0,60,2020,NA,NA
"7/14/20",13:42:00,"Lunnarp","Enallagma_cyathigerum","Mature",1,NA,0,2,60,2020,NA,NA
"7/14/20",13:42:00,"Lunnarp","Erythromma_viridulum","Mature",1,NA,0,0,60,2020,NA,NA
"7/14/20",13:42:00,"Lunnarp","Enallagma_cyathigerum","Mature",1,NA,0,0,60,2020,NA,NA
"7/14/20",13:42:00,"Lunnarp","Ischnura_elegans","Immature",1,NA,0,0,60,2020,NA,NA
"7/14/20",13:42:00,"Lunnarp","Enallagma_cyathigerum","Mature",1,NA,0,0,60,2020,NA,NA
"7/14/20",13:42:00,"Lunnarp","Enallagma_cyathigerum","Mature",1,NA,0,0,60,2020,NA,NA
"7/14/20",13:42:00,"Lunnarp","Lestes_sponsa","Immature",1,NA,0,0,60,2020,NA,NA
"7/14/20",13:42:00,"Lunnarp","Lestes_sponsa","Mature",1,NA,0,0,60,2020,NA,NA
"7/14/20",13:42:00,"Lunnarp","Lestes_sponsa","Immature",1,NA,0,0,60,2020,NA,NA
"7/14/20",13:42:00,"Lunnarp","Enallagma_cyathigerum","Mature",1,NA,0,0,60,2020,NA,NA
"7/14/20",13:42:00,"Lunnarp","Enallagma_cyathigerum","Mature",1,NA,0,0,60,2020,NA,NA
"7/14/20",13:42:00,"Lunnarp","Coenagrion_pulchellum","Mature",1,NA,0,0,60,2020,NA,NA
"7/14/20",13:42:00,"Lunnarp","Enallagma_cyathigerum","Mature",1,NA,0,0,60,2020,NA,NA
"7/14/20",13:42:00,"Lunnarp","Enallagma_cyathigerum","Mature",1,NA,0,0,60,2020,NA,NA
"7/14/20",13:42:00,"Lunnarp","Enallagma_cyathigerum","Mature",1,NA,0,1,60,2020,NA,NA
"7/14/20",13:42:00,"Lunnarp","Enallagma_cyathigerum","Mature",1,NA,0,0,60,2020,NA,NA
"7/14/20",13:42:00,"Lunnarp","Enallagma_cyathigerum","Mature",1,NA,0,0,60,2020,NA,NA
"7/14/20",13:42:00,"Lunnarp","Ischnura_elegans","Mature",1,NA,0,0,60,2020,NA,NA
"7/14/20",13:42:00,"Lunnarp","Enallagma_cyathigerum","Mature",1,NA,0,0,60,2020,NA,NA
"7/14/20",13:42:00,"Lunnarp","Enallagma_cyathigerum","Mature",1,NA,0,0,60,2020,NA,NA
"7/14/20",13:42:00,"Lunnarp","Ischnura_elegans","Mature",1,NA,0,0,60,2020,NA,NA
"7/14/20",13:42:00,"Lunnarp","Ischnura_elegans","Mature",1,NA,0,0,60,2020,NA,NA
"7/14/20",13:42:00,"Lunnarp","Enallagma_cyathigerum","Mature",1,NA,0,0,60,2020,NA,NA
"7/14/20",13:42:00,"Lunnarp","Enallagma_cyathigerum","Mature",1,NA,0,0,60,2020,NA,NA
"7/14/20",13:42:00,"Lunnarp","Ischnura_elegans","Mature",1,NA,0,0,60,2020,NA,NA
"7/14/20",13:42:00,"Lunnarp","Erythromma_viridulum","Mature",1,NA,1,NA,60,2020,NA,NA
"7/14/20",13:42:00,"Lunnarp","Erythromma_viridulum","Mature",1,NA,1,NA,60,2020,NA,NA
"7/14/20",13:42:00,"Lunnarp","Erythromma_viridulum","Mature",1,NA,1,NA,60,2020,NA,NA
"7/14/20",13:42:00,"Lunnarp","Erythromma_viridulum","Mature",1,NA,1,NA,60,2020,NA,NA
"7/14/20",13:42:00,"Lunnarp","Erythromma_viridulum","Mature",1,NA,1,NA,60,2020,NA,NA
"7/14/20",13:42:00,"Lunnarp","Erythromma_viridulum",NA,1,NA,0,NA,60,2020,NA,NA
"7/14/20",13:42:00,"Lunnarp","Erythromma_viridulum",NA,1,NA,0,NA,60,2020,NA,NA
"7/14/20",13:42:00,"Lunnarp","Erythromma_viridulum",NA,1,NA,0,NA,60,2020,NA,NA
"7/14/20",13:42:00,"Lunnarp","Erythromma_viridulum",NA,1,NA,0,NA,60,2020,NA,NA
"7/14/20",13:42:00,"Lunnarp","Erythromma_viridulum",NA,1,NA,0,NA,60,2020,NA,NA
"7/14/20",13:42:00,"Lunnarp","Erythromma_viridulum",NA,1,NA,0,NA,60,2020,NA,NA
"7/14/20",13:42:00,"Lunnarp","Erythromma_viridulum",NA,1,NA,0,NA,60,2020,NA,NA
"7/14/20",13:42:00,"Lunnarp","Erythromma_viridulum",NA,1,NA,0,NA,60,2020,NA,NA
"7/14/20",13:42:00,"Lunnarp","Erythromma_viridulum",NA,1,NA,0,NA,60,2020,NA,NA
"7/14/20",13:42:00,"Lunnarp","Erythromma_viridulum",NA,1,NA,0,NA,60,2020,NA,NA
"7/14/20",13:42:00,"Lunnarp","Erythromma_viridulum",NA,1,NA,0,NA,60,2020,NA,NA
"7/14/20",13:42:00,"Lunnarp","Erythromma_viridulum",NA,1,NA,0,NA,60,2020,NA,NA
"7/14/20",13:42:00,"Lunnarp","Erythromma_viridulum",NA,1,NA,0,NA,60,2020,NA,NA
"7/14/20",13:42:00,"Lunnarp","Erythromma_viridulum",NA,1,NA,0,NA,60,2020,NA,NA
"7/14/20",13:42:00,"Lunnarp","Erythromma_viridulum",NA,1,NA,0,NA,60,2020,NA,NA
"7/14/20",13:42:00,"Lunnarp","Erythromma_viridulum",NA,1,NA,0,NA,60,2020,NA,NA
"7/14/20",13:42:00,"Lunnarp","Erythromma_viridulum",NA,1,NA,0,NA,60,2020,NA,NA
"7/14/20",13:42:00,"Lunnarp","Erythromma_viridulum",NA,1,NA,0,NA,60,2020,NA,NA
"7/14/20",13:42:00,"Lunnarp","Erythromma_viridulum",NA,1,NA,0,NA,60,2020,NA,NA
"7/14/20",13:42:00,"Lunnarp","Erythromma_viridulum",NA,1,NA,0,NA,60,2020,NA,NA
"7/14/20",13:42:00,"Lunnarp","Erythromma_viridulum",NA,1,NA,0,NA,60,2020,NA,NA
"7/14/20",13:42:00,"Lunnarp","Erythromma_viridulum",NA,1,NA,0,NA,60,2020,NA,NA
"7/14/20",13:42:00,"Lunnarp","Erythromma_viridulum",NA,1,NA,0,NA,60,2020,NA,NA
"7/14/20",13:42:00,"Lunnarp","Libellula_quadrimaculata",NA,NA,NA,0,NA,60,2020,NA,NA
"7/14/20",13:42:00,"Lunnarp","Libellula_quadrimaculata",NA,NA,NA,0,NA,60,2020,NA,NA
"7/27/20",17:01:00,"Lunnarp","Anax_imperator","Mature",1,NA,0,NA,60,2020,NA,NA
"7/27/20",17:01:00,"Lunnarp","Anax_imperator","Mature",1,NA,0,NA,60,2020,NA,NA
"7/27/20",17:01:00,"Lunnarp","Anax_imperator","Mature",1,NA,0,NA,60,2020,NA,NA
"7/27/20",17:01:00,"Lunnarp","Orthetrum_cancellatum","Mature",1,NA,0,NA,60,2020,NA,NA
"7/27/20",17:01:00,"Lunnarp","Orthetrum_cancellatum","Mature",1,NA,0,NA,60,2020,NA,NA
"7/27/20",17:01:00,"Lunnarp","Orthetrum_cancellatum","Mature",1,NA,0,NA,60,2020,NA,NA
"7/27/20",17:01:00,"Lunnarp","Orthetrum_cancellatum","Mature",1,NA,0,NA,60,2020,NA,NA
"7/27/20",17:01:00,"Lunnarp","Orthetrum_cancellatum","Mature",1,NA,0,NA,60,2020,NA,NA
"7/27/20",17:01:00,"Lunnarp","Orthetrum_cancellatum","Mature",1,NA,0,NA,60,2020,NA,NA
"7/27/20",17:01:00,"Lunnarp","Orthetrum_cancellatum","Mature",1,NA,0,NA,60,2020,NA,NA
"7/27/20",17:01:00,"Lunnarp","Orthetrum_cancellatum","Mature",1,NA,0,NA,60,2020,NA,NA
"7/27/20",17:01:00,"Lunnarp","Orthetrum_cancellatum","Mature",1,NA,0,NA,60,2020,NA,NA
"7/27/20",17:01:00,"Lunnarp","Orthetrum_cancellatum","Mature",1,NA,0,NA,60,2020,NA,NA
"7/27/20",17:01:00,"Lunnarp","Orthetrum_cancellatum","Mature",1,NA,0,NA,60,2020,NA,NA
"7/27/20",17:01:00,"Lunnarp","Orthetrum_cancellatum","Mature",1,NA,0,NA,60,2020,NA,NA
"7/27/20",17:01:00,"Lunnarp","Orthetrum_cancellatum","Mature",1,NA,0,NA,60,2020,NA,NA
"7/27/20",17:01:00,"Lunnarp","Orthetrum_cancellatum","Mature",1,NA,0,NA,60,2020,NA,NA
"7/27/20",17:01:00,"Lunnarp","Orthetrum_cancellatum","Mature",1,NA,0,NA,60,2020,NA,NA
"7/27/20",17:01:00,"Lunnarp","Orthetrum_cancellatum","Mature",1,NA,0,NA,60,2020,NA,NA
"7/27/20",17:01:00,"Lunnarp","Orthetrum_cancellatum","Mature",1,NA,1,NA,60,2020,NA,NA
"7/27/20",17:01:00,"Lunnarp","Orthetrum_cancellatum","Mature",1,NA,1,NA,60,2020,NA,NA
"7/27/20",17:01:00,"Lunnarp","Orthetrum_cancellatum","Mature",1,NA,1,NA,60,2020,NA,NA
"7/27/20",17:01:00,"Lunnarp","Somatochlora_metallica","Mature",NA,NA,0,NA,60,2020,NA,NA
"7/27/20",17:01:00,"Lunnarp","Somatochlora_metallica","Mature",NA,NA,0,NA,60,2020,NA,NA
"7/27/20",17:01:00,"Lunnarp","Erythromma_viridulum","Mature",1,NA,0,NA,60,2020,NA,NA
"7/27/20",17:01:00,"Lunnarp","Erythromma_viridulum","Mature",1,NA,0,NA,60,2020,NA,NA
"7/27/20",17:01:00,"Lunnarp","Erythromma_viridulum","Mature",1,NA,0,NA,60,2020,NA,NA
"7/27/20",17:01:00,"Lunnarp","Erythromma_viridulum","Mature",1,NA,0,NA,60,2020,NA,NA
"7/27/20",17:01:00,"Lunnarp","Erythromma_viridulum","Mature",1,NA,0,NA,60,2020,NA,NA
"7/27/20",17:01:00,"Lunnarp","Erythromma_viridulum","Mature",1,NA,0,NA,60,2020,NA,NA
"7/27/20",17:01:00,"Lunnarp","Erythromma_viridulum","Mature",1,NA,0,NA,60,2020,NA,NA
"7/27/20",17:01:00,"Lunnarp","Erythromma_viridulum","Mature",1,NA,0,NA,60,2020,NA,NA
"7/27/20",17:01:00,"Lunnarp","Erythromma_viridulum","Mature",1,NA,0,NA,60,2020,NA,NA
"7/27/20",17:01:00,"Lunnarp","Erythromma_viridulum","Mature",1,NA,0,NA,60,2020,NA,NA
"7/27/20",17:01:00,"Lunnarp","Erythromma_viridulum","Mature",1,NA,0,NA,60,2020,NA,NA
"7/27/20",17:01:00,"Lunnarp","Erythromma_viridulum","Mature",1,NA,0,NA,60,2020,NA,NA
"7/27/20",17:01:00,"Lunnarp","Erythromma_viridulum","Mature",1,NA,0,NA,60,2020,NA,NA
"7/27/20",17:01:00,"Lunnarp","Erythromma_viridulum","Mature",1,NA,0,NA,60,2020,NA,NA
"7/27/20",17:01:00,"Lunnarp","Erythromma_viridulum","Mature",1,NA,0,NA,60,2020,NA,NA
"7/27/20",17:01:00,"Lunnarp","Erythromma_viridulum","Mature",1,NA,0,NA,60,2020,NA,NA
"7/27/20",17:01:00,"Lunnarp","Erythromma_viridulum","Mature",1,NA,0,NA,60,2020,NA,NA
"7/27/20",17:01:00,"Lunnarp","Erythromma_viridulum","Mature",1,NA,0,NA,60,2020,NA,NA
"7/27/20",17:01:00,"Lunnarp","Erythromma_viridulum","Mature",1,NA,0,NA,60,2020,NA,NA
"7/27/20",17:01:00,"Lunnarp","Erythromma_viridulum","Mature",1,NA,0,NA,60,2020,NA,NA
"7/27/20",17:01:00,"Lunnarp","Erythromma_viridulum","Mature",1,NA,0,NA,60,2020,NA,NA
"7/27/20",17:01:00,"Lunnarp","Erythromma_viridulum","Mature",1,NA,0,NA,60,2020,NA,NA
"7/27/20",17:01:00,"Lunnarp","Erythromma_viridulum","Mature",1,NA,0,NA,60,2020,NA,NA
"7/27/20",17:01:00,"Lunnarp","Erythromma_viridulum","Mature",1,NA,0,NA,60,2020,NA,NA
"7/27/20",17:01:00,"Lunnarp","Erythromma_viridulum","Mature",1,NA,0,NA,60,2020,NA,NA
"7/27/20",17:01:00,"Lunnarp","Erythromma_viridulum","Mature",1,NA,0,NA,60,2020,NA,NA
"7/27/20",17:01:00,"Lunnarp","Erythromma_viridulum","Mature",1,NA,1,NA,60,2020,NA,NA
"7/27/20",17:01:00,"Lunnarp","Erythromma_viridulum","Mature",1,NA,1,NA,60,2020,NA,NA
"7/27/20",17:01:00,"Lunnarp","Erythromma_viridulum","Mature",1,NA,1,NA,60,2020,NA,NA
"7/27/20",17:01:00,"Lunnarp","Sympetrum_sanguineum","Mature",1,NA,0,0,60,2020,NA,NA
"7/27/20",17:01:00,"Lunnarp","Sympetrum_sanguineum","Mature",1,NA,0,0,60,2020,NA,NA
"7/27/20",17:01:00,"Lunnarp","Sympetrum_vulgatum","Immature",1,NA,0,0,60,2020,NA,NA
"7/27/20",17:01:00,"Lunnarp","Sympetrum_vulgatum","Immature",1,NA,0,0,60,2020,NA,NA
"7/27/20",17:01:00,"Lunnarp","Coenagrion_pulchellum","Mature",1,NA,0,0,60,2020,NA,NA
"7/27/20",17:01:00,"Lunnarp","Enallagma_cyathigerum","Mature",1,NA,0,0,60,2020,NA,NA
"7/27/20",17:01:00,"Lunnarp","Ischnura_elegans","Mature",1,NA,0,0,60,2020,NA,NA
"7/27/20",17:01:00,"Lunnarp","Enallagma_cyathigerum","Mature",1,NA,0,0,60,2020,NA,NA
"7/27/20",17:01:00,"Lunnarp","Enallagma_cyathigerum","Mature",1,NA,0,0,60,2020,NA,NA
"7/27/20",17:01:00,"Lunnarp","Coenagrion_puella","Mature",1,NA,0,0,60,2020,NA,NA
"7/27/20",17:01:00,"Lunnarp","Lestes_sponsa","Mature",1,NA,0,0,60,2020,NA,NA
"7/27/20",17:01:00,"Lunnarp","Erythromma_viridulum","Teneral",0,NA,0,0,60,2020,NA,NA
"7/27/20",17:01:00,"Lunnarp","Lestes_sponsa","Mature",1,NA,0,0,60,2020,NA,NA
"7/27/20",17:01:00,"Lunnarp","Enallagma_cyathigerum","Mature",1,NA,0,0,60,2020,NA,NA
"7/27/20",17:01:00,"Lunnarp","Coenagrion_pulchellum","Mature",1,NA,0,0,60,2020,NA,NA
"7/27/20",17:01:00,"Lunnarp","Enallagma_cyathigerum","Mature",1,NA,0,0,60,2020,NA,NA
"7/27/20",17:01:00,"Lunnarp","Enallagma_cyathigerum","Mature",1,NA,0,0,60,2020,NA,NA
"7/27/20",17:01:00,"Lunnarp","Enallagma_cyathigerum","Mature",1,NA,0,0,60,2020,NA,NA
"7/27/20",17:01:00,"Lunnarp","Enallagma_cyathigerum","Mature",1,NA,0,0,60,2020,NA,NA
"7/27/20",17:01:00,"Lunnarp","Enallagma_cyathigerum","Mature",1,NA,0,0,60,2020,NA,NA
"7/27/20",17:01:00,"Lunnarp","Ischnura_elegans","Mature",1,NA,0,0,60,2020,NA,NA
"7/27/20",17:01:00,"Lunnarp","Enallagma_cyathigerum","Mature",1,NA,0,0,60,2020,NA,NA
"7/27/20",17:01:00,"Lunnarp","Ischnura_elegans","Immature",1,NA,0,0,60,2020,NA,NA
"7/27/20",17:01:00,"Lunnarp","Ischnura_elegans","Mature",1,NA,0,0,60,2020,NA,NA
"7/27/20",17:01:00,"Lunnarp","Ischnura_elegans","Immature",1,NA,0,0,60,2020,NA,NA
"7/27/20",17:01:00,"Lunnarp","Enallagma_cyathigerum","Mature",1,NA,0,0,60,2020,NA,NA
"7/27/20",17:01:00,"Lunnarp","Ischnura_elegans","Immature",1,NA,0,0,60,2020,NA,NA
"7/27/20",17:01:00,"Lunnarp","Lestes_sponsa","Mature",1,NA,0,0,60,2020,NA,NA
"7/27/20",17:01:00,"Lunnarp","Lestes_sponsa","Mature",1,NA,0,0,60,2020,NA,NA
"7/27/20",17:01:00,"Lunnarp","Enallagma_cyathigerum","Mature",1,NA,0,0,60,2020,NA,NA
"7/27/20",17:01:00,"Lunnarp","Ischnura_elegans","Mature",1,NA,0,0,60,2020,NA,NA
"7/27/20",17:01:00,"Lunnarp","Ischnura_elegans","Mature",1,NA,0,0,60,2020,NA,NA
"7/27/20",17:01:00,"Lunnarp","Erythromma_viridulum","Teneral",0,NA,0,0,60,2020,NA,NA
"7/27/20",17:01:00,"Lunnarp","Enallagma_cyathigerum","Mature",1,NA,0,0,60,2020,NA,NA
"7/27/20",17:01:00,"Lunnarp","Lestes_sponsa","Mature",1,NA,0,0,60,2020,NA,NA
"7/27/20",17:01:00,"Lunnarp","Erythromma_viridulum","Mature",1,NA,0,0,60,2020,NA,NA
"7/27/20",17:01:00,"Lunnarp","Erythromma_viridulum","Mature",1,NA,0,0,60,2020,NA,NA
"7/27/20",17:01:00,"Lunnarp","Ischnura_elegans","Mature",1,NA,0,0,60,2020,NA,NA
"7/27/20",17:01:00,"Lunnarp","Coenagrion_puella","Mature",1,NA,0,0,60,2020,NA,NA
"7/27/20",17:01:00,"Lunnarp","Ischnura_elegans","Mature",1,NA,0,NA,60,2020,NA,NA
"7/27/20",17:01:00,"Lunnarp","Erythromma_viridulum","Mature",1,NA,0,NA,60,2020,NA,NA
"7/27/20",17:01:00,"Lunnarp","Erythromma_viridulum","Mature",1,NA,0,0,60,2020,NA,NA
"7/27/20",17:01:00,"Lunnarp","Coenagrion_pulchellum","Mature",1,NA,0,0,60,2020,NA,NA
"7/27/20",17:01:00,"Lunnarp","Erythromma_viridulum","Mature",1,NA,0,0,60,2020,NA,NA
"7/27/20",17:01:00,"Lunnarp","Enallagma_cyathigerum","Mature",1,NA,0,0,60,2020,NA,NA
"7/27/20",17:01:00,"Lunnarp","Ischnura_elegans","Mature",1,NA,0,0,60,2020,NA,NA
"7/27/20",17:01:00,"Lunnarp","Enallagma_cyathigerum","Mature",1,NA,0,0,60,2020,NA,NA
"7/27/20",17:01:00,"Lunnarp","Lestes_sponsa","Mature",1,NA,0,0,60,2020,NA,NA
"7/27/20",17:01:00,"Lunnarp","Ischnura_elegans","Mature",1,NA,0,0,60,2020,NA,NA
"7/27/20",17:01:00,"Lunnarp","Erythromma_viridulum","Mature",1,NA,0,1,60,2020,NA,NA
"7/27/20",17:01:00,"Lunnarp","Erythromma_viridulum","Mature",1,NA,0,0,60,2020,NA,NA
"7/27/20",17:01:00,"Lunnarp","Ischnura_elegans","Mature",1,NA,0,0,60,2020,NA,NA
"7/27/20",17:01:00,"Lunnarp","Coenagrion_puella","Mature",1,NA,0,0,60,2020,NA,NA
"7/27/20",17:01:00,"Lunnarp","Erythromma_viridulum","Mature",1,NA,0,0,60,2020,NA,NA
"7/27/20",17:01:00,"Lunnarp","Erythromma_viridulum","Mature",1,NA,0,0,60,2020,NA,NA
"7/27/20",17:01:00,"Lunnarp","Ischnura_elegans","Immature",1,NA,0,0,60,2020,NA,NA
"7/27/20",17:01:00,"Lunnarp","Enallagma_cyathigerum","Mature",1,NA,0,0,60,2020,NA,NA
"7/27/20",17:01:00,"Lunnarp","Enallagma_cyathigerum","Mature",1,NA,0,0,60,2020,NA,NA
"7/27/20",17:01:00,"Lunnarp","Coenagrion_pulchellum","Mature",1,NA,0,0,60,2020,NA,NA
"7/27/20",17:01:00,"Lunnarp","Enallagma_cyathigerum","Mature",1,NA,0,0,60,2020,NA,NA
"7/27/20",17:01:00,"Lunnarp","Erythromma_viridulum","Mature",1,NA,0,0,60,2020,NA,NA
"7/27/20",17:01:00,"Lunnarp","Coenagrion_pulchellum","Mature",1,NA,0,0,60,2020,NA,NA
"7/27/20",17:01:00,"Lunnarp","Erythromma_viridulum","Mature",1,NA,0,0,60,2020,NA,NA
"7/27/20",17:01:00,"Lunnarp","Ischnura_elegans","Mature",1,NA,0,0,60,2020,NA,NA
"7/27/20",17:01:00,"Lunnarp","Ischnura_elegans","Mature",1,NA,0,0,60,2020,NA,NA
"7/27/20",17:01:00,"Lunnarp","Enallagma_cyathigerum","Mature",1,NA,0,0,60,2020,NA,NA
"7/27/20",17:01:00,"Lunnarp","Erythromma_viridulum","Mature",1,NA,0,0,60,2020,NA,NA
"7/27/20",17:01:00,"Lunnarp","Erythromma_viridulum","Mature",1,NA,0,0,60,2020,NA,NA
"7/27/20",17:01:00,"Lunnarp","Erythromma_viridulum","Teneral",1,NA,0,0,60,2020,NA,NA
"7/27/20",17:01:00,"Lunnarp","Erythromma_viridulum","Teneral",0,NA,0,0,60,2020,NA,NA
"7/27/20",17:01:00,"Lunnarp","Enallagma_cyathigerum","Mature",1,NA,0,0,60,2020,NA,NA
"7/27/20",17:01:00,"Lunnarp","Enallagma_cyathigerum","Mature",1,NA,0,0,60,2020,NA,NA
"7/27/20",17:01:00,"Lunnarp","Ischnura_elegans","Mature",1,NA,1,0,60,2020,NA,NA
"7/27/20",17:01:00,"Lunnarp","Ischnura_elegans","Mature",1,NA,1,0,60,2020,NA,NA
"7/27/20",17:01:00,"Lunnarp","Enallagma_cyathigerum","Mature",1,NA,1,0,60,2020,NA,NA
"7/27/20",17:01:00,"Lunnarp","Sympetrum_vulgatum","Immature",1,NA,1,0,60,2020,NA,NA
"7/27/20",17:01:00,"Lunnarp","Ischnura_elegans","Immature",0,"Gynochrome",0,0,60,2020,"Androchrome","Violacea_(Androchrome)"
"7/14/20",13:42:00,"Lunnarp","Ischnura_elegans","Immature",0,"Gynochrome",1,0,60,2020,"Infuscans","Violacea_(Infuscans)"
"7/14/20",13:42:00,"Lunnarp","Ischnura_elegans","Immature",0,"Gynochrome",0,0,60,2020,"Infuscans","Violacea_(Infuscans)"
"7/27/20",17:01:00,"Lunnarp","Ischnura_elegans","Immature",0,"Gynochrome",0,0,60,2020,"Infuscans","Violacea_(Infuscans)"
"7/14/20",13:42:00,"Lunnarp","Anax_imperator","Mature",0,NA,0,NA,60,2020,NA,NA
"7/14/20",13:42:00,"Lunnarp","Anax_imperator","Mature",0,NA,0,NA,60,2020,NA,NA
"7/14/20",13:42:00,"Lunnarp","Anax_imperator","Mature",0,NA,0,NA,60,2020,NA,NA
"5/28/20",09:46:00,"Lunnarp","Ischnura_pumilio","Teneral",1,NA,0,0,120,2020,NA,NA
"5/28/20",09:46:00,"Lunnarp","Ischnura_elegans","Teneral",0,NA,0,0,120,2020,NA,NA
"5/28/20",09:46:00,"Lunnarp","Ischnura_elegans","Teneral",0,NA,0,0,120,2020,NA,NA
"5/28/20",09:46:00,"Lunnarp","Ischnura_elegans","Immature",0,"Gynochrome",0,0,120,2020,"Androchrome","Violacea_(Androchrome)"
"5/28/20",09:46:00,"Lunnarp","Ischnura_elegans","Teneral",0,NA,0,0,120,2020,NA,NA
"5/28/20",09:46:00,"Lunnarp","Ischnura_elegans","Teneral",0,NA,0,0,120,2020,NA,NA
"5/28/20",09:46:00,"Lunnarp","Ischnura_elegans","Teneral",0,NA,0,0,120,2020,NA,NA
"5/28/20",09:46:00,"Lunnarp","Ischnura_elegans","Teneral",0,NA,0,0,120,2020,NA,NA
"5/28/20",09:46:00,"Lunnarp","Ischnura_elegans","Teneral",0,NA,0,0,120,2020,NA,NA
"5/28/20",09:46:00,"Lunnarp","Ischnura_elegans","Teneral",1,NA,0,0,120,2020,NA,NA
"5/28/20",09:46:00,"Lunnarp","Ischnura_elegans","Teneral",1,NA,0,0,120,2020,NA,NA
"5/28/20",09:46:00,"Lunnarp","Ischnura_elegans","Teneral",1,NA,0,0,120,2020,NA,NA
"5/28/20",09:46:00,"Lunnarp","Ischnura_elegans","Teneral",1,NA,0,0,120,2020,NA,NA
"5/28/20",09:46:00,"Lunnarp","Ischnura_elegans","Teneral",1,NA,0,0,120,2020,NA,NA
"5/28/20",09:46:00,"Lunnarp","Ischnura_elegans","Mature",1,NA,0,0,120,2020,NA,NA
"5/28/20",09:46:00,"Lunnarp","Ischnura_elegans","Immature",1,NA,0,0,120,2020,NA,NA
"5/28/20",09:46:00,"Lunnarp","Ischnura_elegans","Teneral",1,NA,0,0,120,2020,NA,NA
"5/28/20",09:46:00,"Lunnarp","Ischnura_elegans","Teneral",1,NA,0,0,120,2020,NA,NA
"5/28/20",09:46:00,"Lunnarp","Ischnura_elegans","Teneral",1,NA,0,1,120,2020,NA,NA
"6/9/20",11:12:00,"Lunnarp","Libellula_quadrimaculata","Mature",0,NA,0,NA,40,2020,NA,NA
"6/9/20",11:12:00,"Lunnarp","Libellula_quadrimaculata","Mature",NA,NA,0,NA,40,2020,NA,NA
"6/9/20",11:12:00,"Lunnarp","Cordulia_aenea","Mature",1,NA,0,NA,40,2020,NA,NA
"6/9/20",11:12:00,"Lunnarp","Orthetrum_cancellatum","Mature",1,NA,0,NA,40,2020,NA,NA
"6/9/20",11:12:00,"Lunnarp","Orthetrum_cancellatum","Mature",0,NA,0,NA,40,2020,NA,NA
"6/9/20",11:12:00,"Lunnarp","Aeshna_isoceles","Mature",NA,NA,0,NA,40,2020,NA,NA
"6/9/20",11:12:00,"Lunnarp","Ischnura_elegans","Mature",0,"Gynochrome",1,0,40,2020,"Infuscans_obsoleta",NA
"6/9/20",11:12:00,"Lunnarp","Ischnura_elegans","Mature",1,NA,1,0,40,2020,NA,NA
"6/9/20",11:12:00,"Lunnarp","Coenagrion_pulchellum","Mature",1,NA,0,0,40,2020,NA,NA
"6/9/20",11:12:00,"Lunnarp","Coenagrion_puella","Mature",1,NA,0,1,40,2020,NA,NA
"6/9/20",11:12:00,"Lunnarp","Enallagma_cyathigerum","Mature",1,NA,0,0,40,2020,NA,NA
"6/9/20",11:12:00,"Lunnarp","Enallagma_cyathigerum","Mature",1,NA,0,0,40,2020,NA,NA
"6/9/20",11:12:00,"Lunnarp","Enallagma_cyathigerum","Mature",1,NA,0,0,40,2020,NA,NA
"6/9/20",11:12:00,"Lunnarp","Ischnura_elegans","Mature",1,NA,0,0,40,2020,NA,NA
"6/9/20",11:12:00,"Lunnarp","Enallagma_cyathigerum","Mature",1,NA,0,0,40,2020,NA,NA
"6/9/20",11:12:00,"Lunnarp","Enallagma_cyathigerum","Mature",1,NA,0,0,40,2020,NA,NA
"6/9/20",11:12:00,"Lunnarp","Enallagma_cyathigerum","Mature",1,NA,0,0,40,2020,NA,NA
"6/9/20",11:12:00,"Lunnarp","Coenagrion_puella","Mature",1,NA,0,45,40,2020,NA,NA
"6/9/20",11:12:00,"Lunnarp","Ischnura_pumilio","Mature",1,NA,0,0,40,2020,NA,NA
"6/9/20",11:12:00,"Lunnarp","Ischnura_elegans","Mature",1,NA,0,0,40,2020,NA,NA
"6/9/20",11:12:00,"Lunnarp","Coenagrion_puella","Mature",1,NA,0,11,40,2020,NA,NA
"6/9/20",11:12:00,"Lunnarp","Enallagma_cyathigerum","Mature",1,NA,0,15,40,2020,NA,NA
"6/9/20",11:12:00,"Lunnarp","Ischnura_elegans","Teneral",1,NA,0,0,40,2020,NA,NA
"6/9/20",11:12:00,"Lunnarp","Ischnura_elegans","Mature",1,NA,0,0,40,2020,NA,NA
"6/9/20",11:12:00,"Lunnarp","Ischnura_elegans","Immature",0,"Gynochrome",0,0,40,2020,"Androchrome","Violacea_(Androchrome)"
"6/9/20",11:12:00,"Lunnarp","Coenagrion_pulchellum","Mature",1,NA,0,0,40,2020,NA,NA
"6/9/20",11:12:00,"Lunnarp","Ischnura_elegans","Immature",0,"Gynochrome",0,0,40,2020,"Androchrome","Violacea_(Androchrome)"
"6/9/20",11:12:00,"Lunnarp","Erythromma_najas","Mature",0,"Gynochrome",0,0,40,2020,NA,NA
"6/9/20",11:12:00,"Lunnarp","Ischnura_elegans","Teneral",1,NA,0,0,40,2020,NA,NA
"6/9/20",11:12:00,"Lunnarp","Ischnura_elegans","Teneral",0,NA,0,0,40,2020,NA,NA
"6/9/20",11:12:00,"Lunnarp","Coenagrion_puella","Mature",1,NA,0,45,40,2020,NA,NA
"6/9/20",11:12:00,"Lunnarp","Enallagma_cyathigerum","Mature",1,NA,0,15,40,2020,NA,NA
"6/9/20",11:12:00,"Lunnarp","Enallagma_cyathigerum","Mature",1,NA,0,0,40,2020,NA,NA
"6/9/20",11:12:00,"Lunnarp","Coenagrion_puella","Mature",1,NA,0,0,40,2020,NA,NA
"6/9/20",11:12:00,"Lunnarp","Enallagma_cyathigerum","Mature",1,NA,0,0,40,2020,NA,NA
"6/9/20",11:12:00,"Lunnarp","Coenagrion_pulchellum","Mature",1,NA,0,2,40,2020,NA,NA
"6/9/20",11:12:00,"Lunnarp","Coenagrion_puella","Mature",1,NA,0,26,40,2020,NA,NA
"6/9/20",11:12:00,"Lunnarp","Enallagma_cyathigerum","Mature",1,NA,0,2,40,2020,NA,NA
"6/9/20",11:12:00,"Lunnarp","Enallagma_cyathigerum","Mature",1,NA,0,0,40,2020,NA,NA
"6/9/20",11:12:00,"Lunnarp","Enallagma_cyathigerum","Mature",1,NA,0,0,40,2020,NA,NA
"6/9/20",11:12:00,"Lunnarp","Coenagrion_pulchellum","Mature",0,"Androchrome",0,24,40,2020,NA,NA
"6/9/20",11:12:00,"Lunnarp","Ischnura_elegans","Teneral",0,NA,0,0,40,2020,NA,NA
"6/9/20",11:12:00,"Lunnarp","Ischnura_elegans","Mature",1,NA,0,0,40,2020,NA,NA
"6/9/20",11:12:00,"Lunnarp","Coenagrion_pulchellum","Mature",1,NA,0,3,40,2020,NA,NA
"6/9/20",11:12:00,"Lunnarp","Ischnura_elegans","Mature",1,NA,0,0,40,2020,NA,NA
"6/9/20",11:12:00,"Lunnarp","Ischnura_elegans","Teneral",1,NA,0,0,40,2020,NA,NA
"6/9/20",11:12:00,"Lunnarp","Ischnura_elegans","Teneral",1,NA,0,0,40,2020,NA,NA
"6/9/20",11:12:00,"Lunnarp","Calopteryx_splendens","Mature",1,NA,0,0,40,2020,NA,NA
"6/26/20",09:37:00,"Lunnarp","Anax_imperator","Mature",1,NA,0,NA,60,2020,NA,NA
"6/26/20",09:37:00,"Lunnarp","Anax_imperator","Mature",1,NA,0,NA,60,2020,NA,NA
"6/26/20",09:37:00,"Lunnarp","Anax_imperator","Mature",1,NA,0,NA,60,2020,NA,NA
"6/26/20",09:37:00,"Lunnarp","Libellula_quadrimaculata","Mature",NA,NA,0,NA,60,2020,NA,NA
"6/26/20",09:37:00,"Lunnarp","Libellula_quadrimaculata","Mature",NA,NA,0,NA,60,2020,NA,NA
"6/26/20",09:37:00,"Lunnarp","Libellula_quadrimaculata","Mature",NA,NA,0,NA,60,2020,NA,NA
"6/26/20",09:37:00,"Lunnarp","Libellula_quadrimaculata","Mature",NA,NA,0,NA,60,2020,NA,NA
"6/26/20",09:37:00,"Lunnarp","Libellula_quadrimaculata","Mature",NA,NA,0,NA,60,2020,NA,NA
"6/26/20",09:37:00,"Lunnarp","Orthetrum_cancellatum","Mature",0,NA,1,NA,60,2020,NA,NA
"6/26/20",09:37:00,"Lunnarp","Orthetrum_cancellatum","Mature",1,NA,1,NA,60,2020,NA,NA
"6/26/20",09:37:00,"Lunnarp","Orthetrum_cancellatum","Mature",1,NA,0,NA,60,2020,NA,NA
"6/26/20",09:37:00,"Lunnarp","Orthetrum_cancellatum","Mature",1,NA,0,NA,60,2020,NA,NA
"6/26/20",09:37:00,"Lunnarp","Orthetrum_cancellatum","Mature",1,NA,0,NA,60,2020,NA,NA
"6/26/20",09:37:00,"Lunnarp","Orthetrum_cancellatum","Mature",1,NA,0,NA,60,2020,NA,NA
"6/26/20",09:37:00,"Lunnarp","Orthetrum_cancellatum","Mature",1,NA,0,NA,60,2020,NA,NA
"6/26/20",09:37:00,"Lunnarp","Orthetrum_cancellatum","Mature",1,NA,0,NA,60,2020,NA,NA
"6/26/20",09:37:00,"Lunnarp","Orthetrum_cancellatum","Mature",1,NA,0,NA,60,2020,NA,NA
"6/26/20",09:37:00,"Lunnarp","Orthetrum_cancellatum","Mature",1,NA,0,NA,60,2020,NA,NA
"6/26/20",09:37:00,"Lunnarp","Orthetrum_cancellatum","Mature",1,NA,0,NA,60,2020,NA,NA
"6/26/20",09:37:00,"Lunnarp","Orthetrum_cancellatum","Mature",1,NA,0,NA,60,2020,NA,NA
"6/26/20",09:37:00,"Lunnarp","Orthetrum_cancellatum","Mature",1,NA,0,NA,60,2020,NA,NA
"6/26/20",09:37:00,"Lunnarp","Orthetrum_cancellatum","Mature",1,NA,0,NA,60,2020,NA,NA
"6/26/20",09:37:00,"Lunnarp","Orthetrum_cancellatum","Mature",1,NA,0,NA,60,2020,NA,NA
"6/26/20",09:37:00,"Lunnarp","Orthetrum_cancellatum","Mature",1,NA,0,NA,60,2020,NA,NA
"6/26/20",09:37:00,"Lunnarp","Orthetrum_cancellatum","Mature",1,NA,0,NA,60,2020,NA,NA
"6/26/20",09:37:00,"Lunnarp","Orthetrum_cancellatum","Mature",1,NA,0,NA,60,2020,NA,NA
"6/26/20",09:37:00,"Lunnarp","Orthetrum_cancellatum","Mature",1,NA,0,NA,60,2020,NA,NA
"6/26/20",09:37:00,"Lunnarp","Orthetrum_cancellatum","Mature",1,NA,0,NA,60,2020,NA,NA
"6/26/20",09:37:00,"Lunnarp","Orthetrum_cancellatum","Mature",1,NA,0,NA,60,2020,NA,NA
"6/26/20",09:37:00,"Lunnarp","Orthetrum_cancellatum","Mature",1,NA,0,NA,60,2020,NA,NA
"6/26/20",09:37:00,"Lunnarp","Orthetrum_cancellatum","Mature",1,NA,0,NA,60,2020,NA,NA
"6/26/20",09:37:00,"Lunnarp","Orthetrum_cancellatum","Mature",1,NA,0,NA,60,2020,NA,NA
"6/26/20",09:37:00,"Lunnarp","Orthetrum_cancellatum","Mature",1,NA,0,NA,60,2020,NA,NA
"6/26/20",09:37:00,"Lunnarp","Orthetrum_cancellatum","Mature",1,NA,0,NA,60,2020,NA,NA
"6/26/20",09:37:00,"Lunnarp","Orthetrum_cancellatum","Mature",1,NA,0,NA,60,2020,NA,NA
"6/26/20",09:37:00,"Lunnarp","Orthetrum_cancellatum","Mature",1,NA,0,NA,60,2020,NA,NA
"6/26/20",09:37:00,"Lunnarp","Orthetrum_cancellatum","Mature",1,NA,0,NA,60,2020,NA,NA
"6/26/20",09:37:00,"Lunnarp","Orthetrum_cancellatum","Mature",1,NA,0,NA,60,2020,NA,NA
"6/26/20",09:37:00,"Lunnarp","Orthetrum_cancellatum","Mature",1,NA,0,NA,60,2020,NA,NA
"6/26/20",09:37:00,"Lunnarp","Orthetrum_cancellatum","Mature",1,NA,0,NA,60,2020,NA,NA
"6/26/20",09:37:00,"Lunnarp","Orthetrum_cancellatum","Mature",1,NA,0,NA,60,2020,NA,NA
"6/26/20",09:37:00,"Lunnarp","Orthetrum_cancellatum","Mature",1,NA,0,NA,60,2020,NA,NA
"6/26/20",09:37:00,"Lunnarp","Orthetrum_cancellatum","Mature",1,NA,0,NA,60,2020,NA,NA
"6/26/20",09:37:00,"Lunnarp","Orthetrum_cancellatum","Mature",1,NA,0,NA,60,2020,NA,NA
"6/26/20",09:37:00,"Lunnarp","Orthetrum_cancellatum","Mature",1,NA,0,NA,60,2020,NA,NA
"6/26/20",09:37:00,"Lunnarp","Orthetrum_cancellatum","Mature",1,NA,0,NA,60,2020,NA,NA
"6/26/20",09:37:00,"Lunnarp","Orthetrum_cancellatum","Mature",1,NA,0,NA,60,2020,NA,NA
"6/26/20",09:37:00,"Lunnarp","Orthetrum_cancellatum","Mature",1,NA,0,NA,60,2020,NA,NA
"6/26/20",09:37:00,"Lunnarp","Orthetrum_cancellatum","Mature",1,NA,0,NA,60,2020,NA,NA
"6/26/20",09:37:00,"Lunnarp","Orthetrum_cancellatum","Mature",1,NA,0,NA,60,2020,NA,NA
"6/26/20",09:37:00,"Lunnarp","Orthetrum_cancellatum","Mature",1,NA,0,NA,60,2020,NA,NA
"6/26/20",09:37:00,"Lunnarp","Orthetrum_cancellatum","Mature",1,NA,0,NA,60,2020,NA,NA
"6/26/20",09:37:00,"Lunnarp","Orthetrum_cancellatum","Mature",1,NA,0,NA,60,2020,NA,NA
"6/26/20",09:37:00,"Lunnarp","Orthetrum_cancellatum","Mature",1,NA,0,NA,60,2020,NA,NA
"6/26/20",09:37:00,"Lunnarp","Orthetrum_cancellatum","Mature",1,NA,0,NA,60,2020,NA,NA
"6/26/20",09:37:00,"Lunnarp","Orthetrum_cancellatum","Mature",1,NA,0,NA,60,2020,NA,NA
"6/26/20",09:37:00,"Lunnarp","Orthetrum_cancellatum","Mature",1,NA,0,NA,60,2020,NA,NA
"6/26/20",09:37:00,"Lunnarp","Orthetrum_cancellatum","Mature",1,NA,0,NA,60,2020,NA,NA
"6/26/20",09:37:00,"Lunnarp","Orthetrum_cancellatum","Mature",1,NA,0,NA,60,2020,NA,NA
"6/26/20",09:37:00,"Lunnarp","Orthetrum_cancellatum","Mature",1,NA,0,NA,60,2020,NA,NA
"6/26/20",09:37:00,"Lunnarp","Orthetrum_cancellatum","Mature",1,NA,0,NA,60,2020,NA,NA
"6/26/20",09:37:00,"Lunnarp","Erythromma_najas","Mature",1,NA,0,NA,60,2020,NA,NA
"6/26/20",09:37:00,"Lunnarp","Coenagrion_puella","Mature",0,"Gynochrome",1,4,60,2020,NA,NA
"6/26/20",09:37:00,"Lunnarp","Coenagrion_puella","Mature",1,NA,1,0,60,2020,NA,NA
"6/26/20",09:37:00,"Lunnarp","Enallagma_cyathigerum","Mature",0,"Gynochrome",1,0,60,2020,NA,NA
"6/26/20",09:37:00,"Lunnarp","Enallagma_cyathigerum","Mature",1,NA,1,0,60,2020,NA,NA
"6/26/20",09:37:00,"Lunnarp","Enallagma_cyathigerum","Mature",0,"Gynochrome",1,0,60,2020,NA,NA
"6/26/20",09:37:00,"Lunnarp","Enallagma_cyathigerum","Mature",1,NA,1,0,60,2020,NA,NA
"6/26/20",09:37:00,"Lunnarp","Enallagma_cyathigerum","Mature",1,NA,0,0,60,2020,NA,NA
"6/26/20",09:37:00,"Lunnarp","Enallagma_cyathigerum","Mature",1,NA,0,0,60,2020,NA,NA
"6/26/20",09:37:00,"Lunnarp","Enallagma_cyathigerum","Mature",1,NA,0,0,60,2020,NA,NA
"6/26/20",09:37:00,"Lunnarp","Coenagrion_pulchellum","Mature",1,NA,0,0,60,2020,NA,NA
"6/26/20",09:37:00,"Lunnarp","Enallagma_cyathigerum","Mature",1,NA,0,0,60,2020,NA,NA
"6/26/20",09:37:00,"Lunnarp","Ischnura_elegans","Immature",1,NA,0,0,60,2020,NA,NA
"6/26/20",09:37:00,"Lunnarp","Enallagma_cyathigerum","Mature",1,NA,0,0,60,2020,NA,NA
"6/26/20",09:37:00,"Lunnarp","Enallagma_cyathigerum","Mature",1,NA,0,0,60,2020,NA,NA
"6/26/20",09:37:00,"Lunnarp","Enallagma_cyathigerum","Mature",1,NA,0,0,60,2020,NA,NA
"6/26/20",09:37:00,"Lunnarp","Coenagrion_puella","Mature",1,NA,0,0,60,2020,NA,NA
"6/26/20",09:37:00,"Lunnarp","Ischnura_elegans","Mature",1,NA,0,0,60,2020,NA,NA
"6/26/20",09:37:00,"Lunnarp","Enallagma_cyathigerum","Mature",1,NA,0,0,60,2020,NA,NA
"6/26/20",09:37:00,"Lunnarp","Coenagrion_puella","Mature",1,NA,0,0,60,2020,NA,NA
"6/26/20",09:37:00,"Lunnarp","Enallagma_cyathigerum","Mature",1,NA,0,0,60,2020,NA,NA
"6/26/20",09:37:00,"Lunnarp","Enallagma_cyathigerum","Mature",1,NA,0,0,60,2020,NA,NA
"6/26/20",09:37:00,"Lunnarp","Ischnura_elegans","Immature",1,NA,0,0,60,2020,NA,NA
"6/26/20",09:37:00,"Lunnarp","Enallagma_cyathigerum","Mature",1,NA,0,26,60,2020,NA,NA
"6/26/20",09:37:00,"Lunnarp","Coenagrion_puella","Mature",1,NA,0,12,60,2020,NA,NA
"6/26/20",09:37:00,"Lunnarp","Coenagrion_puella","Mature",1,NA,0,1,60,2020,NA,NA
"6/26/20",09:37:00,"Lunnarp","Ischnura_elegans","Mature",1,NA,0,0,60,2020,NA,NA
"6/18/20",11:25:00,"Lunnarp","Enallagma_cyathigerum","Mature",1,NA,0,5,30,2020,NA,NA
"6/18/20",11:25:00,"Lunnarp","Enallagma_cyathigerum","Mature",1,NA,0,2,30,2020,NA,NA
"6/18/20",11:25:00,"Lunnarp","Enallagma_cyathigerum","Mature",1,NA,0,1,30,2020,NA,NA
"6/18/20",11:25:00,"Lunnarp","Enallagma_cyathigerum","Mature",1,NA,0,NA,30,2020,NA,NA
"6/18/20",11:25:00,"Lunnarp","Enallagma_cyathigerum","Mature",1,NA,0,2,30,2020,NA,NA
"6/18/20",11:25:00,"Lunnarp","Enallagma_cyathigerum","Mature",1,NA,0,0,30,2020,NA,NA
"6/18/20",11:25:00,"Lunnarp","Enallagma_cyathigerum","Mature",1,NA,0,0,30,2020,NA,NA
"6/18/20",11:25:00,"Lunnarp","Enallagma_cyathigerum","Mature",1,NA,0,0,30,2020,NA,NA
"6/18/20",11:25:00,"Lunnarp","Enallagma_cyathigerum","Mature",1,NA,0,1,30,2020,NA,NA
"6/18/20",11:25:00,"Lunnarp","Ischnura_elegans","Immature",0,"Androchrome",0,0,30,2020,"Androchrome",NA
"6/18/20",11:25:00,"Lunnarp","Ischnura_elegans","Immature",1,NA,0,0,30,2020,NA,NA
"6/18/20",11:25:00,"Lunnarp","Enallagma_cyathigerum","Mature",1,NA,0,0,30,2020,NA,NA
"6/18/20",11:25:00,"Lunnarp","Enallagma_cyathigerum","Mature",1,NA,0,1,30,2020,NA,NA
"6/18/20",11:25:00,"Lunnarp","Enallagma_cyathigerum","Mature",1,NA,0,0,30,2020,NA,NA
"6/18/20",11:25:00,"Lunnarp","Enallagma_cyathigerum","Mature",1,NA,0,0,30,2020,NA,NA
"6/18/20",11:25:00,"Lunnarp","Enallagma_cyathigerum","Mature",1,NA,0,15,30,2020,NA,NA
"6/18/20",11:25:00,"Lunnarp","Enallagma_cyathigerum","Mature",1,NA,0,0,30,2020,NA,NA
"6/18/20",11:25:00,"Lunnarp","Enallagma_cyathigerum","Mature",1,NA,0,0,30,2020,NA,NA
"6/18/20",11:25:00,"Lunnarp","Enallagma_cyathigerum","Mature",1,NA,0,0,30,2020,NA,NA
"6/18/20",11:25:00,"Lunnarp","Coenagrion_puella","Mature",0,"Gynochrome",0,0,30,2020,NA,NA
"6/18/20",11:25:00,"Lunnarp","Enallagma_cyathigerum","Mature",1,NA,0,0,30,2020,NA,NA
"6/18/20",11:25:00,"Lunnarp","Enallagma_cyathigerum","Mature",1,NA,0,13,30,2020,NA,NA
"6/18/20",11:25:00,"Lunnarp","Enallagma_cyathigerum","Mature",1,NA,0,0,30,2020,NA,NA
"6/18/20",11:25:00,"Lunnarp","Lestes_sponsa","Teneral",0,NA,0,0,30,2020,NA,NA
"6/18/20",11:25:00,"Lunnarp","Lestes_sponsa","Teneral",0,NA,0,0,30,2020,NA,NA
"6/18/20",11:25:00,"Lunnarp","Enallagma_cyathigerum","Mature",1,NA,0,0,30,2020,NA,NA
"6/18/20",11:25:00,"Lunnarp","Ischnura_elegans","Mature",1,NA,0,0,30,2020,NA,NA
"6/18/20",11:25:00,"Lunnarp","Coenagrion_puella","Mature",1,NA,0,0,30,2020,NA,NA
"6/18/20",11:25:00,"Lunnarp","Enallagma_cyathigerum","Mature",1,NA,0,0,30,2020,NA,NA
"6/18/20",11:25:00,"Lunnarp","Enallagma_cyathigerum","Mature",1,NA,0,0,30,2020,NA,NA
"6/18/20",11:25:00,"Lunnarp","Coenagrion_pulchellum","Mature",1,NA,0,0,30,2020,NA,NA
"6/18/20",11:25:00,"Lunnarp","Enallagma_cyathigerum","Immature",1,NA,0,1,30,2020,NA,NA
"6/18/20",11:25:00,"Lunnarp","Enallagma_cyathigerum","Mature",1,NA,0,0,30,2020,NA,NA
"6/18/20",11:25:00,"Lunnarp","Enallagma_cyathigerum","Mature",1,NA,0,0,30,2020,NA,NA
"6/18/20",11:25:00,"Lunnarp","Enallagma_cyathigerum","Mature",1,NA,0,1,30,2020,NA,NA
"6/18/20",11:25:00,"Lunnarp","Enallagma_cyathigerum","Mature",1,NA,0,0,30,2020,NA,NA
"6/18/20",11:25:00,"Lunnarp","Enallagma_cyathigerum","Mature",0,"Gynochrome",0,0,30,2020,NA,NA
"7/11/20",15:45:00,"Rabydammen","Ischnura_elegans","Mature",0,"Androchrome",0,31,60,2020,"Androchrome",NA
"7/11/20",15:45:00,"Rabydammen","Ischnura_elegans","Mature",0,"Androchrome",0,0,60,2020,"Androchrome",NA
"7/11/20",15:45:00,"Rabydammen","Ischnura_elegans","Mature",0,"Androchrome",0,10,60,2020,"Androchrome",NA
"7/11/20",15:45:00,"Rabydammen","Ischnura_elegans","Mature",0,"Androchrome",0,0,60,2020,"Androchrome",NA
"7/11/20",15:45:00,"Rabydammen","Enallagma_cyathigerum","Mature",0,"Androchrome",1,0,60,2020,NA,NA
"7/19/20",10:11:00,"Rabydammen","Coenagrion_pulchellum","Mature",0,"Androchrome",1,18,40,2020,NA,NA
"7/19/20",10:11:00,"Rabydammen","Ischnura_elegans","Mature",0,"Androchrome",0,0,40,2020,"Androchrome",NA
"7/19/20",10:11:00,"Rabydammen","Ischnura_elegans","Mature",0,"Androchrome",0,0,40,2020,"Androchrome",NA
"7/11/20",15:45:00,"Rabydammen","Enallagma_cyathigerum","Mature",0,"Gynochrome",0,0,60,2020,NA,NA
"7/11/20",15:45:00,"Rabydammen","Enallagma_cyathigerum","Mature",0,"Gynochrome",1,16,60,2020,NA,NA
"7/11/20",15:45:00,"Rabydammen","Erythromma_viridulum",NA,0,"Gynochrome",1,NA,60,2020,NA,NA
"7/11/20",15:45:00,"Rabydammen","Erythromma_viridulum",NA,0,"Gynochrome",1,NA,60,2020,NA,NA
"7/11/20",15:45:00,"Rabydammen","Erythromma_viridulum",NA,0,"Gynochrome",1,NA,60,2020,NA,NA
"7/19/20",10:11:00,"Rabydammen","Anax_imperator","Mature",0,"Gynochrome",0,NA,40,2020,NA,NA
"7/19/20",10:11:00,"Rabydammen","Erythromma_viridulum","Mature",0,"Gynochrome",1,NA,40,2020,NA,NA
"7/19/20",10:11:00,"Rabydammen","Erythromma_viridulum","Mature",0,"Gynochrome",1,NA,40,2020,NA,NA
"7/19/20",10:11:00,"Rabydammen","Erythromma_viridulum","Mature",0,"Gynochrome",1,NA,40,2020,NA,NA
"7/19/20",10:11:00,"Rabydammen","Erythromma_viridulum","Mature",0,"Gynochrome",1,NA,40,2020,NA,NA
"7/19/20",10:11:00,"Rabydammen","Ischnura_elegans","Mature",0,"Gynochrome",0,0,40,2020,"Infuscans",NA
"7/11/20",15:45:00,"Rabydammen","Enallagma_cyathigerum","Mature",1,NA,0,6,60,2020,NA,NA
"7/11/20",15:45:00,"Rabydammen","Enallagma_cyathigerum","Mature",1,NA,0,0,60,2020,NA,NA
"7/11/20",15:45:00,"Rabydammen","Erythromma_viridulum","Mature",1,NA,0,0,60,2020,NA,NA
"7/11/20",15:45:00,"Rabydammen","Erythromma_viridulum","Teneral",0,NA,0,0,60,2020,NA,NA
"7/11/20",15:45:00,"Rabydammen","Enallagma_cyathigerum","Mature",1,NA,0,2,60,2020,NA,NA
"7/11/20",15:45:00,"Rabydammen","Ischnura_pumilio","Mature",1,NA,0,0,60,2020,NA,NA
"7/11/20",15:45:00,"Rabydammen","Erythromma_najas","Mature",1,NA,0,0,60,2020,NA,NA
"7/11/20",15:45:00,"Rabydammen","Enallagma_cyathigerum","Mature",1,NA,0,0,60,2020,NA,NA
"7/11/20",15:45:00,"Rabydammen","Ischnura_elegans","Mature",1,NA,0,0,60,2020,NA,NA
"7/11/20",15:45:00,"Rabydammen","Ischnura_elegans","Mature",1,NA,0,0,60,2020,NA,NA
"7/11/20",15:45:00,"Rabydammen","Erythromma_najas","Mature",1,NA,0,0,60,2020,NA,NA
"7/11/20",15:45:00,"Rabydammen","Ischnura_elegans","Teneral",1,NA,0,0,60,2020,NA,NA
"7/11/20",15:45:00,"Rabydammen","Enallagma_cyathigerum","Mature",1,NA,0,7,60,2020,NA,NA
"7/11/20",15:45:00,"Rabydammen","Erythromma_viridulum","Mature",1,NA,0,0,60,2020,NA,NA
"7/11/20",15:45:00,"Rabydammen","Enallagma_cyathigerum","Mature",1,NA,0,3,60,2020,NA,NA
"7/11/20",15:45:00,"Rabydammen","Enallagma_cyathigerum","Mature",1,NA,0,7,60,2020,NA,NA
"7/11/20",15:45:00,"Rabydammen","Erythromma_viridulum","Mature",1,NA,0,0,60,2020,NA,NA
"7/11/20",15:45:00,"Rabydammen","Enallagma_cyathigerum","Mature",1,NA,0,25,60,2020,NA,NA
"7/11/20",15:45:00,"Rabydammen","Erythromma_viridulum","Teneral",1,NA,0,0,60,2020,NA,NA
"7/11/20",15:45:00,"Rabydammen","Ischnura_elegans","Teneral",1,NA,0,0,60,2020,NA,NA
"7/11/20",15:45:00,"Rabydammen","Orthetrum_cancellatum",NA,1,NA,0,NA,60,2020,NA,NA
"7/11/20",15:45:00,"Rabydammen","Orthetrum_cancellatum",NA,1,NA,0,NA,60,2020,NA,NA
"7/11/20",15:45:00,"Rabydammen","Enallagma_cyathigerum","Mature",1,NA,1,2,60,2020,NA,NA
"7/11/20",15:45:00,"Rabydammen","Enallagma_cyathigerum","Mature",1,NA,1,5,60,2020,NA,NA
"7/11/20",15:45:00,"Rabydammen","Erythromma_viridulum",NA,1,NA,1,NA,60,2020,NA,NA
"7/11/20",15:45:00,"Rabydammen","Erythromma_viridulum",NA,1,NA,1,NA,60,2020,NA,NA
"7/11/20",15:45:00,"Rabydammen","Erythromma_viridulum",NA,1,NA,1,NA,60,2020,NA,NA
"7/11/20",15:45:00,"Rabydammen","Erythromma_viridulum",NA,1,NA,0,NA,60,2020,NA,NA
"7/11/20",15:45:00,"Rabydammen","Erythromma_viridulum",NA,1,NA,0,NA,60,2020,NA,NA
"7/19/20",10:11:00,"Rabydammen","Anax_imperator","Mature",1,NA,0,NA,40,2020,NA,NA
"7/19/20",10:11:00,"Rabydammen","Anax_imperator","Mature",1,NA,0,NA,40,2020,NA,NA
"7/19/20",10:11:00,"Rabydammen","Anax_imperator","Mature",1,NA,0,NA,40,2020,NA,NA
"7/19/20",10:11:00,"Rabydammen","Anax_imperator","Mature",1,NA,0,NA,40,2020,NA,NA
"7/19/20",10:11:00,"Rabydammen","Anax_imperator","Mature",1,NA,0,NA,40,2020,NA,NA
"7/19/20",10:11:00,"Rabydammen","Anax_imperator","Mature",1,NA,0,0,40,2020,NA,NA
"7/19/20",10:11:00,"Rabydammen","Orthetrum_cancellatum","Mature",1,NA,0,NA,40,2020,NA,NA
"7/19/20",10:11:00,"Rabydammen","Orthetrum_cancellatum","Mature",1,NA,0,NA,40,2020,NA,NA
"7/19/20",10:11:00,"Rabydammen","Calopteryx_splendens","Mature",1,NA,0,0,40,2020,NA,NA
"7/19/20",10:11:00,"Rabydammen","Coenagrion_pulchellum","Mature",1,NA,1,0,40,2020,NA,NA
"7/19/20",10:11:00,"Rabydammen","Lestes_sponsa","Mature",1,NA,0,0,40,2020,NA,NA
"7/19/20",10:11:00,"Rabydammen","Erythromma_viridulum","Mature",1,NA,0,7,40,2020,NA,NA
"7/19/20",10:11:00,"Rabydammen","Erythromma_viridulum","Mature",1,NA,0,6,40,2020,NA,NA
"7/19/20",10:11:00,"Rabydammen","Erythromma_viridulum","Mature",1,NA,0,3,40,2020,NA,NA
"7/19/20",10:11:00,"Rabydammen","Ischnura_elegans","Mature",1,NA,0,0,40,2020,NA,NA
"7/19/20",10:11:00,"Rabydammen","Erythromma_viridulum","Teneral",0,NA,0,0,40,2020,NA,NA
"7/19/20",10:11:00,"Rabydammen","Erythromma_viridulum","Mature",1,NA,0,39,40,2020,NA,NA
"7/19/20",10:11:00,"Rabydammen","Enallagma_cyathigerum","Mature",1,NA,0,0,40,2020,NA,NA
"7/19/20",10:11:00,"Rabydammen","Erythromma_viridulum","Mature",1,NA,0,5,40,2020,NA,NA
"7/19/20",10:11:00,"Rabydammen","Erythromma_viridulum","Mature",1,NA,0,11,40,2020,NA,NA
"7/19/20",10:11:00,"Rabydammen","Erythromma_viridulum","Mature",1,NA,0,4,40,2020,NA,NA
"7/19/20",10:11:00,"Rabydammen","Coenagrion_puella","Mature",1,NA,0,0,40,2020,NA,NA
"7/19/20",10:11:00,"Rabydammen","Enallagma_cyathigerum","Mature",1,NA,0,NA,40,2020,NA,NA
"7/19/20",10:11:00,"Rabydammen","Coenagrion_puella","Mature",1,NA,0,0,40,2020,NA,NA
"7/19/20",10:11:00,"Rabydammen","Erythromma_viridulum","Mature",1,NA,0,1,40,2020,NA,NA
"7/19/20",10:11:00,"Rabydammen","Erythromma_viridulum","Mature",1,NA,0,3,40,2020,NA,NA
"7/19/20",10:11:00,"Rabydammen","Coenagrion_pulchellum","Mature",1,NA,0,0,40,2020,NA,NA
"7/19/20",10:11:00,"Rabydammen","Erythromma_viridulum","Mature",1,NA,0,3,40,2020,NA,NA
"7/19/20",10:11:00,"Rabydammen","Erythromma_viridulum","Mature",1,NA,0,2,40,2020,NA,NA
"7/19/20",10:11:00,"Rabydammen","Ischnura_elegans","Mature",1,NA,0,0,40,2020,NA,NA
"7/19/20",10:11:00,"Rabydammen","Erythromma_viridulum","Mature",1,NA,0,2,40,2020,NA,NA
"7/19/20",10:11:00,"Rabydammen","Platycnemis_pennipes","Mature",1,NA,0,0,40,2020,NA,NA
"7/19/20",10:11:00,"Rabydammen","Coenagrion_pulchellum","Mature",1,NA,0,3,40,2020,NA,NA
"7/19/20",10:11:00,"Rabydammen","Erythromma_viridulum","Teneral",0,NA,0,0,40,2020,NA,NA
"7/19/20",10:11:00,"Rabydammen","Erythromma_viridulum","Teneral",0,NA,0,0,40,2020,NA,NA
"7/19/20",10:11:00,"Rabydammen","Erythromma_viridulum","Mature",1,NA,1,NA,40,2020,NA,NA
"7/19/20",10:11:00,"Rabydammen","Erythromma_viridulum","Mature",1,NA,1,NA,40,2020,NA,NA
"7/19/20",10:11:00,"Rabydammen","Erythromma_viridulum","Mature",1,NA,1,NA,40,2020,NA,NA
"7/19/20",10:11:00,"Rabydammen","Erythromma_viridulum","Mature",1,NA,1,NA,40,2020,NA,NA
"7/19/20",10:11:00,"Rabydammen","Erythromma_viridulum","Mature",1,NA,0,NA,40,2020,NA,NA
"7/19/20",10:11:00,"Rabydammen","Erythromma_viridulum","Mature",1,NA,0,NA,40,2020,NA,NA
"7/19/20",10:11:00,"Rabydammen","Erythromma_viridulum","Mature",1,NA,0,NA,40,2020,NA,NA
"7/19/20",10:11:00,"Rabydammen","Erythromma_viridulum","Mature",1,NA,0,NA,40,2020,NA,NA
"7/19/20",10:11:00,"Rabydammen","Erythromma_viridulum","Mature",1,NA,0,NA,40,2020,NA,NA
"7/19/20",10:11:00,"Rabydammen","Erythromma_viridulum","Mature",1,NA,0,NA,40,2020,NA,NA
"7/19/20",10:11:00,"Rabydammen","Erythromma_viridulum","Mature",1,NA,0,NA,40,2020,NA,NA
"7/19/20",10:11:00,"Rabydammen","Erythromma_viridulum","Mature",1,NA,0,NA,40,2020,NA,NA
"7/19/20",10:11:00,"Rabydammen","Erythromma_viridulum","Mature",1,NA,0,NA,40,2020,NA,NA
"7/19/20",10:11:00,"Rabydammen","Erythromma_viridulum","Mature",1,NA,0,NA,40,2020,NA,NA
"7/19/20",10:11:00,"Rabydammen","Erythromma_viridulum","Mature",1,NA,0,NA,40,2020,NA,NA
"7/19/20",10:11:00,"Rabydammen","Erythromma_viridulum","Mature",1,NA,0,NA,40,2020,NA,NA
"7/19/20",10:11:00,"Rabydammen","Erythromma_viridulum","Mature",1,NA,0,NA,40,2020,NA,NA
"7/19/20",10:11:00,"Rabydammen","Erythromma_viridulum","Mature",1,NA,0,NA,40,2020,NA,NA
"7/19/20",10:11:00,"Rabydammen","Erythromma_viridulum","Mature",1,NA,0,NA,40,2020,NA,NA
"7/19/20",10:11:00,"Rabydammen","Erythromma_viridulum","Mature",1,NA,0,NA,40,2020,NA,NA
"7/19/20",10:11:00,"Rabydammen","Erythromma_viridulum","Mature",1,NA,0,NA,40,2020,NA,NA
"7/19/20",10:11:00,"Rabydammen","Erythromma_viridulum","Mature",1,NA,0,NA,40,2020,NA,NA
"7/19/20",10:11:00,"Rabydammen","Erythromma_viridulum","Mature",1,NA,0,NA,40,2020,NA,NA
"7/19/20",10:11:00,"Rabydammen","Erythromma_viridulum","Mature",1,NA,0,NA,40,2020,NA,NA
"7/19/20",10:11:00,"Rabydammen","Erythromma_viridulum","Mature",1,NA,0,NA,40,2020,NA,NA
"7/19/20",10:11:00,"Rabydammen","Erythromma_viridulum","Mature",1,NA,0,NA,40,2020,NA,NA
"7/19/20",10:11:00,"Rabydammen","Erythromma_viridulum","Mature",1,NA,0,NA,40,2020,NA,NA
"7/19/20",10:11:00,"Rabydammen","Erythromma_viridulum","Mature",1,NA,0,NA,40,2020,NA,NA
"7/19/20",10:11:00,"Rabydammen","Erythromma_viridulum","Mature",1,NA,0,NA,40,2020,NA,NA
"7/19/20",10:11:00,"Rabydammen","Erythromma_viridulum","Mature",1,NA,0,NA,40,2020,NA,NA
"7/19/20",10:11:00,"Rabydammen","Erythromma_viridulum","Mature",1,NA,0,NA,40,2020,NA,NA
"7/19/20",10:11:00,"Rabydammen","Erythromma_viridulum","Mature",1,NA,0,NA,40,2020,NA,NA
"7/19/20",10:11:00,"Rabydammen","Erythromma_viridulum","Mature",1,NA,0,NA,40,2020,NA,NA
"7/19/20",10:11:00,"Rabydammen","Erythromma_viridulum","Mature",1,NA,0,NA,40,2020,NA,NA
"7/19/20",10:11:00,"Rabydammen","Erythromma_viridulum","Mature",1,NA,0,NA,40,2020,NA,NA
"7/19/20",10:11:00,"Rabydammen","Erythromma_viridulum","Mature",1,NA,0,NA,40,2020,NA,NA
"7/19/20",10:11:00,"Rabydammen","Erythromma_viridulum","Mature",1,NA,0,NA,40,2020,NA,NA
"7/19/20",10:11:00,"Rabydammen","Erythromma_viridulum","Mature",1,NA,0,NA,40,2020,NA,NA
"7/19/20",10:11:00,"Rabydammen","Erythromma_viridulum","Mature",1,NA,0,NA,40,2020,NA,NA
"7/19/20",10:11:00,"Rabydammen","Erythromma_viridulum","Mature",1,NA,0,NA,40,2020,NA,NA
"7/19/20",10:11:00,"Rabydammen","Erythromma_viridulum","Mature",1,NA,0,NA,40,2020,NA,NA
"7/19/20",10:11:00,"Rabydammen","Erythromma_viridulum","Mature",1,NA,0,NA,40,2020,NA,NA
"7/19/20",10:11:00,"Rabydammen","Erythromma_viridulum","Mature",1,NA,0,NA,40,2020,NA,NA
"7/19/20",10:11:00,"Rabydammen","Erythromma_viridulum","Mature",1,NA,0,NA,40,2020,NA,NA
"7/19/20",10:11:00,"Rabydammen","Erythromma_viridulum","Mature",1,NA,0,NA,40,2020,NA,NA
"7/19/20",10:11:00,"Rabydammen","Erythromma_viridulum","Mature",1,NA,0,NA,40,2020,NA,NA
"7/19/20",10:11:00,"Rabydammen","Erythromma_viridulum","Mature",1,NA,0,NA,40,2020,NA,NA
"7/19/20",10:11:00,"Rabydammen","Erythromma_viridulum","Mature",1,NA,0,NA,40,2020,NA,NA
"7/19/20",10:11:00,"Rabydammen","Erythromma_viridulum","Mature",1,NA,0,NA,40,2020,NA,NA
"7/19/20",10:11:00,"Rabydammen","Erythromma_viridulum","Mature",1,NA,0,NA,40,2020,NA,NA
"7/19/20",10:11:00,"Rabydammen","Erythromma_viridulum","Mature",1,NA,0,NA,40,2020,NA,NA
"7/19/20",10:11:00,"Rabydammen","Erythromma_viridulum","Mature",1,NA,0,NA,40,2020,NA,NA
"7/19/20",10:11:00,"Rabydammen","Erythromma_viridulum","Mature",1,NA,0,NA,40,2020,NA,NA
"7/19/20",10:11:00,"Rabydammen","Erythromma_viridulum","Mature",1,NA,0,NA,40,2020,NA,NA
"7/19/20",10:11:00,"Rabydammen","Erythromma_viridulum","Mature",1,NA,0,NA,40,2020,NA,NA
"7/19/20",10:11:00,"Rabydammen","Erythromma_viridulum","Mature",1,NA,0,NA,40,2020,NA,NA
"7/19/20",10:11:00,"Rabydammen","Erythromma_viridulum","Mature",1,NA,0,NA,40,2020,NA,NA
"7/19/20",10:11:00,"Rabydammen","Erythromma_viridulum","Mature",1,NA,0,NA,40,2020,NA,NA
"7/19/20",10:11:00,"Rabydammen","Erythromma_viridulum","Mature",1,NA,0,NA,40,2020,NA,NA
"7/19/20",10:11:00,"Rabydammen","Erythromma_viridulum","Mature",1,NA,0,NA,40,2020,NA,NA
"7/19/20",10:11:00,"Rabydammen","Erythromma_viridulum","Mature",1,NA,0,NA,40,2020,NA,NA
"7/19/20",10:11:00,"Rabydammen","Erythromma_viridulum","Mature",1,NA,0,NA,40,2020,NA,NA
"7/19/20",10:11:00,"Rabydammen","Erythromma_viridulum","Mature",1,NA,0,NA,40,2020,NA,NA
"7/19/20",10:11:00,"Rabydammen","Erythromma_viridulum","Mature",1,NA,0,NA,40,2020,NA,NA
"7/19/20",10:11:00,"Rabydammen","Erythromma_viridulum","Mature",1,NA,0,NA,40,2020,NA,NA
"7/19/20",10:11:00,"Rabydammen","Erythromma_viridulum","Mature",1,NA,0,NA,40,2020,NA,NA
"7/19/20",10:11:00,"Rabydammen","Erythromma_viridulum","Mature",1,NA,0,NA,40,2020,NA,NA
"7/19/20",10:11:00,"Rabydammen","Erythromma_viridulum","Mature",1,NA,0,NA,40,2020,NA,NA
"7/19/20",10:11:00,"Rabydammen","Erythromma_viridulum","Mature",1,NA,0,NA,40,2020,NA,NA
"7/19/20",10:11:00,"Rabydammen","Erythromma_viridulum","Mature",1,NA,0,NA,40,2020,NA,NA
"7/19/20",10:11:00,"Rabydammen","Erythromma_viridulum","Mature",1,NA,0,NA,40,2020,NA,NA
"7/19/20",10:11:00,"Rabydammen","Erythromma_viridulum","Mature",1,NA,0,NA,40,2020,NA,NA
"7/19/20",10:11:00,"Rabydammen","Erythromma_viridulum","Mature",1,NA,0,NA,40,2020,NA,NA
"7/19/20",10:11:00,"Rabydammen","Erythromma_viridulum","Mature",1,NA,0,NA,40,2020,NA,NA
"7/19/20",10:11:00,"Rabydammen","Erythromma_viridulum","Mature",1,NA,0,NA,40,2020,NA,NA
"7/19/20",10:11:00,"Rabydammen","Erythromma_viridulum","Mature",1,NA,0,NA,40,2020,NA,NA
"7/19/20",10:11:00,"Rabydammen","Erythromma_viridulum","Mature",1,NA,0,NA,40,2020,NA,NA
"7/19/20",10:11:00,"Rabydammen","Erythromma_viridulum","Mature",1,NA,0,NA,40,2020,NA,NA
"7/19/20",10:11:00,"Rabydammen","Erythromma_viridulum","Mature",1,NA,0,NA,40,2020,NA,NA
"7/19/20",10:11:00,"Rabydammen","Erythromma_viridulum","Mature",1,NA,0,NA,40,2020,NA,NA
"7/19/20",10:11:00,"Rabydammen","Erythromma_viridulum","Mature",1,NA,0,NA,40,2020,NA,NA
"7/19/20",10:11:00,"Rabydammen","Erythromma_viridulum","Mature",1,NA,0,NA,40,2020,NA,NA
"7/19/20",10:11:00,"Rabydammen","Erythromma_viridulum","Mature",1,NA,0,NA,40,2020,NA,NA
"7/19/20",10:11:00,"Rabydammen","Erythromma_viridulum","Mature",1,NA,0,NA,40,2020,NA,NA
"7/19/20",10:11:00,"Rabydammen","Erythromma_viridulum","Mature",1,NA,0,NA,40,2020,NA,NA
"7/19/20",10:11:00,"Rabydammen","Erythromma_viridulum","Mature",1,NA,0,NA,40,2020,NA,NA
"7/19/20",10:11:00,"Rabydammen","Erythromma_viridulum","Mature",1,NA,0,NA,40,2020,NA,NA
"7/19/20",10:11:00,"Rabydammen","Erythromma_viridulum","Mature",1,NA,0,NA,40,2020,NA,NA
"7/19/20",10:11:00,"Rabydammen","Erythromma_viridulum","Mature",1,NA,0,NA,40,2020,NA,NA
"7/19/20",10:11:00,"Rabydammen","Erythromma_viridulum","Mature",1,NA,0,NA,40,2020,NA,NA
"7/19/20",10:11:00,"Rabydammen","Erythromma_viridulum","Mature",1,NA,0,NA,40,2020,NA,NA
"7/19/20",10:11:00,"Rabydammen","Erythromma_viridulum","Mature",1,NA,0,NA,40,2020,NA,NA
"7/19/20",10:11:00,"Rabydammen","Erythromma_viridulum","Mature",1,NA,0,NA,40,2020,NA,NA
"7/19/20",10:11:00,"Rabydammen","Erythromma_viridulum","Mature",1,NA,0,NA,40,2020,NA,NA
"7/19/20",10:11:00,"Rabydammen","Erythromma_viridulum","Mature",1,NA,0,NA,40,2020,NA,NA
"7/19/20",10:11:00,"Rabydammen","Erythromma_viridulum","Mature",1,NA,0,NA,40,2020,NA,NA
"7/19/20",10:11:00,"Rabydammen","Erythromma_viridulum","Mature",1,NA,0,NA,40,2020,NA,NA
"7/19/20",10:11:00,"Rabydammen","Erythromma_viridulum","Mature",1,NA,0,NA,40,2020,NA,NA
"7/19/20",10:11:00,"Rabydammen","Erythromma_viridulum","Mature",1,NA,0,NA,40,2020,NA,NA
"7/19/20",10:11:00,"Rabydammen","Erythromma_viridulum","Mature",1,NA,0,NA,40,2020,NA,NA
"7/19/20",10:11:00,"Rabydammen","Erythromma_viridulum","Mature",1,NA,0,NA,40,2020,NA,NA
"7/19/20",10:11:00,"Rabydammen","Erythromma_viridulum","Mature",1,NA,0,NA,40,2020,NA,NA
"7/19/20",10:11:00,"Rabydammen","Erythromma_viridulum","Mature",1,NA,0,NA,40,2020,NA,NA
"7/19/20",10:11:00,"Rabydammen","Erythromma_viridulum","Mature",1,NA,0,NA,40,2020,NA,NA
"7/19/20",10:11:00,"Rabydammen","Erythromma_viridulum","Mature",1,NA,0,NA,40,2020,NA,NA
"7/19/20",10:11:00,"Rabydammen","Erythromma_viridulum","Mature",1,NA,0,NA,40,2020,NA,NA
"7/19/20",10:11:00,"Rabydammen","Erythromma_viridulum","Mature",1,NA,0,NA,40,2020,NA,NA
"7/19/20",10:11:00,"Rabydammen","Erythromma_viridulum","Mature",1,NA,0,NA,40,2020,NA,NA
"7/19/20",10:11:00,"Rabydammen","Erythromma_viridulum","Mature",1,NA,0,NA,40,2020,NA,NA
"7/19/20",10:11:00,"Rabydammen","Erythromma_viridulum","Mature",1,NA,0,NA,40,2020,NA,NA
"7/19/20",10:11:00,"Rabydammen","Erythromma_viridulum","Mature",1,NA,0,NA,40,2020,NA,NA
"7/19/20",10:11:00,"Rabydammen","Erythromma_viridulum","Mature",1,NA,0,NA,40,2020,NA,NA
"7/19/20",10:11:00,"Rabydammen","Erythromma_viridulum","Mature",1,NA,0,NA,40,2020,NA,NA
"7/19/20",10:11:00,"Rabydammen","Erythromma_viridulum","Mature",1,NA,0,NA,40,2020,NA,NA
"7/19/20",10:11:00,"Rabydammen","Erythromma_viridulum","Mature",1,NA,0,NA,40,2020,NA,NA
"7/19/20",10:11:00,"Rabydammen","Erythromma_viridulum","Mature",1,NA,0,NA,40,2020,NA,NA
"7/19/20",10:11:00,"Rabydammen","Erythromma_viridulum","Mature",1,NA,0,NA,40,2020,NA,NA
"7/19/20",10:11:00,"Rabydammen","Erythromma_viridulum","Mature",1,NA,0,NA,40,2020,NA,NA
"7/19/20",10:11:00,"Rabydammen","Erythromma_viridulum","Mature",1,NA,0,NA,40,2020,NA,NA
"7/19/20",10:11:00,"Rabydammen","Erythromma_viridulum","Mature",1,NA,0,NA,40,2020,NA,NA
"7/19/20",10:11:00,"Rabydammen","Erythromma_viridulum","Mature",1,NA,0,NA,40,2020,NA,NA
"7/19/20",10:11:00,"Rabydammen","Erythromma_viridulum","Mature",1,NA,0,NA,40,2020,NA,NA
"7/19/20",10:11:00,"Rabydammen","Erythromma_viridulum","Mature",1,NA,0,NA,40,2020,NA,NA
"7/19/20",10:11:00,"Rabydammen","Erythromma_viridulum","Mature",1,NA,0,NA,40,2020,NA,NA
"7/19/20",10:11:00,"Rabydammen","Erythromma_viridulum","Mature",1,NA,0,NA,40,2020,NA,NA
"7/19/20",10:11:00,"Rabydammen","Erythromma_viridulum","Mature",1,NA,0,NA,40,2020,NA,NA
"7/19/20",10:11:00,"Rabydammen","Erythromma_viridulum","Mature",1,NA,0,NA,40,2020,NA,NA
"7/19/20",10:11:00,"Rabydammen","Erythromma_viridulum","Mature",1,NA,0,NA,40,2020,NA,NA
"7/19/20",10:11:00,"Rabydammen","Erythromma_viridulum","Mature",1,NA,0,NA,40,2020,NA,NA
"7/19/20",10:11:00,"Rabydammen","Erythromma_viridulum","Mature",1,NA,0,NA,40,2020,NA,NA
"7/19/20",10:11:00,"Rabydammen","Erythromma_viridulum","Mature",1,NA,0,NA,40,2020,NA,NA
"7/19/20",10:11:00,"Rabydammen","Erythromma_viridulum","Mature",1,NA,0,NA,40,2020,NA,NA
"7/19/20",10:11:00,"Rabydammen","Erythromma_viridulum","Mature",1,NA,0,NA,40,2020,NA,NA
"7/19/20",10:11:00,"Rabydammen","Erythromma_viridulum","Mature",1,NA,0,NA,40,2020,NA,NA
"7/19/20",10:11:00,"Rabydammen","Erythromma_viridulum","Mature",1,NA,0,NA,40,2020,NA,NA
"7/19/20",10:11:00,"Rabydammen","Erythromma_viridulum","Mature",1,NA,0,NA,40,2020,NA,NA
"7/19/20",10:11:00,"Rabydammen","Erythromma_viridulum","Mature",1,NA,0,NA,40,2020,NA,NA
"7/19/20",10:11:00,"Rabydammen","Erythromma_viridulum","Mature",1,NA,0,NA,40,2020,NA,NA
"7/19/20",10:11:00,"Rabydammen","Erythromma_viridulum","Mature",1,NA,0,NA,40,2020,NA,NA
"7/19/20",10:11:00,"Rabydammen","Erythromma_viridulum","Mature",1,NA,0,NA,40,2020,NA,NA
"7/19/20",10:11:00,"Rabydammen","Erythromma_viridulum","Mature",1,NA,0,NA,40,2020,NA,NA
"7/19/20",10:11:00,"Rabydammen","Erythromma_viridulum","Mature",1,NA,0,NA,40,2020,NA,NA
"7/19/20",10:11:00,"Rabydammen","Erythromma_viridulum","Mature",1,NA,0,NA,40,2020,NA,NA
"7/19/20",10:11:00,"Rabydammen","Erythromma_viridulum","Mature",1,NA,0,NA,40,2020,NA,NA
"7/19/20",10:11:00,"Rabydammen","Erythromma_viridulum","Mature",1,NA,0,NA,40,2020,NA,NA
"7/19/20",10:11:00,"Rabydammen","Erythromma_viridulum","Mature",1,NA,0,NA,40,2020,NA,NA
"7/19/20",10:11:00,"Rabydammen","Erythromma_viridulum","Mature",1,NA,0,NA,40,2020,NA,NA
"7/19/20",10:11:00,"Rabydammen","Erythromma_viridulum","Mature",1,NA,0,NA,40,2020,NA,NA
"7/19/20",10:11:00,"Rabydammen","Erythromma_viridulum","Mature",1,NA,0,NA,40,2020,NA,NA
"7/19/20",10:11:00,"Rabydammen","Erythromma_viridulum","Mature",1,NA,0,NA,40,2020,NA,NA
"7/19/20",10:11:00,"Rabydammen","Erythromma_viridulum","Mature",1,NA,0,NA,40,2020,NA,NA
"7/19/20",10:11:00,"Rabydammen","Erythromma_viridulum","Mature",1,NA,0,NA,40,2020,NA,NA
"7/19/20",10:11:00,"Rabydammen","Erythromma_viridulum","Mature",1,NA,0,NA,40,2020,NA,NA
"7/19/20",10:11:00,"Rabydammen","Erythromma_viridulum","Mature",1,NA,0,NA,40,2020,NA,NA
"7/19/20",10:11:00,"Rabydammen","Erythromma_viridulum","Mature",1,NA,0,NA,40,2020,NA,NA
"7/19/20",10:11:00,"Rabydammen","Erythromma_viridulum","Mature",1,NA,0,NA,40,2020,NA,NA
"7/19/20",10:11:00,"Rabydammen","Erythromma_viridulum","Mature",1,NA,0,NA,40,2020,NA,NA
"7/19/20",10:11:00,"Rabydammen","Erythromma_viridulum","Mature",1,NA,0,NA,40,2020,NA,NA
"7/19/20",10:11:00,"Rabydammen","Erythromma_viridulum","Mature",1,NA,0,NA,40,2020,NA,NA
"7/19/20",10:11:00,"Rabydammen","Erythromma_viridulum","Mature",1,NA,0,NA,40,2020,NA,NA
"7/19/20",10:11:00,"Rabydammen","Erythromma_viridulum","Mature",1,NA,0,NA,40,2020,NA,NA
"7/19/20",10:11:00,"Rabydammen","Erythromma_viridulum","Mature",1,NA,0,NA,40,2020,NA,NA
"7/19/20",10:11:00,"Rabydammen","Erythromma_viridulum","Mature",1,NA,0,NA,40,2020,NA,NA
"7/19/20",10:11:00,"Rabydammen","Erythromma_viridulum","Mature",1,NA,0,NA,40,2020,NA,NA
"7/19/20",10:11:00,"Rabydammen","Erythromma_viridulum","Mature",1,NA,0,NA,40,2020,NA,NA
"7/19/20",10:11:00,"Rabydammen","Erythromma_viridulum","Mature",1,NA,0,NA,40,2020,NA,NA
"7/19/20",10:11:00,"Rabydammen","Erythromma_viridulum","Mature",1,NA,0,NA,40,2020,NA,NA
"7/19/20",10:11:00,"Rabydammen","Erythromma_viridulum","Mature",1,NA,0,NA,40,2020,NA,NA
"7/19/20",10:11:00,"Rabydammen","Erythromma_viridulum","Mature",1,NA,0,NA,40,2020,NA,NA
"7/19/20",10:11:00,"Rabydammen","Erythromma_viridulum","Mature",1,NA,0,NA,40,2020,NA,NA
"7/19/20",10:11:00,"Rabydammen","Erythromma_viridulum","Mature",1,NA,0,NA,40,2020,NA,NA
"7/19/20",10:11:00,"Rabydammen","Erythromma_viridulum","Mature",1,NA,0,NA,40,2020,NA,NA
"7/19/20",10:11:00,"Rabydammen","Erythromma_viridulum","Mature",1,NA,0,NA,40,2020,NA,NA
"7/19/20",10:11:00,"Rabydammen","Erythromma_viridulum","Mature",1,NA,0,NA,40,2020,NA,NA
"7/19/20",10:11:00,"Rabydammen","Erythromma_viridulum","Mature",1,NA,0,NA,40,2020,NA,NA
"7/19/20",10:11:00,"Rabydammen","Erythromma_viridulum","Mature",1,NA,0,NA,40,2020,NA,NA
"7/19/20",10:11:00,"Rabydammen","Erythromma_viridulum","Mature",1,NA,0,NA,40,2020,NA,NA
"7/19/20",10:11:00,"Rabydammen","Erythromma_viridulum","Mature",1,NA,0,NA,40,2020,NA,NA
"7/19/20",10:11:00,"Rabydammen","Erythromma_viridulum","Mature",1,NA,0,NA,40,2020,NA,NA
"7/19/20",10:11:00,"Rabydammen","Erythromma_viridulum","Mature",1,NA,0,NA,40,2020,NA,NA
"7/19/20",10:11:00,"Rabydammen","Erythromma_viridulum","Mature",1,NA,0,NA,40,2020,NA,NA
"7/19/20",10:11:00,"Rabydammen","Erythromma_viridulum","Mature",1,NA,0,NA,40,2020,NA,NA
"7/19/20",10:11:00,"Rabydammen","Erythromma_viridulum","Mature",1,NA,0,NA,40,2020,NA,NA
"7/19/20",10:11:00,"Rabydammen","Erythromma_viridulum","Mature",1,NA,0,NA,40,2020,NA,NA
"7/19/20",10:11:00,"Rabydammen","Erythromma_viridulum","Mature",1,NA,0,NA,40,2020,NA,NA
"7/19/20",10:11:00,"Rabydammen","Erythromma_viridulum","Mature",1,NA,0,NA,40,2020,NA,NA
"7/19/20",10:11:00,"Rabydammen","Erythromma_viridulum","Mature",1,NA,0,NA,40,2020,NA,NA
"7/19/20",10:11:00,"Rabydammen","Erythromma_viridulum","Mature",1,NA,0,NA,40,2020,NA,NA
"7/19/20",10:11:00,"Rabydammen","Erythromma_viridulum","Mature",1,NA,0,NA,40,2020,NA,NA
"7/19/20",10:11:00,"Rabydammen","Erythromma_viridulum","Mature",1,NA,0,NA,40,2020,NA,NA
"7/19/20",10:11:00,"Rabydammen","Erythromma_viridulum","Mature",1,NA,0,NA,40,2020,NA,NA
"7/19/20",10:11:00,"Rabydammen","Erythromma_viridulum","Mature",1,NA,0,NA,40,2020,NA,NA
"7/19/20",10:11:00,"Rabydammen","Erythromma_viridulum","Mature",1,NA,0,NA,40,2020,NA,NA
"7/19/20",10:11:00,"Rabydammen","Erythromma_viridulum","Mature",1,NA,0,NA,40,2020,NA,NA
"7/19/20",10:11:00,"Rabydammen","Erythromma_viridulum","Mature",1,NA,0,NA,40,2020,NA,NA
"7/19/20",10:11:00,"Rabydammen","Erythromma_viridulum","Mature",1,NA,0,NA,40,2020,NA,NA
"7/19/20",10:11:00,"Rabydammen","Erythromma_viridulum","Mature",1,NA,0,NA,40,2020,NA,NA
"7/19/20",10:11:00,"Rabydammen","Erythromma_viridulum","Mature",1,NA,0,NA,40,2020,NA,NA
"7/19/20",10:11:00,"Rabydammen","Erythromma_viridulum","Mature",1,NA,0,NA,40,2020,NA,NA
"7/19/20",10:11:00,"Rabydammen","Erythromma_viridulum","Mature",1,NA,0,NA,40,2020,NA,NA
"7/19/20",10:11:00,"Rabydammen","Erythromma_viridulum","Mature",1,NA,0,NA,40,2020,NA,NA
"7/19/20",10:11:00,"Rabydammen","Erythromma_viridulum","Mature",1,NA,0,NA,40,2020,NA,NA
"7/19/20",10:11:00,"Rabydammen","Erythromma_viridulum","Mature",1,NA,0,NA,40,2020,NA,NA
"7/19/20",10:11:00,"Rabydammen","Erythromma_viridulum","Mature",1,NA,0,NA,40,2020,NA,NA
"7/19/20",10:11:00,"Rabydammen","Erythromma_viridulum","Mature",1,NA,0,NA,40,2020,NA,NA
"7/19/20",10:11:00,"Rabydammen","Erythromma_viridulum","Mature",1,NA,0,NA,40,2020,NA,NA
"7/19/20",10:11:00,"Rabydammen","Erythromma_viridulum","Mature",1,NA,0,NA,40,2020,NA,NA
"7/19/20",10:11:00,"Rabydammen","Erythromma_viridulum","Mature",1,NA,0,NA,40,2020,NA,NA
"7/19/20",10:11:00,"Rabydammen","Erythromma_viridulum","Mature",1,NA,0,NA,40,2020,NA,NA
"7/19/20",10:11:00,"Rabydammen","Erythromma_viridulum","Mature",1,NA,0,NA,40,2020,NA,NA
"7/19/20",10:11:00,"Rabydammen","Erythromma_viridulum","Mature",1,NA,0,NA,40,2020,NA,NA
"7/19/20",10:11:00,"Rabydammen","Erythromma_viridulum","Mature",1,NA,0,NA,40,2020,NA,NA
"7/19/20",10:11:00,"Rabydammen","Erythromma_viridulum","Mature",1,NA,0,NA,40,2020,NA,NA
"7/19/20",10:11:00,"Rabydammen","Erythromma_viridulum","Mature",1,NA,0,NA,40,2020,NA,NA
"7/19/20",10:11:00,"Rabydammen","Erythromma_viridulum","Mature",1,NA,0,NA,40,2020,NA,NA
"7/19/20",10:11:00,"Rabydammen","Erythromma_viridulum","Mature",1,NA,0,NA,40,2020,NA,NA
"7/19/20",10:11:00,"Rabydammen","Erythromma_viridulum","Mature",1,NA,0,NA,40,2020,NA,NA
"7/19/20",10:11:00,"Rabydammen","Erythromma_viridulum","Mature",1,NA,0,NA,40,2020,NA,NA
"7/19/20",10:11:00,"Rabydammen","Erythromma_viridulum","Mature",1,NA,0,NA,40,2020,NA,NA
"7/19/20",10:11:00,"Rabydammen","Erythromma_viridulum","Mature",1,NA,0,NA,40,2020,NA,NA
"7/19/20",10:11:00,"Rabydammen","Erythromma_viridulum","Mature",1,NA,0,NA,40,2020,NA,NA
"7/19/20",10:11:00,"Rabydammen","Erythromma_viridulum","Mature",1,NA,0,NA,40,2020,NA,NA
"7/19/20",10:11:00,"Rabydammen","Erythromma_viridulum","Mature",1,NA,0,NA,40,2020,NA,NA
"7/19/20",10:11:00,"Rabydammen","Erythromma_viridulum","Mature",1,NA,0,NA,40,2020,NA,NA
"7/19/20",10:11:00,"Rabydammen","Erythromma_viridulum","Mature",1,NA,0,NA,40,2020,NA,NA
"7/19/20",10:11:00,"Rabydammen","Erythromma_viridulum","Mature",1,NA,0,NA,40,2020,NA,NA
"7/19/20",10:11:00,"Rabydammen","Erythromma_viridulum","Mature",1,NA,0,NA,40,2020,NA,NA
"7/19/20",10:11:00,"Rabydammen","Erythromma_viridulum","Mature",1,NA,0,NA,40,2020,NA,NA
"7/19/20",10:11:00,"Rabydammen","Erythromma_viridulum","Mature",1,NA,0,NA,40,2020,NA,NA
"7/19/20",10:11:00,"Rabydammen","Erythromma_viridulum","Mature",1,NA,0,NA,40,2020,NA,NA
"7/19/20",10:11:00,"Rabydammen","Erythromma_viridulum","Mature",1,NA,0,NA,40,2020,NA,NA
"7/19/20",10:11:00,"Rabydammen","Erythromma_viridulum","Mature",1,NA,0,NA,40,2020,NA,NA
"7/19/20",10:11:00,"Rabydammen","Erythromma_viridulum","Mature",1,NA,0,NA,40,2020,NA,NA
"7/19/20",10:11:00,"Rabydammen","Erythromma_viridulum","Mature",1,NA,0,NA,40,2020,NA,NA
"7/19/20",10:11:00,"Rabydammen","Erythromma_viridulum","Mature",1,NA,0,NA,40,2020,NA,NA
"7/19/20",10:11:00,"Rabydammen","Erythromma_viridulum","Mature",1,NA,0,NA,40,2020,NA,NA
"7/19/20",10:11:00,"Rabydammen","Erythromma_viridulum","Mature",1,NA,0,NA,40,2020,NA,NA
"7/19/20",10:11:00,"Rabydammen","Erythromma_viridulum","Mature",1,NA,0,NA,40,2020,NA,NA
"7/19/20",10:11:00,"Rabydammen","Erythromma_viridulum","Mature",1,NA,0,NA,40,2020,NA,NA
"7/19/20",10:11:00,"Rabydammen","Erythromma_viridulum","Mature",1,NA,0,NA,40,2020,NA,NA
"7/19/20",10:11:00,"Rabydammen","Erythromma_viridulum","Mature",1,NA,0,NA,40,2020,NA,NA
"7/19/20",10:11:00,"Rabydammen","Erythromma_viridulum","Mature",1,NA,0,NA,40,2020,NA,NA
"7/19/20",10:11:00,"Rabydammen","Erythromma_viridulum","Mature",1,NA,0,NA,40,2020,NA,NA
"7/19/20",10:11:00,"Rabydammen","Erythromma_viridulum","Mature",1,NA,0,NA,40,2020,NA,NA
"7/19/20",10:11:00,"Rabydammen","Erythromma_viridulum","Mature",1,NA,0,NA,40,2020,NA,NA
"7/19/20",10:11:00,"Rabydammen","Erythromma_viridulum","Mature",1,NA,0,NA,40,2020,NA,NA
"7/19/20",10:11:00,"Rabydammen","Erythromma_viridulum","Mature",1,NA,0,NA,40,2020,NA,NA
"7/19/20",10:11:00,"Rabydammen","Erythromma_viridulum","Mature",1,NA,0,NA,40,2020,NA,NA
"7/19/20",10:11:00,"Rabydammen","Erythromma_viridulum","Mature",1,NA,0,NA,40,2020,NA,NA
"7/19/20",10:11:00,"Rabydammen","Erythromma_viridulum","Mature",1,NA,0,NA,40,2020,NA,NA
"7/19/20",10:11:00,"Rabydammen","Erythromma_viridulum","Mature",1,NA,0,NA,40,2020,NA,NA
"7/19/20",10:11:00,"Rabydammen","Erythromma_viridulum","Mature",1,NA,0,NA,40,2020,NA,NA
"7/19/20",10:11:00,"Rabydammen","Erythromma_viridulum","Mature",1,NA,0,NA,40,2020,NA,NA
"7/19/20",10:11:00,"Rabydammen","Erythromma_viridulum","Mature",1,NA,0,NA,40,2020,NA,NA
"7/19/20",10:11:00,"Rabydammen","Erythromma_viridulum","Mature",1,NA,0,NA,40,2020,NA,NA
"7/19/20",10:11:00,"Rabydammen","Erythromma_viridulum","Mature",1,NA,0,NA,40,2020,NA,NA
"7/19/20",10:11:00,"Rabydammen","Erythromma_viridulum","Mature",1,NA,0,NA,40,2020,NA,NA
"7/19/20",10:11:00,"Rabydammen","Erythromma_viridulum","Mature",1,NA,0,NA,40,2020,NA,NA
"7/19/20",10:11:00,"Rabydammen","Erythromma_viridulum","Mature",1,NA,0,NA,40,2020,NA,NA
"7/19/20",10:11:00,"Rabydammen","Erythromma_viridulum","Mature",1,NA,0,NA,40,2020,NA,NA
"7/19/20",10:11:00,"Rabydammen","Erythromma_viridulum","Mature",1,NA,0,NA,40,2020,NA,NA
"7/19/20",10:11:00,"Rabydammen","Erythromma_viridulum","Mature",1,NA,0,NA,40,2020,NA,NA
"7/19/20",10:11:00,"Rabydammen","Erythromma_viridulum","Mature",1,NA,0,NA,40,2020,NA,NA
"7/19/20",10:11:00,"Rabydammen","Erythromma_viridulum","Mature",1,NA,0,NA,40,2020,NA,NA
"7/19/20",10:11:00,"Rabydammen","Erythromma_viridulum","Mature",1,NA,0,NA,40,2020,NA,NA
"7/19/20",10:11:00,"Rabydammen","Erythromma_viridulum","Mature",1,NA,0,NA,40,2020,NA,NA
"7/19/20",10:11:00,"Rabydammen","Erythromma_viridulum","Mature",1,NA,0,NA,40,2020,NA,NA
"7/19/20",10:11:00,"Rabydammen","Erythromma_viridulum","Mature",1,NA,0,NA,40,2020,NA,NA
"7/19/20",10:11:00,"Rabydammen","Erythromma_viridulum","Mature",1,NA,0,NA,40,2020,NA,NA
"7/19/20",10:11:00,"Rabydammen","Erythromma_viridulum","Mature",1,NA,0,NA,40,2020,NA,NA
"7/19/20",10:11:00,"Rabydammen","Erythromma_viridulum","Mature",1,NA,0,NA,40,2020,NA,NA
"7/19/20",10:11:00,"Rabydammen","Erythromma_viridulum","Mature",1,NA,0,NA,40,2020,NA,NA
"7/19/20",10:11:00,"Rabydammen","Erythromma_viridulum","Mature",1,NA,0,NA,40,2020,NA,NA
"7/19/20",10:11:00,"Rabydammen","Erythromma_viridulum","Mature",1,NA,0,NA,40,2020,NA,NA
"7/19/20",10:11:00,"Rabydammen","Erythromma_viridulum","Mature",1,NA,0,NA,40,2020,NA,NA
"7/19/20",10:11:00,"Rabydammen","Ischnura_elegans","Immature",0,"Gynochrome",0,0,40,2020,"Infuscans","Violacea_(Infuscans)"
"6/1/20",13:59:00,"Rabydammen","Enallagma_cyathigerum","Mature",1,NA,0,0,30,2020,NA,NA
"6/1/20",13:59:00,"Rabydammen","Enallagma_cyathigerum","Mature",1,NA,0,0,30,2020,NA,NA
"6/1/20",13:59:00,"Rabydammen","Ischnura_elegans","Mature",1,NA,0,0,30,2020,NA,NA
"6/1/20",13:59:00,"Rabydammen","Ischnura_elegans","Mature",1,NA,0,0,30,2020,NA,NA
"6/1/20",13:59:00,"Rabydammen","Coenagrion_lunulatum","Mature",1,NA,0,4,30,2020,NA,NA
"6/1/20",13:59:00,"Rabydammen","Ischnura_pumilio","Mature",1,NA,0,0,30,2020,NA,NA
"6/1/20",13:59:00,"Rabydammen","Ischnura_elegans","Mature",1,NA,0,0,30,2020,NA,NA
"6/1/20",13:59:00,"Rabydammen","Ischnura_elegans","Mature",1,NA,0,0,30,2020,NA,NA
"6/1/20",13:59:00,"Rabydammen","Ischnura_pumilio","Mature",1,NA,0,0,30,2020,NA,NA
"6/1/20",13:59:00,"Rabydammen","Ischnura_elegans","Mature",1,NA,0,0,30,2020,NA,NA
"6/1/20",13:59:00,"Rabydammen","Ischnura_elegans","Mature",0,"Androchrome",0,0,30,2020,"Androchrome",NA
"6/1/20",13:59:00,"Rabydammen","Ischnura_elegans","Mature",1,NA,0,0,30,2020,NA,NA
"6/1/20",13:59:00,"Rabydammen","Ischnura_elegans","Mature",1,NA,0,0,30,2020,NA,NA
"6/1/20",13:59:00,"Rabydammen","Ischnura_pumilio","Mature",0,"Gynochrome",0,0,30,2020,NA,NA
"6/1/20",13:59:00,"Rabydammen","Ischnura_elegans","Mature",1,NA,0,0,30,2020,NA,NA
"6/18/20",11:25:00,"Rabydammen","Calopteryx_splendens","Mature",1,NA,0,0,30,2020,NA,NA
"6/18/20",11:25:00,"Rabydammen","Libellula_depressa","Mature",0,NA,0,NA,30,2020,NA,NA
"6/18/20",11:25:00,"Rabydammen","Orthetrum_cancellatum","Mature",1,NA,0,NA,30,2020,NA,NA
"6/18/20",11:25:00,"Rabydammen","Anax_imperator","Mature",1,NA,0,NA,30,2020,NA,NA
"6/18/20",11:25:00,"Rabydammen","Anax_imperator","Mature",1,NA,0,NA,30,2020,NA,NA
"6/18/20",11:25:00,"Rabydammen","Anax_imperator","Mature",1,NA,0,NA,30,2020,NA,NA
"6/18/20",11:25:00,"Rabydammen","Anax_imperator","Mature",1,NA,0,NA,30,2020,NA,NA
"6/18/20",11:25:00,"Rabydammen","Coenagrion_puella","Mature",1,NA,0,0,30,2020,NA,NA
"6/18/20",11:25:00,"Rabydammen","Coenagrion_puella","Mature",1,NA,0,0,30,2020,NA,NA
"6/18/20",11:25:00,"Rabydammen","Enallagma_cyathigerum","Mature",1,NA,0,3,30,2020,NA,NA
"6/18/20",11:25:00,"Rabydammen","Coenagrion_puella","Mature",1,NA,0,3,30,2020,NA,NA
"6/18/20",11:25:00,"Rabydammen","Ischnura_elegans","Mature",1,NA,0,0,30,2020,NA,NA
"6/18/20",11:25:00,"Rabydammen","Enallagma_cyathigerum","Mature",1,NA,0,3,30,2020,NA,NA
"6/18/20",11:25:00,"Rabydammen","Enallagma_cyathigerum","Mature",1,NA,0,6,30,2020,NA,NA
"6/18/20",11:25:00,"Rabydammen","Coenagrion_puella","Mature",1,NA,0,0,30,2020,NA,NA
"6/18/20",11:25:00,"Rabydammen","Coenagrion_pulchellum","Mature",1,NA,0,0,30,2020,NA,NA
"6/18/20",11:25:00,"Rabydammen","Coenagrion_pulchellum","Mature",1,NA,0,0,30,2020,NA,NA
"6/18/20",11:25:00,"Rabydammen","Coenagrion_pulchellum","Mature",1,NA,0,0,30,2020,NA,NA
"6/18/20",11:25:00,"Rabydammen","Coenagrion_puella","Mature",1,NA,0,5,30,2020,NA,NA
"6/18/20",11:25:00,"Rabydammen","Enallagma_cyathigerum","Mature",1,NA,0,3,30,2020,NA,NA
"6/18/20",11:25:00,"Rabydammen","Enallagma_cyathigerum","Mature",1,NA,0,0,30,2020,NA,NA
"6/18/20",11:25:00,"Rabydammen","Enallagma_cyathigerum","Immature",0,"Gynochrome",0,0,30,2020,NA,NA
"6/18/20",11:25:00,"Rabydammen","Ischnura_elegans","Mature",1,NA,0,0,30,2020,NA,NA
"6/18/20",11:25:00,"Rabydammen","Ischnura_pumilio","Mature",1,NA,0,0,30,2020,NA,NA
"6/18/20",11:25:00,"Rabydammen","Ischnura_elegans","Teneral",1,NA,0,0,30,2020,NA,NA
"6/18/20",11:25:00,"Rabydammen","Coenagrion_puella","Mature",1,NA,0,0,30,2020,NA,NA
"6/18/20",11:25:00,"Rabydammen","Coenagrion_puella","Mature",1,NA,0,0,30,2020,NA,NA
"6/18/20",11:25:00,"Rabydammen","Ischnura_elegans","Teneral",1,NA,0,0,30,2020,NA,NA
"6/18/20",11:25:00,"Rabydammen","Ischnura_pumilio","Mature",1,NA,0,0,30,2020,NA,NA
"6/18/20",11:25:00,"Rabydammen","Ischnura_pumilio","Mature",1,NA,0,0,30,2020,NA,NA
"7/3/20",14:41:00,"Rabydammen","Anax_imperator","Mature",1,NA,0,NA,30,2020,NA,NA
"7/3/20",14:41:00,"Rabydammen","Anax_imperator","Mature",0,"Gynochrome",0,NA,30,2020,NA,NA
"7/3/20",14:41:00,"Rabydammen","Anax_imperator","Mature",0,"Gynochrome",0,NA,30,2020,NA,NA
"7/3/20",14:41:00,"Rabydammen","Anax_imperator","Mature",0,"Gynochrome",0,NA,30,2020,NA,NA
"7/3/20",14:41:00,"Rabydammen","Erythromma_viridulum","Mature",0,"Androchrome",1,8,30,2020,NA,NA
"7/3/20",14:41:00,"Rabydammen","Erythromma_viridulum","Mature",1,NA,1,0,30,2020,NA,NA
"7/3/20",14:41:00,"Rabydammen","Enallagma_cyathigerum","Mature",1,NA,1,11,30,2020,NA,NA
"7/3/20",14:41:00,"Rabydammen","Enallagma_cyathigerum","Mature",0,"Gynochrome",1,7,30,2020,NA,NA
"7/3/20",14:41:00,"Rabydammen","Ischnura_elegans","Teneral",0,NA,0,0,30,2020,NA,NA
"7/3/20",14:41:00,"Rabydammen","Enallagma_cyathigerum","Mature",1,NA,0,22,30,2020,NA,NA
"7/3/20",14:41:00,"Rabydammen","Libellula_depressa","Mature",1,NA,0,NA,30,2020,NA,NA
"7/3/20",14:41:00,"Rabydammen","Orthetrum_cancellatum","Mature",1,NA,0,NA,30,2020,NA,NA
"7/3/20",14:41:00,"Rabydammen","Erythromma_viridulum","Mature",1,NA,0,7,30,2020,NA,NA
"7/3/20",14:41:00,"Rabydammen","Erythromma_viridulum","Mature",1,NA,0,6,30,2020,NA,NA
"7/3/20",14:41:00,"Rabydammen","Enallagma_cyathigerum","Mature",1,NA,0,7,30,2020,NA,NA
"7/3/20",14:41:00,"Rabydammen","Ischnura_elegans","Mature",1,NA,0,0,30,2020,NA,NA
"7/3/20",14:41:00,"Rabydammen","Erythromma_viridulum","Mature",1,NA,0,8,30,2020,NA,NA
"7/3/20",14:41:00,"Rabydammen","Ischnura_elegans","Teneral",1,NA,0,0,30,2020,NA,NA
"7/3/20",14:41:00,"Rabydammen","Coenagrion_pulchellum","Mature",1,NA,0,0,30,2020,NA,NA
"7/3/20",14:41:00,"Rabydammen","Coenagrion_pulchellum","Mature",1,NA,0,0,30,2020,NA,NA
"7/3/20",14:41:00,"Rabydammen","Erythromma_viridulum","Mature",1,NA,0,2,30,2020,NA,NA
"7/3/20",14:41:00,"Rabydammen","Coenagrion_puella","Mature",1,NA,0,2,30,2020,NA,NA
"7/3/20",14:41:00,"Rabydammen","Coenagrion_puella","Mature",1,NA,0,0,30,2020,NA,NA
"7/3/20",14:41:00,"Rabydammen","Coenagrion_puella","Mature",1,NA,0,0,30,2020,NA,NA
"7/3/20",14:41:00,"Rabydammen","Erythromma_viridulum","Mature",0,"Gynochrome",0,6,30,2020,NA,NA
"7/10/20",11:40:00,"Sovdemolla","Ischnura_elegans","Mature",0,"Androchrome",0,0,80,2020,"Androchrome",NA
"7/10/20",11:40:00,"Sovdemolla","Ischnura_elegans","Mature",0,"Androchrome",0,0,80,2020,"Androchrome",NA
"7/10/20",11:40:00,"Sovdemolla","Sympetrum_sanguineum","Immature",0,"Gynochrome",0,0,80,2020,NA,NA
"7/10/20",11:40:00,"Sovdemolla","Platycnemis_pennipes","Mature",0,"Gynochrome",0,0,80,2020,NA,NA
"7/10/20",11:40:00,"Sovdemolla","Calopteryx_splendens","Mature",0,"Gynochrome",0,0,80,2020,NA,NA
"7/10/20",11:40:00,"Sovdemolla","Calopteryx_splendens","Mature",0,"Gynochrome",0,0,80,2020,NA,NA
"7/10/20",11:40:00,"Sovdemolla","Calopteryx_splendens","Mature",0,"Gynochrome",0,0,80,2020,NA,NA
"7/10/20",11:40:00,"Sovdemolla","Calopteryx_splendens","Mature",0,"Gynochrome",0,0,80,2020,NA,NA
"7/10/20",11:40:00,"Sovdemolla","Calopteryx_splendens","Mature",0,"Gynochrome",0,0,80,2020,NA,NA
"7/18/20",18:00:00,"Sovdemolla","Calopteryx_splendens","Mature",0,"Gynochrome",0,0,40,2020,NA,NA
"7/18/20",18:00:00,"Sovdemolla","Calopteryx_splendens","Mature",0,"Gynochrome",0,0,40,2020,NA,NA
"7/18/20",18:00:00,"Sovdemolla","Calopteryx_splendens","Mature",0,"Gynochrome",0,0,40,2020,NA,NA
"7/18/20",18:00:00,"Sovdemolla","Calopteryx_splendens","Mature",0,"Gynochrome",0,0,40,2020,NA,NA
"7/18/20",18:00:00,"Sovdemolla","Calopteryx_splendens","Mature",0,"Gynochrome",0,0,40,2020,NA,NA
"7/18/20",18:00:00,"Sovdemolla","Calopteryx_splendens","Mature",0,"Gynochrome",0,0,40,2020,NA,NA
"7/18/20",18:00:00,"Sovdemolla","Calopteryx_splendens","Mature",0,"Gynochrome",0,0,40,2020,NA,NA
"7/18/20",18:00:00,"Sovdemolla","Calopteryx_splendens","Mature",0,"Gynochrome",0,0,40,2020,NA,NA
"7/18/20",18:00:00,"Sovdemolla","Calopteryx_splendens","Mature",0,"Gynochrome",0,0,40,2020,NA,NA
"7/18/20",18:00:00,"Sovdemolla","Calopteryx_splendens","Immature",0,"Gynochrome",0,0,40,2020,NA,NA
"7/18/20",18:00:00,"Sovdemolla","Platycnemis_pennipes","Teneral",0,NA,0,0,40,2020,NA,NA
"7/18/20",18:00:00,"Sovdemolla","Platycnemis_pennipes","Teneral",0,NA,0,0,40,2020,NA,NA
"7/18/20",18:00:00,"Sovdemolla","Platycnemis_pennipes","Mature",0,"Gynochrome",0,0,40,2020,NA,NA
"7/18/20",18:00:00,"Sovdemolla","Platycnemis_pennipes","Mature",0,"Gynochrome",0,0,40,2020,NA,NA
"7/18/20",18:00:00,"Sovdemolla","Platycnemis_pennipes","Immature",0,"Gynochrome",0,0,40,2020,NA,NA
"7/28/20",14:59:00,"Sovdemolla","Calopteryx_splendens","Mature",0,"Gynochrome",0,NA,30,2020,NA,NA
"7/28/20",14:59:00,"Sovdemolla","Calopteryx_splendens","Mature",0,"Gynochrome",0,NA,30,2020,NA,NA
"7/28/20",14:59:00,"Sovdemolla","Calopteryx_splendens","Mature",0,"Gynochrome",0,NA,30,2020,NA,NA
"7/28/20",14:59:00,"Sovdemolla","Calopteryx_splendens","Mature",0,"Gynochrome",0,NA,30,2020,NA,NA
"7/28/20",14:59:00,"Sovdemolla","Calopteryx_splendens","Mature",0,"Gynochrome",0,NA,30,2020,NA,NA
"7/28/20",14:59:00,"Sovdemolla","Calopteryx_splendens","Mature",0,"Gynochrome",0,NA,30,2020,NA,NA
"7/28/20",14:59:00,"Sovdemolla","Calopteryx_splendens","Mature",0,"Gynochrome",0,NA,30,2020,NA,NA
"7/28/20",14:59:00,"Sovdemolla","Calopteryx_splendens","Mature",0,"Gynochrome",0,NA,30,2020,NA,NA
"7/28/20",14:59:00,"Sovdemolla","Calopteryx_splendens","Mature",0,"Gynochrome",0,NA,30,2020,NA,NA
"7/28/20",14:59:00,"Sovdemolla","Calopteryx_splendens","Mature",0,"Gynochrome",0,NA,30,2020,NA,NA
"7/28/20",14:59:00,"Sovdemolla","Calopteryx_splendens","Mature",0,"Gynochrome",1,NA,30,2020,NA,NA
"7/28/20",14:59:00,"Sovdemolla","Calopteryx_splendens","Mature",0,"Gynochrome",1,NA,30,2020,NA,NA
"7/28/20",14:59:00,"Sovdemolla","Platycnemis_pennipes","Mature",0,"Gynochrome",1,NA,30,2020,NA,NA
"7/28/20",14:59:00,"Sovdemolla","Platycnemis_pennipes","Mature",0,"Gynochrome",1,NA,30,2020,NA,NA
"7/28/20",14:59:00,"Sovdemolla","Calopteryx_splendens","Mature",0,"Gynochrome",0,0,30,2020,NA,NA
"7/28/20",14:59:00,"Sovdemolla","Platycnemis_pennipes","Mature",0,"Gynochrome",0,0,30,2020,NA,NA
"7/28/20",14:59:00,"Sovdemolla","Platycnemis_pennipes","Mature",0,"Gynochrome",0,0,30,2020,NA,NA
"7/28/20",14:59:00,"Sovdemolla","Calopteryx_splendens","Mature",0,"Gynochrome",0,0,30,2020,NA,NA
"7/28/20",14:59:00,"Sovdemolla","Platycnemis_pennipes","Mature",0,"Gynochrome",0,0,30,2020,NA,NA
"7/28/20",14:59:00,"Sovdemolla","Platycnemis_pennipes","Mature",0,"Gynochrome",0,0,30,2020,NA,NA
"7/10/20",09:31:00,"Sovdemolla","Calopteryx_splendens","Mature",1,NA,0,0,80,2020,NA,NA
"7/10/20",11:40:00,"Sovdemolla","Calopteryx_splendens","Mature",1,NA,0,0,80,2020,NA,NA
"7/10/20",11:40:00,"Sovdemolla","Calopteryx_splendens","Immature",1,NA,0,0,80,2020,NA,NA
"7/10/20",11:40:00,"Sovdemolla","Calopteryx_splendens","Mature",1,NA,0,0,80,2020,NA,NA
"7/10/20",11:40:00,"Sovdemolla","Calopteryx_splendens","Mature",1,NA,0,0,80,2020,NA,NA
"7/10/20",11:40:00,"Sovdemolla","Calopteryx_splendens","Mature",1,NA,0,0,80,2020,NA,NA
"7/10/20",11:40:00,"Sovdemolla","Calopteryx_splendens","Mature",1,NA,0,0,80,2020,NA,NA
"7/10/20",11:40:00,"Sovdemolla","Calopteryx_splendens","Mature",1,NA,0,0,80,2020,NA,NA
"7/10/20",11:40:00,"Sovdemolla","Calopteryx_splendens","Immature",1,NA,0,0,80,2020,NA,NA
"7/10/20",11:40:00,"Sovdemolla","Calopteryx_splendens","Mature",1,NA,0,0,80,2020,NA,NA
"7/10/20",11:40:00,"Sovdemolla","Calopteryx_splendens","Immature",1,NA,0,0,80,2020,NA,NA
"7/10/20",11:40:00,"Sovdemolla","Calopteryx_splendens","Mature",1,NA,0,0,80,2020,NA,NA
"7/10/20",11:40:00,"Sovdemolla","Calopteryx_splendens","Immature",1,NA,0,0,80,2020,NA,NA
"7/10/20",11:40:00,"Sovdemolla","Calopteryx_splendens","Immature",1,NA,0,0,80,2020,NA,NA
"7/10/20",11:40:00,"Sovdemolla","Calopteryx_splendens","Mature",1,NA,0,0,80,2020,NA,NA
"7/10/20",11:40:00,"Sovdemolla","Calopteryx_splendens","Immature",1,NA,0,0,80,2020,NA,NA
"7/10/20",11:40:00,"Sovdemolla","Calopteryx_splendens","Immature",1,NA,0,0,80,2020,NA,NA
"7/10/20",11:40:00,"Sovdemolla","Calopteryx_splendens","Immature",1,NA,0,0,80,2020,NA,NA
"7/10/20",11:40:00,"Sovdemolla","Calopteryx_splendens","Immature",1,NA,0,0,80,2020,NA,NA
"7/10/20",11:40:00,"Sovdemolla","Calopteryx_splendens","Mature",1,NA,0,0,80,2020,NA,NA
"7/10/20",11:40:00,"Sovdemolla","Calopteryx_splendens","Immature",1,NA,0,0,80,2020,NA,NA
"7/10/20",11:40:00,"Sovdemolla","Calopteryx_splendens","Immature",1,NA,0,0,80,2020,NA,NA
"7/10/20",11:40:00,"Sovdemolla","Calopteryx_splendens","Immature",1,NA,0,0,80,2020,NA,NA
"7/10/20",11:40:00,"Sovdemolla","Calopteryx_splendens","Mature",1,NA,0,0,80,2020,NA,NA
"7/10/20",11:40:00,"Sovdemolla","Calopteryx_splendens","Mature",1,NA,0,0,80,2020,NA,NA
"7/10/20",11:40:00,"Sovdemolla","Calopteryx_splendens","Immature",1,NA,0,0,80,2020,NA,NA
"7/10/20",11:40:00,"Sovdemolla","Calopteryx_splendens","Immature",1,NA,0,0,80,2020,NA,NA
"7/10/20",11:40:00,"Sovdemolla","Calopteryx_splendens","Mature",1,NA,0,0,80,2020,NA,NA
"7/10/20",11:40:00,"Sovdemolla","Calopteryx_splendens","Mature",1,NA,0,0,80,2020,NA,NA
"7/10/20",11:40:00,"Sovdemolla","Calopteryx_splendens","Mature",1,NA,0,0,80,2020,NA,NA
"7/10/20",11:40:00,"Sovdemolla","Calopteryx_splendens","Teneral",1,NA,0,0,80,2020,NA,NA
"7/10/20",11:40:00,"Sovdemolla","Calopteryx_splendens","Immature",1,NA,0,0,80,2020,NA,NA
"7/10/20",11:40:00,"Sovdemolla","Calopteryx_splendens","Immature",1,NA,0,0,80,2020,NA,NA
"7/10/20",11:40:00,"Sovdemolla","Calopteryx_splendens","Mature",1,NA,0,0,80,2020,NA,NA
"7/10/20",11:40:00,"Sovdemolla","Calopteryx_splendens","Immature",1,NA,0,0,80,2020,NA,NA
"7/10/20",11:40:00,"Sovdemolla","Calopteryx_splendens","Mature",1,NA,0,0,80,2020,NA,NA
"7/10/20",11:40:00,"Sovdemolla","Platycnemis_pennipes","Mature",1,NA,0,0,80,2020,NA,NA
"7/10/20",11:40:00,"Sovdemolla","Ischnura_elegans","Immature",1,NA,0,0,80,2020,NA,NA
"7/10/20",11:40:00,"Sovdemolla","Platycnemis_pennipes","Mature",1,NA,0,0,80,2020,NA,NA
"7/10/20",11:40:00,"Sovdemolla","Platycnemis_pennipes","Mature",1,NA,0,0,80,2020,NA,NA
"7/10/20",11:40:00,"Sovdemolla","Calopteryx_splendens","Teneral",1,NA,0,0,80,2020,NA,NA
"7/10/20",11:40:00,"Sovdemolla","Platycnemis_pennipes","Mature",1,NA,0,0,80,2020,NA,NA
"7/10/20",11:40:00,"Sovdemolla","Ischnura_elegans","Mature",1,NA,0,0,80,2020,NA,NA
"7/10/20",11:40:00,"Sovdemolla","Aeshna_grandis",NA,NA,NA,0,NA,80,2020,NA,NA
"7/10/20",11:40:00,"Sovdemolla","Calopteryx_splendens","Immature",0,NA,0,0,80,2020,NA,NA
"7/10/20",11:40:00,"Sovdemolla","Calopteryx_splendens","Immature",0,NA,0,0,80,2020,NA,NA
"7/10/20",11:40:00,"Sovdemolla","Calopteryx_splendens","Immature",0,NA,0,0,80,2020,NA,NA
"7/18/20",18:00:00,"Sovdemolla","Calopteryx_splendens","Mature",1,NA,0,0,40,2020,NA,NA
"7/18/20",18:00:00,"Sovdemolla","Calopteryx_splendens","Mature",1,NA,0,0,40,2020,NA,NA
"7/18/20",18:00:00,"Sovdemolla","Calopteryx_splendens","Mature",1,NA,0,0,40,2020,NA,NA
"7/18/20",18:00:00,"Sovdemolla","Calopteryx_splendens","Mature",1,NA,0,0,40,2020,NA,NA
"7/18/20",18:00:00,"Sovdemolla","Calopteryx_splendens","Mature",1,NA,0,0,40,2020,NA,NA
"7/18/20",18:00:00,"Sovdemolla","Calopteryx_splendens","Mature",1,NA,0,0,40,2020,NA,NA
"7/18/20",18:00:00,"Sovdemolla","Calopteryx_splendens","Mature",1,NA,0,0,40,2020,NA,NA
"7/18/20",18:00:00,"Sovdemolla","Calopteryx_splendens","Teneral",1,NA,0,0,40,2020,NA,NA
"7/18/20",18:00:00,"Sovdemolla","Calopteryx_splendens","Immature",1,NA,0,0,40,2020,NA,NA
"7/18/20",18:00:00,"Sovdemolla","Calopteryx_splendens","Immature",1,NA,0,0,40,2020,NA,NA
"7/18/20",18:00:00,"Sovdemolla","Platycnemis_pennipes","Mature",1,NA,0,0,40,2020,NA,NA
"7/18/20",18:00:00,"Sovdemolla","Platycnemis_pennipes","Mature",1,NA,0,0,40,2020,NA,NA
"7/18/20",18:00:00,"Sovdemolla","Platycnemis_pennipes","Mature",1,NA,0,0,40,2020,NA,NA
"7/18/20",18:00:00,"Sovdemolla","Platycnemis_pennipes","Mature",1,NA,0,0,40,2020,NA,NA
"7/18/20",18:00:00,"Sovdemolla","Platycnemis_pennipes","Mature",1,NA,0,0,40,2020,NA,NA
"7/18/20",18:00:00,"Sovdemolla","Platycnemis_pennipes","Mature",1,NA,0,0,40,2020,NA,NA
"7/18/20",18:00:00,"Sovdemolla","Platycnemis_pennipes","Mature",1,NA,0,0,40,2020,NA,NA
"7/18/20",18:00:00,"Sovdemolla","Platycnemis_pennipes","Teneral",1,NA,0,0,40,2020,NA,NA
"7/18/20",18:00:00,"Sovdemolla","Platycnemis_pennipes","Teneral",1,NA,0,0,40,2020,NA,NA
"7/18/20",18:00:00,"Sovdemolla","Platycnemis_pennipes","Teneral",1,NA,0,0,40,2020,NA,NA
"7/18/20",18:00:00,"Sovdemolla","Platycnemis_pennipes","Teneral",NA,NA,0,0,40,2020,NA,NA
"7/18/20",18:00:00,"Sovdemolla","Ischnura_elegans","Mature",NA,NA,0,0,40,2020,NA,NA
"7/18/20",18:00:00,"Sovdemolla","Somatochlora_metallica","Mature",1,NA,0,NA,40,2020,NA,NA
"7/18/20",18:00:00,"Sovdemolla","Somatochlora_metallica","Mature",1,NA,0,NA,40,2020,NA,NA
"7/18/20",18:00:00,"Sovdemolla","Somatochlora_metallica","Mature",1,NA,0,NA,40,2020,NA,NA
"7/18/20",18:00:00,"Sovdemolla","Somatochlora_metallica","Mature",1,NA,0,NA,40,2020,NA,NA
"7/18/20",18:00:00,"Sovdemolla","Somatochlora_metallica","Mature",1,NA,0,NA,40,2020,NA,NA
"7/28/20",14:59:00,"Sovdemolla","Calopteryx_splendens","Mature",1,NA,0,NA,30,2020,NA,NA
"7/28/20",14:59:00,"Sovdemolla","Calopteryx_splendens","Mature",1,NA,0,NA,30,2020,NA,NA
"7/28/20",14:59:00,"Sovdemolla","Calopteryx_splendens","Mature",1,NA,0,NA,30,2020,NA,NA
"7/28/20",14:59:00,"Sovdemolla","Calopteryx_splendens","Mature",1,NA,0,NA,30,2020,NA,NA
"7/28/20",14:59:00,"Sovdemolla","Calopteryx_splendens","Mature",1,NA,0,NA,30,2020,NA,NA
"7/28/20",14:59:00,"Sovdemolla","Calopteryx_splendens","Mature",1,NA,0,NA,30,2020,NA,NA
"7/28/20",14:59:00,"Sovdemolla","Calopteryx_splendens","Mature",1,NA,0,NA,30,2020,NA,NA
"7/28/20",14:59:00,"Sovdemolla","Calopteryx_splendens","Mature",1,NA,0,NA,30,2020,NA,NA
"7/28/20",14:59:00,"Sovdemolla","Calopteryx_splendens","Mature",1,NA,0,NA,30,2020,NA,NA
"7/28/20",14:59:00,"Sovdemolla","Calopteryx_splendens","Mature",1,NA,0,NA,30,2020,NA,NA
"7/28/20",14:59:00,"Sovdemolla","Calopteryx_splendens","Mature",1,NA,0,NA,30,2020,NA,NA
"7/28/20",14:59:00,"Sovdemolla","Calopteryx_splendens","Mature",1,NA,0,NA,30,2020,NA,NA
"7/28/20",14:59:00,"Sovdemolla","Calopteryx_splendens","Mature",1,NA,0,NA,30,2020,NA,NA
"7/28/20",14:59:00,"Sovdemolla","Calopteryx_splendens","Mature",1,NA,0,NA,30,2020,NA,NA
"7/28/20",14:59:00,"Sovdemolla","Calopteryx_splendens","Mature",1,NA,0,NA,30,2020,NA,NA
"7/28/20",14:59:00,"Sovdemolla","Calopteryx_splendens","Mature",1,NA,0,NA,30,2020,NA,NA
"7/28/20",14:59:00,"Sovdemolla","Calopteryx_splendens","Mature",1,NA,0,NA,30,2020,NA,NA
"7/28/20",14:59:00,"Sovdemolla","Calopteryx_splendens","Mature",1,NA,0,NA,30,2020,NA,NA
"7/28/20",14:59:00,"Sovdemolla","Calopteryx_splendens","Mature",1,NA,0,NA,30,2020,NA,NA
"7/28/20",14:59:00,"Sovdemolla","Calopteryx_splendens","Mature",1,NA,0,NA,30,2020,NA,NA
"7/28/20",14:59:00,"Sovdemolla","Calopteryx_splendens","Mature",1,NA,0,NA,30,2020,NA,NA
"7/28/20",14:59:00,"Sovdemolla","Calopteryx_splendens","Mature",1,NA,0,NA,30,2020,NA,NA
"7/28/20",14:59:00,"Sovdemolla","Calopteryx_splendens","Mature",1,NA,0,NA,30,2020,NA,NA
"7/28/20",14:59:00,"Sovdemolla","Calopteryx_splendens","Mature",1,NA,0,NA,30,2020,NA,NA
"7/28/20",14:59:00,"Sovdemolla","Calopteryx_splendens","Mature",1,NA,0,NA,30,2020,NA,NA
"7/28/20",14:59:00,"Sovdemolla","Calopteryx_splendens","Mature",1,NA,0,NA,30,2020,NA,NA
"7/28/20",14:59:00,"Sovdemolla","Calopteryx_splendens","Mature",1,NA,0,NA,30,2020,NA,NA
"7/28/20",14:59:00,"Sovdemolla","Calopteryx_splendens","Mature",1,NA,0,NA,30,2020,NA,NA
"7/28/20",14:59:00,"Sovdemolla","Calopteryx_splendens","Mature",1,NA,0,NA,30,2020,NA,NA
"7/28/20",14:59:00,"Sovdemolla","Calopteryx_splendens","Mature",1,NA,0,NA,30,2020,NA,NA
"7/28/20",14:59:00,"Sovdemolla","Calopteryx_splendens","Mature",1,NA,0,NA,30,2020,NA,NA
"7/28/20",14:59:00,"Sovdemolla","Calopteryx_splendens","Mature",1,NA,0,NA,30,2020,NA,NA
"7/28/20",14:59:00,"Sovdemolla","Calopteryx_splendens","Mature",1,NA,0,NA,30,2020,NA,NA
"7/28/20",14:59:00,"Sovdemolla","Calopteryx_splendens","Mature",1,NA,0,NA,30,2020,NA,NA
"7/28/20",14:59:00,"Sovdemolla","Calopteryx_splendens","Mature",1,NA,0,NA,30,2020,NA,NA
"7/28/20",14:59:00,"Sovdemolla","Calopteryx_splendens","Mature",1,NA,0,NA,30,2020,NA,NA
"7/28/20",14:59:00,"Sovdemolla","Calopteryx_splendens","Mature",1,NA,0,NA,30,2020,NA,NA
"7/28/20",14:59:00,"Sovdemolla","Calopteryx_splendens","Mature",1,NA,0,NA,30,2020,NA,NA
"7/28/20",14:59:00,"Sovdemolla","Calopteryx_splendens","Mature",1,NA,0,NA,30,2020,NA,NA
"7/28/20",14:59:00,"Sovdemolla","Calopteryx_splendens","Mature",1,NA,1,NA,30,2020,NA,NA
"7/28/20",14:59:00,"Sovdemolla","Calopteryx_splendens","Mature",1,NA,1,NA,30,2020,NA,NA
"7/28/20",14:59:00,"Sovdemolla","Aeshna_grandis","Mature",1,NA,0,NA,30,2020,NA,NA
"7/28/20",14:59:00,"Sovdemolla","Aeshna_grandis","Mature",1,NA,0,NA,30,2020,NA,NA
"7/28/20",14:59:00,"Sovdemolla","Aeshna_grandis","Mature",1,NA,0,NA,30,2020,NA,NA
"7/28/20",14:59:00,"Sovdemolla","Aeshna_grandis","Mature",1,NA,0,NA,30,2020,NA,NA
"7/28/20",14:59:00,"Sovdemolla","Aeshna_grandis","Mature",1,NA,0,NA,30,2020,NA,NA
"7/28/20",14:59:00,"Sovdemolla","Aeshna_grandis","Mature",1,NA,0,NA,30,2020,NA,NA
"7/28/20",14:59:00,"Sovdemolla","Aeshna_grandis","Mature",1,NA,0,NA,30,2020,NA,NA
"7/28/20",14:59:00,"Sovdemolla","Somatochlora_metallica","Mature",NA,NA,0,NA,30,2020,NA,NA
"7/28/20",14:59:00,"Sovdemolla","Somatochlora_metallica","Mature",NA,NA,0,NA,30,2020,NA,NA
"7/28/20",14:59:00,"Sovdemolla","Somatochlora_metallica","Mature",NA,NA,0,NA,30,2020,NA,NA
"7/28/20",14:59:00,"Sovdemolla","Somatochlora_metallica","Mature",NA,NA,0,NA,30,2020,NA,NA
"7/28/20",14:59:00,"Sovdemolla","Somatochlora_metallica","Mature",NA,NA,0,NA,30,2020,NA,NA
"7/28/20",14:59:00,"Sovdemolla","Somatochlora_metallica","Mature",1,NA,0,0,30,2020,NA,NA
"7/28/20",14:59:00,"Sovdemolla","Platycnemis_pennipes","Mature",1,NA,1,NA,30,2020,NA,NA
"7/28/20",14:59:00,"Sovdemolla","Platycnemis_pennipes","Mature",1,NA,1,NA,30,2020,NA,NA
"7/28/20",14:59:00,"Sovdemolla","Calopteryx_splendens","Teneral",0,NA,0,0,30,2020,NA,NA
"7/28/20",14:59:00,"Sovdemolla","Calopteryx_splendens","Immature",1,NA,0,0,30,2020,NA,NA
"7/28/20",14:59:00,"Sovdemolla","Platycnemis_pennipes","Mature",1,NA,0,0,30,2020,NA,NA
"7/28/20",14:59:00,"Sovdemolla","Platycnemis_pennipes","Mature",1,NA,0,0,30,2020,NA,NA
"7/28/20",14:59:00,"Sovdemolla","Platycnemis_pennipes","Immature",1,NA,0,0,30,2020,NA,NA
"7/28/20",14:59:00,"Sovdemolla","Ischnura_elegans","Mature",1,NA,0,0,30,2020,NA,NA
"7/28/20",14:59:00,"Sovdemolla","Calopteryx_splendens","Immature",1,NA,0,0,30,2020,NA,NA
"7/28/20",14:59:00,"Sovdemolla","Calopteryx_splendens","Immature",1,NA,0,0,30,2020,NA,NA
"7/28/20",14:59:00,"Sovdemolla","Platycnemis_pennipes","Mature",1,NA,0,0,30,2020,NA,NA
"7/28/20",14:59:00,"Sovdemolla","Platycnemis_pennipes","Mature",1,NA,0,0,30,2020,NA,NA
"7/28/20",14:59:00,"Sovdemolla","Ischnura_elegans","Mature",1,NA,0,0,30,2020,NA,NA
"7/28/20",14:59:00,"Sovdemolla","Ischnura_elegans","Mature",1,NA,0,0,30,2020,NA,NA
"7/28/20",14:59:00,"Sovdemolla","Platycnemis_pennipes","Mature",1,NA,0,0,30,2020,NA,NA
"7/28/20",14:59:00,"Sovdemolla","Ischnura_elegans","Mature",1,NA,0,0,30,2020,NA,NA
"7/28/20",14:59:00,"Sovdemolla","Sympetrum_sanguineum","Mature",1,NA,0,NA,30,2020,NA,NA
"7/28/20",14:59:00,"Sovdemolla","Sympetrum_sanguineum","Mature",1,NA,0,NA,30,2020,NA,NA
"7/10/20",11:40:00,"Sovdemolla","Ischnura_elegans","Immature",0,"Gynochrome",0,0,80,2020,"Infuscans","Violacea_(Infuscans)"
"5/31/20",10:37:00,"Sovdemolla","Cordulia_aenea","Teneral",1,NA,0,0,40,2020,NA,NA
"5/31/20",10:37:00,"Sovdemolla","Calopteryx_splendens","Teneral",1,NA,0,0,40,2020,NA,NA
"5/31/20",10:37:00,"Sovdemolla","Calopteryx_splendens","Teneral",0,NA,0,0,40,2020,NA,NA
"5/31/20",10:37:00,"Sovdemolla","Calopteryx_splendens","Teneral",1,NA,0,0,40,2020,NA,NA
"5/31/20",10:37:00,"Sovdemolla","Pyrrhosoma_nymphula","Mature",1,NA,0,0,40,2020,NA,NA
"5/31/20",10:37:00,"Sovdemolla","Calopteryx_splendens","Immature",0,NA,0,0,40,2020,NA,NA
"5/31/20",10:37:00,"Sovdemolla","Calopteryx_splendens","Mature",0,"Gynochrome",0,0,40,2020,NA,NA
"5/31/20",10:37:00,"Sovdemolla","Pyrrhosoma_nymphula","Mature",1,NA,0,0,40,2020,NA,NA
"5/31/20",10:37:00,"Sovdemolla","Calopteryx_splendens","Mature",1,NA,0,0,40,2020,NA,NA
"5/31/20",10:37:00,"Sovdemolla","Coenagrion_puella","Teneral",1,NA,0,18,40,2020,NA,NA
"5/31/20",10:37:00,"Sovdemolla","Calopteryx_splendens","Mature",0,"Gynochrome",0,0,40,2020,NA,NA
"5/31/20",10:37:00,"Sovdemolla","Pyrrhosoma_nymphula","Mature",0,"Androchrome",0,0,40,2020,NA,NA
"5/31/20",10:37:00,"Sovdemolla","Calopteryx_splendens","Immature",1,NA,0,0,40,2020,NA,NA
"5/31/20",10:37:00,"Sovdemolla","Pyrrhosoma_nymphula","Mature",1,NA,0,0,40,2020,NA,NA
"5/31/20",10:37:00,"Sovdemolla","Calopteryx_splendens","Teneral",1,NA,0,0,40,2020,NA,NA
"5/31/20",10:37:00,"Sovdemolla","Calopteryx_splendens","Mature",1,NA,0,0,40,2020,NA,NA
"5/31/20",10:37:00,"Sovdemolla","Calopteryx_splendens","Immature",1,NA,0,0,40,2020,NA,NA
"5/31/20",10:37:00,"Sovdemolla","Calopteryx_splendens","Teneral",1,NA,0,0,40,2020,NA,NA
"5/31/20",10:37:00,"Sovdemolla","Calopteryx_splendens","Mature",1,NA,0,0,40,2020,NA,NA
"5/31/20",10:37:00,"Sovdemolla","Calopteryx_splendens","Mature",0,"Gynochrome",0,0,40,2020,NA,NA
"5/31/20",10:37:00,"Sovdemolla","Pyrrhosoma_nymphula","Mature",1,NA,0,0,40,2020,NA,NA
"5/31/20",10:37:00,"Sovdemolla","Calopteryx_splendens","Mature",0,"Gynochrome",0,0,40,2020,NA,NA
"5/31/20",10:37:00,"Sovdemolla","Coenagrion_puella","Immature",1,NA,0,0,40,2020,NA,NA
"5/31/20",10:37:00,"Sovdemolla","Calopteryx_splendens","Mature",0,"Gynochrome",0,0,40,2020,NA,NA
"6/16/20",10:12:00,"Sovdemolla","Cordulia_aenea","Mature",NA,NA,0,NA,60,2020,NA,NA
"6/16/20",10:12:00,"Sovdemolla","Libellula_quadrimaculata","Mature",NA,NA,0,NA,60,2020,NA,NA
"6/16/20",10:12:00,"Sovdemolla","Calopteryx_virgo","Mature",1,NA,0,0,60,2020,NA,NA
"6/16/20",10:12:00,"Sovdemolla","Calopteryx_splendens","Mature",1,NA,1,0,60,2020,NA,NA
"6/16/20",10:12:00,"Sovdemolla","Calopteryx_splendens","Mature",0,"Gynochrome",1,0,60,2020,NA,NA
"6/16/20",10:12:00,"Sovdemolla","Calopteryx_splendens","Immature",1,NA,0,0,60,2020,NA,NA
"6/16/20",10:12:00,"Sovdemolla","Calopteryx_splendens","Mature",1,NA,0,0,60,2020,NA,NA
"6/16/20",10:12:00,"Sovdemolla","Pyrrhosoma_nymphula","Mature",1,NA,0,0,60,2020,NA,NA
"6/16/20",10:12:00,"Sovdemolla","Pyrrhosoma_nymphula","Mature",1,NA,0,0,60,2020,NA,NA
"6/16/20",10:12:00,"Sovdemolla","Calopteryx_splendens","Mature",1,NA,0,0,60,2020,NA,NA
"6/16/20",10:12:00,"Sovdemolla","Pyrrhosoma_nymphula","Mature",1,NA,0,0,60,2020,NA,NA
"6/16/20",10:12:00,"Sovdemolla","Platycnemis_pennipes","Immature",1,NA,0,0,60,2020,NA,NA
"6/16/20",10:12:00,"Sovdemolla","Calopteryx_splendens","Immature",1,NA,0,0,60,2020,NA,NA
"6/16/20",10:12:00,"Sovdemolla","Calopteryx_virgo","Mature",1,NA,0,0,60,2020,NA,NA
"6/16/20",10:12:00,"Sovdemolla","Pyrrhosoma_nymphula","Mature",1,NA,0,0,60,2020,NA,NA
"6/16/20",10:12:00,"Sovdemolla","Calopteryx_splendens","Mature",1,NA,0,0,60,2020,NA,NA
"6/16/20",10:12:00,"Sovdemolla","Platycnemis_pennipes","Immature",1,NA,0,0,60,2020,NA,NA
"6/16/20",10:12:00,"Sovdemolla","Platycnemis_pennipes","Teneral",1,NA,0,0,60,2020,NA,NA
"6/16/20",10:12:00,"Sovdemolla","Calopteryx_splendens","Mature",1,NA,0,0,60,2020,NA,NA
"6/16/20",10:12:00,"Sovdemolla","Platycnemis_pennipes","Immature",1,NA,0,0,60,2020,NA,NA
"6/16/20",10:12:00,"Sovdemolla","Platycnemis_pennipes","Immature",1,NA,0,0,60,2020,NA,NA
"6/16/20",10:12:00,"Sovdemolla","Calopteryx_splendens","Immature",0,"Gynochrome",0,0,60,2020,NA,NA
"6/16/20",10:12:00,"Sovdemolla","Calopteryx_splendens","Immature",1,NA,0,0,60,2020,NA,NA
"6/16/20",10:12:00,"Sovdemolla","Calopteryx_splendens","Mature",1,NA,0,0,60,2020,NA,NA
"6/16/20",10:12:00,"Sovdemolla","Calopteryx_splendens","Mature",1,NA,0,0,60,2020,NA,NA
"6/16/20",10:12:00,"Sovdemolla","Calopteryx_virgo","Mature",1,NA,0,0,60,2020,NA,NA
"6/16/20",10:12:00,"Sovdemolla","Calopteryx_virgo","Mature",0,"Gynochrome",0,0,60,2020,NA,NA
"6/16/20",10:12:00,"Sovdemolla","Calopteryx_virgo","Immature",1,NA,0,0,60,2020,NA,NA
"6/16/20",10:12:00,"Sovdemolla","Calopteryx_splendens","Immature",1,NA,0,0,60,2020,NA,NA
"6/16/20",10:12:00,"Sovdemolla","Calopteryx_virgo","Mature",1,NA,0,0,60,2020,NA,NA
"6/16/20",10:12:00,"Sovdemolla","Calopteryx_splendens","Mature",0,"Gynochrome",0,0,60,2020,NA,NA
"6/16/20",10:12:00,"Sovdemolla","Calopteryx_splendens","Immature",1,NA,0,0,60,2020,NA,NA
"6/16/20",10:12:00,"Sovdemolla","Calopteryx_splendens","Immature",1,NA,0,0,60,2020,NA,NA
"6/16/20",10:12:00,"Sovdemolla","Calopteryx_splendens","Immature",1,NA,0,0,60,2020,NA,NA
"6/16/20",10:12:00,"Sovdemolla","Calopteryx_splendens","Immature",1,NA,0,0,60,2020,NA,NA
"6/16/20",10:12:00,"Sovdemolla","Calopteryx_splendens","Immature",1,NA,0,0,60,2020,NA,NA
"6/16/20",10:12:00,"Sovdemolla","Calopteryx_virgo","Mature",1,NA,0,0,60,2020,NA,NA
"6/16/20",10:12:00,"Sovdemolla","Calopteryx_splendens","Mature",1,NA,0,0,60,2020,NA,NA
"6/16/20",10:12:00,"Sovdemolla","Calopteryx_splendens","Immature",1,NA,0,0,60,2020,NA,NA
"6/16/20",10:12:00,"Sovdemolla","Calopteryx_splendens","Immature",1,NA,0,0,60,2020,NA,NA
"6/16/20",10:12:00,"Sovdemolla","Calopteryx_virgo","Mature",1,NA,0,0,60,2020,NA,NA
"6/16/20",10:12:00,"Sovdemolla","Calopteryx_splendens","Mature",1,NA,0,0,60,2020,NA,NA
"6/16/20",10:12:00,"Sovdemolla","Calopteryx_splendens","Mature",1,NA,0,0,60,2020,NA,NA
"6/16/20",10:12:00,"Sovdemolla","Calopteryx_splendens","Immature",1,NA,0,0,60,2020,NA,NA
"6/16/20",10:12:00,"Sovdemolla","Calopteryx_splendens","Mature",1,NA,0,0,60,2020,NA,NA
"6/16/20",10:12:00,"Sovdemolla","Calopteryx_virgo","Mature",1,NA,0,0,60,2020,NA,NA
"6/16/20",10:12:00,"Sovdemolla","Calopteryx_splendens","Immature",1,NA,0,0,60,2020,NA,NA
"6/16/20",10:12:00,"Sovdemolla","Platycnemis_pennipes","Immature",1,NA,0,0,60,2020,NA,NA
"6/16/20",10:12:00,"Sovdemolla","Calopteryx_splendens","Mature",0,"Gynochrome",0,0,60,2020,NA,NA
"6/16/20",10:12:00,"Sovdemolla","Calopteryx_splendens","Mature",1,NA,0,0,60,2020,NA,NA
"6/16/20",10:12:00,"Sovdemolla","Calopteryx_splendens","Mature",0,"Gynochrome",0,0,60,2020,NA,NA
"6/16/20",10:12:00,"Sovdemolla","Calopteryx_splendens","Mature",1,NA,0,0,60,2020,NA,NA
"6/16/20",10:12:00,"Sovdemolla","Calopteryx_splendens","Immature",1,NA,0,0,60,2020,NA,NA
"6/16/20",10:12:00,"Sovdemolla","Calopteryx_splendens","Immature",1,NA,0,0,60,2020,NA,NA
"6/16/20",10:12:00,"Sovdemolla","Calopteryx_splendens","Immature",0,"Gynochrome",0,0,60,2020,NA,NA
"6/16/20",10:12:00,"Sovdemolla","Calopteryx_splendens","Immature",1,NA,0,0,60,2020,NA,NA
"6/16/20",10:12:00,"Sovdemolla","Calopteryx_splendens","Mature",1,NA,0,0,60,2020,NA,NA
"6/16/20",10:12:00,"Sovdemolla","Calopteryx_splendens","Mature",0,"Gynochrome",0,0,60,2020,NA,NA
"6/16/20",10:12:00,"Sovdemolla","Calopteryx_splendens","Mature",1,NA,0,0,60,2020,NA,NA
"6/16/20",10:12:00,"Sovdemolla","Calopteryx_splendens","Immature",1,NA,0,0,60,2020,NA,NA
"6/16/20",10:12:00,"Sovdemolla","Calopteryx_splendens","Mature",1,NA,0,0,60,2020,NA,NA
"6/16/20",10:12:00,"Sovdemolla","Platycnemis_pennipes","Immature",1,NA,0,0,60,2020,NA,NA
"7/18/20",16:12:00,"Vombs_Bruksgard","Enallagma_cyathigerum","Mature",0,"Androchrome",1,21,40,2020,NA,NA
"7/10/20",09:31:00,"Vombs_Bruksgard","Enallagma_cyathigerum","Immature",0,"Gynochrome",0,37,60,2020,NA,NA
"7/10/20",09:31:00,"Vombs_Bruksgard","Enallagma_cyathigerum","Immature",0,"Gynochrome",0,32,60,2020,NA,NA
"7/10/20",09:31:00,"Vombs_Bruksgard","Enallagma_cyathigerum","Immature",0,"Gynochrome",0,68,60,2020,NA,NA
"7/10/20",09:31:00,"Vombs_Bruksgard","Enallagma_cyathigerum","Mature",0,"Gynochrome",0,38,60,2020,NA,NA
"7/10/20",09:31:00,"Vombs_Bruksgard","Enallagma_cyathigerum","Mature",0,"Gynochrome",0,58,60,2020,NA,NA
"7/10/20",09:31:00,"Vombs_Bruksgard","Lestes_sponsa","Immature",0,"Gynochrome",0,0,60,2020,NA,NA
"7/10/20",09:31:00,"Vombs_Bruksgard","Lestes_sponsa","Immature",0,"Gynochrome",0,0,60,2020,NA,NA
"7/10/20",09:31:00,"Vombs_Bruksgard","Lestes_sponsa","Mature",0,"Gynochrome",0,0,60,2020,NA,NA
"7/10/20",09:31:00,"Vombs_Bruksgard","Coenagrion_puella","Mature",0,"Gynochrome",0,0,60,2020,NA,NA
"7/10/20",09:31:00,"Vombs_Bruksgard","Lestes_sponsa","Immature",0,"Gynochrome",0,0,60,2020,NA,NA
"7/10/20",09:31:00,"Vombs_Bruksgard","Lestes_sponsa","Mature",0,"Gynochrome",0,0,60,2020,NA,NA
"7/10/20",09:31:00,"Vombs_Bruksgard","Lestes_sponsa","Mature",0,"Gynochrome",0,0,60,2020,NA,NA
"7/10/20",09:31:00,"Vombs_Bruksgard","Lestes_dryas","Mature",0,"Gynochrome",0,10,60,2020,NA,NA
"7/10/20",09:31:00,"Vombs_Bruksgard","Lestes_sponsa","Mature",0,"Gynochrome",0,0,60,2020,NA,NA
"7/10/20",09:31:00,"Vombs_Bruksgard","Lestes_sponsa","Mature",0,"Gynochrome",0,0,60,2020,NA,NA
"7/10/20",09:31:00,"Vombs_Bruksgard","Lestes_sponsa","Mature",0,"Gynochrome",0,0,60,2020,NA,NA
"7/10/20",09:31:00,"Vombs_Bruksgard","Enallagma_cyathigerum","Mature",0,"Gynochrome",0,22,60,2020,NA,NA
"7/10/20",09:31:00,"Vombs_Bruksgard","Lestes_sponsa","Mature",0,"Gynochrome",0,0,60,2020,NA,NA
"7/10/20",09:31:00,"Vombs_Bruksgard","Enallagma_cyathigerum","Mature",0,"Gynochrome",0,64,60,2020,NA,NA
"7/18/20",16:12:00,"Vombs_Bruksgard","Enallagma_cyathigerum","Mature",0,"Gynochrome",1,46,40,2020,NA,NA
"7/18/20",16:12:00,"Vombs_Bruksgard","Lestes_sponsa","Mature",0,"Gynochrome",0,0,40,2020,NA,NA
"7/18/20",16:12:00,"Vombs_Bruksgard","Lestes_sponsa","Mature",0,"Gynochrome",0,0,40,2020,NA,NA
"7/18/20",16:12:00,"Vombs_Bruksgard","Lestes_sponsa","Immature",0,"Gynochrome",0,0,40,2020,NA,NA
"7/18/20",16:12:00,"Vombs_Bruksgard","Lestes_sponsa","Immature",0,"Gynochrome",0,0,40,2020,NA,NA
"7/18/20",16:12:00,"Vombs_Bruksgard","Lestes_sponsa","Immature",0,"Gynochrome",0,0,40,2020,NA,NA
"7/18/20",16:12:00,"Vombs_Bruksgard","Lestes_sponsa","Immature",0,"Gynochrome",0,0,40,2020,NA,NA
"7/18/20",16:12:00,"Vombs_Bruksgard","Enallagma_cyathigerum","Mature",0,"Gynochrome",0,22,40,2020,NA,NA
"7/18/20",16:12:00,"Vombs_Bruksgard","Lestes_sponsa","Mature",0,"Gynochrome",0,0,40,2020,NA,NA
"7/18/20",16:12:00,"Vombs_Bruksgard","Lestes_sponsa","Immature",0,"Gynochrome",0,0,40,2020,NA,NA
"7/18/20",16:12:00,"Vombs_Bruksgard","Enallagma_cyathigerum","Mature",0,"Gynochrome",0,27,40,2020,NA,NA
"7/18/20",16:12:00,"Vombs_Bruksgard","Lestes_sponsa","Immature",0,"Gynochrome",0,0,40,2020,NA,NA
"7/28/20",13:19:00,"Vombs_Bruksgard","Sympetrum_sanguineum","Mature",0,"Gynochrome",1,NA,50,2020,NA,NA
"7/28/20",13:19:00,"Vombs_Bruksgard","Sympetrum_sanguineum","Mature",0,"Gynochrome",1,NA,50,2020,NA,NA
"7/28/20",13:19:00,"Vombs_Bruksgard","Sympetrum_sanguineum","Mature",0,"Gynochrome",1,NA,50,2020,NA,NA
"7/28/20",13:19:00,"Vombs_Bruksgard","Sympetrum_sanguineum","Mature",0,"Gynochrome",1,NA,50,2020,NA,NA
"7/28/20",13:19:00,"Vombs_Bruksgard","Sympetrum_sanguineum","Mature",0,"Gynochrome",1,NA,50,2020,NA,NA
"7/28/20",13:19:00,"Vombs_Bruksgard","Sympetrum_sanguineum","Mature",0,"Gynochrome",1,NA,50,2020,NA,NA
"7/28/20",13:19:00,"Vombs_Bruksgard","Sympetrum_sanguineum","Mature",0,"Gynochrome",1,NA,50,2020,NA,NA
"7/28/20",13:19:00,"Vombs_Bruksgard","Sympetrum_sanguineum","Mature",0,"Gynochrome",0,NA,50,2020,NA,NA
"7/28/20",13:19:00,"Vombs_Bruksgard","Sympetrum_sanguineum","Mature",0,"Gynochrome",0,NA,50,2020,NA,NA
"7/28/20",13:19:00,"Vombs_Bruksgard","Sympetrum_sanguineum","Mature",0,"Gynochrome",1,NA,50,2020,NA,NA
"7/28/20",13:19:00,"Vombs_Bruksgard","Sympetrum_sanguineum","Mature",0,"Gynochrome",1,0,50,2020,NA,NA
"7/28/20",13:19:00,"Vombs_Bruksgard","Sympetrum_sanguineum","Mature",0,"Gynochrome",1,0,50,2020,NA,NA
"7/28/20",13:19:00,"Vombs_Bruksgard","Enallagma_cyathigerum","Mature",0,"Gynochrome",1,24,50,2020,NA,NA
"7/28/20",13:19:00,"Vombs_Bruksgard","Lestes_sponsa","Immature",0,"Gynochrome",0,0,50,2020,NA,NA
"7/28/20",13:19:00,"Vombs_Bruksgard","Lestes_sponsa","Immature",0,"Gynochrome",0,0,50,2020,NA,NA
"7/28/20",13:19:00,"Vombs_Bruksgard","Lestes_sponsa","Immature",0,"Gynochrome",0,0,50,2020,NA,NA
"7/28/20",13:19:00,"Vombs_Bruksgard","Lestes_virens","Immature",0,"Gynochrome",0,0,50,2020,NA,NA
"7/28/20",13:19:00,"Vombs_Bruksgard","Lestes_sponsa","Immature",0,"Gynochrome",0,0,50,2020,NA,NA
"7/28/20",13:19:00,"Vombs_Bruksgard","Lestes_virens","Mature",0,"Gynochrome",0,0,50,2020,NA,NA
"7/28/20",13:19:00,"Vombs_Bruksgard","Lestes_sponsa","Mature",0,"Gynochrome",0,0,50,2020,NA,NA
"7/10/20",09:31:00,"Vombs_Bruksgard","Libellula_quadrimaculata",NA,NA,NA,0,NA,60,2020,NA,NA
"7/10/20",09:31:00,"Vombs_Bruksgard","Sympetrum_sanguineum","Immature",1,NA,0,0,60,2020,NA,NA
"7/10/20",09:31:00,"Vombs_Bruksgard","Sympetrum_sanguineum","Immature",1,NA,0,0,60,2020,NA,NA
"7/10/20",09:31:00,"Vombs_Bruksgard","Sympetrum_spp",NA,NA,NA,0,NA,60,2020,NA,NA
"7/10/20",09:31:00,"Vombs_Bruksgard","Sympetrum_spp",NA,NA,NA,0,NA,60,2020,NA,NA
"7/10/20",09:31:00,"Vombs_Bruksgard","Enallagma_cyathigerum","Mature",1,NA,0,8,60,2020,NA,NA
"7/10/20",09:31:00,"Vombs_Bruksgard","Enallagma_cyathigerum","Teneral",1,NA,0,58,60,2020,NA,NA
"7/10/20",09:31:00,"Vombs_Bruksgard","Enallagma_cyathigerum","Mature",1,NA,0,9,60,2020,NA,NA
"7/10/20",09:31:00,"Vombs_Bruksgard","Enallagma_cyathigerum","Immature",1,NA,0,32,60,2020,NA,NA
"7/10/20",09:31:00,"Vombs_Bruksgard","Enallagma_cyathigerum","Mature",1,NA,0,1,60,2020,NA,NA
"7/10/20",09:31:00,"Vombs_Bruksgard","Enallagma_cyathigerum","Mature",1,NA,0,0,60,2020,NA,NA
"7/10/20",09:31:00,"Vombs_Bruksgard","Enallagma_cyathigerum","Mature",1,NA,0,1,60,2020,NA,NA
"7/10/20",09:31:00,"Vombs_Bruksgard","Enallagma_cyathigerum","Mature",1,NA,0,1,60,2020,NA,NA
"7/10/20",09:31:00,"Vombs_Bruksgard","Enallagma_cyathigerum","Mature",1,NA,0,6,60,2020,NA,NA
"7/10/20",09:31:00,"Vombs_Bruksgard","Enallagma_cyathigerum","Mature",1,NA,0,0,60,2020,NA,NA
"7/10/20",09:31:00,"Vombs_Bruksgard","Enallagma_cyathigerum","Mature",1,NA,0,9,60,2020,NA,NA
"7/10/20",09:31:00,"Vombs_Bruksgard","Lestes_sponsa","Immature",1,NA,0,0,60,2020,NA,NA
"7/10/20",09:31:00,"Vombs_Bruksgard","Enallagma_cyathigerum","Mature",1,NA,0,0,60,2020,NA,NA
"7/10/20",09:31:00,"Vombs_Bruksgard","Enallagma_cyathigerum","Mature",1,NA,0,0,60,2020,NA,NA
"7/10/20",09:31:00,"Vombs_Bruksgard","Coenagrion_puella","Mature",1,NA,0,1,60,2020,NA,NA
"7/10/20",09:31:00,"Vombs_Bruksgard","Enallagma_cyathigerum","Mature",1,NA,0,2,60,2020,NA,NA
"7/10/20",09:31:00,"Vombs_Bruksgard","Enallagma_cyathigerum","Mature",1,NA,0,2,60,2020,NA,NA
"7/10/20",09:31:00,"Vombs_Bruksgard","Enallagma_cyathigerum","Mature",1,NA,0,1,60,2020,NA,NA
"7/10/20",09:31:00,"Vombs_Bruksgard","Coenagrion_puella","Mature",1,NA,0,0,60,2020,NA,NA
"7/10/20",09:31:00,"Vombs_Bruksgard","Enallagma_cyathigerum","Mature",1,NA,0,24,60,2020,NA,NA
"7/10/20",09:31:00,"Vombs_Bruksgard","Enallagma_cyathigerum","Mature",1,NA,0,5,60,2020,NA,NA
"7/10/20",09:31:00,"Vombs_Bruksgard","Lestes_sponsa","Mature",1,NA,0,0,60,2020,NA,NA
"7/10/20",09:31:00,"Vombs_Bruksgard","Enallagma_cyathigerum","Immature",1,NA,0,58,60,2020,NA,NA
"7/10/20",09:31:00,"Vombs_Bruksgard","Lestes_sponsa","Mature",0,NA,0,0,60,2020,NA,NA
"7/10/20",09:31:00,"Vombs_Bruksgard","Lestes_sponsa","Mature",1,NA,0,0,60,2020,NA,NA
"7/10/20",09:31:00,"Vombs_Bruksgard","Lestes_sponsa","Mature",1,NA,0,0,60,2020,NA,NA
"7/10/20",09:31:00,"Vombs_Bruksgard","Enallagma_cyathigerum","Teneral",1,NA,0,48,60,2020,NA,NA
"7/10/20",09:31:00,"Vombs_Bruksgard","Lestes_sponsa","Teneral",1,NA,0,0,60,2020,NA,NA
"7/10/20",09:31:00,"Vombs_Bruksgard","Coenagrion_puella","Mature",1,NA,0,3,60,2020,NA,NA
"7/10/20",09:31:00,"Vombs_Bruksgard","Enallagma_cyathigerum","Mature",1,NA,0,1,60,2020,NA,NA
"7/10/20",09:31:00,"Vombs_Bruksgard","Enallagma_cyathigerum","Mature",1,NA,0,25,60,2020,NA,NA
"7/10/20",09:31:00,"Vombs_Bruksgard","Enallagma_cyathigerum","Teneral",0,NA,0,26,60,2020,NA,NA
"7/10/20",09:31:00,"Vombs_Bruksgard","Lestes_sponsa","Immature",1,NA,0,0,60,2020,NA,NA
"7/10/20",09:31:00,"Vombs_Bruksgard","Lestes_sponsa","Immature",1,NA,0,0,60,2020,NA,NA
"7/10/20",09:31:00,"Vombs_Bruksgard","Enallagma_cyathigerum","Mature",1,NA,0,0,60,2020,NA,NA
"7/10/20",09:31:00,"Vombs_Bruksgard","Lestes_sponsa","Mature",1,NA,0,0,60,2020,NA,NA
"7/10/20",09:31:00,"Vombs_Bruksgard","Enallagma_cyathigerum","Mature",1,NA,0,0,60,2020,NA,NA
"7/10/20",09:31:00,"Vombs_Bruksgard","Enallagma_cyathigerum","Mature",1,NA,0,4,60,2020,NA,NA
"7/10/20",09:31:00,"Vombs_Bruksgard","Lestes_sponsa","Mature",1,NA,0,0,60,2020,NA,NA
"7/10/20",09:31:00,"Vombs_Bruksgard","Enallagma_cyathigerum","Mature",1,NA,0,3,60,2020,NA,NA
"7/10/20",09:31:00,"Vombs_Bruksgard","Lestes_sponsa","Mature",1,NA,0,0,60,2020,NA,NA
"7/10/20",09:31:00,"Vombs_Bruksgard","Lestes_sponsa","Teneral",0,NA,0,0,60,2020,NA,NA
"7/10/20",09:31:00,"Vombs_Bruksgard","Lestes_sponsa","Teneral",0,NA,0,0,60,2020,NA,NA
"7/10/20",09:31:00,"Vombs_Bruksgard","Lestes_sponsa","Immature",1,NA,0,0,60,2020,NA,NA
"7/10/20",09:31:00,"Vombs_Bruksgard","Lestes_sponsa","Immature",1,NA,0,0,60,2020,NA,NA
"7/10/20",09:31:00,"Vombs_Bruksgard","Lestes_sponsa","Mature",1,NA,0,0,60,2020,NA,NA
"7/10/20",09:31:00,"Vombs_Bruksgard","Lestes_sponsa","Teneral",0,NA,0,0,60,2020,NA,NA
"7/10/20",09:31:00,"Vombs_Bruksgard","Lestes_sponsa","Teneral",0,NA,0,0,60,2020,NA,NA
"7/10/20",09:31:00,"Vombs_Bruksgard","Lestes_sponsa","Teneral",0,NA,0,0,60,2020,NA,NA
"7/10/20",09:31:00,"Vombs_Bruksgard","Lestes_sponsa","Mature",1,NA,0,0,60,2020,NA,NA
"7/10/20",09:31:00,"Vombs_Bruksgard","Enallagma_cyathigerum","Teneral",0,NA,0,42,60,2020,NA,NA
"7/10/20",09:31:00,"Vombs_Bruksgard","Enallagma_cyathigerum","Teneral",0,NA,0,26,60,2020,NA,NA
"7/10/20",09:31:00,"Vombs_Bruksgard","Lestes_sponsa","Teneral",1,NA,0,0,60,2020,NA,NA
"7/10/20",09:31:00,"Vombs_Bruksgard","Lestes_sponsa","Mature",1,NA,0,0,60,2020,NA,NA
"7/10/20",09:31:00,"Vombs_Bruksgard","Lestes_sponsa","Immature",1,NA,0,0,60,2020,NA,NA
"7/10/20",09:31:00,"Vombs_Bruksgard","Lestes_sponsa","Teneral",1,NA,0,0,60,2020,NA,NA
"7/10/20",09:31:00,"Vombs_Bruksgard","Lestes_sponsa","Teneral",1,NA,0,0,60,2020,NA,NA
"7/10/20",09:31:00,"Vombs_Bruksgard","Lestes_sponsa","Teneral",0,NA,0,0,60,2020,NA,NA
"7/10/20",09:31:00,"Vombs_Bruksgard","Lestes_sponsa","Immature",1,NA,0,0,60,2020,NA,NA
"7/10/20",09:31:00,"Vombs_Bruksgard","Lestes_sponsa","Immature",1,NA,0,0,60,2020,NA,NA
"7/10/20",09:31:00,"Vombs_Bruksgard","Lestes_sponsa","Mature",1,NA,0,0,60,2020,NA,NA
"7/10/20",09:31:00,"Vombs_Bruksgard","Lestes_sponsa","Mature",1,NA,0,0,60,2020,NA,NA
"7/10/20",09:31:00,"Vombs_Bruksgard","Lestes_sponsa","Teneral",1,NA,0,0,60,2020,NA,NA
"7/10/20",09:31:00,"Vombs_Bruksgard","Lestes_sponsa","Immature",1,NA,0,0,60,2020,NA,NA
"7/10/20",09:31:00,"Vombs_Bruksgard","Enallagma_cyathigerum","Teneral",0,NA,0,48,60,2020,NA,NA
"7/10/20",09:31:00,"Vombs_Bruksgard","Enallagma_cyathigerum","Immature",1,NA,0,26,60,2020,NA,NA
"7/10/20",09:31:00,"Vombs_Bruksgard","Enallagma_cyathigerum","Teneral",1,NA,0,30,60,2020,NA,NA
"7/10/20",09:31:00,"Vombs_Bruksgard","Enallagma_cyathigerum","Mature",1,NA,0,78,60,2020,NA,NA
"7/18/20",16:12:00,"Vombs_Bruksgard","Libellula_quadrimaculata","Mature",1,NA,0,NA,40,2020,NA,NA
"7/18/20",16:12:00,"Vombs_Bruksgard","Libellula_quadrimaculata","Mature",1,NA,0,NA,40,2020,NA,NA
"7/18/20",16:12:00,"Vombs_Bruksgard","Libellula_quadrimaculata","Mature",1,NA,0,NA,40,2020,NA,NA
"7/18/20",16:12:00,"Vombs_Bruksgard","Libellula_quadrimaculata","Mature",1,NA,0,NA,40,2020,NA,NA
"7/18/20",16:12:00,"Vombs_Bruksgard","Libellula_quadrimaculata","Mature",1,NA,0,NA,40,2020,NA,NA
"7/18/20",16:12:00,"Vombs_Bruksgard","Anax_imperator","Mature",1,NA,0,NA,40,2020,NA,NA
"7/18/20",16:12:00,"Vombs_Bruksgard","Somatochlora_metallica","Mature",1,NA,0,NA,40,2020,NA,NA
"7/18/20",16:12:00,"Vombs_Bruksgard","Somatochlora_metallica","Mature",1,NA,0,NA,40,2020,NA,NA
"7/18/20",16:12:00,"Vombs_Bruksgard","Somatochlora_metallica","Mature",1,NA,0,NA,40,2020,NA,NA
"7/18/20",16:12:00,"Vombs_Bruksgard","Calopteryx_splendens","Mature",1,NA,0,NA,40,2020,NA,NA
"7/18/20",16:12:00,"Vombs_Bruksgard","Calopteryx_splendens","Mature",1,NA,0,NA,40,2020,NA,NA
"7/18/20",16:12:00,"Vombs_Bruksgard","Calopteryx_splendens","Mature",1,NA,0,NA,40,2020,NA,NA
"7/18/20",16:12:00,"Vombs_Bruksgard","Calopteryx_splendens","Mature",1,NA,0,NA,40,2020,NA,NA
"7/18/20",16:12:00,"Vombs_Bruksgard","Calopteryx_splendens","Mature",0,NA,0,NA,40,2020,NA,NA
"7/18/20",16:12:00,"Vombs_Bruksgard","Enallagma_cyathigerum","Mature",1,NA,1,35,40,2020,NA,NA
"7/18/20",16:12:00,"Vombs_Bruksgard","Enallagma_cyathigerum","Mature",1,NA,1,5,40,2020,NA,NA
"7/18/20",16:12:00,"Vombs_Bruksgard","Sympetrum_vulgatum","Mature",1,NA,0,0,40,2020,NA,NA
"7/18/20",16:12:00,"Vombs_Bruksgard","Sympetrum_sanguineum","Mature",1,NA,0,0,40,2020,NA,NA
"7/18/20",16:12:00,"Vombs_Bruksgard","Sympetrum_vulgatum","Immature",1,NA,0,0,40,2020,NA,NA
"7/18/20",16:12:00,"Vombs_Bruksgard","Sympetrum_sanguineum","Mature",1,NA,0,0,40,2020,NA,NA
"7/18/20",16:12:00,"Vombs_Bruksgard","Enallagma_cyathigerum","Mature",1,NA,0,0,40,2020,NA,NA
"7/18/20",16:12:00,"Vombs_Bruksgard","Lestes_sponsa","Mature",1,NA,0,0,40,2020,NA,NA
"7/18/20",16:12:00,"Vombs_Bruksgard","Enallagma_cyathigerum","Mature",1,NA,0,65,40,2020,NA,NA
"7/18/20",16:12:00,"Vombs_Bruksgard","Enallagma_cyathigerum","Mature",1,NA,0,1,40,2020,NA,NA
"7/18/20",16:12:00,"Vombs_Bruksgard","Enallagma_cyathigerum","Mature",1,NA,0,27,40,2020,NA,NA
"7/18/20",16:12:00,"Vombs_Bruksgard","Enallagma_cyathigerum","Mature",1,NA,0,0,40,2020,NA,NA
"7/18/20",16:12:00,"Vombs_Bruksgard","Lestes_sponsa","Mature",1,NA,0,0,40,2020,NA,NA
"7/18/20",16:12:00,"Vombs_Bruksgard","Lestes_sponsa","Mature",1,NA,0,0,40,2020,NA,NA
"7/18/20",16:12:00,"Vombs_Bruksgard","Enallagma_cyathigerum","Mature",1,NA,0,30,40,2020,NA,NA
"7/18/20",16:12:00,"Vombs_Bruksgard","Enallagma_cyathigerum","Mature",1,NA,0,36,40,2020,NA,NA
"7/18/20",16:12:00,"Vombs_Bruksgard","Enallagma_cyathigerum","Mature",1,NA,0,1,40,2020,NA,NA
"7/18/20",16:12:00,"Vombs_Bruksgard","Enallagma_cyathigerum","Mature",1,NA,0,6,40,2020,NA,NA
"7/18/20",16:12:00,"Vombs_Bruksgard","Enallagma_cyathigerum","Teneral",1,NA,0,27,40,2020,NA,NA
"7/18/20",16:12:00,"Vombs_Bruksgard","Enallagma_cyathigerum","Teneral",1,NA,0,32,40,2020,NA,NA
"7/18/20",16:12:00,"Vombs_Bruksgard","Enallagma_cyathigerum","Teneral",1,NA,0,22,40,2020,NA,NA
"7/18/20",16:12:00,"Vombs_Bruksgard","Lestes_virens","Teneral",1,NA,0,0,40,2020,NA,NA
"7/18/20",16:12:00,"Vombs_Bruksgard","Enallagma_cyathigerum","Teneral",1,NA,0,27,40,2020,NA,NA
"7/18/20",16:12:00,"Vombs_Bruksgard","Lestes_sponsa","Mature",1,NA,0,0,40,2020,NA,NA
"7/18/20",16:12:00,"Vombs_Bruksgard","Enallagma_cyathigerum","Teneral",0,NA,0,16,40,2020,NA,NA
"7/18/20",16:12:00,"Vombs_Bruksgard","Lestes_sponsa","Mature",1,NA,0,0,40,2020,NA,NA
"7/18/20",16:12:00,"Vombs_Bruksgard","Lestes_sponsa","Immature",1,NA,0,0,40,2020,NA,NA
"7/18/20",16:12:00,"Vombs_Bruksgard","Lestes_sponsa","Immature",1,NA,0,0,40,2020,NA,NA
"7/18/20",16:12:00,"Vombs_Bruksgard","Lestes_sponsa","Mature",1,NA,0,0,40,2020,NA,NA
"7/18/20",16:12:00,"Vombs_Bruksgard","Enallagma_cyathigerum","Teneral",0,NA,0,33,40,2020,NA,NA
"7/18/20",16:12:00,"Vombs_Bruksgard","Enallagma_cyathigerum","Teneral",1,NA,0,24,40,2020,NA,NA
"7/18/20",16:12:00,"Vombs_Bruksgard","Enallagma_cyathigerum","Teneral",0,NA,0,17,40,2020,NA,NA
"7/18/20",16:12:00,"Vombs_Bruksgard","Enallagma_cyathigerum","Mature",1,NA,0,0,40,2020,NA,NA
"7/18/20",16:12:00,"Vombs_Bruksgard","Enallagma_cyathigerum","Mature",1,NA,0,16,40,2020,NA,NA
"7/18/20",16:12:00,"Vombs_Bruksgard","Enallagma_cyathigerum","Mature",1,NA,0,9,40,2020,NA,NA
"7/18/20",16:12:00,"Vombs_Bruksgard","Enallagma_cyathigerum","Mature",1,NA,0,NA,40,2020,NA,NA
"7/18/20",16:12:00,"Vombs_Bruksgard","Enallagma_cyathigerum","Mature",1,NA,0,NA,40,2020,NA,NA
"7/18/20",16:12:00,"Vombs_Bruksgard","Lestes_sponsa","Mature",1,NA,0,0,40,2020,NA,NA
"7/18/20",16:12:00,"Vombs_Bruksgard","Lestes_sponsa","Mature",1,NA,0,0,40,2020,NA,NA
"7/18/20",16:12:00,"Vombs_Bruksgard","Enallagma_cyathigerum","Immature",1,NA,0,23,40,2020,NA,NA
"7/18/20",16:12:00,"Vombs_Bruksgard","Lestes_sponsa","Mature",1,NA,0,0,40,2020,NA,NA
"7/18/20",16:12:00,"Vombs_Bruksgard","Lestes_sponsa","Mature",1,NA,0,0,40,2020,NA,NA
"7/18/20",16:12:00,"Vombs_Bruksgard","Lestes_sponsa","Mature",1,NA,0,0,40,2020,NA,NA
"7/18/20",16:12:00,"Vombs_Bruksgard","Lestes_sponsa","Teneral",1,NA,0,0,40,2020,NA,NA
"7/18/20",16:12:00,"Vombs_Bruksgard","Lestes_sponsa","Immature",1,NA,0,0,40,2020,NA,NA
"7/18/20",16:12:00,"Vombs_Bruksgard","Enallagma_cyathigerum","Mature",1,NA,0,19,40,2020,NA,NA
"7/18/20",16:12:00,"Vombs_Bruksgard","Enallagma_cyathigerum","Teneral",1,NA,0,23,40,2020,NA,NA
"7/18/20",16:12:00,"Vombs_Bruksgard","Enallagma_cyathigerum","Teneral",0,NA,0,11,40,2020,NA,NA
"7/18/20",16:12:00,"Vombs_Bruksgard","Enallagma_cyathigerum","Teneral",0,NA,0,28,40,2020,NA,NA
"7/18/20",16:12:00,"Vombs_Bruksgard","Enallagma_cyathigerum","Teneral",0,NA,0,13,40,2020,NA,NA
"7/18/20",16:12:00,"Vombs_Bruksgard","Enallagma_cyathigerum","Teneral",1,NA,0,18,40,2020,NA,NA
"7/18/20",16:12:00,"Vombs_Bruksgard","Enallagma_cyathigerum","Teneral",1,NA,0,48,40,2020,NA,NA
"7/28/20",13:19:00,"Vombs_Bruksgard","Anax_imperator","Mature",1,NA,0,NA,50,2020,NA,NA
"7/28/20",13:19:00,"Vombs_Bruksgard","Anax_imperator","Mature",1,NA,0,NA,50,2020,NA,NA
"7/28/20",13:19:00,"Vombs_Bruksgard","Libellula_quadrimaculata","Mature",NA,NA,0,NA,50,2020,NA,NA
"7/28/20",13:19:00,"Vombs_Bruksgard","Libellula_quadrimaculata","Mature",NA,NA,0,NA,50,2020,NA,NA
"7/28/20",13:19:00,"Vombs_Bruksgard","Libellula_quadrimaculata","Mature",NA,NA,0,NA,50,2020,NA,NA
"7/28/20",13:19:00,"Vombs_Bruksgard","Libellula_quadrimaculata","Mature",NA,NA,0,NA,50,2020,NA,NA
"7/28/20",13:19:00,"Vombs_Bruksgard","Libellula_quadrimaculata","Mature",NA,NA,0,NA,50,2020,NA,NA
"7/28/20",13:19:00,"Vombs_Bruksgard","Libellula_quadrimaculata","Mature",NA,NA,0,NA,50,2020,NA,NA
"7/28/20",13:19:00,"Vombs_Bruksgard","Libellula_quadrimaculata","Mature",NA,NA,0,NA,50,2020,NA,NA
"7/28/20",13:19:00,"Vombs_Bruksgard","Libellula_quadrimaculata","Mature",NA,NA,0,NA,50,2020,NA,NA
"7/28/20",13:19:00,"Vombs_Bruksgard","Libellula_quadrimaculata","Mature",NA,NA,0,NA,50,2020,NA,NA
"7/28/20",13:19:00,"Vombs_Bruksgard","Libellula_quadrimaculata","Mature",NA,NA,0,NA,50,2020,NA,NA
"7/28/20",13:19:00,"Vombs_Bruksgard","Libellula_quadrimaculata","Mature",NA,NA,0,NA,50,2020,NA,NA
"7/28/20",13:19:00,"Vombs_Bruksgard","Libellula_quadrimaculata","Mature",NA,NA,0,NA,50,2020,NA,NA
"7/28/20",13:19:00,"Vombs_Bruksgard","Libellula_quadrimaculata","Mature",NA,NA,0,NA,50,2020,NA,NA
"7/28/20",13:19:00,"Vombs_Bruksgard","Libellula_quadrimaculata","Mature",NA,NA,0,NA,50,2020,NA,NA
"7/28/20",13:19:00,"Vombs_Bruksgard","Libellula_quadrimaculata","Mature",NA,NA,0,NA,50,2020,NA,NA
"7/28/20",13:19:00,"Vombs_Bruksgard","Libellula_quadrimaculata","Mature",NA,NA,0,NA,50,2020,NA,NA
"7/28/20",13:19:00,"Vombs_Bruksgard","Sympetrum_sanguineum","Mature",1,NA,1,NA,50,2020,NA,NA
"7/28/20",13:19:00,"Vombs_Bruksgard","Sympetrum_sanguineum","Mature",1,NA,1,NA,50,2020,NA,NA
"7/28/20",13:19:00,"Vombs_Bruksgard","Sympetrum_sanguineum","Mature",1,NA,1,NA,50,2020,NA,NA
"7/28/20",13:19:00,"Vombs_Bruksgard","Sympetrum_sanguineum","Mature",1,NA,1,NA,50,2020,NA,NA
"7/28/20",13:19:00,"Vombs_Bruksgard","Sympetrum_sanguineum","Mature",1,NA,1,NA,50,2020,NA,NA
"7/28/20",13:19:00,"Vombs_Bruksgard","Sympetrum_sanguineum","Mature",1,NA,1,NA,50,2020,NA,NA
"7/28/20",13:19:00,"Vombs_Bruksgard","Sympetrum_sanguineum","Mature",1,NA,1,NA,50,2020,NA,NA
"7/28/20",13:19:00,"Vombs_Bruksgard","Sympetrum_sanguineum","Mature",1,NA,0,NA,50,2020,NA,NA
"7/28/20",13:19:00,"Vombs_Bruksgard","Sympetrum_sanguineum","Mature",1,NA,0,NA,50,2020,NA,NA
"7/28/20",13:19:00,"Vombs_Bruksgard","Sympetrum_sanguineum","Mature",1,NA,0,NA,50,2020,NA,NA
"7/28/20",13:19:00,"Vombs_Bruksgard","Sympetrum_sanguineum","Mature",1,NA,0,NA,50,2020,NA,NA
"7/28/20",13:19:00,"Vombs_Bruksgard","Sympetrum_sanguineum","Mature",1,NA,0,NA,50,2020,NA,NA
"7/28/20",13:19:00,"Vombs_Bruksgard","Sympetrum_sanguineum","Mature",1,NA,0,NA,50,2020,NA,NA
"7/28/20",13:19:00,"Vombs_Bruksgard","Sympetrum_sanguineum","Mature",1,NA,0,NA,50,2020,NA,NA
"7/28/20",13:19:00,"Vombs_Bruksgard","Sympetrum_sanguineum","Mature",1,NA,0,NA,50,2020,NA,NA
"7/28/20",13:19:00,"Vombs_Bruksgard","Sympetrum_sanguineum","Mature",1,NA,0,NA,50,2020,NA,NA
"7/28/20",13:19:00,"Vombs_Bruksgard","Sympetrum_sanguineum","Mature",1,NA,0,NA,50,2020,NA,NA
"7/28/20",13:19:00,"Vombs_Bruksgard","Sympetrum_sanguineum","Mature",1,NA,0,NA,50,2020,NA,NA
"7/28/20",13:19:00,"Vombs_Bruksgard","Sympetrum_sanguineum","Mature",1,NA,0,NA,50,2020,NA,NA
"7/28/20",13:19:00,"Vombs_Bruksgard","Sympetrum_sanguineum","Mature",1,NA,0,NA,50,2020,NA,NA
"7/28/20",13:19:00,"Vombs_Bruksgard","Sympetrum_sanguineum","Mature",1,NA,0,NA,50,2020,NA,NA
"7/28/20",13:19:00,"Vombs_Bruksgard","Sympetrum_sanguineum","Mature",1,NA,0,NA,50,2020,NA,NA
"7/28/20",13:19:00,"Vombs_Bruksgard","Sympetrum_sanguineum","Mature",1,NA,0,0,50,2020,NA,NA
"7/28/20",13:19:00,"Vombs_Bruksgard","Sympetrum_sanguineum","Mature",1,NA,0,0,50,2020,NA,NA
"7/28/20",13:19:00,"Vombs_Bruksgard","Sympetrum_sanguineum","Mature",1,NA,0,0,50,2020,NA,NA
"7/28/20",13:19:00,"Vombs_Bruksgard","Sympetrum_sanguineum","Mature",1,NA,0,0,50,2020,NA,NA
"7/28/20",13:19:00,"Vombs_Bruksgard","Sympetrum_sanguineum","Mature",1,NA,0,0,50,2020,NA,NA
"7/28/20",13:19:00,"Vombs_Bruksgard","Sympetrum_sanguineum","Mature",1,NA,0,0,50,2020,NA,NA
"7/28/20",13:19:00,"Vombs_Bruksgard","Sympetrum_sanguineum","Mature",1,NA,0,0,50,2020,NA,NA
"7/28/20",13:19:00,"Vombs_Bruksgard","Sympetrum_sanguineum","Mature",1,NA,0,0,50,2020,NA,NA
"7/28/20",13:19:00,"Vombs_Bruksgard","Sympetrum_sanguineum","Mature",1,NA,0,0,50,2020,NA,NA
"7/28/20",13:19:00,"Vombs_Bruksgard","Sympetrum_sanguineum","Mature",1,NA,0,0,50,2020,NA,NA
"7/28/20",13:19:00,"Vombs_Bruksgard","Sympetrum_sanguineum","Mature",1,NA,0,0,50,2020,NA,NA
"7/28/20",13:19:00,"Vombs_Bruksgard","Sympetrum_sanguineum","Teneral",1,NA,0,0,50,2020,NA,NA
"7/28/20",13:19:00,"Vombs_Bruksgard","Sympetrum_sanguineum","Mature",1,NA,1,NA,50,2020,NA,NA
"7/28/20",13:19:00,"Vombs_Bruksgard","Sympetrum_sanguineum","Mature",1,NA,1,0,50,2020,NA,NA
"7/28/20",13:19:00,"Vombs_Bruksgard","Sympetrum_sanguineum","Mature",1,NA,1,0,50,2020,NA,NA
"7/28/20",13:19:00,"Vombs_Bruksgard","Enallagma_cyathigerum","Mature",1,NA,1,0,50,2020,NA,NA
"7/28/20",13:19:00,"Vombs_Bruksgard","Lestes_sponsa","Mature",1,NA,0,0,50,2020,NA,NA
"7/28/20",13:19:00,"Vombs_Bruksgard","Enallagma_cyathigerum","Teneral",NA,NA,0,NA,50,2020,NA,NA
"7/28/20",13:19:00,"Vombs_Bruksgard","Lestes_sponsa","Mature",1,NA,0,0,50,2020,NA,NA
"7/28/20",13:19:00,"Vombs_Bruksgard","Lestes_sponsa","Mature",1,NA,0,0,50,2020,NA,NA
"7/28/20",13:19:00,"Vombs_Bruksgard","Lestes_sponsa","Mature",1,NA,0,0,50,2020,NA,NA
"7/28/20",13:19:00,"Vombs_Bruksgard","Lestes_sponsa","Mature",1,NA,0,0,50,2020,NA,NA
"7/28/20",13:19:00,"Vombs_Bruksgard","Lestes_sponsa","Mature",1,NA,0,0,50,2020,NA,NA
"7/28/20",13:19:00,"Vombs_Bruksgard","Lestes_sponsa","Mature",1,NA,0,0,50,2020,NA,NA
"7/28/20",13:19:00,"Vombs_Bruksgard","Lestes_sponsa","Mature",1,NA,0,0,50,2020,NA,NA
"7/28/20",13:19:00,"Vombs_Bruksgard","Lestes_sponsa","Mature",1,NA,0,0,50,2020,NA,NA
"7/28/20",13:19:00,"Vombs_Bruksgard","Lestes_sponsa","Teneral",1,NA,0,0,50,2020,NA,NA
"7/28/20",13:19:00,"Vombs_Bruksgard","Lestes_virens","Immature",1,NA,0,0,50,2020,NA,NA
"7/28/20",13:19:00,"Vombs_Bruksgard","Lestes_sponsa","Immature",1,NA,0,0,50,2020,NA,NA
"7/28/20",13:19:00,"Vombs_Bruksgard","Lestes_sponsa","Immature",1,NA,0,0,50,2020,NA,NA
"7/28/20",13:19:00,"Vombs_Bruksgard","Lestes_sponsa","Mature",1,NA,0,0,50,2020,NA,NA
"7/28/20",13:19:00,"Vombs_Bruksgard","Lestes_sponsa","Mature",1,NA,0,0,50,2020,NA,NA
"7/28/20",13:19:00,"Vombs_Bruksgard","Lestes_sponsa","Mature",1,NA,0,0,50,2020,NA,NA
"7/28/20",13:19:00,"Vombs_Bruksgard","Lestes_sponsa","Mature",1,NA,0,0,50,2020,NA,NA
"7/28/20",13:19:00,"Vombs_Bruksgard","Lestes_sponsa","Mature",1,NA,0,0,50,2020,NA,NA
"7/28/20",13:19:00,"Vombs_Bruksgard","Lestes_sponsa","Immature",1,NA,0,0,50,2020,NA,NA
"7/28/20",13:19:00,"Vombs_Bruksgard","Lestes_virens","Mature",1,NA,0,0,50,2020,NA,NA
"7/28/20",13:19:00,"Vombs_Bruksgard","Lestes_sponsa","Mature",1,NA,0,0,50,2020,NA,NA
"7/28/20",13:19:00,"Vombs_Bruksgard","Lestes_sponsa","Mature",1,NA,0,0,50,2020,NA,NA
"7/28/20",13:19:00,"Vombs_Bruksgard","Lestes_sponsa","Mature",1,NA,0,0,50,2020,NA,NA
"7/28/20",13:19:00,"Vombs_Bruksgard","Enallagma_cyathigerum","Teneral",1,NA,0,3,50,2020,NA,NA
"7/28/20",13:19:00,"Vombs_Bruksgard","Lestes_sponsa","Teneral",0,NA,0,0,50,2020,NA,NA
"7/28/20",13:19:00,"Vombs_Bruksgard","Lestes_virens","Immature",1,NA,0,0,50,2020,NA,NA
"7/28/20",13:19:00,"Vombs_Bruksgard","Lestes_virens","Immature",1,NA,0,0,50,2020,NA,NA
"7/28/20",13:19:00,"Vombs_Bruksgard","Lestes_virens","Teneral",1,NA,0,0,50,2020,NA,NA
"7/28/20",13:19:00,"Vombs_Bruksgard","Lestes_virens","Teneral",0,NA,0,0,50,2020,NA,NA
"7/28/20",13:19:00,"Vombs_Bruksgard","Lestes_sponsa","Teneral",1,NA,0,0,50,2020,NA,NA
"7/28/20",13:19:00,"Vombs_Bruksgard","Lestes_sponsa","Mature",1,NA,0,0,50,2020,NA,NA
"7/28/20",13:19:00,"Vombs_Bruksgard","Lestes_sponsa","Mature",1,NA,0,0,50,2020,NA,NA
"7/28/20",13:19:00,"Vombs_Bruksgard","Enallagma_cyathigerum","Mature",1,NA,0,1,50,2020,NA,NA
"7/28/20",13:19:00,"Vombs_Bruksgard","Lestes_sponsa","Mature",1,NA,0,0,50,2020,NA,NA
"7/28/20",13:19:00,"Vombs_Bruksgard","Lestes_sponsa","Mature",1,NA,0,0,50,2020,NA,NA
"7/28/20",13:19:00,"Vombs_Bruksgard","Lestes_sponsa","Mature",1,NA,0,0,50,2020,NA,NA
"7/28/20",13:19:00,"Vombs_Bruksgard","Lestes_sponsa","Mature",1,NA,0,0,50,2020,NA,NA
"7/28/20",13:19:00,"Vombs_Bruksgard","Lestes_sponsa","Mature",1,NA,0,0,50,2020,NA,NA
"7/28/20",13:19:00,"Vombs_Bruksgard","Lestes_sponsa","Mature",1,NA,0,0,50,2020,NA,NA
"7/28/20",13:19:00,"Vombs_Bruksgard","Enallagma_cyathigerum","Mature",1,NA,0,0,50,2020,NA,NA
"7/28/20",13:19:00,"Vombs_Bruksgard","Lestes_sponsa","Mature",1,NA,0,0,50,2020,NA,NA
"7/28/20",13:19:00,"Vombs_Bruksgard","Lestes_sponsa","Mature",1,NA,0,0,50,2020,NA,NA
"7/28/20",13:19:00,"Vombs_Bruksgard","Lestes_virens","Immature",1,NA,0,0,50,2020,NA,NA
"7/28/20",13:19:00,"Vombs_Bruksgard","Lestes_sponsa","Mature",1,NA,0,0,50,2020,NA,NA
"7/28/20",13:19:00,"Vombs_Bruksgard","Lestes_virens","Mature",1,NA,0,0,50,2020,NA,NA
"7/28/20",13:19:00,"Vombs_Bruksgard","Enallagma_cyathigerum","Mature",1,NA,0,23,50,2020,NA,NA
"7/28/20",13:19:00,"Vombs_Bruksgard","Enallagma_cyathigerum","Mature",1,NA,0,18,50,2020,NA,NA
"7/28/20",13:19:00,"Vombs_Bruksgard","Enallagma_cyathigerum","Mature",1,NA,0,0,50,2020,NA,NA
"7/28/20",13:19:00,"Vombs_Bruksgard","Lestes_sponsa","Mature",1,NA,0,0,50,2020,NA,NA
"7/28/20",13:19:00,"Vombs_Bruksgard","Enallagma_cyathigerum","Teneral",1,NA,0,9,50,2020,NA,NA
"7/28/20",13:19:00,"Vombs_Bruksgard","Enallagma_cyathigerum","Mature",1,NA,0,1,50,2020,NA,NA
"7/28/20",13:19:00,"Vombs_Bruksgard","Enallagma_cyathigerum","Teneral",1,NA,0,18,50,2020,NA,NA
"7/28/20",13:19:00,"Vombs_Bruksgard","Enallagma_cyathigerum","Mature",1,NA,0,21,50,2020,NA,NA
"7/28/20",13:19:00,"Vombs_Bruksgard","Enallagma_cyathigerum","Teneral",0,NA,0,3,50,2020,NA,NA
"7/28/20",13:19:00,"Vombs_Bruksgard","Lestes_sponsa","Immature",1,NA,0,0,50,2020,NA,NA
"7/28/20",13:19:00,"Vombs_Bruksgard","Enallagma_cyathigerum","Teneral",1,NA,0,6,50,2020,NA,NA
"7/28/20",13:19:00,"Vombs_Bruksgard","Enallagma_cyathigerum","Teneral",1,NA,0,9,50,2020,NA,NA
"7/28/20",13:19:00,"Vombs_Bruksgard","Lestes_sponsa","Teneral",0,NA,0,0,50,2020,NA,NA
"7/28/20",13:19:00,"Vombs_Bruksgard","Lestes_sponsa","Mature",1,NA,0,0,50,2020,NA,NA
"7/28/20",13:19:00,"Vombs_Bruksgard","Enallagma_cyathigerum","Teneral",1,NA,0,3,50,2020,NA,NA
"7/10/20",09:31:00,"Vombs_Bruksgard","Ischnura_elegans","Immature",0,"Gynochrome",0,12,60,2020,"Infuscans","Violacea_(Infuscans)"
"7/28/20",13:19:00,"Vombs_Bruksgard","Ischnura_elegans","Immature",0,"Gynochrome",0,0,50,2020,"Infuscans","Violacea_(Infuscans)"
"5/29/20",12:41:00,"Vombs_Bruksgard","Coenagrion_puella","Mature",0,"Gynochrome",1,5,100,2020,NA,NA
"5/29/20",12:41:00,"Vombs_Bruksgard","Coenagrion_puella","Immature",1,NA,1,30,100,2020,NA,NA
"5/29/20",12:41:00,"Vombs_Bruksgard","Coenagrion_hastulatum","Mature",1,NA,1,28,100,2020,NA,NA
"5/29/20",12:41:00,"Vombs_Bruksgard","Coenagrion_hastulatum","Mature",0,"Gynochrome",1,27,100,2020,NA,NA
"5/29/20",12:41:00,"Vombs_Bruksgard","Coenagrion_puella","Teneral",1,NA,0,18,100,2020,NA,NA
"5/29/20",12:41:00,"Vombs_Bruksgard","Enallagma_cyathigerum","Immature",1,NA,0,18,100,2020,NA,NA
"5/29/20",12:41:00,"Vombs_Bruksgard","Coenagrion_puella","Teneral",1,NA,0,20,100,2020,NA,NA
"5/29/20",12:41:00,"Vombs_Bruksgard","Coenagrion_puella","Immature",1,NA,0,56,100,2020,NA,NA
"5/29/20",12:41:00,"Vombs_Bruksgard","Enallagma_cyathigerum","Mature",1,NA,0,8,100,2020,NA,NA
"5/29/20",12:41:00,"Vombs_Bruksgard","Enallagma_cyathigerum","Mature",1,NA,0,11,100,2020,NA,NA
"5/29/20",12:41:00,"Vombs_Bruksgard","Enallagma_cyathigerum","Immature",1,NA,0,10,100,2020,NA,NA
"5/29/20",12:41:00,"Vombs_Bruksgard","Pyrrhosoma_nymphula","Mature",1,NA,0,0,100,2020,NA,NA
"5/29/20",12:41:00,"Vombs_Bruksgard","Coenagrion_hastulatum","Teneral",0,NA,0,67,100,2020,NA,NA
"5/29/20",12:41:00,"Vombs_Bruksgard","Calopteryx_virgo","Immature",0,NA,0,0,100,2020,NA,NA
"5/29/20",12:41:00,"Vombs_Bruksgard","Coenagrion_puella","Immature",1,NA,0,33,100,2020,NA,NA
"5/29/20",12:41:00,"Vombs_Bruksgard","Coenagrion_puella","Immature",1,NA,0,46,100,2020,NA,NA
"5/29/20",12:41:00,"Vombs_Bruksgard","Coenagrion_puella","Mature",1,NA,0,21,100,2020,NA,NA
"5/29/20",12:41:00,"Vombs_Bruksgard","Coenagrion_lunulatum","Mature",1,NA,0,19,100,2020,NA,NA
"5/29/20",12:41:00,"Vombs_Bruksgard","Enallagma_cyathigerum","Immature",1,NA,0,8,100,2020,NA,NA
"5/29/20",12:41:00,"Vombs_Bruksgard","Coenagrion_hastulatum","Mature",1,NA,0,55,100,2020,NA,NA
"5/29/20",12:41:00,"Vombs_Bruksgard","Enallagma_cyathigerum","Teneral",0,NA,0,12,100,2020,NA,NA
"5/29/20",12:41:00,"Vombs_Bruksgard","Coenagrion_puella","Mature",1,NA,0,80,100,2020,NA,NA
"5/29/20",12:41:00,"Vombs_Bruksgard","Coenagrion_lunulatum","Mature",0,"Gynochrome",0,35,100,2020,NA,NA
"5/29/20",12:41:00,"Vombs_Bruksgard","Coenagrion_lunulatum","Immature",1,NA,0,36,100,2020,NA,NA
"5/29/20",12:41:00,"Vombs_Bruksgard","Coenagrion_puella","Mature",1,NA,0,37,100,2020,NA,NA
"5/29/20",12:41:00,"Vombs_Bruksgard","Enallagma_cyathigerum","Immature",0,"Gynochrome",0,12,100,2020,NA,NA
"5/29/20",12:41:00,"Vombs_Bruksgard","Coenagrion_puella","Teneral",0,NA,0,60,100,2020,NA,NA
"5/29/20",12:41:00,"Vombs_Bruksgard","Coenagrion_puella","Immature",1,NA,0,29,100,2020,NA,NA
"5/29/20",12:41:00,"Vombs_Bruksgard","Coenagrion_puella","Mature",1,NA,0,6,100,2020,NA,NA
"5/29/20",12:41:00,"Vombs_Bruksgard","Coenagrion_lunulatum","Mature",1,NA,0,8,100,2020,NA,NA
"5/29/20",12:41:00,"Vombs_Bruksgard","Coenagrion_puella","Teneral",0,NA,0,36,100,2020,NA,NA
"5/29/20",12:41:00,"Vombs_Bruksgard","Coenagrion_puella","Mature",1,NA,0,50,100,2020,NA,NA
"5/29/20",12:41:00,"Vombs_Bruksgard","Coenagrion_hastulatum","Teneral",0,NA,0,30,100,2020,NA,NA
"5/29/20",12:41:00,"Vombs_Bruksgard","Coenagrion_hastulatum","Teneral",0,NA,0,24,100,2020,NA,NA
"5/29/20",12:41:00,"Vombs_Bruksgard","Enallagma_cyathigerum","Mature",1,NA,0,3,100,2020,NA,NA
"5/29/20",12:41:00,"Vombs_Bruksgard","Coenagrion_puella","Immature",1,NA,0,40,100,2020,NA,NA
"5/29/20",12:41:00,"Vombs_Bruksgard","Enallagma_cyathigerum","Teneral",1,NA,0,50,100,2020,NA,NA
"5/29/20",12:41:00,"Vombs_Bruksgard","Coenagrion_hastulatum","Teneral",0,NA,0,30,100,2020,NA,NA
"5/29/20",12:41:00,"Vombs_Bruksgard","Coenagrion_pulchellum","Immature",1,NA,0,18,100,2020,NA,NA
"5/29/20",12:41:00,"Vombs_Bruksgard","Libellula_quadrimaculata","Teneral",NA,NA,0,NA,100,2020,NA,NA
"5/29/20",12:41:00,"Vombs_Bruksgard","Libellula_quadrimaculata","Teneral",NA,NA,0,NA,100,2020,NA,NA
"5/29/20",12:41:00,"Vombs_Bruksgard","Cordulia_aenea","Teneral",NA,NA,0,NA,100,2020,NA,NA
"5/29/20",12:41:00,"Vombs_Bruksgard","Cordulia_aenea","Mature",NA,NA,0,NA,100,2020,NA,NA
"5/29/20",12:41:00,"Vombs_Bruksgard","Cordulia_aenea","Mature",NA,NA,0,NA,100,2020,NA,NA
"5/29/20",12:41:00,"Vombs_Bruksgard","Cordulia_aenea","Mature",1,NA,1,NA,100,2020,NA,NA
"5/29/20",12:41:00,"Vombs_Bruksgard","Cordulia_aenea","Mature",0,NA,1,NA,100,2020,NA,NA
"5/29/20",12:41:00,"Vombs_Bruksgard","Coenagrion_puella","Mature",1,NA,0,0,100,2020,NA,NA
"5/29/20",12:41:00,"Vombs_Bruksgard","Coenagrion_lunulatum","Mature",1,NA,0,18,100,2020,NA,NA
"5/29/20",12:41:00,"Vombs_Bruksgard","Coenagrion_puella","Mature",1,NA,0,35,100,2020,NA,NA
"5/29/20",12:41:00,"Vombs_Bruksgard","Coenagrion_puella","Mature",1,NA,0,40,100,2020,NA,NA
"5/29/20",12:41:00,"Vombs_Bruksgard","Coenagrion_puella","Teneral",1,NA,0,0,100,2020,NA,NA
"5/29/20",12:41:00,"Vombs_Bruksgard","Coenagrion_puella","Mature",1,NA,0,60,100,2020,NA,NA
"5/29/20",12:41:00,"Vombs_Bruksgard","Coenagrion_lunulatum","Mature",1,NA,0,40,100,2020,NA,NA
"5/29/20",12:41:00,"Vombs_Bruksgard","Coenagrion_hastulatum","Teneral",0,NA,0,45,100,2020,NA,NA
"5/29/20",12:41:00,"Vombs_Bruksgard","Coenagrion_puella","Immature",1,NA,0,35,100,2020,NA,NA
"5/29/20",12:41:00,"Vombs_Bruksgard","Coenagrion_hastulatum","Teneral",0,NA,0,10,100,2020,NA,NA
"5/29/20",12:41:00,"Vombs_Bruksgard","Coenagrion_puella","Mature",0,NA,0,40,100,2020,NA,NA
"5/29/20",12:41:00,"Vombs_Bruksgard","Coenagrion_hastulatum","Teneral",0,NA,0,20,100,2020,NA,NA
"5/29/20",12:41:00,"Vombs_Bruksgard","Coenagrion_lunulatum","Mature",1,NA,0,60,100,2020,NA,NA
"5/29/20",12:41:00,"Vombs_Bruksgard","Coenagrion_puella","Mature",1,NA,0,45,100,2020,NA,NA
"5/29/20",12:41:00,"Vombs_Bruksgard","Coenagrion_hastulatum","Teneral",1,NA,0,24,100,2020,NA,NA
"5/29/20",12:41:00,"Vombs_Bruksgard","Coenagrion_lunulatum","Mature",1,NA,0,11,100,2020,NA,NA
"5/29/20",12:41:00,"Vombs_Bruksgard","Coenagrion_puella","Mature",1,NA,0,20,100,2020,NA,NA
"5/29/20",12:41:00,"Vombs_Bruksgard","Coenagrion_puella","Teneral",0,NA,0,8,100,2020,NA,NA
"5/29/20",12:41:00,"Vombs_Bruksgard","Coenagrion_puella","Mature",1,NA,0,50,100,2020,NA,NA
"5/29/20",12:41:00,"Vombs_Bruksgard","Coenagrion_lunulatum","Mature",1,NA,0,11,100,2020,NA,NA
"5/29/20",12:41:00,"Vombs_Bruksgard","Coenagrion_hastulatum","Teneral",0,NA,0,10,100,2020,NA,NA
"5/29/20",12:41:00,"Vombs_Bruksgard","Coenagrion_hastulatum","Teneral",0,NA,0,12,100,2020,NA,NA
"5/29/20",12:41:00,"Vombs_Bruksgard","Coenagrion_puella","Mature",1,NA,0,35,100,2020,NA,NA
"5/29/20",12:41:00,"Vombs_Bruksgard","Coenagrion_hastulatum","Mature",1,NA,0,13,100,2020,NA,NA
"5/29/20",12:41:00,"Vombs_Bruksgard","Coenagrion_lunulatum","Mature",1,NA,0,29,100,2020,NA,NA
"5/29/20",12:41:00,"Vombs_Bruksgard","Coenagrion_hastulatum","Teneral",0,NA,0,55,100,2020,NA,NA
"5/29/20",12:41:00,"Vombs_Bruksgard","Coenagrion_puella","Mature",1,NA,0,35,100,2020,NA,NA
"5/29/20",12:41:00,"Vombs_Bruksgard","Coenagrion_puella","Teneral",1,NA,0,48,100,2020,NA,NA
"5/29/20",12:41:00,"Vombs_Bruksgard","Coenagrion_puella","Teneral",1,NA,0,40,100,2020,NA,NA
"5/29/20",12:41:00,"Vombs_Bruksgard","Coenagrion_puella","Teneral",0,NA,0,35,100,2020,NA,NA
"5/29/20",12:41:00,"Vombs_Bruksgard","Coenagrion_puella","Teneral",0,NA,0,38,100,2020,NA,NA
"5/29/20",12:41:00,"Vombs_Bruksgard","Coenagrion_puella","Teneral",0,NA,0,35,100,2020,NA,NA
"5/29/20",12:41:00,"Vombs_Bruksgard","Coenagrion_puella","Teneral",1,NA,0,60,100,2020,NA,NA
"5/29/20",12:41:00,"Vombs_Bruksgard","Coenagrion_puella","Teneral",0,NA,0,35,100,2020,NA,NA
"5/29/20",12:41:00,"Vombs_Bruksgard","Coenagrion_puella","Teneral",1,NA,0,14,100,2020,NA,NA
"5/29/20",12:41:00,"Vombs_Bruksgard","Coenagrion_puella","Immature",0,"Gynochrome",0,10,100,2020,NA,NA
"5/29/20",12:41:00,"Vombs_Bruksgard","Coenagrion_puella","Teneral",0,NA,0,28,100,2020,NA,NA
"5/29/20",12:41:00,"Vombs_Bruksgard","Coenagrion_puella","Teneral",1,NA,0,37,100,2020,NA,NA
"5/29/20",12:41:00,"Vombs_Bruksgard","Coenagrion_puella","Teneral",0,NA,0,27,100,2020,NA,NA
"5/29/20",12:41:00,"Vombs_Bruksgard","Coenagrion_puella","Teneral",1,NA,0,23,100,2020,NA,NA
"5/29/20",12:41:00,"Vombs_Bruksgard","Coenagrion_puella","Teneral",1,NA,0,17,100,2020,NA,NA
"5/29/20",12:41:00,"Vombs_Bruksgard","Coenagrion_puella","Teneral",1,NA,0,41,100,2020,NA,NA
"5/29/20",12:41:00,"Vombs_Bruksgard","Coenagrion_puella","Teneral",1,NA,0,30,100,2020,NA,NA
"5/29/20",12:41:00,"Vombs_Bruksgard","Coenagrion_puella","Teneral",0,NA,0,80,100,2020,NA,NA
"5/29/20",12:41:00,"Vombs_Bruksgard","Coenagrion_puella","Teneral",0,NA,0,32,100,2020,NA,NA
"5/29/20",12:41:00,"Vombs_Bruksgard","Coenagrion_puella","Teneral",0,NA,0,49,100,2020,NA,NA
"6/14/20",15:31:00,"Vombs_Bruksgard","Leucorrhinia_rubicunda","Immature",1,NA,0,NA,30,2020,NA,NA
"6/14/20",15:31:00,"Vombs_Bruksgard","Leucorrhinia_pectoralis","Mature",NA,NA,0,NA,30,2020,NA,NA
"6/14/20",15:31:00,"Vombs_Bruksgard","Cordulia_aenea","Mature",NA,NA,0,NA,30,2020,NA,NA
"6/14/20",15:31:00,"Vombs_Bruksgard","Cordulia_aenea","Mature",NA,NA,0,NA,30,2020,NA,NA
"6/14/20",15:31:00,"Vombs_Bruksgard","Cordulia_aenea","Mature",NA,NA,0,NA,30,2020,NA,NA
"6/14/20",15:31:00,"Vombs_Bruksgard","Cordulia_aenea","Mature",NA,NA,0,NA,30,2020,NA,NA
"6/14/20",15:31:00,"Vombs_Bruksgard","Cordulia_aenea","Mature",NA,NA,0,NA,30,2020,NA,NA
"6/14/20",15:31:00,"Vombs_Bruksgard","Cordulia_aenea","Mature",NA,NA,0,NA,30,2020,NA,NA
"6/14/20",15:31:00,"Vombs_Bruksgard","Cordulia_aenea","Mature",NA,NA,0,NA,30,2020,NA,NA
"6/14/20",15:31:00,"Vombs_Bruksgard","Cordulia_aenea","Mature",NA,NA,0,NA,30,2020,NA,NA
"6/14/20",15:31:00,"Vombs_Bruksgard","Cordulia_aenea","Mature",NA,NA,0,NA,30,2020,NA,NA
"6/14/20",15:31:00,"Vombs_Bruksgard","Cordulia_aenea","Mature",NA,NA,0,NA,30,2020,NA,NA
"6/14/20",15:31:00,"Vombs_Bruksgard","Libellula_quadrimaculata","Mature",NA,NA,0,NA,30,2020,NA,NA
"6/14/20",15:31:00,"Vombs_Bruksgard","Libellula_quadrimaculata","Mature",NA,NA,0,NA,30,2020,NA,NA
"6/14/20",15:31:00,"Vombs_Bruksgard","Libellula_quadrimaculata","Mature",NA,NA,0,NA,30,2020,NA,NA
"6/14/20",15:31:00,"Vombs_Bruksgard","Libellula_quadrimaculata","Mature",NA,NA,0,NA,30,2020,NA,NA
"6/14/20",15:31:00,"Vombs_Bruksgard","Libellula_quadrimaculata","Mature",NA,NA,0,NA,30,2020,NA,NA
"6/14/20",15:31:00,"Vombs_Bruksgard","Libellula_quadrimaculata","Mature",NA,NA,0,NA,30,2020,NA,NA
"6/14/20",15:31:00,"Vombs_Bruksgard","Libellula_quadrimaculata","Mature",NA,NA,0,NA,30,2020,NA,NA
"6/14/20",15:31:00,"Vombs_Bruksgard","Libellula_quadrimaculata","Mature",NA,NA,0,NA,30,2020,NA,NA
"6/14/20",15:31:00,"Vombs_Bruksgard","Libellula_quadrimaculata","Mature",NA,NA,0,NA,30,2020,NA,NA
"6/14/20",15:31:00,"Vombs_Bruksgard","Libellula_quadrimaculata","Mature",NA,NA,0,NA,30,2020,NA,NA
"6/14/20",15:31:00,"Vombs_Bruksgard","Libellula_quadrimaculata","Mature",NA,NA,0,NA,30,2020,NA,NA
"6/14/20",15:31:00,"Vombs_Bruksgard","Libellula_quadrimaculata","Mature",NA,NA,0,NA,30,2020,NA,NA
"6/14/20",15:31:00,"Vombs_Bruksgard","Libellula_quadrimaculata","Mature",NA,NA,0,NA,30,2020,NA,NA
"6/14/20",15:31:00,"Vombs_Bruksgard","Libellula_quadrimaculata","Mature",NA,NA,0,NA,30,2020,NA,NA
"6/14/20",15:31:00,"Vombs_Bruksgard","Libellula_quadrimaculata","Mature",NA,NA,0,NA,30,2020,NA,NA
"6/14/20",15:31:00,"Vombs_Bruksgard","Libellula_quadrimaculata","Mature",NA,NA,0,NA,30,2020,NA,NA
"6/14/20",15:31:00,"Vombs_Bruksgard","Libellula_quadrimaculata","Mature",NA,NA,0,NA,30,2020,NA,NA
"6/14/20",15:31:00,"Vombs_Bruksgard","Libellula_quadrimaculata","Mature",NA,NA,0,NA,30,2020,NA,NA
"6/14/20",15:31:00,"Vombs_Bruksgard","Libellula_quadrimaculata","Mature",NA,NA,0,NA,30,2020,NA,NA
"6/14/20",15:31:00,"Vombs_Bruksgard","Libellula_quadrimaculata","Mature",NA,NA,0,NA,30,2020,NA,NA
"6/14/20",15:31:00,"Vombs_Bruksgard","Libellula_quadrimaculata","Mature",NA,NA,0,NA,30,2020,NA,NA
"6/14/20",15:31:00,"Vombs_Bruksgard","Libellula_quadrimaculata","Mature",NA,NA,0,NA,30,2020,NA,NA
"6/14/20",15:31:00,"Vombs_Bruksgard","Libellula_quadrimaculata","Mature",NA,NA,0,NA,30,2020,NA,NA
"6/14/20",15:31:00,"Vombs_Bruksgard","Libellula_quadrimaculata","Mature",NA,NA,0,NA,30,2020,NA,NA
"6/14/20",15:31:00,"Vombs_Bruksgard","Libellula_quadrimaculata","Mature",NA,NA,0,NA,30,2020,NA,NA
"6/14/20",15:31:00,"Vombs_Bruksgard","Libellula_quadrimaculata","Mature",NA,NA,0,NA,30,2020,NA,NA
"6/14/20",15:31:00,"Vombs_Bruksgard","Libellula_quadrimaculata","Mature",NA,NA,0,NA,30,2020,NA,NA
"6/14/20",15:31:00,"Vombs_Bruksgard","Libellula_quadrimaculata","Mature",NA,NA,0,NA,30,2020,NA,NA
"6/14/20",15:31:00,"Vombs_Bruksgard","Libellula_quadrimaculata","Mature",NA,NA,0,NA,30,2020,NA,NA
"6/14/20",15:31:00,"Vombs_Bruksgard","Libellula_quadrimaculata","Mature",NA,NA,0,NA,30,2020,NA,NA
"6/14/20",15:31:00,"Vombs_Bruksgard","Libellula_quadrimaculata","Mature",NA,NA,0,NA,30,2020,NA,NA
"6/14/20",15:31:00,"Vombs_Bruksgard","Libellula_quadrimaculata","Mature",NA,NA,0,NA,30,2020,NA,NA
"6/14/20",15:31:00,"Vombs_Bruksgard","Libellula_quadrimaculata","Mature",NA,NA,0,NA,30,2020,NA,NA
"6/14/20",15:31:00,"Vombs_Bruksgard","Libellula_quadrimaculata","Mature",NA,NA,0,NA,30,2020,NA,NA
"6/14/20",15:31:00,"Vombs_Bruksgard","Libellula_quadrimaculata","Mature",NA,NA,0,NA,30,2020,NA,NA
"6/14/20",15:31:00,"Vombs_Bruksgard","Libellula_quadrimaculata","Mature",NA,NA,0,NA,30,2020,NA,NA
"6/14/20",15:31:00,"Vombs_Bruksgard","Libellula_quadrimaculata","Mature",NA,NA,0,NA,30,2020,NA,NA
"6/14/20",15:31:00,"Vombs_Bruksgard","Libellula_quadrimaculata","Mature",NA,NA,0,NA,30,2020,NA,NA
"6/14/20",15:31:00,"Vombs_Bruksgard","Libellula_quadrimaculata","Mature",NA,NA,0,NA,30,2020,NA,NA
"6/14/20",15:31:00,"Vombs_Bruksgard","Libellula_quadrimaculata","Mature",NA,NA,0,NA,30,2020,NA,NA
"6/14/20",15:31:00,"Vombs_Bruksgard","Libellula_quadrimaculata","Mature",NA,NA,0,NA,30,2020,NA,NA
"6/14/20",15:31:00,"Vombs_Bruksgard","Libellula_quadrimaculata","Mature",NA,NA,0,NA,30,2020,NA,NA
"6/14/20",15:31:00,"Vombs_Bruksgard","Libellula_quadrimaculata","Mature",NA,NA,0,NA,30,2020,NA,NA
"6/14/20",15:31:00,"Vombs_Bruksgard","Libellula_quadrimaculata","Mature",NA,NA,0,NA,30,2020,NA,NA
"6/14/20",15:31:00,"Vombs_Bruksgard","Libellula_quadrimaculata","Mature",NA,NA,0,NA,30,2020,NA,NA
"6/14/20",15:31:00,"Vombs_Bruksgard","Libellula_quadrimaculata","Mature",NA,NA,0,NA,30,2020,NA,NA
"6/14/20",15:31:00,"Vombs_Bruksgard","Libellula_quadrimaculata","Mature",NA,NA,0,NA,30,2020,NA,NA
"6/14/20",15:31:00,"Vombs_Bruksgard","Libellula_quadrimaculata","Mature",NA,NA,0,NA,30,2020,NA,NA
"6/14/20",15:31:00,"Vombs_Bruksgard","Libellula_quadrimaculata","Mature",NA,NA,0,NA,30,2020,NA,NA
"6/14/20",15:31:00,"Vombs_Bruksgard","Libellula_quadrimaculata","Mature",NA,NA,0,NA,30,2020,NA,NA
"6/14/20",15:31:00,"Vombs_Bruksgard","Calopteryx_splendens","Mature",1,NA,0,NA,30,2020,NA,NA
"6/14/20",15:31:00,"Vombs_Bruksgard","Ischnura_elegans","Mature",1,NA,1,1,30,2020,NA,NA
"6/14/20",15:31:00,"Vombs_Bruksgard","Ischnura_elegans","Mature",0,"Gynochrome",1,2,30,2020,"Infuscans_obsoleta",NA
"6/14/20",15:31:00,"Vombs_Bruksgard","Enallagma_cyathigerum","Mature",0,"Gynochrome",1,50,30,2020,NA,NA
"6/14/20",15:31:00,"Vombs_Bruksgard","Enallagma_cyathigerum","Mature",1,NA,1,3,30,2020,NA,NA
"6/14/20",15:31:00,"Vombs_Bruksgard","Enallagma_cyathigerum","Mature",1,NA,1,3,30,2020,NA,NA
"6/14/20",15:31:00,"Vombs_Bruksgard","Enallagma_cyathigerum","Mature",0,"Gynochrome",1,55,30,2020,NA,NA
"6/14/20",15:31:00,"Vombs_Bruksgard","Coenagrion_puella","Mature",1,NA,0,0,30,2020,NA,NA
"6/14/20",15:31:00,"Vombs_Bruksgard","Coenagrion_puella","Teneral",0,NA,0,30,30,2020,NA,NA
"6/14/20",15:31:00,"Vombs_Bruksgard","Coenagrion_puella","Mature",1,NA,0,7,30,2020,NA,NA
"6/14/20",15:31:00,"Vombs_Bruksgard","Coenagrion_puella","Mature",1,NA,0,12,30,2020,NA,NA
"6/14/20",15:31:00,"Vombs_Bruksgard","Coenagrion_puella","Mature",1,NA,0,6,30,2020,NA,NA
"6/14/20",15:31:00,"Vombs_Bruksgard","Coenagrion_puella","Mature",1,NA,0,5,30,2020,NA,NA
"6/14/20",15:31:00,"Vombs_Bruksgard","Coenagrion_puella","Mature",1,NA,0,4,30,2020,NA,NA
"6/14/20",15:31:00,"Vombs_Bruksgard","Ischnura_elegans","Mature",1,NA,0,6,30,2020,NA,NA
"6/14/20",15:31:00,"Vombs_Bruksgard","Coenagrion_puella","Mature",1,NA,0,1,30,2020,NA,NA
"6/14/20",15:31:00,"Vombs_Bruksgard","Enallagma_cyathigerum","Mature",1,NA,0,1,30,2020,NA,NA
"6/14/20",15:31:00,"Vombs_Bruksgard","Enallagma_cyathigerum","Mature",1,NA,0,0,30,2020,NA,NA
"6/14/20",15:31:00,"Vombs_Bruksgard","Coenagrion_puella","Mature",1,NA,0,0,30,2020,NA,NA
"6/14/20",15:31:00,"Vombs_Bruksgard","Enallagma_cyathigerum","Mature",1,NA,0,0,30,2020,NA,NA
"6/14/20",15:31:00,"Vombs_Bruksgard","Enallagma_cyathigerum","Mature",1,NA,0,0,30,2020,NA,NA
"6/14/20",15:31:00,"Vombs_Bruksgard","Coenagrion_puella","Mature",1,NA,0,0,30,2020,NA,NA
"6/14/20",15:31:00,"Vombs_Bruksgard","Coenagrion_puella","Mature",1,NA,0,0,30,2020,NA,NA
"6/14/20",15:31:00,"Vombs_Bruksgard","Coenagrion_puella","Mature",1,NA,0,80,30,2020,NA,NA
"6/14/20",15:31:00,"Vombs_Bruksgard","Coenagrion_puella","Mature",1,NA,0,1,30,2020,NA,NA
"6/14/20",15:31:00,"Vombs_Bruksgard","Coenagrion_puella","Mature",1,NA,0,1,30,2020,NA,NA
"6/14/20",15:31:00,"Vombs_Bruksgard","Coenagrion_puella","Mature",1,NA,0,0,30,2020,NA,NA
"6/14/20",15:31:00,"Vombs_Bruksgard","Coenagrion_puella","Mature",1,NA,0,12,30,2020,NA,NA
"6/14/20",15:31:00,"Vombs_Bruksgard","Enallagma_cyathigerum","Mature",1,NA,0,1,30,2020,NA,NA
"6/14/20",15:31:00,"Vombs_Bruksgard","Enallagma_cyathigerum","Mature",1,NA,0,0,30,2020,NA,NA
"6/14/20",15:31:00,"Vombs_Bruksgard","Coenagrion_puella","Mature",1,NA,0,2,30,2020,NA,NA
"6/14/20",15:31:00,"Vombs_Bruksgard","Coenagrion_puella","Mature",1,NA,0,5,30,2020,NA,NA
"6/14/20",15:31:00,"Vombs_Bruksgard","Coenagrion_puella","Mature",1,NA,0,50,30,2020,NA,NA
"6/14/20",15:31:00,"Vombs_Bruksgard","Coenagrion_puella","Mature",1,NA,0,35,30,2020,NA,NA
"6/14/20",15:31:00,"Vombs_Bruksgard","Enallagma_cyathigerum","Mature",0,NA,0,30,30,2020,NA,NA
"6/14/20",15:31:00,"Vombs_Bruksgard","Coenagrion_puella","Mature",1,NA,0,0,30,2020,NA,NA
"6/14/20",15:31:00,"Vombs_Bruksgard","Enallagma_cyathigerum","Mature",1,NA,0,55,30,2020,NA,NA
"6/14/20",15:31:00,"Vombs_Bruksgard","Coenagrion_puella","Mature",1,NA,0,100,30,2020,NA,NA
"6/14/20",15:31:00,"Vombs_Bruksgard","Coenagrion_puella","Mature",1,NA,0,7,30,2020,NA,NA
"6/14/20",15:31:00,"Vombs_Bruksgard","Coenagrion_puella","Mature",1,NA,0,0,30,2020,NA,NA
"6/14/20",15:31:00,"Vombs_Bruksgard","Enallagma_cyathigerum","Mature",0,NA,0,45,30,2020,NA,NA
"6/14/20",15:31:00,"Vombs_Bruksgard","Coenagrion_puella","Mature",1,NA,0,0,30,2020,NA,NA
"6/14/20",15:31:00,"Vombs_Bruksgard","Enallagma_cyathigerum","Mature",1,NA,0,2,30,2020,NA,NA
"6/14/20",15:31:00,"Vombs_Bruksgard","Coenagrion_puella","Mature",1,NA,0,0,30,2020,NA,NA
"6/14/20",15:31:00,"Vombs_Bruksgard","Enallagma_cyathigerum","Immature",0,"Gynochrome",0,0,30,2020,NA,NA
"6/14/20",15:31:00,"Vombs_Bruksgard","Coenagrion_puella","Immature",1,NA,0,40,30,2020,NA,NA
"7/17/20",11:49:00,"Vombs_Vattenverk","Ischnura_elegans","Mature",0,"Androchrome",1,0,60,2020,"Androchrome",NA
"7/17/20",11:49:00,"Vombs_Vattenverk","Ischnura_elegans","Mature",0,"Androchrome",1,0,60,2020,"Androchrome",NA
"7/17/20",11:49:00,"Vombs_Vattenverk","Ischnura_elegans","Mature",0,"Androchrome",1,1,60,2020,"Androchrome",NA
"7/17/20",11:49:00,"Vombs_Vattenverk","Enallagma_cyathigerum","Mature",0,"Androchrome",0,15,60,2020,NA,NA
"7/28/20",11:30:00,"Vombs_Vattenverk","Ischnura_elegans","Mature",0,"Androchrome",1,0,40,2020,"Androchrome",NA
"7/28/20",11:30:00,"Vombs_Vattenverk","Ischnura_elegans","Mature",0,"Androchrome",0,0,40,2020,"Androchrome",NA
"7/17/20",11:49:00,"Vombs_Vattenverk","Sympetrum_striolatum","Teneral",0,NA,0,0,60,2020,NA,NA
"7/17/20",11:49:00,"Vombs_Vattenverk","Enallagma_cyathigerum","Immature",0,"Gynochrome",0,0,60,2020,NA,NA
"7/17/20",11:49:00,"Vombs_Vattenverk","Enallagma_cyathigerum","Mature",0,"Gynochrome",0,NA,60,2020,NA,NA
"7/17/20",11:49:00,"Vombs_Vattenverk","Enallagma_cyathigerum","Mature",0,"Gynochrome",0,80,60,2020,NA,NA
"7/17/20",11:49:00,"Vombs_Vattenverk","Orthetrum_cancellatum","Mature",0,"Gynochrome",0,NA,60,2020,NA,NA
"7/17/20",11:49:00,"Vombs_Vattenverk","Orthetrum_cancellatum","Mature",0,"Gynochrome",0,NA,60,2020,NA,NA
"7/17/20",11:49:00,"Vombs_Vattenverk","Orthetrum_cancellatum","Mature",0,"Gynochrome",1,NA,60,2020,NA,NA
"7/17/20",11:49:00,"Vombs_Vattenverk","Anax_imperator","Mature",0,"Gynochrome",0,NA,60,2020,NA,NA
"7/28/20",11:30:00,"Vombs_Vattenverk","Enallagma_cyathigerum","Mature",0,"Gynochrome",1,1,40,2020,NA,NA
"7/28/20",11:30:00,"Vombs_Vattenverk","Enallagma_cyathigerum","Mature",0,"Gynochrome",1,13,40,2020,NA,NA
"7/28/20",11:30:00,"Vombs_Vattenverk","Enallagma_cyathigerum","Mature",0,"Gynochrome",1,1,40,2020,NA,NA
"7/28/20",11:30:00,"Vombs_Vattenverk","Sympecma_fusca","Immature",0,"Gynochrome",0,0,40,2020,NA,NA
"7/28/20",11:30:00,"Vombs_Vattenverk","Enallagma_cyathigerum","Mature",0,"Gynochrome",0,19,40,2020,NA,NA
"7/28/20",11:30:00,"Vombs_Vattenverk","Enallagma_cyathigerum","Mature",0,"Gynochrome",0,16,40,2020,NA,NA
"7/28/20",11:30:00,"Vombs_Vattenverk","Enallagma_cyathigerum","Mature",0,"Gynochrome",0,0,40,2020,NA,NA
"7/17/20",11:49:00,"Vombs_Vattenverk","Ischnura_elegans","Mature",0,"Gynochrome",1,0,60,2020,"Infuscans",NA
"7/17/20",11:49:00,"Vombs_Vattenverk","Ischnura_elegans","Mature",0,"Gynochrome",1,0,60,2020,"Infuscans",NA
"7/17/20",11:49:00,"Vombs_Vattenverk","Ischnura_elegans","Mature",0,"Gynochrome",0,0,60,2020,"Infuscans",NA
"7/17/20",11:49:00,"Vombs_Vattenverk","Ischnura_elegans","Mature",0,"Gynochrome",0,0,60,2020,"Infuscans",NA
"7/28/20",11:30:00,"Vombs_Vattenverk","Ischnura_elegans","Mature",0,"Gynochrome",1,0,40,2020,"Infuscans",NA
"7/17/20",11:49:00,"Vombs_Vattenverk","Calopteryx_virgo","Mature",1,NA,0,NA,60,2020,NA,NA
"7/17/20",11:49:00,"Vombs_Vattenverk","Calopteryx_virgo","Mature",1,NA,0,NA,60,2020,NA,NA
"7/17/20",11:49:00,"Vombs_Vattenverk","Sympetrum_sanguineum","Mature",1,NA,0,0,60,2020,NA,NA
"7/17/20",11:49:00,"Vombs_Vattenverk","Sympetrum_striolatum","Teneral",1,NA,0,0,60,2020,NA,NA
"7/17/20",11:49:00,"Vombs_Vattenverk","Sympetrum_vulgatum","Teneral",1,NA,0,0,60,2020,NA,NA
"7/17/20",11:49:00,"Vombs_Vattenverk","Sympetrum_striolatum","Teneral",1,NA,0,0,60,2020,NA,NA
"7/17/20",11:49:00,"Vombs_Vattenverk","Sympetrum_striolatum","Teneral",1,NA,0,0,60,2020,NA,NA
"7/17/20",11:49:00,"Vombs_Vattenverk","Ischnura_elegans","Mature",1,NA,1,0,60,2020,NA,NA
"7/17/20",11:49:00,"Vombs_Vattenverk","Ischnura_elegans","Mature",1,NA,1,0,60,2020,NA,NA
"7/17/20",11:49:00,"Vombs_Vattenverk","Ischnura_elegans","Mature",1,NA,1,0,60,2020,NA,NA
"7/17/20",11:49:00,"Vombs_Vattenverk","Ischnura_elegans","Mature",1,NA,1,0,60,2020,NA,NA
"7/17/20",11:49:00,"Vombs_Vattenverk","Ischnura_elegans","Mature",1,NA,1,0,60,2020,NA,NA
"7/17/20",11:49:00,"Vombs_Vattenverk","Ischnura_elegans","Mature",1,NA,0,1,60,2020,NA,NA
"7/17/20",11:49:00,"Vombs_Vattenverk","Enallagma_cyathigerum","Mature",1,NA,0,2,60,2020,NA,NA
"7/17/20",11:49:00,"Vombs_Vattenverk","Ischnura_elegans","Mature",1,NA,0,0,60,2020,NA,NA
"7/17/20",11:49:00,"Vombs_Vattenverk","Ischnura_elegans","Mature",1,NA,0,0,60,2020,NA,NA
"7/17/20",11:49:00,"Vombs_Vattenverk","Enallagma_cyathigerum","Mature",1,NA,0,18,60,2020,NA,NA
"7/17/20",11:49:00,"Vombs_Vattenverk","Enallagma_cyathigerum","Mature",1,NA,0,10,60,2020,NA,NA
"7/17/20",11:49:00,"Vombs_Vattenverk","Enallagma_cyathigerum","Teneral",1,NA,0,0,60,2020,NA,NA
"7/17/20",11:49:00,"Vombs_Vattenverk","Ischnura_elegans","Teneral",1,NA,0,0,60,2020,NA,NA
"7/17/20",11:49:00,"Vombs_Vattenverk","Ischnura_elegans","Mature",1,NA,0,0,60,2020,NA,NA
"7/17/20",11:49:00,"Vombs_Vattenverk","Ischnura_elegans","Teneral",0,NA,0,0,60,2020,NA,NA
"7/17/20",11:49:00,"Vombs_Vattenverk","Enallagma_cyathigerum","Mature",1,NA,0,14,60,2020,NA,NA
"7/17/20",11:49:00,"Vombs_Vattenverk","Enallagma_cyathigerum","Mature",1,NA,0,0,60,2020,NA,NA
"7/17/20",11:49:00,"Vombs_Vattenverk","Coenagrion_pulchellum","Mature",1,NA,0,0,60,2020,NA,NA
"7/17/20",11:49:00,"Vombs_Vattenverk","Ischnura_elegans","Mature",1,NA,0,1,60,2020,NA,NA
"7/17/20",11:49:00,"Vombs_Vattenverk","Enallagma_cyathigerum","Mature",1,NA,0,0,60,2020,NA,NA
"7/17/20",11:49:00,"Vombs_Vattenverk","Ischnura_elegans","Immature",1,NA,0,33,60,2020,NA,NA
"7/17/20",11:49:00,"Vombs_Vattenverk","Enallagma_cyathigerum","Mature",1,NA,0,12,60,2020,NA,NA
"7/17/20",11:49:00,"Vombs_Vattenverk","Ischnura_elegans","Mature",1,NA,0,0,60,2020,NA,NA
"7/17/20",11:49:00,"Vombs_Vattenverk","Enallagma_cyathigerum","Mature",1,NA,0,0,60,2020,NA,NA
"7/17/20",11:49:00,"Vombs_Vattenverk","Enallagma_cyathigerum","Mature",1,NA,0,0,60,2020,NA,NA
"7/17/20",11:49:00,"Vombs_Vattenverk","Enallagma_cyathigerum","Mature",1,NA,0,0,60,2020,NA,NA
"7/17/20",11:49:00,"Vombs_Vattenverk","Ischnura_elegans","Mature",1,NA,0,2,60,2020,NA,NA
"7/17/20",11:49:00,"Vombs_Vattenverk","Ischnura_elegans","Immature",1,NA,0,4,60,2020,NA,NA
"7/17/20",11:49:00,"Vombs_Vattenverk","Ischnura_elegans","Mature",1,NA,0,0,60,2020,NA,NA
"7/17/20",11:49:00,"Vombs_Vattenverk","Ischnura_elegans","Mature",1,NA,0,0,60,2020,NA,NA
"7/17/20",11:49:00,"Vombs_Vattenverk","Enallagma_cyathigerum","Mature",1,NA,0,NA,60,2020,NA,NA
"7/17/20",11:49:00,"Vombs_Vattenverk","Enallagma_cyathigerum","Mature",1,NA,0,NA,60,2020,NA,NA
"7/17/20",11:49:00,"Vombs_Vattenverk","Ischnura_elegans","Immature",1,NA,0,0,60,2020,NA,NA
"7/17/20",11:49:00,"Vombs_Vattenverk","Sympetrum_sanguineum","Mature",1,NA,0,0,60,2020,NA,NA
"7/17/20",11:49:00,"Vombs_Vattenverk","Ischnura_elegans","Immature",1,NA,0,0,60,2020,NA,NA
"7/17/20",11:49:00,"Vombs_Vattenverk","Enallagma_cyathigerum","Teneral",1,NA,0,0,60,2020,NA,NA
"7/17/20",11:49:00,"Vombs_Vattenverk","Enallagma_cyathigerum","Mature",1,NA,0,0,60,2020,NA,NA
"7/17/20",11:49:00,"Vombs_Vattenverk","Ischnura_elegans","Teneral",0,NA,0,0,60,2020,NA,NA
"7/17/20",11:49:00,"Vombs_Vattenverk","Ischnura_elegans","Teneral",1,NA,0,NA,60,2020,NA,NA
"7/17/20",11:49:00,"Vombs_Vattenverk","Enallagma_cyathigerum","Mature",1,NA,0,12,60,2020,NA,NA
"7/17/20",11:49:00,"Vombs_Vattenverk","Aeshna_grandis","Mature",1,NA,0,NA,60,2020,NA,NA
"7/17/20",11:49:00,"Vombs_Vattenverk","Orthetrum_cancellatum","Mature",1,NA,0,NA,60,2020,NA,NA
"7/17/20",11:49:00,"Vombs_Vattenverk","Orthetrum_cancellatum","Mature",1,NA,0,NA,60,2020,NA,NA
"7/17/20",11:49:00,"Vombs_Vattenverk","Orthetrum_cancellatum","Mature",1,NA,0,NA,60,2020,NA,NA
"7/17/20",11:49:00,"Vombs_Vattenverk","Orthetrum_cancellatum","Mature",1,NA,1,NA,60,2020,NA,NA
"7/17/20",11:49:00,"Vombs_Vattenverk","Anax_imperator","Mature",1,NA,0,NA,60,2020,NA,NA
"7/17/20",11:49:00,"Vombs_Vattenverk","Anax_imperator","Mature",1,NA,0,NA,60,2020,NA,NA
"7/17/20",11:49:00,"Vombs_Vattenverk","Anax_imperator","Mature",1,NA,0,NA,60,2020,NA,NA
"7/17/20",11:49:00,"Vombs_Vattenverk","Anax_imperator","Mature",1,NA,0,NA,60,2020,NA,NA
"7/17/20",11:49:00,"Vombs_Vattenverk","Anax_imperator","Mature",1,NA,0,NA,60,2020,NA,NA
"7/17/20",11:49:00,"Vombs_Vattenverk","Anax_parthenope","Mature",1,NA,0,NA,60,2020,NA,NA
"7/17/20",11:49:00,"Vombs_Vattenverk","Libellula_quadrimaculata","Mature",1,NA,0,NA,60,2020,NA,NA
"7/17/20",11:49:00,"Vombs_Vattenverk","Libellula_quadrimaculata","Mature",1,NA,0,NA,60,2020,NA,NA
"7/17/20",11:49:00,"Vombs_Vattenverk","Libellula_quadrimaculata","Mature",1,NA,0,NA,60,2020,NA,NA
"7/17/20",11:49:00,"Vombs_Vattenverk","Libellula_quadrimaculata","Mature",1,NA,0,NA,60,2020,NA,NA
"7/17/20",11:49:00,"Vombs_Vattenverk","Libellula_quadrimaculata","Mature",1,NA,0,NA,60,2020,NA,NA
"7/17/20",11:49:00,"Vombs_Vattenverk","Libellula_quadrimaculata","Mature",1,NA,0,NA,60,2020,NA,NA
"7/17/20",11:49:00,"Vombs_Vattenverk","Libellula_quadrimaculata","Mature",1,NA,0,NA,60,2020,NA,NA
"7/17/20",11:49:00,"Vombs_Vattenverk","Libellula_quadrimaculata","Mature",1,NA,0,NA,60,2020,NA,NA
"7/17/20",11:49:00,"Vombs_Vattenverk","Libellula_quadrimaculata","Mature",1,NA,0,NA,60,2020,NA,NA
"7/17/20",11:49:00,"Vombs_Vattenverk","Libellula_quadrimaculata","Mature",0,NA,0,NA,60,2020,NA,NA
"7/17/20",11:49:00,"Vombs_Vattenverk","Sympetrum_spp",NA,NA,NA,0,NA,60,2020,NA,NA
"7/17/20",11:49:00,"Vombs_Vattenverk","Sympetrum_spp",NA,NA,NA,0,NA,60,2020,NA,NA
"7/17/20",11:49:00,"Vombs_Vattenverk","Sympetrum_spp",NA,NA,NA,0,NA,60,2020,NA,NA
"7/17/20",11:49:00,"Vombs_Vattenverk","Sympetrum_spp",NA,NA,NA,0,NA,60,2020,NA,NA
"7/17/20",11:49:00,"Vombs_Vattenverk","Sympetrum_spp",NA,NA,NA,0,NA,60,2020,NA,NA
"7/17/20",11:49:00,"Vombs_Vattenverk","Sympetrum_spp",NA,NA,NA,0,NA,60,2020,NA,NA
"7/17/20",11:49:00,"Vombs_Vattenverk","Sympetrum_spp",NA,NA,NA,0,NA,60,2020,NA,NA
"7/17/20",11:49:00,"Vombs_Vattenverk","Sympetrum_spp",NA,NA,NA,0,NA,60,2020,NA,NA
"7/17/20",11:49:00,"Vombs_Vattenverk","Sympetrum_spp",NA,NA,NA,0,NA,60,2020,NA,NA
"7/17/20",11:49:00,"Vombs_Vattenverk","Sympetrum_spp",NA,NA,NA,0,NA,60,2020,NA,NA
"7/17/20",11:49:00,"Vombs_Vattenverk","Calopteryx_spp",NA,0,NA,0,NA,60,2020,NA,NA
"7/28/20",11:30:00,"Vombs_Vattenverk","Sympetrum_sanguineum","Mature",1,NA,0,0,40,2020,NA,NA
"7/28/20",11:30:00,"Vombs_Vattenverk","Sympetrum_sanguineum","Mature",1,NA,0,0,40,2020,NA,NA
"7/28/20",11:30:00,"Vombs_Vattenverk","Sympetrum_sanguineum","Mature",1,NA,0,0,40,2020,NA,NA
"7/28/20",11:30:00,"Vombs_Vattenverk","Sympetrum_sanguineum","Mature",1,NA,0,0,40,2020,NA,NA
"7/28/20",11:30:00,"Vombs_Vattenverk","Sympetrum_sanguineum","Mature",1,NA,0,0,40,2020,NA,NA
"7/28/20",11:30:00,"Vombs_Vattenverk","Sympetrum_spp","Mature",1,NA,1,NA,40,2020,NA,NA
"7/28/20",11:30:00,"Vombs_Vattenverk","Sympetrum_spp","Mature",0,NA,1,NA,40,2020,NA,NA
"7/28/20",11:30:00,"Vombs_Vattenverk","Sympetrum_spp","Mature",1,NA,1,NA,40,2020,NA,NA
"7/28/20",11:30:00,"Vombs_Vattenverk","Sympetrum_spp","Mature",0,NA,1,NA,40,2020,NA,NA
"7/28/20",11:30:00,"Vombs_Vattenverk","Sympetrum_spp","Mature",1,NA,1,NA,40,2020,NA,NA
"7/28/20",11:30:00,"Vombs_Vattenverk","Sympetrum_spp","Mature",0,NA,1,NA,40,2020,NA,NA
"7/28/20",11:30:00,"Vombs_Vattenverk","Sympetrum_spp","Mature",1,NA,1,NA,40,2020,NA,NA
"7/28/20",11:30:00,"Vombs_Vattenverk","Sympetrum_spp","Mature",0,NA,1,NA,40,2020,NA,NA
"7/28/20",11:30:00,"Vombs_Vattenverk","Sympetrum_spp","Mature",1,NA,1,NA,40,2020,NA,NA
"7/28/20",11:30:00,"Vombs_Vattenverk","Sympetrum_spp","Mature",0,NA,1,NA,40,2020,NA,NA
"7/28/20",11:30:00,"Vombs_Vattenverk","Sympetrum_spp","Mature",1,NA,1,NA,40,2020,NA,NA
"7/28/20",11:30:00,"Vombs_Vattenverk","Sympetrum_spp","Mature",0,NA,1,NA,40,2020,NA,NA
"7/28/20",11:30:00,"Vombs_Vattenverk","Sympetrum_spp","Mature",1,NA,1,NA,40,2020,NA,NA
"7/28/20",11:30:00,"Vombs_Vattenverk","Sympetrum_spp","Mature",0,NA,1,NA,40,2020,NA,NA
"7/28/20",11:30:00,"Vombs_Vattenverk","Sympetrum_vulgatum","Teneral",NA,NA,0,NA,40,2020,NA,NA
"7/28/20",11:30:00,"Vombs_Vattenverk","Sympetrum_spp","Mature",NA,NA,0,NA,40,2020,NA,NA
"7/28/20",11:30:00,"Vombs_Vattenverk","Sympetrum_spp","Mature",NA,NA,0,NA,40,2020,NA,NA
"7/28/20",11:30:00,"Vombs_Vattenverk","Sympetrum_spp","Mature",NA,NA,0,NA,40,2020,NA,NA
"7/28/20",11:30:00,"Vombs_Vattenverk","Sympetrum_spp","Mature",NA,NA,0,NA,40,2020,NA,NA
"7/28/20",11:30:00,"Vombs_Vattenverk","Sympetrum_spp","Mature",NA,NA,0,NA,40,2020,NA,NA
"7/28/20",11:30:00,"Vombs_Vattenverk","Sympetrum_spp","Mature",NA,NA,0,NA,40,2020,NA,NA
"7/28/20",11:30:00,"Vombs_Vattenverk","Sympetrum_spp","Mature",NA,NA,0,NA,40,2020,NA,NA
"7/28/20",11:30:00,"Vombs_Vattenverk","Sympetrum_spp","Mature",NA,NA,0,NA,40,2020,NA,NA
"7/28/20",11:30:00,"Vombs_Vattenverk","Sympetrum_spp","Teneral",NA,NA,0,NA,40,2020,NA,NA
"7/28/20",11:30:00,"Vombs_Vattenverk","Sympetrum_spp","Teneral",NA,NA,0,NA,40,2020,NA,NA
"7/28/20",11:30:00,"Vombs_Vattenverk","Sympetrum_spp","Teneral",NA,NA,0,NA,40,2020,NA,NA
"7/28/20",11:30:00,"Vombs_Vattenverk","Sympetrum_spp","Teneral",NA,NA,0,NA,40,2020,NA,NA
"7/28/20",11:30:00,"Vombs_Vattenverk","Sympetrum_spp","Teneral",NA,NA,0,NA,40,2020,NA,NA
"7/28/20",11:30:00,"Vombs_Vattenverk","Sympetrum_spp","Teneral",NA,NA,0,NA,40,2020,NA,NA
"7/28/20",11:30:00,"Vombs_Vattenverk","Sympetrum_spp","Teneral",NA,NA,0,NA,40,2020,NA,NA
"7/28/20",11:30:00,"Vombs_Vattenverk","Sympetrum_spp","Teneral",NA,NA,0,NA,40,2020,NA,NA
"7/28/20",11:30:00,"Vombs_Vattenverk","Sympetrum_spp","Teneral",NA,NA,0,NA,40,2020,NA,NA
"7/28/20",11:30:00,"Vombs_Vattenverk","Sympetrum_spp","Teneral",NA,NA,0,NA,40,2020,NA,NA
"7/28/20",11:30:00,"Vombs_Vattenverk","Sympetrum_spp","Teneral",NA,NA,0,NA,40,2020,NA,NA
"7/28/20",11:30:00,"Vombs_Vattenverk","Sympetrum_spp","Teneral",NA,NA,0,NA,40,2020,NA,NA
"7/28/20",11:30:00,"Vombs_Vattenverk","Sympetrum_spp","Teneral",NA,NA,0,NA,40,2020,NA,NA
"7/28/20",11:30:00,"Vombs_Vattenverk","Sympetrum_spp","Teneral",NA,NA,0,NA,40,2020,NA,NA
"7/28/20",11:30:00,"Vombs_Vattenverk","Sympetrum_spp","Teneral",NA,NA,0,NA,40,2020,NA,NA
"7/28/20",11:30:00,"Vombs_Vattenverk","Sympetrum_spp","Teneral",NA,NA,0,NA,40,2020,NA,NA
"7/28/20",11:30:00,"Vombs_Vattenverk","Sympetrum_spp","Teneral",NA,NA,0,NA,40,2020,NA,NA
"7/28/20",11:30:00,"Vombs_Vattenverk","Sympetrum_spp","Teneral",NA,NA,0,NA,40,2020,NA,NA
"7/28/20",11:30:00,"Vombs_Vattenverk","Sympetrum_spp","Teneral",NA,NA,0,NA,40,2020,NA,NA
"7/28/20",11:30:00,"Vombs_Vattenverk","Sympetrum_spp","Teneral",NA,NA,0,NA,40,2020,NA,NA
"7/28/20",11:30:00,"Vombs_Vattenverk","Anax_imperator","Mature",1,NA,0,NA,40,2020,NA,NA
"7/28/20",11:30:00,"Vombs_Vattenverk","Anax_imperator","Mature",1,NA,0,NA,40,2020,NA,NA
"7/28/20",11:30:00,"Vombs_Vattenverk","Libellula_quadrimaculata","Mature",NA,NA,0,NA,40,2020,NA,NA
"7/28/20",11:30:00,"Vombs_Vattenverk","Libellula_quadrimaculata","Mature",NA,NA,0,NA,40,2020,NA,NA
"7/28/20",11:30:00,"Vombs_Vattenverk","Sympetrum_striolatum","Teneral",0,NA,0,NA,40,2020,NA,NA
"7/28/20",11:30:00,"Vombs_Vattenverk","Enallagma_cyathigerum","Mature",1,NA,0,0,40,2020,NA,NA
"7/28/20",11:30:00,"Vombs_Vattenverk","Enallagma_cyathigerum","Mature",1,NA,1,17,40,2020,NA,NA
"7/28/20",11:30:00,"Vombs_Vattenverk","Enallagma_cyathigerum","Mature",1,NA,1,0,40,2020,NA,NA
"7/28/20",11:30:00,"Vombs_Vattenverk","Ischnura_elegans","Mature",1,NA,1,0,40,2020,NA,NA
"7/28/20",11:30:00,"Vombs_Vattenverk","Enallagma_cyathigerum","Mature",1,NA,1,0,40,2020,NA,NA
"7/28/20",11:30:00,"Vombs_Vattenverk","Ischnura_elegans","Mature",1,NA,1,0,40,2020,NA,NA
"7/28/20",11:30:00,"Vombs_Vattenverk","Enallagma_cyathigerum","Mature",1,NA,0,0,40,2020,NA,NA
"7/28/20",11:30:00,"Vombs_Vattenverk","Ischnura_elegans","Mature",1,NA,0,0,40,2020,NA,NA
"7/28/20",11:30:00,"Vombs_Vattenverk","Enallagma_cyathigerum","Mature",1,NA,0,0,40,2020,NA,NA
"7/28/20",11:30:00,"Vombs_Vattenverk","Enallagma_cyathigerum","Mature",1,NA,0,NA,40,2020,NA,NA
"7/28/20",11:30:00,"Vombs_Vattenverk","Enallagma_cyathigerum","Mature",1,NA,0,0,40,2020,NA,NA
"7/28/20",11:30:00,"Vombs_Vattenverk","Enallagma_cyathigerum","Mature",1,NA,0,0,40,2020,NA,NA
"7/28/20",11:30:00,"Vombs_Vattenverk","Ischnura_elegans","Mature",1,NA,0,0,40,2020,NA,NA
"7/28/20",11:30:00,"Vombs_Vattenverk","Enallagma_cyathigerum","Mature",1,NA,0,0,40,2020,NA,NA
"7/28/20",11:30:00,"Vombs_Vattenverk","Enallagma_cyathigerum","Mature",1,NA,0,1,40,2020,NA,NA
"7/28/20",11:30:00,"Vombs_Vattenverk","Enallagma_cyathigerum","Mature",1,NA,0,0,40,2020,NA,NA
"7/28/20",11:30:00,"Vombs_Vattenverk","Enallagma_cyathigerum","Mature",1,NA,0,0,40,2020,NA,NA
"7/28/20",11:30:00,"Vombs_Vattenverk","Ischnura_elegans","Mature",1,NA,0,0,40,2020,NA,NA
"7/28/20",11:30:00,"Vombs_Vattenverk","Enallagma_cyathigerum","Mature",1,NA,0,0,40,2020,NA,NA
"7/28/20",11:30:00,"Vombs_Vattenverk","Enallagma_cyathigerum","Mature",1,NA,0,15,40,2020,NA,NA
"7/28/20",11:30:00,"Vombs_Vattenverk","Ischnura_elegans","Mature",1,NA,0,0,40,2020,NA,NA
"7/28/20",11:30:00,"Vombs_Vattenverk","Enallagma_cyathigerum","Mature",1,NA,0,0,40,2020,NA,NA
"7/28/20",11:30:00,"Vombs_Vattenverk","Enallagma_cyathigerum","Mature",1,NA,0,2,40,2020,NA,NA
"7/28/20",11:30:00,"Vombs_Vattenverk","Enallagma_cyathigerum","Teneral",0,NA,0,4,40,2020,NA,NA
"7/28/20",11:30:00,"Vombs_Vattenverk","Erythromma_viridulum","Mature",1,NA,0,0,40,2020,NA,NA
"7/28/20",11:30:00,"Vombs_Vattenverk","Ischnura_elegans","Mature",1,NA,0,0,40,2020,NA,NA
"7/28/20",11:30:00,"Vombs_Vattenverk","Ischnura_elegans","Mature",1,NA,0,0,40,2020,NA,NA
"7/28/20",11:30:00,"Vombs_Vattenverk","Ischnura_elegans","Mature",1,NA,0,0,40,2020,NA,NA
"7/28/20",11:30:00,"Vombs_Vattenverk","Ischnura_elegans","Mature",1,NA,0,0,40,2020,NA,NA
"7/28/20",11:30:00,"Vombs_Vattenverk","Ischnura_elegans","Immature",1,NA,0,0,40,2020,NA,NA
"7/28/20",11:30:00,"Vombs_Vattenverk","Ischnura_elegans","Teneral",0,NA,0,0,40,2020,NA,NA
"7/28/20",11:30:00,"Vombs_Vattenverk","Erythromma_viridulum","Mature",1,NA,0,0,40,2020,NA,NA
"7/28/20",11:30:00,"Vombs_Vattenverk","Ischnura_elegans","Immature",0,"Gynochrome",0,0,40,2020,"Androchrome","Violacea_(Androchrome)"
"7/17/20",11:49:00,"Vombs_Vattenverk","Ischnura_elegans","Immature",0,"Gynochrome",0,0,60,2020,"Androchrome","Violacea_(Androchrome)"
"5/29/20",09:55:00,"Vombs_Vattenverk","Enallagma_cyathigerum","Mature",0,"Gynochrome",0,25,80,2020,NA,NA
"5/29/20",09:55:00,"Vombs_Vattenverk","Enallagma_cyathigerum","Mature",0,"Gynochrome",0,0,80,2020,NA,NA
"5/29/20",09:55:00,"Vombs_Vattenverk","Enallagma_cyathigerum","Mature",1,NA,1,0,80,2020,NA,NA
"5/29/20",09:55:00,"Vombs_Vattenverk","Enallagma_cyathigerum","Mature",0,"Gynochrome",1,0,80,2020,NA,NA
"5/29/20",09:55:00,"Vombs_Vattenverk","Enallagma_cyathigerum","Mature",1,NA,0,0,80,2020,NA,NA
"5/29/20",09:55:00,"Vombs_Vattenverk","Enallagma_cyathigerum","Mature",1,NA,0,4,80,2020,NA,NA
"5/29/20",09:55:00,"Vombs_Vattenverk","Enallagma_cyathigerum","Mature",0,"Gynochrome",0,0,80,2020,NA,NA
"5/29/20",09:55:00,"Vombs_Vattenverk","Enallagma_cyathigerum","Mature",1,NA,0,0,80,2020,NA,NA
"5/29/20",09:55:00,"Vombs_Vattenverk","Enallagma_cyathigerum","Immature",1,NA,0,0,80,2020,NA,NA
"5/29/20",09:55:00,"Vombs_Vattenverk","Enallagma_cyathigerum","Immature",1,NA,0,10,80,2020,NA,NA
"5/29/20",09:55:00,"Vombs_Vattenverk","Enallagma_cyathigerum","Mature",1,NA,0,0,80,2020,NA,NA
"5/29/20",09:55:00,"Vombs_Vattenverk","Enallagma_cyathigerum","Mature",1,NA,0,1,80,2020,NA,NA
"5/29/20",09:55:00,"Vombs_Vattenverk","Enallagma_cyathigerum","Mature",1,NA,0,0,80,2020,NA,NA
"5/29/20",09:55:00,"Vombs_Vattenverk","Enallagma_cyathigerum","Mature",1,NA,0,0,80,2020,NA,NA
"5/29/20",09:55:00,"Vombs_Vattenverk","Enallagma_cyathigerum","Mature",1,NA,0,0,80,2020,NA,NA
"5/29/20",09:55:00,"Vombs_Vattenverk","Enallagma_cyathigerum","Mature",1,NA,0,0,80,2020,NA,NA
"5/29/20",09:55:00,"Vombs_Vattenverk","Enallagma_cyathigerum","Mature",1,NA,0,0,80,2020,NA,NA
"5/29/20",09:55:00,"Vombs_Vattenverk","Coenagrion_pulchellum","Immature",1,NA,0,2,80,2020,NA,NA
"5/29/20",09:55:00,"Vombs_Vattenverk","Enallagma_cyathigerum","Mature",1,NA,0,0,80,2020,NA,NA
"5/29/20",09:55:00,"Vombs_Vattenverk","Enallagma_cyathigerum","Immature",1,NA,0,0,80,2020,NA,NA
"5/29/20",09:55:00,"Vombs_Vattenverk","Coenagrion_pulchellum","Immature",1,NA,0,1,80,2020,NA,NA
"5/29/20",09:55:00,"Vombs_Vattenverk","Enallagma_cyathigerum","Teneral",0,NA,0,0,80,2020,NA,NA
"5/29/20",09:55:00,"Vombs_Vattenverk","Coenagrion_pulchellum","Immature",1,NA,0,5,80,2020,NA,NA
"5/29/20",09:55:00,"Vombs_Vattenverk","Enallagma_cyathigerum","Mature",1,NA,0,0,80,2020,NA,NA
"5/29/20",09:55:00,"Vombs_Vattenverk","Enallagma_cyathigerum","Teneral",0,NA,0,8,80,2020,NA,NA
"5/29/20",09:55:00,"Vombs_Vattenverk","Enallagma_cyathigerum","Teneral",1,NA,0,5,80,2020,NA,NA
"5/29/20",09:55:00,"Vombs_Vattenverk","Enallagma_cyathigerum","Teneral",1,NA,0,10,80,2020,NA,NA
"5/29/20",09:55:00,"Vombs_Vattenverk","Coenagrion_pulchellum","Teneral",1,NA,0,12,80,2020,NA,NA
"5/29/20",09:55:00,"Vombs_Vattenverk","Enallagma_cyathigerum","Teneral",1,NA,0,0,80,2020,NA,NA
"5/29/20",09:55:00,"Vombs_Vattenverk","Coenagrion_pulchellum","Teneral",1,NA,0,1,80,2020,NA,NA
"5/29/20",09:55:00,"Vombs_Vattenverk","Enallagma_cyathigerum","Immature",1,NA,0,0,80,2020,NA,NA
"5/29/20",09:55:00,"Vombs_Vattenverk","Enallagma_cyathigerum","Teneral",1,NA,0,7,80,2020,NA,NA
"5/29/20",09:55:00,"Vombs_Vattenverk","Enallagma_cyathigerum","Teneral",0,NA,0,15,80,2020,NA,NA
"5/29/20",09:55:00,"Vombs_Vattenverk","Sympecma_fusca","Mature",0,NA,0,0,80,2020,NA,NA
"5/29/20",09:55:00,"Vombs_Vattenverk","Ischnura_pumilio","Mature",1,NA,0,0,80,2020,NA,NA
"5/29/20",09:55:00,"Vombs_Vattenverk","Brachytron_pratense","Mature",1,NA,0,NA,80,2020,NA,NA
"5/29/20",09:55:00,"Vombs_Vattenverk","Brachytron_pratense","Mature",0,NA,0,NA,80,2020,NA,NA
"5/29/20",09:55:00,"Vombs_Vattenverk","Ischnura_elegans","Teneral",1,NA,0,0,80,2020,NA,NA
"5/29/20",09:55:00,"Vombs_Vattenverk","Ischnura_elegans","Teneral",1,NA,0,0,80,2020,NA,NA
"5/29/20",09:55:00,"Vombs_Vattenverk","Ischnura_elegans","Teneral",1,NA,0,0,80,2020,NA,NA
"5/29/20",09:55:00,"Vombs_Vattenverk","Ischnura_elegans","Teneral",1,NA,0,0,80,2020,NA,NA
"5/29/20",09:55:00,"Vombs_Vattenverk","Ischnura_elegans","Teneral",1,NA,0,0,80,2020,NA,NA
"5/29/20",09:55:00,"Vombs_Vattenverk","Ischnura_elegans","Teneral",1,NA,0,0,80,2020,NA,NA
"5/29/20",09:55:00,"Vombs_Vattenverk","Ischnura_elegans","Teneral",1,NA,0,0,80,2020,NA,NA
"5/29/20",09:55:00,"Vombs_Vattenverk","Ischnura_elegans","Teneral",1,NA,0,0,80,2020,NA,NA
"5/29/20",09:55:00,"Vombs_Vattenverk","Ischnura_elegans","Immature",1,NA,0,0,80,2020,NA,NA
"5/29/20",09:55:00,"Vombs_Vattenverk","Ischnura_elegans","Immature",1,NA,0,0,80,2020,NA,NA
"5/29/20",09:55:00,"Vombs_Vattenverk","Ischnura_elegans","Immature",1,NA,0,0,80,2020,NA,NA
"5/29/20",09:55:00,"Vombs_Vattenverk","Ischnura_elegans","Immature",1,NA,0,0,80,2020,NA,NA
"5/29/20",09:55:00,"Vombs_Vattenverk","Ischnura_elegans","Teneral",0,NA,0,0,80,2020,NA,NA
"5/29/20",09:55:00,"Vombs_Vattenverk","Ischnura_elegans","Teneral",0,NA,0,0,80,2020,NA,NA
"5/29/20",09:55:00,"Vombs_Vattenverk","Ischnura_elegans","Teneral",0,NA,0,0,80,2020,NA,NA
"5/29/20",09:55:00,"Vombs_Vattenverk","Ischnura_elegans","Teneral",0,NA,0,0,80,2020,NA,NA
"5/29/20",09:55:00,"Vombs_Vattenverk","Ischnura_elegans","Teneral",0,NA,0,0,80,2020,NA,NA
"5/29/20",09:55:00,"Vombs_Vattenverk","Ischnura_elegans","Teneral",0,NA,0,0,80,2020,NA,NA
"5/29/20",09:55:00,"Vombs_Vattenverk","Ischnura_elegans","Immature",0,"Gynochrome",0,0,80,2020,"Androchrome","Violacea_(Androchrome)"
"5/29/20",09:55:00,"Vombs_Vattenverk","Ischnura_elegans","Immature",0,"Gynochrome",0,0,80,2020,"Androchrome","Violacea_(Androchrome)"
"5/29/20",09:55:00,"Vombs_Vattenverk","Ischnura_elegans","Mature",0,"Androchrome",0,0,80,2020,"Androchrome",NA
"5/29/20",09:55:00,"Vombs_Vattenverk","Ischnura_elegans","Mature",0,"Gynochrome",0,0,80,2020,"Infuscans",NA
"6/15/20",10:12:00,"Vombs_Vattenverk","Anax_imperator","Mature",1,NA,0,NA,60,2020,NA,NA
"6/15/20",10:12:00,"Vombs_Vattenverk","Libellula_quadrimaculata","Mature",NA,NA,0,NA,60,2020,NA,NA
"6/15/20",10:12:00,"Vombs_Vattenverk","Gomphus_vulgatissimus","Mature",NA,NA,0,NA,60,2020,NA,NA
"6/15/20",10:12:00,"Vombs_Vattenverk","Calopteryx_splendens","Mature",1,NA,0,NA,60,2020,NA,NA
"6/15/20",10:12:00,"Vombs_Vattenverk","Calopteryx_virgo","Mature",1,NA,0,NA,60,2020,NA,NA
"6/15/20",10:12:00,"Vombs_Vattenverk","Ischnura_elegans","Mature",1,NA,1,0,60,2020,NA,NA
"6/15/20",10:12:00,"Vombs_Vattenverk","Ischnura_elegans","Mature",0,"Androchrome",1,1,60,2020,"Androchrome",NA
"6/15/20",10:12:00,"Vombs_Vattenverk","Ischnura_elegans","Mature",0,"Androchrome",1,9,60,2020,"Androchrome",NA
"6/15/20",10:12:00,"Vombs_Vattenverk","Ischnura_elegans","Mature",1,NA,1,0,60,2020,NA,NA
"6/15/20",10:12:00,"Vombs_Vattenverk","Ischnura_elegans","Mature",1,NA,1,0,60,2020,NA,NA
"6/15/20",10:12:00,"Vombs_Vattenverk","Ischnura_elegans","Mature",0,"Gynochrome",1,0,60,2020,"Infuscans",NA
"6/15/20",10:12:00,"Vombs_Vattenverk","Ischnura_elegans","Mature",0,"Androchrome",1,0,60,2020,"Androchrome",NA
"6/15/20",10:12:00,"Vombs_Vattenverk","Ischnura_elegans","Mature",1,NA,1,0,60,2020,NA,NA
"6/15/20",10:12:00,"Vombs_Vattenverk","Ischnura_elegans","Mature",1,NA,1,0,60,2020,NA,NA
"6/15/20",10:12:00,"Vombs_Vattenverk","Ischnura_elegans","Mature",0,"Gynochrome",1,0,60,2020,"Infuscans",NA
"6/15/20",10:12:00,"Vombs_Vattenverk","Ischnura_elegans","Mature",1,NA,1,0,60,2020,NA,NA
"6/15/20",10:12:00,"Vombs_Vattenverk","Ischnura_elegans","Mature",0,"Gynochrome",1,0,60,2020,"Androchrome","Violacea_(Androchrome)"
"6/15/20",10:12:00,"Vombs_Vattenverk","Ischnura_elegans","Mature",1,NA,1,0,60,2020,NA,NA
"6/15/20",10:12:00,"Vombs_Vattenverk","Ischnura_elegans","Mature",0,"Androchrome",1,0,60,2020,"Androchrome",NA
"6/15/20",10:12:00,"Vombs_Vattenverk","Ischnura_elegans","Mature",0,"Androchrome",1,3,60,2020,"Androchrome",NA
"6/15/20",10:12:00,"Vombs_Vattenverk","Ischnura_elegans","Mature",1,NA,1,0,60,2020,NA,NA
"6/15/20",10:12:00,"Vombs_Vattenverk","Ischnura_elegans","Mature",1,NA,1,0,60,2020,NA,NA
"6/15/20",10:12:00,"Vombs_Vattenverk","Ischnura_elegans","Mature",0,"Gynochrome",1,0,60,2020,"Infuscans",NA
"6/15/20",10:12:00,"Vombs_Vattenverk","Ischnura_elegans","Mature",0,"Gynochrome",1,3,60,2020,"Infuscans",NA
"6/15/20",10:12:00,"Vombs_Vattenverk","Ischnura_elegans","Mature",1,NA,1,0,60,2020,NA,NA
"6/15/20",10:12:00,"Vombs_Vattenverk","Ischnura_elegans","Mature",1,NA,1,0,60,2020,NA,NA
"6/15/20",10:12:00,"Vombs_Vattenverk","Ischnura_elegans","Mature",0,"Androchrome",1,0,60,2020,"Androchrome",NA
"6/15/20",10:12:00,"Vombs_Vattenverk","Ischnura_elegans","Mature",0,"Gynochrome",1,1,60,2020,"Infuscans",NA
"6/15/20",10:12:00,"Vombs_Vattenverk","Ischnura_elegans","Mature",1,NA,1,0,60,2020,NA,NA
"6/15/20",10:12:00,"Vombs_Vattenverk","Ischnura_elegans","Mature",1,NA,1,0,60,2020,NA,NA
"6/15/20",10:12:00,"Vombs_Vattenverk","Ischnura_elegans","Mature",0,"Androchrome",1,0,60,2020,"Androchrome",NA
"6/15/20",10:12:00,"Vombs_Vattenverk","Ischnura_elegans","Mature",0,"Androchrome",1,0,60,2020,"Androchrome",NA
"6/15/20",10:12:00,"Vombs_Vattenverk","Ischnura_elegans","Mature",1,NA,1,NA,60,2020,NA,NA
"6/15/20",10:12:00,"Vombs_Vattenverk","Enallagma_cyathigerum","Mature",1,NA,1,0,60,2020,NA,NA
"6/15/20",10:12:00,"Vombs_Vattenverk","Enallagma_cyathigerum","Mature",0,"Gynochrome",1,0,60,2020,NA,NA
"6/15/20",10:12:00,"Vombs_Vattenverk","Ischnura_elegans","Mature",0,"Androchrome",1,0,60,2020,"Androchrome",NA
"6/15/20",10:12:00,"Vombs_Vattenverk","Ischnura_elegans","Mature",1,NA,1,0,60,2020,NA,NA
"6/15/20",10:12:00,"Vombs_Vattenverk","Ischnura_elegans","Mature",1,NA,1,0,60,2020,NA,NA
"6/15/20",10:12:00,"Vombs_Vattenverk","Ischnura_elegans","Mature",0,"Androchrome",1,0,60,2020,"Androchrome",NA
"6/15/20",10:12:00,"Vombs_Vattenverk","Ischnura_elegans","Mature",0,"Gynochrome",1,0,60,2020,"Infuscans",NA
"6/15/20",10:12:00,"Vombs_Vattenverk","Ischnura_elegans","Mature",1,NA,1,0,60,2020,NA,NA
"6/15/20",10:12:00,"Vombs_Vattenverk","Ischnura_elegans","Mature",1,NA,1,0,60,2020,NA,NA
"6/15/20",10:12:00,"Vombs_Vattenverk","Ischnura_elegans","Mature",0,"Gynochrome",1,0,60,2020,"Infuscans",NA
"6/15/20",10:12:00,"Vombs_Vattenverk","Ischnura_elegans","Mature",0,"Gynochrome",1,0,60,2020,"Infuscans",NA
"6/15/20",10:12:00,"Vombs_Vattenverk","Ischnura_elegans","Immature",1,NA,1,0,60,2020,NA,NA
"6/15/20",10:12:00,"Vombs_Vattenverk","Ischnura_elegans","Mature",1,NA,1,0,60,2020,NA,NA
"6/15/20",10:12:00,"Vombs_Vattenverk","Ischnura_elegans","Mature",0,"Androchrome",1,0,60,2020,"Androchrome",NA
"6/15/20",10:12:00,"Vombs_Vattenverk","Enallagma_cyathigerum","Mature",1,NA,0,0,60,2020,NA,NA
"6/15/20",10:12:00,"Vombs_Vattenverk","Enallagma_cyathigerum","Mature",1,NA,0,1,60,2020,NA,NA
"6/15/20",10:12:00,"Vombs_Vattenverk","Ischnura_elegans","Immature",0,"Gynochrome",0,0,60,2020,"Infuscans","Violacea_(Infuscans)"
"6/15/20",10:12:00,"Vombs_Vattenverk","Ischnura_elegans","Immature",0,"Androchrome",0,1,60,2020,"Androchrome",NA
"6/15/20",10:12:00,"Vombs_Vattenverk","Enallagma_cyathigerum","Mature",1,NA,0,6,60,2020,NA,NA
"6/15/20",10:12:00,"Vombs_Vattenverk","Coenagrion_pulchellum","Mature",0,"Gynochrome",0,3,60,2020,NA,NA
"6/15/20",10:12:00,"Vombs_Vattenverk","Ischnura_elegans","Mature",1,NA,0,0,60,2020,NA,NA
"6/15/20",10:12:00,"Vombs_Vattenverk","Enallagma_cyathigerum","Mature",1,NA,0,0,60,2020,NA,NA
"6/15/20",10:12:00,"Vombs_Vattenverk","Enallagma_cyathigerum","Mature",1,NA,0,0,60,2020,NA,NA
"6/15/20",10:12:00,"Vombs_Vattenverk","Ischnura_elegans","Mature",1,NA,0,0,60,2020,NA,NA
"6/15/20",10:12:00,"Vombs_Vattenverk","Enallagma_cyathigerum","Mature",1,NA,0,0,60,2020,NA,NA
"6/15/20",10:12:00,"Vombs_Vattenverk","Ischnura_elegans","Mature",1,NA,0,0,60,2020,NA,NA
"6/15/20",10:12:00,"Vombs_Vattenverk","Ischnura_elegans","Mature",0,"Gynochrome",0,0,60,2020,"Androchrome","Violacea_(Androchrome)"
"6/15/20",10:12:00,"Vombs_Vattenverk","Coenagrion_pulchellum","Immature",1,NA,0,2,60,2020,NA,NA
"6/15/20",10:12:00,"Vombs_Vattenverk","Enallagma_cyathigerum","Mature",1,NA,0,0,60,2020,NA,NA
"6/15/20",10:12:00,"Vombs_Vattenverk","Coenagrion_pulchellum","Mature",1,NA,0,0,60,2020,NA,NA
"6/15/20",10:12:00,"Vombs_Vattenverk","Ischnura_elegans","Immature",1,NA,0,0,60,2020,NA,NA
"6/15/20",10:12:00,"Vombs_Vattenverk","Ischnura_elegans","Mature",1,NA,0,0,60,2020,NA,NA
"6/15/20",10:12:00,"Vombs_Vattenverk","Enallagma_cyathigerum","Mature",1,NA,0,0,60,2020,NA,NA
"6/15/20",10:12:00,"Vombs_Vattenverk","Erythromma_najas","Mature",1,NA,0,0,60,2020,NA,NA
"6/15/20",10:12:00,"Vombs_Vattenverk","Enallagma_cyathigerum","Mature",1,NA,0,40,60,2020,NA,NA
"6/15/20",10:12:00,"Vombs_Vattenverk","Ischnura_elegans","Mature",1,NA,0,0,60,2020,NA,NA
"6/15/20",10:12:00,"Vombs_Vattenverk","Ischnura_elegans","Mature",0,"Gynochrome",0,0,60,2020,"Androchrome","Violacea_(Androchrome)"
"6/15/20",10:12:00,"Vombs_Vattenverk","Ischnura_elegans","Mature",1,NA,0,0,60,2020,NA,NA
"6/15/20",10:12:00,"Vombs_Vattenverk","Ischnura_elegans","Teneral",1,NA,0,0,60,2020,NA,NA
"6/15/20",10:12:00,"Vombs_Vattenverk","Enallagma_cyathigerum","Mature",1,NA,0,1,60,2020,NA,NA
"6/15/20",10:12:00,"Vombs_Vattenverk","Ischnura_elegans","Teneral",0,NA,0,0,60,2020,NA,NA
"6/15/20",10:12:00,"Vombs_Vattenverk","Ischnura_elegans","Mature",0,"Gynochrome",0,0,60,2020,"Infuscans","Violacea_(Infuscans)"
"6/15/20",10:12:00,"Vombs_Vattenverk","Ischnura_elegans","Teneral",0,NA,0,0,60,2020,NA,NA
"6/15/20",10:12:00,"Vombs_Vattenverk","Enallagma_cyathigerum","Mature",1,NA,0,0,60,2020,NA,NA
"6/15/20",10:12:00,"Vombs_Vattenverk","Enallagma_cyathigerum","Mature",1,NA,0,1,60,2020,NA,NA
"6/15/20",10:12:00,"Vombs_Vattenverk","Enallagma_cyathigerum","Mature",1,NA,0,0,60,2020,NA,NA
"6/15/20",10:12:00,"Vombs_Vattenverk","Enallagma_cyathigerum","Mature",1,NA,0,0,60,2020,NA,NA
"6/15/20",10:12:00,"Vombs_Vattenverk","Ischnura_elegans","Immature",1,NA,0,0,60,2020,NA,NA
"6/15/20",10:12:00,"Vombs_Vattenverk","Ischnura_elegans","Mature",1,NA,0,0,60,2020,NA,NA
"6/15/20",10:12:00,"Vombs_Vattenverk","Enallagma_cyathigerum","Mature",1,NA,0,0,60,2020,NA,NA
"6/15/20",10:12:00,"Vombs_Vattenverk","Ischnura_elegans","Immature",1,NA,0,1,60,2020,NA,NA
"6/15/20",10:12:00,"Vombs_Vattenverk","Coenagrion_pulchellum","Immature",1,NA,0,0,60,2020,NA,NA
"6/15/20",10:12:00,"Vombs_Vattenverk","Enallagma_cyathigerum","Mature",1,NA,0,0,60,2020,NA,NA
"6/15/20",10:12:00,"Vombs_Vattenverk","Ischnura_elegans","Mature",0,"Androchrome",0,0,60,2020,"Androchrome",NA
"6/15/20",10:12:00,"Vombs_Vattenverk","Ischnura_elegans","Immature",1,NA,0,0,60,2020,NA,NA
"6/15/20",10:12:00,"Vombs_Vattenverk","Enallagma_cyathigerum","Mature",1,NA,0,2,60,2020,NA,NA
"6/15/20",10:12:00,"Vombs_Vattenverk","Ischnura_elegans","Immature",1,NA,0,0,60,2020,NA,NA
"6/15/20",10:12:00,"Vombs_Vattenverk","Enallagma_cyathigerum","Mature",1,NA,0,0,60,2020,NA,NA
"6/15/20",10:12:00,"Vombs_Vattenverk","Ischnura_elegans","Teneral",0,NA,0,0,60,2020,NA,NA
"6/15/20",10:12:00,"Vombs_Vattenverk","Coenagrion_pulchellum","Mature",1,NA,0,0,60,2020,NA,NA
"6/15/20",10:12:00,"Vombs_Vattenverk","Ischnura_elegans","Teneral",0,NA,0,7,60,2020,NA,NA
"6/15/20",10:12:00,"Vombs_Vattenverk","Enallagma_cyathigerum","Mature",1,NA,0,0,60,2020,NA,NA
"6/15/20",10:12:00,"Vombs_Vattenverk","Coenagrion_pulchellum","Mature",1,NA,0,0,60,2020,NA,NA
"6/15/20",10:12:00,"Vombs_Vattenverk","Erythromma_najas","Mature",1,NA,0,0,60,2020,NA,NA
"6/15/20",10:12:00,"Vombs_Vattenverk","Enallagma_cyathigerum","Mature",1,NA,0,0,60,2020,NA,NA
"6/15/20",10:12:00,"Vombs_Vattenverk","Enallagma_cyathigerum","Mature",1,NA,0,0,60,2020,NA,NA
"6/15/20",10:12:00,"Vombs_Vattenverk","Ischnura_elegans","Immature",1,NA,0,0,60,2020,NA,NA
"6/15/20",10:12:00,"Vombs_Vattenverk","Ischnura_elegans","Mature",1,NA,0,0,60,2020,NA,NA
"6/15/20",10:12:00,"Vombs_Vattenverk","Coenagrion_pulchellum","Mature",1,NA,0,0,60,2020,NA,NA
"6/15/20",10:12:00,"Vombs_Vattenverk","Coenagrion_pulchellum","Mature",1,NA,0,0,60,2020,NA,NA
"6/15/20",10:12:00,"Vombs_Vattenverk","Ischnura_elegans","Immature",1,NA,0,0,60,2020,NA,NA
"6/15/20",10:12:00,"Vombs_Vattenverk","Ischnura_elegans","Immature",1,NA,0,0,60,2020,NA,NA
"6/15/20",10:12:00,"Vombs_Vattenverk","Ischnura_elegans","Teneral",1,NA,0,4,60,2020,NA,NA
"6/15/20",10:12:00,"Vombs_Vattenverk","Ischnura_elegans","Mature",1,NA,1,3,60,2020,NA,NA
"6/15/20",10:12:00,"Vombs_Vattenverk","Ischnura_elegans","Mature",0,"Androchrome",1,0,60,2020,"Androchrome",NA
"6/25/20",09:49:00,"Vombs_Vattenverk","Gomphus_vulgatissimus","Mature",0,NA,0,0,45,2020,NA,NA
"6/25/20",09:49:00,"Vombs_Vattenverk","Gomphus_vulgatissimus","Mature",1,NA,0,NA,45,2020,NA,NA
"6/25/20",09:49:00,"Vombs_Vattenverk","Anax_imperator","Mature",1,NA,0,NA,45,2020,NA,NA
"6/25/20",09:49:00,"Vombs_Vattenverk","Anax_imperator","Mature",1,NA,0,NA,45,2020,NA,NA
"6/25/20",09:49:00,"Vombs_Vattenverk","Anax_imperator","Mature",1,NA,0,NA,45,2020,NA,NA
"6/25/20",09:49:00,"Vombs_Vattenverk","Anax_imperator","Mature",1,NA,0,NA,45,2020,NA,NA
"6/25/20",09:49:00,"Vombs_Vattenverk","Anax_imperator","Mature",1,NA,0,NA,45,2020,NA,NA
"6/25/20",09:49:00,"Vombs_Vattenverk","Anax_imperator","Mature",1,NA,0,NA,45,2020,NA,NA
"6/25/20",09:49:00,"Vombs_Vattenverk","Anax_imperator","Mature",1,NA,0,NA,45,2020,NA,NA
"6/25/20",09:49:00,"Vombs_Vattenverk","Orthetrum_cancellatum","Mature",1,NA,0,NA,45,2020,NA,NA
"6/25/20",09:49:00,"Vombs_Vattenverk","Orthetrum_cancellatum","Mature",1,NA,0,NA,45,2020,NA,NA
"6/25/20",09:49:00,"Vombs_Vattenverk","Orthetrum_cancellatum","Mature",1,NA,0,NA,45,2020,NA,NA
"6/25/20",09:49:00,"Vombs_Vattenverk","Orthetrum_cancellatum","Mature",1,NA,0,NA,45,2020,NA,NA
"6/25/20",09:49:00,"Vombs_Vattenverk","Libellula_quadrimaculata","Mature",NA,NA,0,NA,45,2020,NA,NA
"6/25/20",09:49:00,"Vombs_Vattenverk","Libellula_quadrimaculata","Mature",NA,NA,0,NA,45,2020,NA,NA
"6/25/20",09:49:00,"Vombs_Vattenverk","Ischnura_elegans","Mature",0,"Gynochrome",1,0,45,2020,"Infuscans",NA
"6/25/20",09:49:00,"Vombs_Vattenverk","Ischnura_elegans","Mature",1,NA,1,0,45,2020,NA,NA
"6/25/20",09:49:00,"Vombs_Vattenverk","Ischnura_elegans","Mature",1,NA,1,0,45,2020,NA,NA
"6/25/20",09:49:00,"Vombs_Vattenverk","Ischnura_elegans","Mature",0,"Gynochrome",1,0,45,2020,"Infuscans",NA
"6/25/20",09:49:00,"Vombs_Vattenverk","Ischnura_elegans","Mature",0,"Gynochrome",1,0,45,2020,"Infuscans",NA
"6/25/20",09:49:00,"Vombs_Vattenverk","Ischnura_elegans","Mature",1,NA,1,0,45,2020,NA,NA
"6/25/20",09:49:00,"Vombs_Vattenverk","Ischnura_elegans","Mature",0,"Androchrome",1,0,45,2020,"Androchrome",NA
"6/25/20",09:49:00,"Vombs_Vattenverk","Ischnura_elegans","Immature",1,NA,1,0,45,2020,NA,NA
"6/25/20",09:49:00,"Vombs_Vattenverk","Ischnura_elegans","Mature",0,"Gynochrome",1,0,45,2020,"Infuscans",NA
"6/25/20",09:49:00,"Vombs_Vattenverk","Ischnura_elegans","Immature",0,"Androchrome",1,0,45,2020,"Androchrome",NA
"6/25/20",09:49:00,"Vombs_Vattenverk","Ischnura_elegans","Immature",1,NA,1,0,45,2020,NA,NA
"6/25/20",09:49:00,"Vombs_Vattenverk","Ischnura_elegans","Immature",1,NA,1,0,45,2020,NA,NA
"6/25/20",09:49:00,"Vombs_Vattenverk","Ischnura_elegans","Mature",1,NA,1,0,45,2020,NA,NA
"6/25/20",09:49:00,"Vombs_Vattenverk","Ischnura_elegans","Mature",0,"Androchrome",1,0,45,2020,"Androchrome",NA
"6/25/20",09:49:00,"Vombs_Vattenverk","Ischnura_elegans","Immature",1,NA,1,0,45,2020,NA,NA
"6/25/20",09:49:00,"Vombs_Vattenverk","Ischnura_elegans","Mature",0,"Gynochrome",1,0,45,2020,"Infuscans",NA
"6/25/20",09:49:00,"Vombs_Vattenverk","Ischnura_elegans","Mature",0,"Androchrome",1,0,45,2020,"Androchrome",NA
"6/25/20",09:49:00,"Vombs_Vattenverk","Ischnura_elegans","Mature",1,NA,1,0,45,2020,NA,NA
"6/25/20",09:49:00,"Vombs_Vattenverk","Ischnura_elegans","Mature",0,"Androchrome",1,0,45,2020,"Androchrome",NA
"6/25/20",09:49:00,"Vombs_Vattenverk","Ischnura_elegans","Mature",1,NA,1,0,45,2020,NA,NA
"6/25/20",09:49:00,"Vombs_Vattenverk","Enallagma_cyathigerum","Mature",1,NA,1,0,45,2020,NA,NA
"6/25/20",09:49:00,"Vombs_Vattenverk","Enallagma_cyathigerum","Mature",0,"Gynochrome",1,110,45,2020,NA,NA
"6/25/20",09:49:00,"Vombs_Vattenverk","Ischnura_elegans","Mature",0,"Gynochrome",1,0,45,2020,"Infuscans",NA
"6/25/20",09:49:00,"Vombs_Vattenverk","Ischnura_elegans","Immature",1,NA,1,1,45,2020,NA,NA
"6/25/20",09:49:00,"Vombs_Vattenverk","Ischnura_elegans","Mature",1,NA,1,0,45,2020,NA,NA
"6/25/20",09:49:00,"Vombs_Vattenverk","Ischnura_elegans","Mature",0,"Gynochrome",1,0,45,2020,"Infuscans",NA
"6/25/20",09:49:00,"Vombs_Vattenverk","Ischnura_elegans","Mature",0,"Gynochrome",1,0,45,2020,"Infuscans",NA
"6/25/20",09:49:00,"Vombs_Vattenverk","Ischnura_elegans","Immature",1,NA,1,0,45,2020,NA,NA
"6/25/20",09:49:00,"Vombs_Vattenverk","Ischnura_elegans","Mature",0,"Androchrome",1,0,45,2020,"Androchrome",NA
"6/25/20",09:49:00,"Vombs_Vattenverk","Ischnura_elegans","Mature",1,NA,1,0,45,2020,NA,NA
"6/25/20",09:49:00,"Vombs_Vattenverk","Ischnura_elegans","Mature",0,"Androchrome",1,0,45,2020,"Androchrome",NA
"6/25/20",09:49:00,"Vombs_Vattenverk","Ischnura_elegans","Mature",1,NA,1,0,45,2020,NA,NA
"6/25/20",09:49:00,"Vombs_Vattenverk","Ischnura_elegans","Mature",1,NA,1,0,45,2020,NA,NA
"6/25/20",09:49:00,"Vombs_Vattenverk","Ischnura_elegans","Mature",0,"Androchrome",1,0,45,2020,"Androchrome",NA
"6/25/20",09:49:00,"Vombs_Vattenverk","Ischnura_elegans","Mature",0,"Gynochrome",1,0,45,2020,"Androchrome","Violacea_(Androchrome)"
"6/25/20",09:49:00,"Vombs_Vattenverk","Ischnura_elegans","Mature",1,NA,1,0,45,2020,NA,NA
"6/25/20",09:49:00,"Vombs_Vattenverk","Ischnura_elegans","Mature",1,NA,1,0,45,2020,NA,NA
"6/25/20",09:49:00,"Vombs_Vattenverk","Ischnura_elegans","Mature",0,"Androchrome",1,0,45,2020,"Androchrome",NA
"6/25/20",09:49:00,"Vombs_Vattenverk","Ischnura_elegans","Mature",1,NA,0,0,45,2020,NA,NA
"6/25/20",09:49:00,"Vombs_Vattenverk","Ischnura_elegans","Immature",1,NA,0,0,45,2020,NA,NA
"6/25/20",09:49:00,"Vombs_Vattenverk","Ischnura_elegans","Immature",1,NA,0,1,45,2020,NA,NA
"6/25/20",09:49:00,"Vombs_Vattenverk","Enallagma_cyathigerum","Mature",1,NA,0,1,45,2020,NA,NA
"6/25/20",09:49:00,"Vombs_Vattenverk","Enallagma_cyathigerum","Mature",1,NA,0,0,45,2020,NA,NA
"6/25/20",09:49:00,"Vombs_Vattenverk","Enallagma_cyathigerum","Mature",1,NA,0,0,45,2020,NA,NA
"6/25/20",09:49:00,"Vombs_Vattenverk","Enallagma_cyathigerum","Mature",1,NA,0,0,45,2020,NA,NA
"6/25/20",09:49:00,"Vombs_Vattenverk","Ischnura_elegans","Mature",1,NA,0,0,45,2020,NA,NA
"6/25/20",09:49:00,"Vombs_Vattenverk","Ischnura_elegans","Immature",0,"Gynochrome",0,0,45,2020,"Androchrome","Violacea_(Androchrome)"
"6/25/20",09:49:00,"Vombs_Vattenverk","Ischnura_elegans","Immature",1,NA,0,1,45,2020,NA,NA
"6/25/20",09:49:00,"Vombs_Vattenverk","Enallagma_cyathigerum","Mature",1,NA,0,2,45,2020,NA,NA
"6/25/20",09:49:00,"Vombs_Vattenverk","Enallagma_cyathigerum","Mature",1,NA,0,2,45,2020,NA,NA
"6/25/20",09:49:00,"Vombs_Vattenverk","Ischnura_elegans","Immature",0,"Gynochrome",0,0,45,2020,"Androchrome","Violacea_(Androchrome)"
"6/25/20",09:49:00,"Vombs_Vattenverk","Ischnura_elegans","Immature",1,NA,0,0,45,2020,NA,NA
"6/25/20",09:49:00,"Vombs_Vattenverk","Ischnura_elegans","Immature",1,NA,0,0,45,2020,NA,NA
"6/25/20",09:49:00,"Vombs_Vattenverk","Ischnura_elegans","Teneral",1,NA,0,0,45,2020,NA,NA
"6/25/20",09:49:00,"Vombs_Vattenverk","Ischnura_elegans","Mature",1,NA,0,0,45,2020,NA,NA
"6/25/20",09:49:00,"Vombs_Vattenverk","Ischnura_elegans","Immature",1,NA,0,1,45,2020,NA,NA
"6/25/20",09:49:00,"Vombs_Vattenverk","Enallagma_cyathigerum","Immature",1,NA,0,0,45,2020,NA,NA
"6/25/20",09:49:00,"Vombs_Vattenverk","Enallagma_cyathigerum","Mature",1,NA,0,0,45,2020,NA,NA
"6/25/20",09:49:00,"Vombs_Vattenverk","Ischnura_elegans","Immature",1,NA,0,0,45,2020,NA,NA
"6/25/20",09:49:00,"Vombs_Vattenverk","Enallagma_cyathigerum","Mature",1,NA,0,0,45,2020,NA,NA
"6/25/20",09:49:00,"Vombs_Vattenverk","Ischnura_elegans","Immature",0,"Gynochrome",0,0,45,2020,"Infuscans","Violacea_(Infuscans)"
"6/25/20",09:49:00,"Vombs_Vattenverk","Ischnura_elegans","Immature",0,"Gynochrome",0,0,45,2020,"Androchrome","Violacea_(Androchrome)"
"6/25/20",09:49:00,"Vombs_Vattenverk","Ischnura_elegans","Immature",1,NA,0,0,45,2020,NA,NA
"6/25/20",09:49:00,"Vombs_Vattenverk","Enallagma_cyathigerum","Mature",1,NA,0,0,45,2020,NA,NA
"6/25/20",09:49:00,"Vombs_Vattenverk","Ischnura_elegans","Mature",1,NA,0,0,45,2020,NA,NA
"6/25/20",09:49:00,"Vombs_Vattenverk","Enallagma_cyathigerum","Mature",1,NA,0,1,45,2020,NA,NA
"6/25/20",09:49:00,"Vombs_Vattenverk","Ischnura_elegans","Immature",1,NA,0,0,45,2020,NA,NA
"6/25/20",09:49:00,"Vombs_Vattenverk","Enallagma_cyathigerum","Mature",1,NA,0,0,45,2020,NA,NA
"6/25/20",09:49:00,"Vombs_Vattenverk","Ischnura_elegans","Immature",0,"Gynochrome",0,0,45,2020,"Infuscans","Violacea_(Infuscans)"
"6/25/20",09:49:00,"Vombs_Vattenverk","Ischnura_elegans","Immature",0,"Gynochrome",0,0,45,2020,"Infuscans","Violacea_(Infuscans)"
"6/25/20",09:49:00,"Vombs_Vattenverk","Ischnura_elegans","Immature",1,NA,0,0,45,2020,NA,NA
"6/25/20",09:49:00,"Vombs_Vattenverk","Ischnura_elegans","Immature",0,NA,0,NA,45,2020,NA,NA
"6/25/20",09:49:00,"Vombs_Vattenverk","Ischnura_elegans","Mature",1,NA,0,0,45,2020,NA,NA
"6/25/20",09:49:00,"Vombs_Vattenverk","Enallagma_cyathigerum","Mature",1,NA,0,0,45,2020,NA,NA
"6/25/20",09:49:00,"Vombs_Vattenverk","Ischnura_elegans","Immature",1,NA,0,0,45,2020,NA,NA
"6/25/20",09:49:00,"Vombs_Vattenverk","Enallagma_cyathigerum","Mature",1,NA,0,12,45,2020,NA,NA
"6/25/20",09:49:00,"Vombs_Vattenverk","Ischnura_elegans","Immature",1,NA,0,22,45,2020,NA,NA
"6/25/20",09:49:00,"Vombs_Vattenverk","Enallagma_cyathigerum","Mature",1,NA,0,0,45,2020,NA,NA
"6/25/20",09:49:00,"Vombs_Vattenverk","Ischnura_elegans","Mature",1,NA,0,0,45,2020,NA,NA
"6/25/20",09:49:00,"Vombs_Vattenverk","Enallagma_cyathigerum","Mature",1,NA,0,32,45,2020,NA,NA
"6/25/20",09:49:00,"Vombs_Vattenverk","Ischnura_elegans","Immature",1,NA,0,0,45,2020,NA,NA
"6/25/20",09:49:00,"Vombs_Vattenverk","Enallagma_cyathigerum","Mature",1,NA,0,0,45,2020,NA,NA
"6/25/20",09:49:00,"Vombs_Vattenverk","Enallagma_cyathigerum","Mature",1,NA,0,0,45,2020,NA,NA
"6/25/20",09:49:00,"Vombs_Vattenverk","Enallagma_cyathigerum","Mature",1,NA,0,0,45,2020,NA,NA
"6/25/20",09:49:00,"Vombs_Vattenverk","Ischnura_elegans","Immature",1,NA,0,0,45,2020,NA,NA
"6/25/20",09:49:00,"Vombs_Vattenverk","Ischnura_elegans","Immature",0,"Gynochrome",0,0,45,2020,"Infuscans","Violacea_(Infuscans)"
"6/25/20",09:49:00,"Vombs_Vattenverk","Ischnura_elegans","Immature",1,NA,0,0,45,2020,NA,NA
"6/25/20",09:49:00,"Vombs_Vattenverk","Enallagma_cyathigerum","Mature",1,NA,0,1,45,2020,NA,NA
"6/25/20",09:49:00,"Vombs_Vattenverk","Ischnura_elegans","Mature",0,"Androchrome",0,0,45,2020,"Androchrome",NA
"6/25/20",09:49:00,"Vombs_Vattenverk","Enallagma_cyathigerum","Mature",1,NA,0,1,45,2020,NA,NA
"6/25/20",09:49:00,"Vombs_Vattenverk","Ischnura_elegans","Immature",0,"Gynochrome",0,0,45,2020,"Androchrome","Violacea_(Androchrome)"
"6/25/20",09:49:00,"Vombs_Vattenverk","Ischnura_elegans","Teneral",1,NA,0,0,45,2020,NA,NA
"6/25/20",09:49:00,"Vombs_Vattenverk","Ischnura_elegans","Mature",1,NA,0,0,45,2020,NA,NA
"6/25/20",09:49:00,"Vombs_Vattenverk","Enallagma_cyathigerum","Teneral",0,NA,0,0,45,2020,NA,NA
"6/25/20",09:49:00,"Vombs_Vattenverk","Ischnura_elegans","Immature",0,"Gynochrome",0,0,45,2020,"Androchrome","Violacea_(Androchrome)"
