"Date","Time","Locale","Species","Age","Sex","Morph","Copulation.status","Parasites","Catching.time.minutes.","Year","Ischunra.elegans.morph","Ischunra.elegans.phase"
"5/22/18",11:33:00,"Borgeby","Ischnura_elegans","Teneral",0,NA,0,NA,30,2018,NA,NA
"5/22/18",11:33:00,"Borgeby","Coenagrion_pulchellum","Immature",0,NA,0,NA,30,2018,NA,NA
"5/22/18",11:33:00,"Borgeby","Ischnura_elegans","Immature",0,NA,0,NA,30,2018,NA,NA
"5/22/18",11:33:00,"Borgeby","Ischnura_elegans","Immature",0,NA,0,NA,30,2018,NA,NA
"5/22/18",11:33:00,"Borgeby","Ischnura_elegans","Teneral",0,NA,0,NA,30,2018,NA,NA
"5/22/18",11:33:00,"Borgeby","Ischnura_elegans","Teneral",0,NA,0,NA,30,2018,NA,NA
"5/22/18",11:33:00,"Borgeby","Coenagrion_pulchellum","Teneral",0,NA,0,NA,30,2018,NA,NA
"5/22/18",11:33:00,"Borgeby","Coenagrion_pulchellum","Teneral",0,NA,0,NA,30,2018,NA,NA
"5/22/18",11:33:00,"Borgeby","Enallagma_cyathigerum","Mature",1,NA,0,NA,30,2018,NA,NA
"5/22/18",11:33:00,"Borgeby","Enallagma_cyathigerum","Mature",1,NA,0,NA,30,2018,NA,NA
"5/22/18",11:33:00,"Borgeby","Coenagrion_pulchellum","Mature",1,NA,0,NA,30,2018,NA,NA
"5/22/18",11:33:00,"Borgeby","Ischnura_elegans","Mature",0,NA,0,NA,30,2018,NA,NA
"5/22/18",11:33:00,"Borgeby","Coenagrion_pulchellum","Mature",1,NA,0,NA,30,2018,NA,NA
"5/22/18",11:33:00,"Borgeby","Enallagma_cyathigerum","Mature",1,NA,0,NA,30,2018,NA,NA
"5/22/18",11:33:00,"Borgeby","Coenagrion_pulchellum","Mature",1,NA,0,NA,30,2018,NA,NA
"5/22/18",11:33:00,"Borgeby","Coenagrion_pulchellum","Mature",1,NA,0,NA,30,2018,NA,NA
"5/22/18",11:33:00,"Borgeby","Enallagma_cyathigerum","Mature",1,NA,0,NA,30,2018,NA,NA
"5/22/18",11:33:00,"Borgeby","Ischnura_elegans","Mature",1,NA,0,NA,30,2018,NA,NA
"5/22/18",11:33:00,"Borgeby","Coenagrion_pulchellum","Mature",1,NA,0,NA,30,2018,NA,NA
"5/22/18",11:33:00,"Borgeby","Ischnura_elegans","Mature",1,NA,0,NA,30,2018,NA,NA
"5/22/18",11:33:00,"Borgeby","Ischnura_elegans","Immature",1,NA,0,NA,30,2018,NA,NA
"5/22/18",11:33:00,"Borgeby","Coenagrion_pulchellum","Immature",1,NA,0,NA,30,2018,NA,NA
"5/22/18",11:33:00,"Borgeby","Coenagrion_pulchellum","Immature",1,NA,0,NA,30,2018,NA,NA
"5/22/18",11:33:00,"Borgeby","Ischnura_elegans","Mature",0,NA,0,NA,30,2018,NA,NA
"5/22/18",11:33:00,"Borgeby","Coenagrion_pulchellum","Mature",1,NA,0,NA,30,2018,NA,NA
"5/22/18",11:33:00,"Borgeby","Ischnura_elegans","Mature",1,NA,0,NA,30,2018,NA,NA
"5/22/18",11:33:00,"Borgeby","Ischnura_elegans","Immature",0,NA,0,NA,30,2018,NA,NA
"5/22/18",11:33:00,"Borgeby","Ischnura_elegans","Mature",1,NA,0,NA,30,2018,NA,NA
"5/22/18",11:33:00,"Borgeby","Coenagrion_pulchellum","Mature",1,NA,0,NA,30,2018,NA,NA
"5/22/18",11:33:00,"Borgeby","Coenagrion_pulchellum","Immature",1,NA,0,NA,30,2018,NA,NA
"5/22/18",11:33:00,"Borgeby","Ischnura_elegans","Immature",0,NA,0,NA,30,2018,NA,NA
"5/22/18",11:33:00,"Borgeby","Ischnura_elegans","Mature",1,NA,0,NA,30,2018,NA,NA
"5/22/18",11:33:00,"Borgeby","Ischnura_elegans","Mature",1,NA,0,NA,30,2018,NA,NA
"5/22/18",11:33:00,"Borgeby","Ischnura_elegans","Mature",1,NA,0,NA,30,2018,NA,NA
"5/22/18",11:33:00,"Borgeby","Coenagrion_pulchellum","Immature",1,NA,0,NA,30,2018,NA,NA
"5/22/18",11:33:00,"Borgeby","Ischnura_elegans","Immature",1,NA,0,NA,30,2018,NA,NA
"5/22/18",11:33:00,"Borgeby","Coenagrion_lunulatum","Mature",1,NA,0,NA,30,2018,NA,NA
"5/22/18",11:33:00,"Borgeby","Coenagrion_pulchellum","Mature",1,NA,0,NA,30,2018,NA,NA
"5/22/18",11:33:00,"Borgeby","Coenagrion_pulchellum","Mature",1,NA,0,NA,30,2018,NA,NA
"5/22/18",11:33:00,"Borgeby","Coenagrion_pulchellum","Immature",1,NA,0,NA,30,2018,NA,NA
"5/22/18",11:33:00,"Borgeby","Brachytron_pratense","Mature",1,NA,0,NA,30,2018,NA,NA
"5/22/18",11:33:00,"Borgeby","Brachytron_pratense","Mature",1,NA,0,NA,30,2018,NA,NA
"6/25/18",09:48:00,"Borgeby","Sympetrum_vulgatum","Teneral",1,NA,0,NA,30,2018,NA,NA
"6/25/18",09:48:00,"Borgeby","Sympetrum_vulgatum","Teneral",1,NA,0,NA,30,2018,NA,NA
"6/25/18",09:48:00,"Borgeby","Sympetrum_vulgatum","Teneral",1,NA,0,NA,30,2018,NA,NA
"6/25/18",09:48:00,"Borgeby","Sympetrum_vulgatum","Teneral",1,NA,0,NA,30,2018,NA,NA
"6/25/18",09:48:00,"Borgeby","Lestes_sponsa","Mature",1,NA,0,NA,30,2018,NA,NA
"6/25/18",09:48:00,"Borgeby","Ischnura_elegans","Mature",0,NA,0,NA,30,2018,NA,NA
"6/25/18",09:48:00,"Borgeby","Lestes_sponsa","Mature",0,NA,0,NA,30,2018,NA,NA
"6/25/18",09:48:00,"Borgeby","Lestes_sponsa","Mature",1,NA,0,NA,30,2018,NA,NA
"6/25/18",09:48:00,"Borgeby","Lestes_sponsa","Mature",0,NA,0,NA,30,2018,NA,NA
"6/25/18",09:48:00,"Borgeby","Ischnura_elegans","Mature",0,NA,1,NA,30,2018,NA,NA
"6/25/18",09:48:00,"Borgeby","Ischnura_elegans","Mature",1,NA,1,NA,30,2018,NA,NA
"6/25/18",09:48:00,"Borgeby","Ischnura_elegans","Mature",1,NA,0,NA,30,2018,NA,NA
"6/25/18",09:48:00,"Borgeby","Ischnura_elegans","Immature",0,NA,0,NA,30,2018,NA,NA
"6/25/18",09:48:00,"Borgeby","Ischnura_elegans","Mature",0,NA,1,NA,30,2018,NA,NA
"6/25/18",09:48:00,"Borgeby","Ischnura_elegans","Mature",1,NA,1,NA,30,2018,NA,NA
"6/25/18",09:48:00,"Borgeby","Ischnura_elegans","Immature",0,NA,0,NA,30,2018,NA,NA
"6/25/18",09:48:00,"Borgeby","Ischnura_elegans","Mature",1,NA,0,NA,30,2018,NA,NA
"6/25/18",09:48:00,"Borgeby","Lestes_sponsa","Mature",1,NA,0,NA,30,2018,NA,NA
"6/25/18",09:48:00,"Borgeby","Ischnura_elegans","Mature",1,NA,0,NA,30,2018,NA,NA
"6/25/18",09:48:00,"Borgeby","Lestes_sponsa","Mature",1,NA,0,NA,30,2018,NA,NA
"6/25/18",09:48:00,"Borgeby","Ischnura_elegans","Mature",1,NA,0,NA,30,2018,NA,NA
"6/25/18",09:48:00,"Borgeby","Lestes_sponsa","Mature",1,NA,0,NA,30,2018,NA,NA
"6/25/18",09:48:00,"Borgeby","Lestes_sponsa","Mature",1,NA,0,NA,30,2018,NA,NA
"6/25/18",09:48:00,"Borgeby","Lestes_sponsa","Mature",1,NA,0,NA,30,2018,NA,NA
"6/25/18",09:48:00,"Borgeby","Lestes_sponsa","Mature",1,NA,0,NA,30,2018,NA,NA
"6/25/18",09:48:00,"Borgeby","Ischnura_elegans","Mature",1,NA,0,NA,30,2018,NA,NA
"6/25/18",09:48:00,"Borgeby","Lestes_sponsa","Mature",1,NA,0,NA,30,2018,NA,NA
"6/25/18",09:48:00,"Borgeby","Ischnura_elegans","Mature",1,NA,0,NA,30,2018,NA,NA
"6/25/18",09:48:00,"Borgeby","Ischnura_elegans","Mature",1,NA,0,NA,30,2018,NA,NA
"6/25/18",09:48:00,"Borgeby","Ischnura_elegans","Mature",1,NA,0,NA,30,2018,NA,NA
"6/25/18",09:48:00,"Borgeby","Lestes_sponsa","Mature",1,NA,0,NA,30,2018,NA,NA
"6/25/18",09:48:00,"Borgeby","Lestes_sponsa","Mature",1,NA,0,NA,30,2018,NA,NA
"6/25/18",09:48:00,"Borgeby","Lestes_sponsa","Mature",1,NA,0,NA,30,2018,NA,NA
"6/25/18",09:48:00,"Borgeby","Lestes_sponsa","Mature",1,NA,0,NA,30,2018,NA,NA
"6/25/18",09:48:00,"Borgeby","Lestes_sponsa","Mature",1,NA,0,NA,30,2018,NA,NA
"6/25/18",09:48:00,"Borgeby","Ischnura_elegans","Mature",1,NA,0,NA,30,2018,NA,NA
"6/25/18",09:48:00,"Borgeby","Lestes_sponsa","Mature",1,NA,0,NA,30,2018,NA,NA
"6/25/18",09:48:00,"Borgeby","Enallagma_cyathigerum","Mature",1,NA,0,NA,30,2018,NA,NA
"6/25/18",09:48:00,"Borgeby","Ischnura_elegans","Mature",1,NA,0,NA,30,2018,NA,NA
"6/25/18",09:48:00,"Borgeby","Ischnura_elegans","Mature",1,NA,0,NA,30,2018,NA,NA
"6/25/18",09:48:00,"Borgeby","Ischnura_elegans","Mature",1,NA,0,NA,30,2018,NA,NA
"6/25/18",09:48:00,"Borgeby","Enallagma_cyathigerum","Mature",1,NA,0,NA,30,2018,NA,NA
"6/25/18",09:48:00,"Borgeby","Enallagma_cyathigerum","Mature",1,NA,0,NA,30,2018,NA,NA
"6/25/18",09:48:00,"Borgeby","Lestes_sponsa","Mature",1,NA,0,NA,30,2018,NA,NA
"6/25/18",09:48:00,"Borgeby","Ischnura_elegans","Mature",1,NA,0,NA,30,2018,NA,NA
"6/25/18",09:48:00,"Borgeby","Lestes_sponsa","Mature",1,NA,0,NA,30,2018,NA,NA
"6/25/18",09:48:00,"Borgeby","Coenagrion_pulchellum","Mature",1,NA,0,NA,30,2018,NA,NA
"6/25/18",09:48:00,"Borgeby","Coenagrion_puella","Mature",1,NA,0,NA,30,2018,NA,NA
"6/25/18",09:48:00,"Borgeby","Enallagma_cyathigerum","Mature",1,NA,0,NA,30,2018,NA,NA
"6/25/18",09:48:00,"Borgeby","Coenagrion_pulchellum","Mature",1,NA,0,NA,30,2018,NA,NA
"6/25/18",09:48:00,"Borgeby","Ischnura_elegans","Mature",1,NA,0,NA,30,2018,NA,NA
"6/25/18",09:48:00,"Borgeby","Ischnura_elegans","Mature",1,NA,0,NA,30,2018,NA,NA
"6/25/18",09:48:00,"Borgeby","Ischnura_elegans","Mature",1,NA,0,NA,30,2018,NA,NA
"6/25/18",09:48:00,"Borgeby","Ischnura_elegans","Mature",1,NA,0,NA,30,2018,NA,NA
"6/25/18",09:48:00,"Borgeby","Ischnura_elegans","Mature",1,NA,0,NA,30,2018,NA,NA
"6/25/18",09:48:00,"Borgeby","Ischnura_elegans","Mature",1,NA,0,NA,30,2018,NA,NA
"6/25/18",09:48:00,"Borgeby","Coenagrion_pulchellum","Mature",1,NA,0,NA,30,2018,NA,NA
"6/25/18",09:48:00,"Borgeby","Ischnura_elegans","Mature",1,NA,0,NA,30,2018,NA,NA
"6/25/18",09:48:00,"Borgeby","Ischnura_elegans","Mature",1,NA,0,NA,30,2018,NA,NA
"6/25/18",09:48:00,"Borgeby","Ischnura_elegans","Mature",1,NA,0,NA,30,2018,NA,NA
"6/25/18",09:48:00,"Borgeby","Ischnura_elegans","Mature",1,NA,0,NA,30,2018,NA,NA
"6/25/18",09:48:00,"Borgeby","Lestes_sponsa","Mature",1,NA,0,NA,30,2018,NA,NA
"6/25/18",09:48:00,"Borgeby","Ischnura_elegans","Mature",1,NA,0,NA,30,2018,NA,NA
"7/21/18",11:38:00,"Borgeby","Ischnura_elegans","Immature",0,NA,0,NA,30,2018,NA,NA
"7/21/18",11:38:00,"Borgeby","Enallagma_cyathigerum","Mature",1,NA,0,NA,30,2018,NA,NA
"7/21/18",11:38:00,"Borgeby","Enallagma_cyathigerum","Mature",1,NA,0,NA,30,2018,NA,NA
"7/21/18",11:38:00,"Borgeby","Ischnura_elegans","Mature",1,NA,0,NA,30,2018,NA,NA
"7/21/18",11:38:00,"Borgeby","Ischnura_elegans","Mature",1,NA,0,NA,30,2018,NA,NA
"7/21/18",11:38:00,"Borgeby","Ischnura_elegans","Mature",0,NA,1,NA,30,2018,NA,NA
"7/21/18",11:38:00,"Borgeby","Ischnura_elegans","Mature",1,NA,1,NA,30,2018,NA,NA
"7/21/18",11:38:00,"Borgeby","Lestes_sponsa","Mature",1,NA,0,NA,30,2018,NA,NA
"7/21/18",11:38:00,"Borgeby","Lestes_sponsa","Mature",1,NA,0,NA,30,2018,NA,NA
"7/21/18",11:38:00,"Borgeby","Lestes_sponsa","Mature",1,NA,0,NA,30,2018,NA,NA
"7/21/18",11:38:00,"Borgeby","Ischnura_elegans","Mature",1,NA,0,NA,30,2018,NA,NA
"7/21/18",11:38:00,"Borgeby","Ischnura_elegans","Mature",1,NA,0,NA,30,2018,NA,NA
"7/21/18",11:38:00,"Borgeby","Ischnura_elegans","Mature",1,NA,0,NA,30,2018,NA,NA
"7/21/18",11:38:00,"Borgeby","Ischnura_elegans","Mature",1,NA,0,NA,30,2018,NA,NA
"7/21/18",11:38:00,"Borgeby","Lestes_sponsa","Mature",0,NA,1,NA,30,2018,NA,NA
"7/21/18",11:38:00,"Borgeby","Lestes_sponsa","Mature",1,NA,1,NA,30,2018,NA,NA
"7/21/18",11:38:00,"Borgeby","Lestes_sponsa","Mature",1,NA,0,NA,30,2018,NA,NA
"7/21/18",11:38:00,"Borgeby","Lestes_sponsa","Mature",0,NA,1,NA,30,2018,NA,NA
"7/21/18",11:38:00,"Borgeby","Lestes_sponsa","Mature",1,NA,1,NA,30,2018,NA,NA
"7/21/18",11:38:00,"Borgeby","Anax_imperator","Mature",1,NA,0,NA,30,2018,NA,NA
"7/21/18",11:38:00,"Borgeby","Anax_imperator","Mature",1,NA,0,NA,30,2018,NA,NA
"7/21/18",11:38:00,"Borgeby","Anax_imperator","Mature",1,NA,0,NA,30,2018,NA,NA
"7/21/18",11:38:00,"Borgeby","Sympetrum_sanguineum","Mature",1,NA,0,NA,30,2018,NA,NA
"7/21/18",11:38:00,"Borgeby","Sympetrum_sanguineum","Mature",1,NA,0,NA,30,2018,NA,NA
"7/21/18",11:38:00,"Borgeby","Sympetrum_sanguineum","Mature",1,NA,0,NA,30,2018,NA,NA
"7/21/18",11:38:00,"Borgeby","Sympetrum_sanguineum","Mature",1,NA,0,NA,30,2018,NA,NA
"7/21/18",11:38:00,"Borgeby","Sympetrum_sanguineum","Mature",1,NA,0,NA,30,2018,NA,NA
"7/21/18",11:38:00,"Borgeby","Sympetrum_sanguineum","Mature",1,NA,0,NA,30,2018,NA,NA
"7/21/18",11:38:00,"Borgeby","Sympetrum_sanguineum","Mature",1,NA,0,NA,30,2018,NA,NA
"7/21/18",11:38:00,"Borgeby","Libellula_quadrimaculata","Mature",1,NA,0,NA,30,2018,NA,NA
"7/21/18",11:38:00,"Borgeby","Orthetrum_cancellatum","Mature",1,NA,0,NA,30,2018,NA,NA
"7/21/18",11:38:00,"Borgeby","Orthetrum_cancellatum","Mature",1,NA,0,NA,30,2018,NA,NA
"7/21/18",11:38:00,"Borgeby","Orthetrum_cancellatum","Mature",1,NA,0,NA,30,2018,NA,NA
"7/21/18",11:38:00,"Borgeby","Libellula_quadrimaculata","Mature",1,NA,0,NA,30,2018,NA,NA
"5/24/18",11:09:00,"Bunkeflostrand","Ischnura_elegans","Mature",0,NA,1,NA,30,2018,NA,NA
"5/24/18",11:09:00,"Bunkeflostrand","Ischnura_elegans","Mature",1,NA,0,NA,30,2018,NA,NA
"5/24/18",11:09:00,"Bunkeflostrand","Ischnura_elegans","Mature",0,NA,1,NA,30,2018,NA,NA
"5/24/18",11:09:00,"Bunkeflostrand","Ischnura_elegans","Mature",1,NA,1,NA,30,2018,NA,NA
"5/24/18",11:09:00,"Bunkeflostrand","Ischnura_pumilio","Immature",0,NA,0,NA,30,2018,NA,NA
"5/24/18",11:09:00,"Bunkeflostrand","Ischnura_elegans","Mature",0,NA,0,NA,30,2018,NA,NA
"5/24/18",11:09:00,"Bunkeflostrand","Ischnura_pumilio","Teneral",0,NA,0,NA,30,2018,NA,NA
"5/24/18",11:09:00,"Bunkeflostrand","Ischnura_elegans","Mature",0,NA,0,NA,30,2018,NA,NA
"5/24/18",11:09:00,"Bunkeflostrand","Ischnura_elegans","Teneral",1,NA,0,NA,30,2018,NA,NA
"5/24/18",11:09:00,"Bunkeflostrand","Ischnura_elegans","Immature",0,NA,0,NA,30,2018,NA,NA
"5/24/18",11:09:00,"Bunkeflostrand","Ischnura_elegans","Mature",0,NA,0,NA,30,2018,NA,NA
"5/24/18",11:09:00,"Bunkeflostrand","Ischnura_elegans","Mature",0,NA,0,NA,30,2018,NA,NA
"5/24/18",11:09:00,"Bunkeflostrand","Ischnura_pumilio","Immature",0,NA,0,NA,30,2018,NA,NA
"5/24/18",11:09:00,"Bunkeflostrand","Ischnura_elegans","Immature",1,NA,0,NA,30,2018,NA,NA
"5/24/18",11:09:00,"Bunkeflostrand","Ischnura_elegans","Immature",1,NA,0,NA,30,2018,NA,NA
"5/24/18",11:09:00,"Bunkeflostrand","Ischnura_elegans","Immature",1,NA,0,NA,30,2018,NA,NA
"5/24/18",11:09:00,"Bunkeflostrand","Ischnura_elegans","Mature",1,NA,0,NA,30,2018,NA,NA
"5/24/18",11:09:00,"Bunkeflostrand","Coenagrion_pulchellum","Teneral",0,NA,0,NA,30,2018,NA,NA
"5/24/18",11:09:00,"Bunkeflostrand","Ischnura_pumilio","Teneral",1,NA,0,NA,30,2018,NA,NA
"5/24/18",11:09:00,"Bunkeflostrand","Ischnura_pumilio","Teneral",1,NA,0,NA,30,2018,NA,NA
"5/24/18",11:09:00,"Bunkeflostrand","Ischnura_pumilio","Teneral",1,NA,0,NA,30,2018,NA,NA
"5/24/18",11:09:00,"Bunkeflostrand","Ischnura_elegans","Immature",1,NA,0,NA,30,2018,NA,NA
"5/24/18",11:09:00,"Bunkeflostrand","Ischnura_elegans","Mature",1,NA,0,NA,30,2018,NA,NA
"5/24/18",11:09:00,"Bunkeflostrand","Ischnura_elegans","Teneral",1,NA,0,NA,30,2018,NA,NA
"5/24/18",11:09:00,"Bunkeflostrand","Ischnura_elegans","Mature",1,NA,0,NA,30,2018,NA,NA
"5/24/18",11:09:00,"Bunkeflostrand","Ischnura_elegans","Immature",1,NA,0,NA,30,2018,NA,NA
"5/24/18",11:09:00,"Bunkeflostrand","Ischnura_elegans","Mature",1,NA,0,NA,30,2018,NA,NA
"5/24/18",11:09:00,"Bunkeflostrand","Ischnura_elegans","Immature",1,NA,0,NA,30,2018,NA,NA
"5/24/18",11:09:00,"Bunkeflostrand","Ischnura_elegans","Immature",1,NA,0,NA,30,2018,NA,NA
"5/24/18",11:09:00,"Bunkeflostrand","Ischnura_pumilio","Teneral",1,NA,0,NA,30,2018,NA,NA
"5/24/18",11:09:00,"Bunkeflostrand","Anax_imperator","Mature",1,NA,0,NA,30,2018,NA,NA
"5/24/18",11:09:00,"Bunkeflostrand","Orthetrum_cancellatum","Mature",1,NA,0,NA,30,2018,NA,NA
"5/24/18",11:09:00,"Bunkeflostrand","Orthetrum_cancellatum","Mature",1,NA,0,NA,30,2018,NA,NA
"5/24/18",11:09:00,"Bunkeflostrand","Orthetrum_cancellatum","Mature",1,NA,0,NA,30,2018,NA,NA
"5/24/18",11:09:00,"Bunkeflostrand","Orthetrum_cancellatum","Mature",1,NA,0,NA,30,2018,NA,NA
"5/24/18",11:09:00,"Bunkeflostrand","Orthetrum_cancellatum","Mature",1,NA,0,NA,30,2018,NA,NA
"5/24/18",11:09:00,"Bunkeflostrand","Libellula_quadrimaculata","Mature",1,NA,0,NA,30,2018,NA,NA
"5/24/18",11:09:00,"Bunkeflostrand","Libellula_quadrimaculata","Mature",1,NA,0,NA,30,2018,NA,NA
"5/24/18",11:09:00,"Bunkeflostrand","Libellula_quadrimaculata","Mature",1,NA,0,NA,30,2018,NA,NA
"5/24/18",11:09:00,"Bunkeflostrand","Libellula_quadrimaculata","Mature",1,NA,0,NA,30,2018,NA,NA
"5/24/18",11:09:00,"Bunkeflostrand","Libellula_quadrimaculata","Mature",1,NA,0,NA,30,2018,NA,NA
"5/24/18",11:09:00,"Bunkeflostrand","Libellula_quadrimaculata","Mature",1,NA,0,NA,30,2018,NA,NA
"5/31/18",11:09:00,"Bunkeflostrand","Orthetrum_cancellatum","Mature",1,NA,0,NA,30,2018,NA,NA
"5/31/18",11:09:00,"Bunkeflostrand","Ischnura_elegans","Mature",1,NA,0,NA,30,2018,NA,NA
"5/31/18",11:09:00,"Bunkeflostrand","Ischnura_elegans","Mature",0,NA,0,NA,30,2018,NA,NA
"5/31/18",11:09:00,"Bunkeflostrand","Ischnura_elegans","Immature",1,NA,0,NA,30,2018,NA,NA
"5/31/18",11:09:00,"Bunkeflostrand","Ischnura_elegans","Mature",1,NA,0,NA,30,2018,NA,NA
"5/31/18",11:09:00,"Bunkeflostrand","Ischnura_elegans","Immature",1,NA,0,NA,30,2018,NA,NA
"5/31/18",11:09:00,"Bunkeflostrand","Ischnura_elegans","Mature",1,NA,0,NA,30,2018,NA,NA
"5/31/18",11:09:00,"Bunkeflostrand","Ischnura_elegans","Mature",1,NA,0,NA,30,2018,NA,NA
"5/31/18",11:09:00,"Bunkeflostrand","Ischnura_elegans","Immature",1,NA,0,NA,30,2018,NA,NA
"5/31/18",11:09:00,"Bunkeflostrand","Ischnura_elegans","Teneral",1,NA,0,NA,30,2018,NA,NA
"5/31/18",11:09:00,"Bunkeflostrand","Ischnura_elegans","Mature",1,NA,0,NA,30,2018,NA,NA
"5/31/18",11:09:00,"Bunkeflostrand","Ischnura_elegans","Mature",1,NA,0,NA,30,2018,NA,NA
"5/31/18",11:09:00,"Bunkeflostrand","Ischnura_elegans","Immature",1,NA,0,NA,30,2018,NA,NA
"5/31/18",11:09:00,"Bunkeflostrand","Ischnura_elegans","Mature",1,NA,0,NA,30,2018,NA,NA
"5/31/18",11:09:00,"Bunkeflostrand","Ischnura_elegans","Teneral",1,NA,0,NA,30,2018,NA,NA
"5/31/18",11:09:00,"Bunkeflostrand","Ischnura_elegans","Teneral",0,NA,0,NA,30,2018,NA,NA
"5/31/18",11:09:00,"Bunkeflostrand","Ischnura_elegans","Immature",0,NA,0,NA,30,2018,NA,NA
"5/31/18",11:09:00,"Bunkeflostrand","Ischnura_elegans","Immature",0,NA,0,NA,30,2018,NA,NA
"5/31/18",11:09:00,"Bunkeflostrand","Ischnura_pumilio","Teneral",0,NA,0,NA,30,2018,NA,NA
"5/31/18",11:09:00,"Bunkeflostrand","Ischnura_pumilio","Immature",0,NA,0,NA,30,2018,NA,NA
"5/31/18",11:09:00,"Bunkeflostrand","Ischnura_pumilio","Immature",0,NA,0,NA,30,2018,NA,NA
"5/31/18",11:09:00,"Bunkeflostrand","Ischnura_elegans","Immature",0,NA,0,NA,30,2018,NA,NA
"5/31/18",11:09:00,"Bunkeflostrand","Ischnura_elegans","Mature",0,NA,0,NA,30,2018,NA,NA
"5/31/18",11:09:00,"Bunkeflostrand","Ischnura_pumilio","Immature",0,NA,0,NA,30,2018,NA,NA
"5/31/18",11:09:00,"Bunkeflostrand","Ischnura_elegans","Mature",0,NA,1,NA,30,2018,NA,NA
"5/31/18",11:09:00,"Bunkeflostrand","Ischnura_elegans","Mature",1,NA,1,NA,30,2018,NA,NA
"5/31/18",11:09:00,"Bunkeflostrand","Ischnura_elegans","Mature",1,NA,1,NA,30,2018,NA,NA
"5/31/18",11:09:00,"Bunkeflostrand","Ischnura_elegans","Mature",0,NA,1,NA,30,2018,NA,NA
"5/31/18",11:09:00,"Bunkeflostrand","Ischnura_elegans","Mature",1,NA,1,NA,30,2018,NA,NA
"5/31/18",11:09:00,"Bunkeflostrand","Ischnura_elegans","Mature",0,NA,1,NA,30,2018,NA,NA
"5/31/18",11:09:00,"Bunkeflostrand","Libellula_quadrimaculata","Mature",1,NA,0,NA,30,2018,NA,NA
"6/30/18",11:12:00,"Bunkeflostrand","Ischnura_elegans","Mature",1,NA,0,NA,30,2018,NA,NA
"6/30/18",11:12:00,"Bunkeflostrand","Ischnura_elegans","Mature",1,NA,0,NA,30,2018,NA,NA
"6/30/18",11:12:00,"Bunkeflostrand","Ischnura_elegans","Mature",0,NA,0,NA,30,2018,NA,NA
"6/30/18",11:12:00,"Bunkeflostrand","Ischnura_elegans","Mature",1,NA,0,NA,30,2018,NA,NA
"6/30/18",11:12:00,"Bunkeflostrand","Ischnura_elegans","Mature",1,NA,0,NA,30,2018,NA,NA
"6/30/18",11:12:00,"Bunkeflostrand","Ischnura_elegans","Mature",1,NA,0,NA,30,2018,NA,NA
"6/30/18",11:12:00,"Bunkeflostrand","Ischnura_elegans","Mature",1,NA,0,NA,30,2018,NA,NA
"6/30/18",11:12:00,"Bunkeflostrand","Ischnura_elegans","Mature",1,NA,0,NA,30,2018,NA,NA
"6/30/18",11:12:00,"Bunkeflostrand","Ischnura_elegans","Mature",1,NA,0,NA,30,2018,NA,NA
"6/30/18",11:12:00,"Bunkeflostrand","Ischnura_elegans","Mature",1,NA,0,NA,30,2018,NA,NA
"6/30/18",11:12:00,"Bunkeflostrand","Ischnura_elegans","Mature",1,NA,0,NA,30,2018,NA,NA
"6/30/18",11:12:00,"Bunkeflostrand","Ischnura_elegans","Immature",0,NA,0,NA,30,2018,NA,NA
"6/30/18",11:12:00,"Bunkeflostrand","Ischnura_elegans","Mature",1,NA,0,NA,30,2018,NA,NA
"6/30/18",11:12:00,"Bunkeflostrand","Ischnura_elegans","Mature",0,NA,0,NA,30,2018,NA,NA
"6/30/18",11:12:00,"Bunkeflostrand","Ischnura_elegans","Mature",1,NA,0,NA,30,2018,NA,NA
"6/30/18",11:12:00,"Bunkeflostrand","Ischnura_elegans","Mature",1,NA,0,NA,30,2018,NA,NA
"6/30/18",11:12:00,"Bunkeflostrand","Ischnura_elegans","Mature",1,NA,0,NA,30,2018,NA,NA
"6/30/18",11:12:00,"Bunkeflostrand","Ischnura_elegans","Mature",0,NA,0,NA,30,2018,NA,NA
"6/30/18",11:12:00,"Bunkeflostrand","Ischnura_elegans","Mature",1,NA,0,NA,30,2018,NA,NA
"6/30/18",11:12:00,"Bunkeflostrand","Ischnura_elegans","Mature",1,NA,0,NA,30,2018,NA,NA
"6/30/18",11:12:00,"Bunkeflostrand","Ischnura_elegans","Mature",0,NA,0,NA,30,2018,NA,NA
"6/30/18",11:12:00,"Bunkeflostrand","Ischnura_elegans","Mature",0,NA,0,NA,30,2018,NA,NA
"6/30/18",11:12:00,"Bunkeflostrand","Ischnura_elegans","Mature",0,NA,0,NA,30,2018,NA,NA
"6/30/18",11:12:00,"Bunkeflostrand","Ischnura_elegans","Mature",0,NA,0,NA,30,2018,NA,NA
"6/30/18",11:12:00,"Bunkeflostrand","Ischnura_elegans","Mature",0,NA,0,NA,30,2018,NA,NA
"6/30/18",11:12:00,"Bunkeflostrand","Ischnura_elegans","Mature",0,NA,0,NA,30,2018,NA,NA
"6/30/18",11:12:00,"Bunkeflostrand","Ischnura_elegans","Mature",0,NA,0,NA,30,2018,NA,NA
"6/30/18",11:12:00,"Bunkeflostrand","Ischnura_elegans","Mature",0,NA,0,NA,30,2018,NA,NA
"6/30/18",11:12:00,"Bunkeflostrand","Ischnura_elegans","Mature",0,NA,0,NA,30,2018,NA,NA
"6/30/18",11:12:00,"Bunkeflostrand","Ischnura_elegans","Mature",0,NA,0,NA,30,2018,NA,NA
"6/30/18",11:12:00,"Bunkeflostrand","Ischnura_elegans","Mature",0,NA,1,NA,30,2018,NA,NA
"6/30/18",11:12:00,"Bunkeflostrand","Ischnura_elegans","Mature",1,NA,1,NA,30,2018,NA,NA
"6/30/18",11:12:00,"Bunkeflostrand","Ischnura_pumilio","Immature",0,NA,0,NA,30,2018,NA,NA
"6/30/18",11:12:00,"Bunkeflostrand","Ischnura_elegans","Mature",0,NA,1,NA,30,2018,NA,NA
"6/30/18",11:12:00,"Bunkeflostrand","Ischnura_elegans","Mature",1,NA,1,NA,30,2018,NA,NA
"6/30/18",11:12:00,"Bunkeflostrand","Ischnura_elegans","Mature",1,NA,0,NA,30,2018,NA,NA
"6/30/18",11:12:00,"Bunkeflostrand","Ischnura_elegans","Mature",1,NA,1,NA,30,2018,NA,NA
"6/30/18",11:12:00,"Bunkeflostrand","Ischnura_elegans","Mature",0,NA,1,NA,30,2018,NA,NA
"6/30/18",11:12:00,"Bunkeflostrand","Ischnura_elegans","Mature",1,NA,0,NA,30,2018,NA,NA
"6/30/18",11:12:00,"Bunkeflostrand","Ischnura_elegans","Mature",1,NA,0,NA,30,2018,NA,NA
"6/30/18",11:12:00,"Bunkeflostrand","Ischnura_elegans","Mature",1,NA,0,NA,30,2018,NA,NA
"6/30/18",11:12:00,"Bunkeflostrand","Ischnura_elegans","Mature",1,NA,0,NA,30,2018,NA,NA
"6/30/18",11:12:00,"Bunkeflostrand","Ischnura_elegans","Mature",1,NA,1,NA,30,2018,NA,NA
"6/30/18",11:12:00,"Bunkeflostrand","Ischnura_elegans","Mature",0,NA,1,NA,30,2018,NA,NA
"6/30/18",11:12:00,"Bunkeflostrand","Ischnura_elegans","Mature",1,NA,0,NA,30,2018,NA,NA
"6/30/18",11:12:00,"Bunkeflostrand","Ischnura_elegans","Mature",1,NA,0,NA,30,2018,NA,NA
"6/30/18",11:12:00,"Bunkeflostrand","Ischnura_elegans","Mature",1,NA,1,NA,30,2018,NA,NA
"6/30/18",11:12:00,"Bunkeflostrand","Ischnura_elegans","Mature",0,NA,1,NA,30,2018,NA,NA
"6/30/18",11:12:00,"Bunkeflostrand","Ischnura_elegans","Mature",1,NA,1,NA,30,2018,NA,NA
"6/30/18",11:12:00,"Bunkeflostrand","Ischnura_elegans","Mature",0,NA,1,NA,30,2018,NA,NA
"6/30/18",11:12:00,"Bunkeflostrand","Ischnura_elegans","Mature",1,NA,0,NA,30,2018,NA,NA
"6/30/18",11:12:00,"Bunkeflostrand","Ischnura_elegans","Mature",1,NA,1,NA,30,2018,NA,NA
"6/30/18",11:12:00,"Bunkeflostrand","Ischnura_elegans","Mature",0,NA,1,NA,30,2018,NA,NA
"6/30/18",11:12:00,"Bunkeflostrand","Ischnura_elegans","Mature",1,NA,1,NA,30,2018,NA,NA
"6/30/18",11:12:00,"Bunkeflostrand","Ischnura_elegans","Mature",0,NA,1,NA,30,2018,NA,NA
"6/30/18",11:12:00,"Bunkeflostrand","Ischnura_pumilio","Mature",0,NA,1,NA,30,2018,NA,NA
"6/30/18",11:12:00,"Bunkeflostrand","Ischnura_pumilio","Mature",1,NA,1,NA,30,2018,NA,NA
"6/30/18",11:12:00,"Bunkeflostrand","Ischnura_elegans","Mature",0,NA,0,NA,30,2018,NA,NA
"6/30/18",11:12:00,"Bunkeflostrand","Ischnura_elegans","Mature",1,NA,1,NA,30,2018,NA,NA
"6/30/18",11:12:00,"Bunkeflostrand","Ischnura_elegans","Mature",1,NA,1,NA,30,2018,NA,NA
"6/30/18",11:12:00,"Bunkeflostrand","Ischnura_elegans","Mature",0,NA,0,NA,30,2018,NA,NA
"6/30/18",11:12:00,"Bunkeflostrand","Ischnura_elegans","Mature",1,NA,1,NA,30,2018,NA,NA
"6/30/18",11:12:00,"Bunkeflostrand","Ischnura_elegans","Mature",0,NA,0,NA,30,2018,NA,NA
"6/30/18",11:12:00,"Bunkeflostrand","Ischnura_elegans","Mature",0,NA,0,NA,30,2018,NA,NA
"6/30/18",11:12:00,"Bunkeflostrand","Ischnura_elegans","Mature",0,NA,0,NA,30,2018,NA,NA
"6/30/18",11:12:00,"Bunkeflostrand","Ischnura_elegans","Mature",0,NA,1,NA,30,2018,NA,NA
"6/30/18",11:12:00,"Bunkeflostrand","Ischnura_elegans","Mature",1,NA,1,NA,30,2018,NA,NA
"6/30/18",11:12:00,"Bunkeflostrand","Ischnura_elegans","Mature",0,NA,1,NA,30,2018,NA,NA
"6/30/18",11:12:00,"Bunkeflostrand","Ischnura_elegans","Mature",1,NA,1,NA,30,2018,NA,NA
"6/30/18",11:12:00,"Bunkeflostrand","Ischnura_elegans","Mature",1,NA,1,NA,30,2018,NA,NA
"6/30/18",11:12:00,"Bunkeflostrand","Ischnura_elegans","Mature",0,NA,1,NA,30,2018,NA,NA
"6/30/18",11:12:00,"Bunkeflostrand","Ischnura_elegans","Mature",0,NA,1,NA,30,2018,NA,NA
"6/30/18",11:12:00,"Bunkeflostrand","Ischnura_elegans","Mature",1,NA,1,NA,30,2018,NA,NA
"6/30/18",11:12:00,"Bunkeflostrand","Ischnura_elegans","Mature",1,NA,1,NA,30,2018,NA,NA
"6/30/18",11:12:00,"Bunkeflostrand","Ischnura_elegans","Mature",0,NA,1,NA,30,2018,NA,NA
"6/30/18",11:12:00,"Bunkeflostrand","Orthetrum_coerulescens","Mature",1,NA,0,NA,30,2018,NA,NA
"6/30/18",11:12:00,"Bunkeflostrand","Orthetrum_coerulescens","Mature",1,NA,0,NA,30,2018,NA,NA
"6/30/18",11:12:00,"Bunkeflostrand","Orthetrum_coerulescens","Mature",1,NA,0,NA,30,2018,NA,NA
"6/30/18",11:12:00,"Bunkeflostrand","Orthetrum_coerulescens","Mature",1,NA,0,NA,30,2018,NA,NA
"6/30/18",11:12:00,"Bunkeflostrand","Orthetrum_cancellatum","Mature",1,NA,0,NA,30,2018,NA,NA
"6/30/18",11:12:00,"Bunkeflostrand","Anax_imperator","Mature",1,NA,0,NA,30,2018,NA,NA
"6/30/18",11:12:00,"Bunkeflostrand","Sympetrum_striolatum","Immature",1,NA,0,NA,30,2018,NA,NA
"6/30/18",11:12:00,"Bunkeflostrand","Orthetrum_cancellatum","Mature",0,NA,0,NA,30,2018,NA,NA
"6/30/18",11:12:00,"Bunkeflostrand","Orthetrum_cancellatum","Mature",0,NA,0,NA,30,2018,NA,NA
"7/19/18",11:05:00,"Bunkeflostrand","Ischnura_elegans","Mature",0,NA,0,NA,30,2018,NA,NA
"7/19/18",11:05:00,"Bunkeflostrand","Ischnura_elegans","Mature",0,NA,0,NA,30,2018,NA,NA
"7/19/18",11:05:00,"Bunkeflostrand","Ischnura_elegans","Mature",0,NA,0,NA,30,2018,NA,NA
"7/19/18",11:05:00,"Bunkeflostrand","Ischnura_elegans","Mature",0,NA,0,NA,30,2018,NA,NA
"7/19/18",11:05:00,"Bunkeflostrand","Ischnura_elegans","Immature",0,NA,0,NA,30,2018,NA,NA
"7/19/18",11:05:00,"Bunkeflostrand","Erythromma_viridulum","Mature",0,NA,0,NA,30,2018,NA,NA
"7/19/18",11:05:00,"Bunkeflostrand","Ischnura_elegans","Mature",0,NA,0,NA,30,2018,NA,NA
"7/19/18",11:05:00,"Bunkeflostrand","Ischnura_elegans","Mature",0,NA,1,NA,30,2018,NA,NA
"7/19/18",11:05:00,"Bunkeflostrand","Ischnura_elegans","Mature",1,NA,1,NA,30,2018,NA,NA
"7/19/18",11:05:00,"Bunkeflostrand","Ischnura_elegans","Mature",1,NA,0,NA,30,2018,NA,NA
"7/19/18",11:05:00,"Bunkeflostrand","Ischnura_elegans","Mature",0,NA,1,NA,30,2018,NA,NA
"7/19/18",11:05:00,"Bunkeflostrand","Ischnura_elegans","Mature",1,NA,1,NA,30,2018,NA,NA
"7/19/18",11:05:00,"Bunkeflostrand","Ischnura_elegans","Mature",1,NA,0,NA,30,2018,NA,NA
"7/19/18",11:05:00,"Bunkeflostrand","Ischnura_elegans","Mature",0,NA,0,NA,30,2018,NA,NA
"7/19/18",11:05:00,"Bunkeflostrand","Ischnura_elegans","Mature",0,NA,0,NA,30,2018,NA,NA
"7/19/18",11:05:00,"Bunkeflostrand","Ischnura_elegans","Mature",1,NA,0,NA,30,2018,NA,NA
"7/19/18",11:05:00,"Bunkeflostrand","Erythromma_viridulum","Mature",1,NA,0,NA,30,2018,NA,NA
"7/19/18",11:05:00,"Bunkeflostrand","Ischnura_elegans","Mature",1,NA,0,NA,30,2018,NA,NA
"7/19/18",11:05:00,"Bunkeflostrand","Erythromma_viridulum","Mature",1,NA,0,NA,30,2018,NA,NA
"7/19/18",11:05:00,"Bunkeflostrand","Ischnura_elegans","Mature",1,NA,0,NA,30,2018,NA,NA
"7/19/18",11:05:00,"Bunkeflostrand","Enallagma_cyathigerum","Mature",1,NA,0,NA,30,2018,NA,NA
"7/19/18",11:05:00,"Bunkeflostrand","Ischnura_elegans","Mature",1,NA,0,NA,30,2018,NA,NA
"7/19/18",11:05:00,"Bunkeflostrand","Ischnura_elegans","Mature",1,NA,0,NA,30,2018,NA,NA
"7/19/18",11:05:00,"Bunkeflostrand","Ischnura_elegans","Mature",1,NA,0,NA,30,2018,NA,NA
"7/19/18",11:05:00,"Bunkeflostrand","Ischnura_elegans","Mature",1,NA,0,NA,30,2018,NA,NA
"7/19/18",11:05:00,"Bunkeflostrand","Ischnura_elegans","Mature",1,NA,0,NA,30,2018,NA,NA
"7/19/18",11:05:00,"Bunkeflostrand","Ischnura_elegans","Mature",1,NA,0,NA,30,2018,NA,NA
"7/19/18",11:05:00,"Bunkeflostrand","Ischnura_elegans","Mature",0,NA,1,NA,30,2018,NA,NA
"7/19/18",11:05:00,"Bunkeflostrand","Ischnura_elegans","Mature",1,NA,0,NA,30,2018,NA,NA
"7/19/18",11:05:00,"Bunkeflostrand","Ischnura_elegans","Mature",0,NA,1,NA,30,2018,NA,NA
"7/19/18",11:05:00,"Bunkeflostrand","Ischnura_elegans","Mature",0,NA,1,NA,30,2018,NA,NA
"7/19/18",11:05:00,"Bunkeflostrand","Ischnura_elegans","Mature",1,NA,1,NA,30,2018,NA,NA
"7/19/18",11:05:00,"Bunkeflostrand","Ischnura_elegans","Mature",1,NA,1,NA,30,2018,NA,NA
"7/19/18",11:05:00,"Bunkeflostrand","Ischnura_elegans","Mature",1,NA,0,NA,30,2018,NA,NA
"7/19/18",11:05:00,"Bunkeflostrand","Ischnura_elegans","Mature",0,NA,1,NA,30,2018,NA,NA
"7/19/18",11:05:00,"Bunkeflostrand","Ischnura_elegans","Mature",1,NA,1,NA,30,2018,NA,NA
"7/19/18",11:05:00,"Bunkeflostrand","Ischnura_elegans","Mature",0,NA,1,NA,30,2018,NA,NA
"7/19/18",11:05:00,"Bunkeflostrand","Ischnura_elegans","Mature",1,NA,0,NA,30,2018,NA,NA
"7/19/18",11:05:00,"Bunkeflostrand","Ischnura_elegans","Mature",1,NA,0,NA,30,2018,NA,NA
"7/19/18",11:05:00,"Bunkeflostrand","Ischnura_elegans","Mature",1,NA,0,NA,30,2018,NA,NA
"7/19/18",11:05:00,"Bunkeflostrand","Ischnura_elegans","Mature",1,NA,0,NA,30,2018,NA,NA
"7/19/18",11:05:00,"Bunkeflostrand","Ischnura_elegans","Mature",1,NA,0,NA,30,2018,NA,NA
"7/19/18",11:05:00,"Bunkeflostrand","Ischnura_elegans","Mature",1,NA,0,NA,30,2018,NA,NA
"7/19/18",11:05:00,"Bunkeflostrand","Ischnura_elegans","Mature",1,NA,0,NA,30,2018,NA,NA
"7/19/18",11:05:00,"Bunkeflostrand","Ischnura_elegans","Mature",1,NA,0,NA,30,2018,NA,NA
"7/19/18",11:05:00,"Bunkeflostrand","Ischnura_elegans","Mature",1,NA,0,NA,30,2018,NA,NA
"7/19/18",11:05:00,"Bunkeflostrand","Ischnura_elegans","Mature",1,NA,0,NA,30,2018,NA,NA
"7/19/18",11:05:00,"Bunkeflostrand","Anax_imperator","Mature",1,NA,0,NA,30,2018,NA,NA
"7/19/18",11:05:00,"Bunkeflostrand","Orthetrum_coerulescens","Mature",1,NA,0,NA,30,2018,NA,NA
"7/19/18",11:05:00,"Bunkeflostrand","Sympetrum_sanguineum","Mature",1,NA,0,NA,30,2018,NA,NA
"7/19/18",11:05:00,"Bunkeflostrand","Sympetrum_vulgatum","Mature",1,NA,0,NA,30,2018,NA,NA
"5/21/18",10:10:00,"Flackarp","Calopteryx_splendens","Immature",1,NA,0,NA,30,2018,NA,NA
"5/21/18",10:12:00,"Flackarp","Calopteryx_splendens","Immature",1,NA,0,NA,30,2018,NA,NA
"5/21/18",10:12:00,"Flackarp","Calopteryx_splendens","Immature",0,NA,0,NA,30,2018,NA,NA
"5/21/18",10:12:00,"Flackarp","Calopteryx_splendens","Immature",1,NA,0,NA,30,2018,NA,NA
"5/21/18",10:12:00,"Flackarp","Calopteryx_splendens","Mature",0,NA,0,NA,30,2018,NA,NA
"5/21/18",10:13:00,"Flackarp","Calopteryx_splendens","Immature",1,NA,0,NA,30,2018,NA,NA
"5/21/18",10:13:00,"Flackarp","Calopteryx_splendens","Mature",0,NA,0,NA,30,2018,NA,NA
"5/21/18",10:14:00,"Flackarp","Coenagrion_puella","Mature",1,NA,0,NA,30,2018,NA,NA
"5/21/18",10:16:00,"Flackarp","Coenagrion_pulchellum","Mature",1,NA,0,NA,30,2018,NA,NA
"5/21/18",10:17:00,"Flackarp","Coenagrion_pulchellum","Mature",1,NA,0,NA,30,2018,NA,NA
"5/21/18",10:18:00,"Flackarp","Ischnura_elegans","Immature",1,NA,0,NA,30,2018,NA,NA
"5/21/18",10:18:00,"Flackarp","Erythromma_najas","Mature",1,NA,0,NA,30,2018,NA,NA
"5/21/18",10:19:00,"Flackarp","Coenagrion_pulchellum","Mature",1,NA,0,NA,30,2018,NA,NA
"5/21/18",10:20:00,"Flackarp","Coenagrion_pulchellum","Mature",1,NA,0,NA,30,2018,NA,NA
"5/21/18",10:21:00,"Flackarp","Coenagrion_puella","Mature",1,NA,0,NA,30,2018,NA,NA
"5/21/18",10:22:00,"Flackarp","Ischnura_elegans","Immature",1,NA,0,NA,30,2018,NA,NA
"5/21/18",10:22:00,"Flackarp","Erythromma_najas","Mature",0,NA,0,NA,30,2018,NA,NA
"5/21/18",10:23:00,"Flackarp","Ischnura_elegans","Mature",0,NA,0,NA,30,2018,NA,NA
"5/21/18",10:23:00,"Flackarp","Ischnura_elegans","Mature",1,NA,0,NA,30,2018,NA,NA
"5/21/18",10:24:00,"Flackarp","Coenagrion_pulchellum","Immature",0,NA,0,NA,30,2018,NA,NA
"5/21/18",10:24:00,"Flackarp","Coenagrion_pulchellum","Mature",0,NA,0,NA,30,2018,NA,NA
"6/11/18",11:02:00,"Flackarp","Calopteryx_splendens","Mature",1,NA,0,NA,30,2018,NA,NA
"6/11/18",11:02:00,"Flackarp","Calopteryx_splendens","Mature",1,NA,0,NA,30,2018,NA,NA
"6/11/18",11:02:00,"Flackarp","Calopteryx_splendens","Mature",1,NA,0,NA,30,2018,NA,NA
"6/11/18",11:02:00,"Flackarp","Calopteryx_splendens","Mature",1,NA,0,NA,30,2018,NA,NA
"6/11/18",11:02:00,"Flackarp","Calopteryx_splendens","Mature",1,NA,0,NA,30,2018,NA,NA
"6/11/18",11:02:00,"Flackarp","Calopteryx_splendens","Mature",1,NA,0,NA,30,2018,NA,NA
"6/11/18",11:02:00,"Flackarp","Calopteryx_splendens","Mature",1,NA,0,NA,30,2018,NA,NA
"6/11/18",11:02:00,"Flackarp","Calopteryx_splendens","Mature",1,NA,0,NA,30,2018,NA,NA
"6/11/18",11:02:00,"Flackarp","Calopteryx_splendens","Mature",1,NA,0,NA,30,2018,NA,NA
"6/11/18",11:02:00,"Flackarp","Calopteryx_splendens","Mature",1,NA,0,NA,30,2018,NA,NA
"6/11/18",11:02:00,"Flackarp","Calopteryx_splendens","Mature",1,NA,0,NA,30,2018,NA,NA
"6/11/18",11:02:00,"Flackarp","Calopteryx_splendens","Mature",1,NA,0,NA,30,2018,NA,NA
"6/11/18",11:02:00,"Flackarp","Calopteryx_splendens","Mature",1,NA,0,NA,30,2018,NA,NA
"6/11/18",11:02:00,"Flackarp","Calopteryx_splendens","Mature",1,NA,0,NA,30,2018,NA,NA
"6/11/18",11:02:00,"Flackarp","Calopteryx_splendens","Mature",1,NA,0,NA,30,2018,NA,NA
"6/11/18",11:02:00,"Flackarp","Calopteryx_splendens","Mature",1,NA,0,NA,30,2018,NA,NA
"6/11/18",11:02:00,"Flackarp","Calopteryx_splendens","Mature",1,NA,0,NA,30,2018,NA,NA
"6/11/18",11:02:00,"Flackarp","Calopteryx_splendens","Mature",1,NA,0,NA,30,2018,NA,NA
"6/11/18",11:02:00,"Flackarp","Calopteryx_splendens","Mature",1,NA,0,NA,30,2018,NA,NA
"6/11/18",11:02:00,"Flackarp","Calopteryx_splendens","Mature",0,NA,0,NA,30,2018,NA,NA
"6/11/18",11:02:00,"Flackarp","Calopteryx_splendens","Mature",0,NA,0,NA,30,2018,NA,NA
"6/11/18",11:02:00,"Flackarp","Calopteryx_splendens","Mature",0,NA,0,NA,30,2018,NA,NA
"6/11/18",11:02:00,"Flackarp","Calopteryx_splendens","Mature",0,NA,0,NA,30,2018,NA,NA
"6/11/18",11:02:00,"Flackarp","Calopteryx_splendens","Mature",0,NA,0,NA,30,2018,NA,NA
"6/11/18",11:02:00,"Flackarp","Calopteryx_splendens","Mature",0,NA,0,NA,30,2018,NA,NA
"6/11/18",11:02:00,"Flackarp","Ischnura_elegans","Mature",1,NA,1,NA,30,2018,NA,NA
"6/11/18",11:02:00,"Flackarp","Ischnura_elegans","Mature",0,NA,1,NA,30,2018,NA,NA
"6/11/18",11:02:00,"Flackarp","Coenagrion_puella","Mature",0,NA,0,NA,30,2018,NA,NA
"6/11/18",11:02:00,"Flackarp","Coenagrion_pulchellum","Mature",1,NA,0,NA,30,2018,NA,NA
"6/11/18",11:02:00,"Flackarp","Ischnura_elegans","Mature",1,NA,0,NA,30,2018,NA,NA
"6/11/18",11:02:00,"Flackarp","Coenagrion_puella","Mature",1,NA,0,NA,30,2018,NA,NA
"6/11/18",11:02:00,"Flackarp","Ischnura_elegans","Mature",1,NA,1,NA,30,2018,NA,NA
"6/11/18",11:02:00,"Flackarp","Ischnura_elegans","Mature",1,NA,0,NA,30,2018,NA,NA
"6/11/18",11:02:00,"Flackarp","Ischnura_elegans","Mature",0,NA,0,NA,30,2018,NA,NA
"6/11/18",11:02:00,"Flackarp","Ischnura_elegans","Mature",1,NA,0,NA,30,2018,NA,NA
"6/11/18",11:02:00,"Flackarp","Ischnura_elegans","Mature",1,NA,0,NA,30,2018,NA,NA
"6/11/18",11:02:00,"Flackarp","Coenagrion_pulchellum","Mature",1,NA,0,NA,30,2018,NA,NA
"6/11/18",11:02:00,"Flackarp","Coenagrion_puella","Mature",1,NA,0,NA,30,2018,NA,NA
"6/11/18",11:02:00,"Flackarp","Coenagrion_puella","Mature",1,NA,0,NA,30,2018,NA,NA
"6/11/18",11:02:00,"Flackarp","Coenagrion_pulchellum","Mature",1,NA,0,NA,30,2018,NA,NA
"6/11/18",11:02:00,"Flackarp","Coenagrion_puella","Mature",1,NA,0,NA,30,2018,NA,NA
"6/11/18",11:02:00,"Flackarp","Ischnura_elegans","Mature",1,NA,0,NA,30,2018,NA,NA
"6/11/18",11:02:00,"Flackarp","Coenagrion_pulchellum","Mature",1,NA,0,NA,30,2018,NA,NA
"6/11/18",11:02:00,"Flackarp","Ischnura_elegans","Mature",1,NA,0,NA,30,2018,NA,NA
"6/11/18",11:02:00,"Flackarp","Coenagrion_pulchellum","Mature",0,NA,0,NA,30,2018,NA,NA
"6/11/18",11:02:00,"Flackarp","Ischnura_elegans","Mature",1,NA,0,NA,30,2018,NA,NA
"6/11/18",11:02:00,"Flackarp","Coenagrion_pulchellum","Mature",1,NA,0,NA,30,2018,NA,NA
"6/11/18",11:02:00,"Flackarp","Ischnura_elegans","Mature",1,NA,0,NA,30,2018,NA,NA
"6/11/18",11:02:00,"Flackarp","Ischnura_elegans","Mature",0,NA,0,NA,30,2018,NA,NA
"6/11/18",11:02:00,"Flackarp","Ischnura_elegans","Mature",1,NA,0,NA,30,2018,NA,NA
"6/11/18",11:02:00,"Flackarp","Ischnura_elegans","Mature",1,NA,0,NA,30,2018,NA,NA
"6/11/18",11:02:00,"Flackarp","Coenagrion_puella","Mature",1,NA,0,NA,30,2018,NA,NA
"6/11/18",11:02:00,"Flackarp","Coenagrion_pulchellum","Mature",1,NA,0,NA,30,2018,NA,NA
"6/11/18",11:02:00,"Flackarp","Coenagrion_pulchellum","Mature",1,NA,0,NA,30,2018,NA,NA
"6/11/18",11:02:00,"Flackarp","Coenagrion_puella","Mature",1,NA,0,NA,30,2018,NA,NA
"6/11/18",11:02:00,"Flackarp","Ischnura_elegans","Mature",0,NA,0,NA,30,2018,NA,NA
"6/11/18",11:02:00,"Flackarp","Coenagrion_pulchellum","Mature",0,NA,0,NA,30,2018,NA,NA
"6/11/18",11:02:00,"Flackarp","Coenagrion_pulchellum","Mature",1,NA,0,NA,30,2018,NA,NA
"6/11/18",11:02:00,"Flackarp","Coenagrion_puella","Mature",1,NA,0,NA,30,2018,NA,NA
"6/11/18",11:02:00,"Flackarp","Coenagrion_puella","Mature",0,NA,0,NA,30,2018,NA,NA
"6/11/18",11:02:00,"Flackarp","Ischnura_elegans","Mature",1,NA,0,NA,30,2018,NA,NA
"6/11/18",11:02:00,"Flackarp","Ischnura_elegans","Mature",1,NA,0,NA,30,2018,NA,NA
"6/11/18",11:02:00,"Flackarp","Coenagrion_pulchellum","Mature",0,NA,0,NA,30,2018,NA,NA
"6/11/18",11:02:00,"Flackarp","Coenagrion_pulchellum","Mature",1,NA,0,NA,30,2018,NA,NA
"6/11/18",11:02:00,"Flackarp","Coenagrion_pulchellum","Mature",1,NA,0,NA,30,2018,NA,NA
"6/11/18",11:02:00,"Flackarp","Ischnura_elegans","Mature",1,NA,0,NA,30,2018,NA,NA
"6/11/18",11:02:00,"Flackarp","Ischnura_elegans","Mature",1,NA,0,NA,30,2018,NA,NA
"6/11/18",11:02:00,"Flackarp","Coenagrion_pulchellum","Mature",0,NA,0,NA,30,2018,NA,NA
"6/11/18",11:02:00,"Flackarp","Ischnura_elegans","Mature",1,NA,0,NA,30,2018,NA,NA
"6/11/18",11:02:00,"Flackarp","Ischnura_elegans","Mature",1,NA,0,NA,30,2018,NA,NA
"6/11/18",11:02:00,"Flackarp","Ischnura_elegans","Mature",1,NA,0,NA,30,2018,NA,NA
"6/11/18",11:02:00,"Flackarp","Ischnura_elegans","Mature",1,NA,0,NA,30,2018,NA,NA
"6/11/18",11:02:00,"Flackarp","Coenagrion_pulchellum","Mature",1,NA,0,NA,30,2018,NA,NA
"6/11/18",11:02:00,"Flackarp","Ischnura_elegans","Immature",1,NA,0,NA,30,2018,NA,NA
"6/11/18",11:02:00,"Flackarp","Coenagrion_pulchellum","Mature",1,NA,0,NA,30,2018,NA,NA
"6/11/18",11:02:00,"Flackarp","Coenagrion_puella","Mature",1,NA,0,NA,30,2018,NA,NA
"6/11/18",11:02:00,"Flackarp","Ischnura_elegans","Mature",1,NA,0,NA,30,2018,NA,NA
"6/11/18",11:02:00,"Flackarp","Ischnura_elegans","Immature",1,NA,0,NA,30,2018,NA,NA
"6/11/18",11:02:00,"Flackarp","Coenagrion_pulchellum","Mature",1,NA,0,NA,30,2018,NA,NA
"6/11/18",11:02:00,"Flackarp","Coenagrion_pulchellum","Mature",1,NA,0,NA,30,2018,NA,NA
"6/11/18",11:02:00,"Flackarp","Ischnura_elegans","Mature",1,NA,0,NA,30,2018,NA,NA
"7/1/18",10:56:00,"Flackarp","Calopteryx_splendens","Mature",0,NA,0,NA,30,2018,NA,NA
"7/1/18",10:56:00,"Flackarp","Calopteryx_splendens","Mature",0,NA,0,NA,30,2018,NA,NA
"7/1/18",10:56:00,"Flackarp","Erythromma_najas","Teneral",1,NA,0,NA,30,2018,NA,NA
"7/1/18",10:56:00,"Flackarp","Coenagrion_pulchellum","Mature",0,NA,0,NA,30,2018,NA,NA
"7/1/18",10:56:00,"Flackarp","Ischnura_elegans","Mature",1,NA,1,NA,30,2018,NA,NA
"7/1/18",10:56:00,"Flackarp","Ischnura_elegans","Mature",0,NA,1,NA,30,2018,NA,NA
"7/1/18",10:56:00,"Flackarp","Enallagma_cyathigerum","Mature",1,NA,0,NA,30,2018,NA,NA
"7/1/18",10:56:00,"Flackarp","Ischnura_elegans","Mature",0,NA,0,NA,30,2018,NA,NA
"7/1/18",10:56:00,"Flackarp","Ischnura_elegans","Mature",0,NA,1,NA,30,2018,NA,NA
"7/1/18",10:56:00,"Flackarp","Ischnura_elegans","Mature",1,NA,1,NA,30,2018,NA,NA
"7/1/18",10:56:00,"Flackarp","Calopteryx_splendens","Mature",0,NA,0,NA,30,2018,NA,NA
"7/1/18",10:56:00,"Flackarp","Coenagrion_pulchellum","Mature",0,NA,1,NA,30,2018,NA,NA
"7/1/18",10:56:00,"Flackarp","Coenagrion_pulchellum","Mature",1,NA,1,NA,30,2018,NA,NA
"7/1/18",10:56:00,"Flackarp","Lestes_sponsa","Mature",1,NA,0,NA,30,2018,NA,NA
"7/1/18",10:56:00,"Flackarp","Coenagrion_puella","Mature",1,NA,0,NA,30,2018,NA,NA
"7/1/18",10:56:00,"Flackarp","Coenagrion_puella","Mature",1,NA,0,NA,30,2018,NA,NA
"7/1/18",10:56:00,"Flackarp","Coenagrion_puella","Mature",1,NA,0,NA,30,2018,NA,NA
"7/1/18",10:56:00,"Flackarp","Ischnura_elegans","Mature",1,NA,0,NA,30,2018,NA,NA
"7/1/18",10:56:00,"Flackarp","Coenagrion_puella","Mature",1,NA,0,NA,30,2018,NA,NA
"7/1/18",10:56:00,"Flackarp","Ischnura_elegans","Mature",1,NA,0,NA,30,2018,NA,NA
"7/1/18",10:56:00,"Flackarp","Coenagrion_puella","Mature",1,NA,0,NA,30,2018,NA,NA
"7/1/18",10:56:00,"Flackarp","Coenagrion_puella","Mature",1,NA,0,NA,30,2018,NA,NA
"7/1/18",10:56:00,"Flackarp","Coenagrion_puella","Mature",1,NA,0,NA,30,2018,NA,NA
"7/1/18",10:56:00,"Flackarp","Coenagrion_puella","Mature",1,NA,0,NA,30,2018,NA,NA
"7/1/18",10:56:00,"Flackarp","Coenagrion_puella","Mature",1,NA,0,NA,30,2018,NA,NA
"7/1/18",10:56:00,"Flackarp","Ischnura_elegans","Mature",1,NA,0,NA,30,2018,NA,NA
"7/1/18",10:56:00,"Flackarp","Ischnura_elegans","Mature",1,NA,0,NA,30,2018,NA,NA
"7/1/18",10:56:00,"Flackarp","Coenagrion_puella","Mature",1,NA,0,NA,30,2018,NA,NA
"7/1/18",10:56:00,"Flackarp","Ischnura_elegans","Teneral",1,NA,0,NA,30,2018,NA,NA
"7/1/18",10:56:00,"Flackarp","Coenagrion_puella","Mature",1,NA,0,NA,30,2018,NA,NA
"7/1/18",10:56:00,"Flackarp","Ischnura_elegans","Mature",1,NA,0,NA,30,2018,NA,NA
"7/1/18",10:56:00,"Flackarp","Coenagrion_pulchellum","Mature",1,NA,0,NA,30,2018,NA,NA
"7/1/18",10:56:00,"Flackarp","Ischnura_elegans","Teneral",1,NA,0,NA,30,2018,NA,NA
"7/1/18",10:56:00,"Flackarp","Coenagrion_pulchellum","Teneral",1,NA,0,NA,30,2018,NA,NA
"7/1/18",10:56:00,"Flackarp","Lestes_sponsa","Mature",0,NA,0,NA,30,2018,NA,NA
"7/1/18",10:56:00,"Flackarp","Ischnura_elegans","Mature",1,NA,0,NA,30,2018,NA,NA
"7/1/18",10:56:00,"Flackarp","Ischnura_pumilio","Mature",1,NA,0,NA,30,2018,NA,NA
"7/1/18",10:56:00,"Flackarp","Lestes_sponsa","Immature",1,NA,0,NA,30,2018,NA,NA
"7/1/18",10:56:00,"Flackarp","Coenagrion_pulchellum","Mature",1,NA,0,NA,30,2018,NA,NA
"7/1/18",10:56:00,"Flackarp","Lestes_sponsa","Mature",0,NA,0,NA,30,2018,NA,NA
"7/1/18",10:56:00,"Flackarp","Calopteryx_splendens","Mature",1,NA,0,NA,30,2018,NA,NA
"7/1/18",10:56:00,"Flackarp","Calopteryx_splendens","Mature",1,NA,0,NA,30,2018,NA,NA
"7/1/18",10:56:00,"Flackarp","Ischnura_elegans","Mature",1,NA,0,NA,30,2018,NA,NA
"7/1/18",10:56:00,"Flackarp","Ischnura_elegans","Mature",1,NA,0,NA,30,2018,NA,NA
"7/1/18",10:56:00,"Flackarp","Coenagrion_puella","Mature",1,NA,0,NA,30,2018,NA,NA
"7/1/18",10:56:00,"Flackarp","Ischnura_pumilio","Mature",1,NA,0,NA,30,2018,NA,NA
"7/1/18",10:56:00,"Flackarp","Ischnura_elegans","Mature",1,NA,0,NA,30,2018,NA,NA
"7/1/18",10:56:00,"Flackarp","Lestes_sponsa","Mature",1,NA,0,NA,30,2018,NA,NA
"7/1/18",10:56:00,"Flackarp","Ischnura_pumilio","Mature",1,NA,0,NA,30,2018,NA,NA
"7/1/18",10:56:00,"Flackarp","Ischnura_pumilio","Mature",1,NA,0,NA,30,2018,NA,NA
"7/1/18",10:56:00,"Flackarp","Enallagma_cyathigerum","Teneral",1,NA,0,NA,30,2018,NA,NA
"7/1/18",10:56:00,"Flackarp","Ischnura_pumilio","Mature",1,NA,0,NA,30,2018,NA,NA
"7/1/18",10:56:00,"Flackarp","Enallagma_cyathigerum","Immature",1,NA,0,NA,30,2018,NA,NA
"7/23/18",10:53:00,"Flackarp","Ischnura_elegans","Mature",0,NA,0,NA,30,2018,NA,NA
"7/23/18",10:53:00,"Flackarp","Ischnura_elegans","Mature",0,NA,0,NA,30,2018,NA,NA
"7/23/18",10:53:00,"Flackarp","Ischnura_elegans","Mature",0,NA,0,NA,30,2018,NA,NA
"7/23/18",10:53:00,"Flackarp","Enallagma_cyathigerum","Mature",0,NA,0,NA,30,2018,NA,NA
"7/23/18",10:53:00,"Flackarp","Lestes_sponsa","Mature",1,NA,0,NA,30,2018,NA,NA
"7/23/18",10:53:00,"Flackarp","Ischnura_elegans","Mature",0,NA,0,NA,30,2018,NA,NA
"7/23/18",10:53:00,"Flackarp","Enallagma_cyathigerum","Mature",1,NA,0,NA,30,2018,NA,NA
"7/23/18",10:53:00,"Flackarp","Enallagma_cyathigerum","Mature",1,NA,0,NA,30,2018,NA,NA
"7/23/18",10:53:00,"Flackarp","Ischnura_elegans","Mature",1,NA,0,NA,30,2018,NA,NA
"7/23/18",10:53:00,"Flackarp","Ischnura_elegans","Mature",1,NA,0,NA,30,2018,NA,NA
"7/23/18",10:53:00,"Flackarp","Ischnura_elegans","Mature",1,NA,0,NA,30,2018,NA,NA
"7/23/18",10:53:00,"Flackarp","Ischnura_elegans","Mature",1,NA,0,NA,30,2018,NA,NA
"7/23/18",10:53:00,"Flackarp","Ischnura_elegans","Mature",1,NA,0,NA,30,2018,NA,NA
"7/23/18",10:53:00,"Flackarp","Calopteryx_splendens","Immature",1,NA,0,NA,30,2018,NA,NA
"7/23/18",10:53:00,"Flackarp","Calopteryx_splendens","Mature",0,NA,0,NA,30,2018,NA,NA
"7/23/18",10:53:00,"Flackarp","Ischnura_elegans","Mature",1,NA,0,NA,30,2018,NA,NA
"7/23/18",10:53:00,"Flackarp","Ischnura_elegans","Mature",1,NA,0,NA,30,2018,NA,NA
"7/23/18",10:53:00,"Flackarp","Coenagrion_puella","Mature",1,NA,0,NA,30,2018,NA,NA
"7/23/18",10:53:00,"Flackarp","Coenagrion_puella","Mature",1,NA,0,NA,30,2018,NA,NA
"7/23/18",10:53:00,"Flackarp","Ischnura_elegans","Mature",1,NA,0,NA,30,2018,NA,NA
"7/23/18",10:53:00,"Flackarp","Ischnura_elegans","Mature",1,NA,0,NA,30,2018,NA,NA
"5/26/18",10:14:00,"Flyinge_30_A1","Calopteryx_splendens","Mature",1,NA,0,NA,30,2018,NA,NA
"5/26/18",10:14:00,"Flyinge_30_A1","Coenagrion_pulchellum","Mature",1,NA,0,NA,30,2018,NA,NA
"5/26/18",10:14:00,"Flyinge_30_A1","Calopteryx_splendens","Mature",1,NA,0,NA,30,2018,NA,NA
"5/26/18",10:14:00,"Flyinge_30_A1","Coenagrion_pulchellum","Mature",1,NA,0,NA,30,2018,NA,NA
"5/26/18",10:14:00,"Flyinge_30_A1","Coenagrion_pulchellum","Mature",1,NA,0,NA,30,2018,NA,NA
"5/26/18",10:14:00,"Flyinge_30_A1","Coenagrion_pulchellum","Mature",1,NA,0,NA,30,2018,NA,NA
"5/26/18",10:14:00,"Flyinge_30_A1","Coenagrion_pulchellum","Mature",1,NA,0,NA,30,2018,NA,NA
"5/26/18",10:14:00,"Flyinge_30_A1","Coenagrion_pulchellum","Mature",1,NA,0,NA,30,2018,NA,NA
"5/26/18",10:14:00,"Flyinge_30_A1","Coenagrion_pulchellum","Mature",1,NA,0,NA,30,2018,NA,NA
"5/26/18",10:14:00,"Flyinge_30_A1","Coenagrion_pulchellum","Mature",1,NA,0,NA,30,2018,NA,NA
"5/26/18",10:14:00,"Flyinge_30_A1","Coenagrion_pulchellum","Teneral",1,NA,0,NA,30,2018,NA,NA
"5/26/18",10:14:00,"Flyinge_30_A1","Coenagrion_pulchellum","Mature",1,NA,0,NA,30,2018,NA,NA
"5/26/18",10:14:00,"Flyinge_30_A1","Coenagrion_pulchellum","Mature",1,NA,0,NA,30,2018,NA,NA
"5/26/18",10:14:00,"Flyinge_30_A1","Coenagrion_puella","Mature",1,NA,0,NA,30,2018,NA,NA
"5/26/18",10:14:00,"Flyinge_30_A1","Coenagrion_pulchellum","Teneral",1,NA,0,NA,30,2018,NA,NA
"5/26/18",10:14:00,"Flyinge_30_A1","Platycnemis_pennipes","Teneral",1,NA,0,NA,30,2018,NA,NA
"5/26/18",10:14:00,"Flyinge_30_A1","Coenagrion_pulchellum","Immature",1,NA,0,NA,30,2018,NA,NA
"5/26/18",10:14:00,"Flyinge_30_A1","Coenagrion_pulchellum","Teneral",1,NA,0,NA,30,2018,NA,NA
"5/26/18",10:14:00,"Flyinge_30_A1","Coenagrion_pulchellum","Mature",1,NA,0,NA,30,2018,NA,NA
"5/26/18",10:14:00,"Flyinge_30_A1","Coenagrion_pulchellum","Mature",1,NA,0,NA,30,2018,NA,NA
"5/26/18",10:14:00,"Flyinge_30_A1","Erythromma_najas","Mature",1,NA,0,NA,30,2018,NA,NA
"5/26/18",10:14:00,"Flyinge_30_A1","Ischnura_elegans","Immature",1,NA,0,NA,30,2018,NA,NA
"5/26/18",10:14:00,"Flyinge_30_A1","Erythromma_najas","Mature",1,NA,0,NA,30,2018,NA,NA
"5/26/18",10:14:00,"Flyinge_30_A1","Ischnura_elegans","Immature",1,NA,0,NA,30,2018,NA,NA
"5/26/18",10:14:00,"Flyinge_30_A1","Erythromma_najas","Mature",1,NA,0,NA,30,2018,NA,NA
"5/26/18",10:14:00,"Flyinge_30_A1","Coenagrion_pulchellum","Mature",1,NA,0,NA,30,2018,NA,NA
"5/26/18",10:14:00,"Flyinge_30_A1","Erythromma_najas","Mature",1,NA,0,NA,30,2018,NA,NA
"5/26/18",10:14:00,"Flyinge_30_A1","Coenagrion_pulchellum","Immature",1,NA,0,NA,30,2018,NA,NA
"5/26/18",10:14:00,"Flyinge_30_A1","Ischnura_elegans","Teneral",1,NA,0,NA,30,2018,NA,NA
"5/26/18",10:14:00,"Flyinge_30_A1","Coenagrion_pulchellum","Immature",1,NA,0,NA,30,2018,NA,NA
"5/26/18",10:14:00,"Flyinge_30_A1","Platycnemis_pennipes","Teneral",0,NA,0,NA,30,2018,NA,NA
"5/26/18",10:14:00,"Flyinge_30_A1","Coenagrion_pulchellum","Mature",0,NA,0,NA,30,2018,NA,NA
"5/26/18",10:14:00,"Flyinge_30_A1","Platycnemis_pennipes","Teneral",0,NA,0,NA,30,2018,NA,NA
"5/26/18",10:14:00,"Flyinge_30_A1","Coenagrion_pulchellum","Mature",0,NA,0,NA,30,2018,NA,NA
"5/26/18",10:14:00,"Flyinge_30_A1","Calopteryx_splendens","Immature",0,NA,0,NA,30,2018,NA,NA
"5/26/18",10:14:00,"Flyinge_30_A1","Coenagrion_pulchellum","Teneral",0,NA,0,NA,30,2018,NA,NA
"5/26/18",10:14:00,"Flyinge_30_A1","Coenagrion_pulchellum","Immature",0,NA,0,NA,30,2018,NA,NA
"5/26/18",10:14:00,"Flyinge_30_A1","Ischnura_elegans","Mature",0,NA,0,NA,30,2018,NA,NA
"5/26/18",10:14:00,"Flyinge_30_A1","Ischnura_elegans","Immature",0,NA,0,NA,30,2018,NA,NA
"5/26/18",10:14:00,"Flyinge_30_A1","Coenagrion_pulchellum","Mature",0,NA,0,NA,30,2018,NA,NA
"5/26/18",10:14:00,"Flyinge_30_A1","Ischnura_elegans","Immature",0,NA,0,NA,30,2018,NA,NA
"5/26/18",10:14:00,"Flyinge_30_A1","Coenagrion_pulchellum","Immature",0,NA,0,NA,30,2018,NA,NA
"5/26/18",10:14:00,"Flyinge_30_A1","Coenagrion_pulchellum","Immature",0,NA,0,NA,30,2018,NA,NA
"5/26/18",10:14:00,"Flyinge_30_A1","Platycnemis_pennipes","Teneral",0,NA,0,NA,30,2018,NA,NA
"5/26/18",10:14:00,"Flyinge_30_A1","Coenagrion_pulchellum","Teneral",0,NA,0,NA,30,2018,NA,NA
"5/26/18",10:14:00,"Flyinge_30_A1","Coenagrion_pulchellum","Mature",1,NA,1,NA,30,2018,NA,NA
"5/26/18",10:14:00,"Flyinge_30_A1","Coenagrion_pulchellum","Mature",0,NA,1,NA,30,2018,NA,NA
"5/26/18",10:14:00,"Flyinge_30_A1","Coenagrion_pulchellum","Mature",1,NA,1,NA,30,2018,NA,NA
"5/26/18",10:14:00,"Flyinge_30_A1","Coenagrion_pulchellum","Mature",0,NA,1,NA,30,2018,NA,NA
"5/26/18",10:14:00,"Flyinge_30_A1","Coenagrion_pulchellum","Mature",1,NA,1,NA,30,2018,NA,NA
"5/26/18",10:14:00,"Flyinge_30_A1","Coenagrion_pulchellum","Mature",0,NA,1,NA,30,2018,NA,NA
"5/26/18",10:14:00,"Flyinge_30_A1","Brachytron_pratense","Mature",0,NA,1,NA,30,2018,NA,NA
"5/26/18",10:14:00,"Flyinge_30_A1","Brachytron_pratense","Mature",1,NA,1,NA,30,2018,NA,NA
"5/26/18",10:14:00,"Flyinge_30_A1","Brachytron_pratense","Mature",0,NA,0,NA,30,2018,NA,NA
"5/26/18",10:14:00,"Flyinge_30_A1","Brachytron_pratense","Mature",1,NA,0,NA,30,2018,NA,NA
"5/26/18",10:14:00,"Flyinge_30_A1","Calopteryx_splendens","Mature",1,NA,0,NA,30,2018,NA,NA
"6/15/18",11:15:00,"Flyinge_30_A1","Coenagrion_pulchellum","Mature",1,NA,0,NA,30,2018,NA,NA
"6/15/18",11:15:00,"Flyinge_30_A1","Ischnura_elegans","Mature",1,NA,0,NA,30,2018,NA,NA
"6/15/18",11:15:00,"Flyinge_30_A1","Coenagrion_pulchellum","Mature",1,NA,0,NA,30,2018,NA,NA
"6/15/18",11:15:00,"Flyinge_30_A1","Platycnemis_pennipes","Mature",1,NA,0,NA,30,2018,NA,NA
"6/15/18",11:15:00,"Flyinge_30_A1","Platycnemis_pennipes","Mature",1,NA,0,NA,30,2018,NA,NA
"6/15/18",11:15:00,"Flyinge_30_A1","Ischnura_elegans","Mature",1,NA,0,NA,30,2018,NA,NA
"6/15/18",11:15:00,"Flyinge_30_A1","Coenagrion_pulchellum","Mature",1,NA,0,NA,30,2018,NA,NA
"6/15/18",11:15:00,"Flyinge_30_A1","Coenagrion_pulchellum","Mature",1,NA,0,NA,30,2018,NA,NA
"6/15/18",11:15:00,"Flyinge_30_A1","Coenagrion_pulchellum","Mature",1,NA,0,NA,30,2018,NA,NA
"6/15/18",11:15:00,"Flyinge_30_A1","Coenagrion_pulchellum","Mature",1,NA,0,NA,30,2018,NA,NA
"6/15/18",11:15:00,"Flyinge_30_A1","Coenagrion_puella","Mature",1,NA,0,NA,30,2018,NA,NA
"6/15/18",11:15:00,"Flyinge_30_A1","Coenagrion_pulchellum","Mature",1,NA,0,NA,30,2018,NA,NA
"6/15/18",11:15:00,"Flyinge_30_A1","Ischnura_elegans","Mature",0,NA,0,NA,30,2018,NA,NA
"6/15/18",11:15:00,"Flyinge_30_A1","Coenagrion_pulchellum","Mature",0,NA,0,NA,30,2018,NA,NA
"6/15/18",11:15:00,"Flyinge_30_A1","Coenagrion_pulchellum","Mature",1,NA,0,NA,30,2018,NA,NA
"6/15/18",11:15:00,"Flyinge_30_A1","Ischnura_elegans","Mature",1,NA,0,NA,30,2018,NA,NA
"6/15/18",11:15:00,"Flyinge_30_A1","Coenagrion_pulchellum","Mature",1,NA,0,NA,30,2018,NA,NA
"6/15/18",11:15:00,"Flyinge_30_A1","Coenagrion_pulchellum","Mature",1,NA,0,NA,30,2018,NA,NA
"6/15/18",11:15:00,"Flyinge_30_A1","Platycnemis_pennipes","Mature",1,NA,0,NA,30,2018,NA,NA
"6/15/18",11:15:00,"Flyinge_30_A1","Platycnemis_pennipes","Mature",0,NA,0,NA,30,2018,NA,NA
"6/15/18",11:15:00,"Flyinge_30_A1","Ischnura_elegans","Mature",1,NA,0,NA,30,2018,NA,NA
"6/15/18",11:15:00,"Flyinge_30_A1","Enallagma_cyathigerum","Mature",0,NA,0,NA,30,2018,NA,NA
"6/15/18",11:15:00,"Flyinge_30_A1","Ischnura_elegans","Mature",1,NA,0,NA,30,2018,NA,NA
"6/15/18",11:15:00,"Flyinge_30_A1","Ischnura_elegans","Mature",0,NA,0,NA,30,2018,NA,NA
"6/15/18",11:15:00,"Flyinge_30_A1","Ischnura_elegans","Mature",0,NA,0,NA,30,2018,NA,NA
"6/15/18",11:15:00,"Flyinge_30_A1","Platycnemis_pennipes","Mature",0,NA,0,NA,30,2018,NA,NA
"6/15/18",11:15:00,"Flyinge_30_A1","Coenagrion_pulchellum","Mature",1,NA,0,NA,30,2018,NA,NA
"6/15/18",11:15:00,"Flyinge_30_A1","Coenagrion_pulchellum","Mature",0,NA,0,NA,30,2018,NA,NA
"6/15/18",11:15:00,"Flyinge_30_A1","Ischnura_elegans","Mature",1,NA,0,NA,30,2018,NA,NA
"6/15/18",11:15:00,"Flyinge_30_A1","Coenagrion_pulchellum","Teneral",0,NA,0,NA,30,2018,NA,NA
"6/15/18",11:15:00,"Flyinge_30_A1","Coenagrion_pulchellum","Mature",1,NA,0,NA,30,2018,NA,NA
"6/15/18",11:15:00,"Flyinge_30_A1","Coenagrion_pulchellum","Mature",1,NA,0,NA,30,2018,NA,NA
"6/15/18",11:15:00,"Flyinge_30_A1","Ischnura_elegans","Mature",0,NA,0,NA,30,2018,NA,NA
"6/15/18",11:15:00,"Flyinge_30_A1","Ischnura_elegans","Mature",1,NA,0,NA,30,2018,NA,NA
"6/15/18",11:15:00,"Flyinge_30_A1","Ischnura_elegans","Mature",0,NA,0,NA,30,2018,NA,NA
"6/15/18",11:15:00,"Flyinge_30_A1","Ischnura_elegans","Mature",0,NA,0,NA,30,2018,NA,NA
"6/15/18",11:15:00,"Flyinge_30_A1","Ischnura_elegans","Mature",1,NA,0,NA,30,2018,NA,NA
"6/15/18",11:15:00,"Flyinge_30_A1","Ischnura_elegans","Mature",0,NA,0,NA,30,2018,NA,NA
"6/15/18",11:15:00,"Flyinge_30_A1","Ischnura_elegans","Mature",0,NA,0,NA,30,2018,NA,NA
"6/15/18",11:15:00,"Flyinge_30_A1","Coenagrion_pulchellum","Mature",1,NA,0,NA,30,2018,NA,NA
"6/15/18",11:15:00,"Flyinge_30_A1","Coenagrion_pulchellum","Mature",1,NA,0,NA,30,2018,NA,NA
"6/15/18",11:15:00,"Flyinge_30_A1","Coenagrion_pulchellum","Mature",1,NA,0,NA,30,2018,NA,NA
"6/15/18",11:15:00,"Flyinge_30_A1","Anax_imperator","Mature",1,NA,0,NA,30,2018,NA,NA
"6/15/18",11:15:00,"Flyinge_30_A1","Calopteryx_splendens","Mature",1,NA,0,NA,30,2018,NA,NA
"6/15/18",11:15:00,"Flyinge_30_A1","Coenagrion_pulchellum","Mature",1,NA,0,NA,30,2018,NA,NA
"6/15/18",11:15:00,"Flyinge_30_A1","Calopteryx_splendens","Mature",1,NA,0,NA,30,2018,NA,NA
"6/15/18",11:15:00,"Flyinge_30_A1","Calopteryx_splendens","Mature",1,NA,0,NA,30,2018,NA,NA
"6/15/18",11:15:00,"Flyinge_30_A1","Platycnemis_pennipes","Mature",1,NA,0,NA,30,2018,NA,NA
"6/15/18",11:15:00,"Flyinge_30_A1","Coenagrion_puella","Mature",1,NA,0,NA,30,2018,NA,NA
"6/15/18",11:15:00,"Flyinge_30_A1","Calopteryx_splendens","Mature",1,NA,0,NA,30,2018,NA,NA
"6/15/18",11:15:00,"Flyinge_30_A1","Calopteryx_splendens","Mature",1,NA,0,NA,30,2018,NA,NA
"6/15/18",11:15:00,"Flyinge_30_A1","Coenagrion_pulchellum","Mature",1,NA,0,NA,30,2018,NA,NA
"6/15/18",11:15:00,"Flyinge_30_A1","Ischnura_elegans","Mature",1,NA,0,NA,30,2018,NA,NA
"6/15/18",11:15:00,"Flyinge_30_A1","Ischnura_elegans","Mature",1,NA,0,NA,30,2018,NA,NA
"6/15/18",11:15:00,"Flyinge_30_A1","Coenagrion_pulchellum","Mature",1,NA,0,NA,30,2018,NA,NA
"6/15/18",11:15:00,"Flyinge_30_A1","Platycnemis_pennipes","Mature",1,NA,0,NA,30,2018,NA,NA
"6/15/18",11:15:00,"Flyinge_30_A1","Coenagrion_pulchellum","Mature",1,NA,0,NA,30,2018,NA,NA
"6/15/18",11:15:00,"Flyinge_30_A1","Coenagrion_pulchellum","Mature",1,NA,0,NA,30,2018,NA,NA
"6/15/18",11:15:00,"Flyinge_30_A1","Coenagrion_pulchellum","Mature",1,NA,0,NA,30,2018,NA,NA
"6/15/18",11:15:00,"Flyinge_30_A1","Platycnemis_pennipes","Mature",1,NA,0,NA,30,2018,NA,NA
"6/15/18",11:15:00,"Flyinge_30_A1","Coenagrion_pulchellum","Mature",1,NA,0,NA,30,2018,NA,NA
"6/15/18",11:15:00,"Flyinge_30_A1","Coenagrion_pulchellum","Mature",1,NA,0,NA,30,2018,NA,NA
"6/15/18",11:15:00,"Flyinge_30_A1","Coenagrion_pulchellum","Mature",1,NA,0,NA,30,2018,NA,NA
"6/15/18",11:15:00,"Flyinge_30_A1","Platycnemis_pennipes","Mature",1,NA,0,NA,30,2018,NA,NA
"6/15/18",11:15:00,"Flyinge_30_A1","Ischnura_elegans","Mature",1,NA,0,NA,30,2018,NA,NA
"6/15/18",11:15:00,"Flyinge_30_A1","Ischnura_elegans","Mature",1,NA,0,NA,30,2018,NA,NA
"6/15/18",11:15:00,"Flyinge_30_A1","Coenagrion_pulchellum","Mature",1,NA,0,NA,30,2018,NA,NA
"6/15/18",11:15:00,"Flyinge_30_A1","Coenagrion_pulchellum","Mature",1,NA,0,NA,30,2018,NA,NA
"6/15/18",11:15:00,"Flyinge_30_A1","Ischnura_elegans","Mature",1,NA,0,NA,30,2018,NA,NA
"6/15/18",11:15:00,"Flyinge_30_A1","Coenagrion_pulchellum","Mature",1,NA,0,NA,30,2018,NA,NA
"6/15/18",11:15:00,"Flyinge_30_A1","Platycnemis_pennipes","Mature",1,NA,0,NA,30,2018,NA,NA
"6/15/18",11:15:00,"Flyinge_30_A1","Coenagrion_pulchellum","Mature",1,NA,0,NA,30,2018,NA,NA
"6/15/18",11:15:00,"Flyinge_30_A1","Ischnura_elegans","Mature",1,NA,0,NA,30,2018,NA,NA
"6/15/18",11:15:00,"Flyinge_30_A1","Coenagrion_pulchellum","Mature",1,NA,0,NA,30,2018,NA,NA
"6/15/18",11:15:00,"Flyinge_30_A1","Coenagrion_pulchellum","Mature",1,NA,0,NA,30,2018,NA,NA
"6/15/18",11:15:00,"Flyinge_30_A1","Coenagrion_pulchellum","Mature",1,NA,0,NA,30,2018,NA,NA
"6/15/18",11:15:00,"Flyinge_30_A1","Coenagrion_puella","Mature",1,NA,0,NA,30,2018,NA,NA
"6/15/18",11:15:00,"Flyinge_30_A1","Ischnura_elegans","Mature",0,NA,0,NA,30,2018,NA,NA
"6/15/18",11:15:00,"Flyinge_30_A1","Coenagrion_pulchellum","Mature",1,NA,0,NA,30,2018,NA,NA
"6/15/18",11:15:00,"Flyinge_30_A1","Coenagrion_pulchellum","Mature",1,NA,0,NA,30,2018,NA,NA
"6/15/18",11:15:00,"Flyinge_30_A1","Platycnemis_pennipes","Mature",1,NA,1,NA,30,2018,NA,NA
"6/15/18",11:15:00,"Flyinge_30_A1","Platycnemis_pennipes","Mature",0,NA,1,NA,30,2018,NA,NA
"6/15/18",11:15:00,"Flyinge_30_A1","Coenagrion_pulchellum","Mature",1,NA,0,NA,30,2018,NA,NA
"6/15/18",11:15:00,"Flyinge_30_A1","Coenagrion_pulchellum","Mature",1,NA,1,NA,30,2018,NA,NA
"6/15/18",11:15:00,"Flyinge_30_A1","Coenagrion_pulchellum","Mature",0,NA,1,NA,30,2018,NA,NA
"6/15/18",11:15:00,"Flyinge_30_A1","Coenagrion_pulchellum","Mature",1,NA,0,NA,30,2018,NA,NA
"6/15/18",11:15:00,"Flyinge_30_A1","Ischnura_elegans","Mature",1,NA,1,NA,30,2018,NA,NA
"6/15/18",11:15:00,"Flyinge_30_A1","Ischnura_elegans","Mature",0,NA,1,NA,30,2018,NA,NA
"6/15/18",11:15:00,"Flyinge_30_A1","Coenagrion_pulchellum","Mature",1,NA,1,NA,30,2018,NA,NA
"6/15/18",11:15:00,"Flyinge_30_A1","Coenagrion_pulchellum","Mature",0,NA,1,NA,30,2018,NA,NA
"6/15/18",11:15:00,"Flyinge_30_A1","Coenagrion_pulchellum","Mature",1,NA,0,NA,30,2018,NA,NA
"6/15/18",11:15:00,"Flyinge_30_A1","Platycnemis_pennipes","Mature",1,NA,1,NA,30,2018,NA,NA
"6/15/18",11:15:00,"Flyinge_30_A1","Platycnemis_pennipes","Mature",0,NA,1,NA,30,2018,NA,NA
"6/15/18",11:15:00,"Flyinge_30_A1","Ischnura_elegans","Mature",1,NA,0,NA,30,2018,NA,NA
"6/15/18",11:15:00,"Flyinge_30_A1","Coenagrion_pulchellum","Mature",1,NA,0,NA,30,2018,NA,NA
"6/15/18",11:15:00,"Flyinge_30_A1","Ischnura_elegans","Mature",0,NA,1,NA,30,2018,NA,NA
"6/15/18",11:15:00,"Flyinge_30_A1","Ischnura_elegans","Mature",1,NA,1,NA,30,2018,NA,NA
"7/4/18",11:33:00,"Flyinge_30_A1","Coenagrion_pulchellum","Mature",1,NA,0,NA,30,2018,NA,NA
"7/4/18",11:33:00,"Flyinge_30_A1","Anax_imperator","Mature",1,NA,0,NA,30,2018,NA,NA
"7/4/18",11:33:00,"Flyinge_30_A1","Calopteryx_splendens","Mature",1,NA,0,NA,30,2018,NA,NA
"7/4/18",11:33:00,"Flyinge_30_A1","Calopteryx_splendens","Mature",1,NA,0,NA,30,2018,NA,NA
"7/4/18",11:33:00,"Flyinge_30_A1","Calopteryx_splendens","Mature",1,NA,0,NA,30,2018,NA,NA
"7/4/18",11:33:00,"Flyinge_30_A1","Calopteryx_splendens","Mature",1,NA,0,NA,30,2018,NA,NA
"7/4/18",11:33:00,"Flyinge_30_A1","Calopteryx_splendens","Teneral",0,NA,0,NA,30,2018,NA,NA
"7/4/18",11:33:00,"Flyinge_30_A1","Ischnura_elegans","Mature",1,NA,0,NA,30,2018,NA,NA
"7/4/18",11:33:00,"Flyinge_30_A1","Coenagrion_pulchellum","Mature",1,NA,0,NA,30,2018,NA,NA
"7/4/18",11:33:00,"Flyinge_30_A1","Ischnura_elegans","Immature",1,NA,0,NA,30,2018,NA,NA
"7/4/18",11:33:00,"Flyinge_30_A1","Platycnemis_pennipes","Mature",0,NA,1,NA,30,2018,NA,NA
"7/4/18",11:33:00,"Flyinge_30_A1","Platycnemis_pennipes","Mature",1,NA,1,NA,30,2018,NA,NA
"7/16/18",15:20:00,"Flyinge_30_A1","Sympetrum_sanguineum","Mature",1,NA,0,NA,30,2018,NA,NA
"7/16/18",15:20:00,"Flyinge_30_A1","Sympetrum_sanguineum","Mature",1,NA,0,NA,30,2018,NA,NA
"7/17/18",15:20:00,"Flyinge_30_A1","Anax_imperator","Mature",1,NA,0,NA,30,2018,NA,NA
"7/17/18",15:20:00,"Flyinge_30_A1","Aeshna_isoceles","Mature",1,NA,0,NA,30,2018,NA,NA
"5/26/18",10:14:00,"Flyinge_30_A3","Coenagrion_pulchellum","Mature",1,NA,0,NA,30,2018,NA,NA
"5/26/18",11:13:00,"Flyinge_30_A3","Brachytron_pratense","Mature",1,NA,1,NA,30,2018,NA,NA
"5/26/18",11:13:00,"Flyinge_30_A3","Brachytron_pratense","Mature",0,NA,1,NA,30,2018,NA,NA
"5/26/18",11:13:00,"Flyinge_30_A3","Brachytron_pratense","Mature",1,NA,0,NA,30,2018,NA,NA
"5/26/18",11:13:00,"Flyinge_30_A3","Brachytron_pratense","Mature",1,NA,0,NA,30,2018,NA,NA
"5/26/18",11:13:00,"Flyinge_30_A3","Brachytron_pratense","Mature",1,NA,0,NA,30,2018,NA,NA
"5/26/18",11:13:00,"Flyinge_30_A3","Brachytron_pratense","Mature",1,NA,0,NA,30,2018,NA,NA
"5/26/18",11:13:00,"Flyinge_30_A3","Calopteryx_splendens","Mature",1,NA,0,NA,30,2018,NA,NA
"5/26/18",11:13:00,"Flyinge_30_A3","Calopteryx_splendens","Mature",1,NA,0,NA,30,2018,NA,NA
"5/26/18",11:13:00,"Flyinge_30_A3","Calopteryx_splendens","Mature",1,NA,0,NA,30,2018,NA,NA
"5/26/18",11:13:00,"Flyinge_30_A3","Calopteryx_splendens","Mature",1,NA,0,NA,30,2018,NA,NA
"5/26/18",10:14:00,"Flyinge_30_A3","Coenagrion_pulchellum","Mature",1,NA,0,NA,30,2018,NA,NA
"5/26/18",11:13:00,"Flyinge_30_A3","Ischnura_elegans","Teneral",1,NA,0,NA,30,2018,NA,NA
"5/26/18",11:13:00,"Flyinge_30_A3","Enallagma_cyathigerum","Mature",1,NA,0,NA,30,2018,NA,NA
"5/26/18",11:13:00,"Flyinge_30_A3","Ischnura_elegans","Immature",1,NA,0,NA,30,2018,NA,NA
"5/26/18",11:13:00,"Flyinge_30_A3","Coenagrion_pulchellum","Immature",1,NA,0,NA,30,2018,NA,NA
"5/26/18",11:13:00,"Flyinge_30_A3","Ischnura_elegans","Mature",1,NA,0,NA,30,2018,NA,NA
"5/26/18",11:13:00,"Flyinge_30_A3","Erythromma_najas","Mature",1,NA,0,NA,30,2018,NA,NA
"5/26/18",11:13:00,"Flyinge_30_A3","Coenagrion_pulchellum","Immature",1,NA,0,NA,30,2018,NA,NA
"5/26/18",11:13:00,"Flyinge_30_A3","Coenagrion_pulchellum","Mature",1,NA,0,NA,30,2018,NA,NA
"5/26/18",11:13:00,"Flyinge_30_A3","Enallagma_cyathigerum","Mature",1,NA,0,NA,30,2018,NA,NA
"5/26/18",11:13:00,"Flyinge_30_A3","Ischnura_elegans","Mature",1,NA,0,NA,30,2018,NA,NA
"5/26/18",11:13:00,"Flyinge_30_A3","Ischnura_elegans","Immature",1,NA,0,NA,30,2018,NA,NA
"5/26/18",11:13:00,"Flyinge_30_A3","Coenagrion_pulchellum","Mature",1,NA,0,NA,30,2018,NA,NA
"5/26/18",11:13:00,"Flyinge_30_A3","Coenagrion_pulchellum","Mature",1,NA,0,NA,30,2018,NA,NA
"5/26/18",11:13:00,"Flyinge_30_A3","Ischnura_elegans","Immature",1,NA,0,NA,30,2018,NA,NA
"5/26/18",11:13:00,"Flyinge_30_A3","Ischnura_elegans","Mature",1,NA,0,NA,30,2018,NA,NA
"5/26/18",11:13:00,"Flyinge_30_A3","Coenagrion_pulchellum","Immature",1,NA,0,NA,30,2018,NA,NA
"5/26/18",11:13:00,"Flyinge_30_A3","Coenagrion_pulchellum","Mature",1,NA,0,NA,30,2018,NA,NA
"5/26/18",11:13:00,"Flyinge_30_A3","Ischnura_elegans","Teneral",1,NA,0,NA,30,2018,NA,NA
"5/26/18",11:13:00,"Flyinge_30_A3","Ischnura_elegans","Immature",1,NA,0,NA,30,2018,NA,NA
"5/26/18",11:13:00,"Flyinge_30_A3","Aeshna_isoceles","Mature",1,NA,0,NA,30,2018,NA,NA
"5/26/18",11:13:00,"Flyinge_30_A3","Coenagrion_pulchellum","Mature",1,NA,0,NA,30,2018,NA,NA
"5/26/18",11:13:00,"Flyinge_30_A3","Coenagrion_pulchellum","Immature",1,NA,0,NA,30,2018,NA,NA
"5/26/18",11:13:00,"Flyinge_30_A3","Enallagma_cyathigerum","Mature",1,NA,0,NA,30,2018,NA,NA
"5/26/18",11:13:00,"Flyinge_30_A3","Coenagrion_pulchellum","Mature",1,NA,0,NA,30,2018,NA,NA
"5/26/18",11:13:00,"Flyinge_30_A3","Ischnura_elegans","Mature",0,NA,0,NA,30,2018,NA,NA
"5/26/18",11:13:00,"Flyinge_30_A3","Coenagrion_pulchellum","Mature",1,NA,0,NA,30,2018,NA,NA
"5/26/18",11:13:00,"Flyinge_30_A3","Coenagrion_pulchellum","Mature",1,NA,0,NA,30,2018,NA,NA
"5/26/18",11:13:00,"Flyinge_30_A3","Ischnura_elegans","Mature",1,NA,0,NA,30,2018,NA,NA
"5/26/18",11:13:00,"Flyinge_30_A3","Coenagrion_pulchellum","Mature",0,NA,0,NA,30,2018,NA,NA
"5/26/18",11:13:00,"Flyinge_30_A3","Platycnemis_pennipes","Mature",0,NA,0,NA,30,2018,NA,NA
"5/26/18",11:13:00,"Flyinge_30_A3","Ischnura_elegans","Immature",0,NA,0,NA,30,2018,NA,NA
"5/26/18",11:13:00,"Flyinge_30_A3","Ischnura_elegans","Mature",0,NA,0,NA,30,2018,NA,NA
"5/26/18",11:13:00,"Flyinge_30_A3","Coenagrion_pulchellum","Immature",0,NA,0,NA,30,2018,NA,NA
"5/26/18",11:13:00,"Flyinge_30_A3","Ischnura_elegans","Mature",0,NA,1,NA,30,2018,NA,NA
"5/26/18",11:13:00,"Flyinge_30_A3","Ischnura_elegans","Mature",1,NA,1,NA,30,2018,NA,NA
"5/26/18",11:13:00,"Flyinge_30_A3","Ischnura_elegans","Mature",0,NA,1,NA,30,2018,NA,NA
"5/26/18",11:13:00,"Flyinge_30_A3","Ischnura_elegans","Mature",0,NA,1,NA,30,2018,NA,NA
"5/26/18",11:13:00,"Flyinge_30_A3","Coenagrion_pulchellum","Mature",0,NA,1,NA,30,2018,NA,NA
"5/26/18",11:13:00,"Flyinge_30_A3","Coenagrion_pulchellum","Mature",1,NA,1,NA,30,2018,NA,NA
"5/26/18",11:13:00,"Flyinge_30_A3","Pyrrhosoma_nymphula","Mature",1,NA,0,NA,30,2018,NA,NA
"5/26/18",11:13:00,"Flyinge_30_A3","Coenagrion_pulchellum","Mature",0,NA,1,NA,30,2018,NA,NA
"5/26/18",11:13:00,"Flyinge_30_A3","Coenagrion_pulchellum","Mature",1,NA,1,NA,30,2018,NA,NA
"6/15/18",11:45:00,"Flyinge_30_A3","Coenagrion_pulchellum","Mature",1,NA,0,NA,30,2018,NA,NA
"6/15/18",11:45:00,"Flyinge_30_A3","Calopteryx_splendens","Mature",0,NA,0,NA,30,2018,NA,NA
"6/15/18",11:45:00,"Flyinge_30_A3","Calopteryx_splendens","Mature",0,NA,0,NA,30,2018,NA,NA
"6/15/18",11:45:00,"Flyinge_30_A3","Calopteryx_splendens","Mature",0,NA,0,NA,30,2018,NA,NA
"6/15/18",11:45:00,"Flyinge_30_A3","Calopteryx_splendens","Mature",0,NA,0,NA,30,2018,NA,NA
"6/15/18",11:45:00,"Flyinge_30_A3","Calopteryx_splendens","Mature",1,NA,0,NA,30,2018,NA,NA
"6/15/18",11:45:00,"Flyinge_30_A3","Calopteryx_splendens","Mature",1,NA,0,NA,30,2018,NA,NA
"6/15/18",11:45:00,"Flyinge_30_A3","Ischnura_elegans","Mature",1,NA,0,NA,30,2018,NA,NA
"6/15/18",11:45:00,"Flyinge_30_A3","Coenagrion_pulchellum","Mature",1,NA,0,NA,30,2018,NA,NA
"6/15/18",11:45:00,"Flyinge_30_A3","Platycnemis_pennipes","Mature",1,NA,0,NA,30,2018,NA,NA
"6/15/18",11:45:00,"Flyinge_30_A3","Coenagrion_pulchellum","Mature",1,NA,0,NA,30,2018,NA,NA
"6/15/18",11:45:00,"Flyinge_30_A3","Coenagrion_pulchellum","Mature",1,NA,0,NA,30,2018,NA,NA
"6/15/18",11:45:00,"Flyinge_30_A3","Ischnura_elegans","Mature",1,NA,0,NA,30,2018,NA,NA
"6/15/18",11:45:00,"Flyinge_30_A3","Coenagrion_pulchellum","Mature",0,NA,0,NA,30,2018,NA,NA
"6/15/18",11:45:00,"Flyinge_30_A3","Ischnura_elegans","Mature",0,NA,0,NA,30,2018,NA,NA
"6/15/18",11:45:00,"Flyinge_30_A3","Enallagma_cyathigerum","Mature",0,NA,0,NA,30,2018,NA,NA
"6/15/18",11:45:00,"Flyinge_30_A3","Coenagrion_pulchellum","Mature",1,NA,0,NA,30,2018,NA,NA
"6/15/18",11:45:00,"Flyinge_30_A3","Coenagrion_puella","Mature",1,NA,0,NA,30,2018,NA,NA
"6/15/18",11:45:00,"Flyinge_30_A3","Coenagrion_pulchellum","Mature",1,NA,0,NA,30,2018,NA,NA
"6/15/18",11:45:00,"Flyinge_30_A3","Ischnura_elegans","Mature",1,NA,0,NA,30,2018,NA,NA
"6/15/18",11:45:00,"Flyinge_30_A3","Enallagma_cyathigerum","Mature",1,NA,0,NA,30,2018,NA,NA
"6/15/18",11:45:00,"Flyinge_30_A3","Coenagrion_pulchellum","Mature",1,NA,0,NA,30,2018,NA,NA
"6/15/18",11:45:00,"Flyinge_30_A3","Coenagrion_pulchellum","Mature",1,NA,0,NA,30,2018,NA,NA
"6/15/18",11:45:00,"Flyinge_30_A3","Coenagrion_pulchellum","Mature",0,NA,0,NA,30,2018,NA,NA
"6/15/18",11:45:00,"Flyinge_30_A3","Ischnura_elegans","Mature",0,NA,0,NA,30,2018,NA,NA
"6/15/18",11:45:00,"Flyinge_30_A3","Coenagrion_pulchellum","Mature",1,NA,0,NA,30,2018,NA,NA
"6/15/18",11:45:00,"Flyinge_30_A3","Coenagrion_pulchellum","Mature",1,NA,0,NA,30,2018,NA,NA
"6/15/18",11:45:00,"Flyinge_30_A3","Coenagrion_pulchellum","Mature",1,NA,0,NA,30,2018,NA,NA
"6/15/18",11:45:00,"Flyinge_30_A3","Ischnura_elegans","Mature",1,NA,0,NA,30,2018,NA,NA
"6/15/18",11:45:00,"Flyinge_30_A3","Platycnemis_pennipes","Mature",0,NA,0,NA,30,2018,NA,NA
"6/15/18",11:45:00,"Flyinge_30_A3","Coenagrion_pulchellum","Mature",1,NA,0,NA,30,2018,NA,NA
"6/15/18",11:45:00,"Flyinge_30_A3","Coenagrion_pulchellum","Mature",1,NA,0,NA,30,2018,NA,NA
"6/15/18",11:45:00,"Flyinge_30_A3","Coenagrion_pulchellum","Mature",1,NA,0,NA,30,2018,NA,NA
"6/15/18",11:45:00,"Flyinge_30_A3","Coenagrion_pulchellum","Mature",1,NA,0,NA,30,2018,NA,NA
"6/15/18",11:45:00,"Flyinge_30_A3","Ischnura_elegans","Mature",1,NA,0,NA,30,2018,NA,NA
"6/15/18",11:45:00,"Flyinge_30_A3","Ischnura_elegans","Mature",1,NA,0,NA,30,2018,NA,NA
"6/15/18",11:45:00,"Flyinge_30_A3","Coenagrion_pulchellum","Mature",1,NA,0,NA,30,2018,NA,NA
"6/15/18",11:45:00,"Flyinge_30_A3","Coenagrion_pulchellum","Mature",0,NA,0,NA,30,2018,NA,NA
"6/15/18",11:45:00,"Flyinge_30_A3","Ischnura_elegans","Mature",1,NA,0,NA,30,2018,NA,NA
"6/15/18",11:45:00,"Flyinge_30_A3","Coenagrion_pulchellum","Mature",1,NA,0,NA,30,2018,NA,NA
"6/15/18",11:45:00,"Flyinge_30_A3","Coenagrion_pulchellum","Mature",1,NA,0,NA,30,2018,NA,NA
"6/15/18",11:45:00,"Flyinge_30_A3","Enallagma_cyathigerum","Mature",0,NA,0,NA,30,2018,NA,NA
"6/15/18",11:45:00,"Flyinge_30_A3","Ischnura_elegans","Mature",1,NA,0,NA,30,2018,NA,NA
"6/15/18",11:45:00,"Flyinge_30_A3","Coenagrion_pulchellum","Mature",1,NA,0,NA,30,2018,NA,NA
"6/15/18",11:45:00,"Flyinge_30_A3","Ischnura_elegans","Mature",1,NA,0,NA,30,2018,NA,NA
"6/15/18",11:45:00,"Flyinge_30_A3","Coenagrion_pulchellum","Mature",1,NA,1,NA,30,2018,NA,NA
"6/15/18",11:45:00,"Flyinge_30_A3","Coenagrion_pulchellum","Mature",0,NA,1,NA,30,2018,NA,NA
"6/15/18",11:45:00,"Flyinge_30_A3","Coenagrion_pulchellum","Mature",1,NA,0,NA,30,2018,NA,NA
"6/15/18",11:45:00,"Flyinge_30_A3","Enallagma_cyathigerum","Mature",1,NA,0,NA,30,2018,NA,NA
"6/15/18",11:45:00,"Flyinge_30_A3","Ischnura_elegans","Mature",1,NA,1,NA,30,2018,NA,NA
"6/15/18",11:45:00,"Flyinge_30_A3","Ischnura_elegans","Mature",0,NA,1,NA,30,2018,NA,NA
"6/15/18",11:45:00,"Flyinge_30_A3","Coenagrion_pulchellum","Mature",1,NA,1,NA,30,2018,NA,NA
"6/15/18",11:45:00,"Flyinge_30_A3","Coenagrion_pulchellum","Mature",0,NA,1,NA,30,2018,NA,NA
"6/15/18",11:45:00,"Flyinge_30_A3","Coenagrion_pulchellum","Mature",1,NA,1,NA,30,2018,NA,NA
"6/15/18",11:45:00,"Flyinge_30_A3","Coenagrion_pulchellum","Mature",0,NA,1,NA,30,2018,NA,NA
"6/15/18",11:45:00,"Flyinge_30_A3","Coenagrion_pulchellum","Mature",1,NA,0,NA,30,2018,NA,NA
"6/15/18",11:45:00,"Flyinge_30_A3","Coenagrion_pulchellum","Mature",1,NA,1,NA,30,2018,NA,NA
"6/15/18",11:45:00,"Flyinge_30_A3","Coenagrion_pulchellum","Mature",0,NA,1,NA,30,2018,NA,NA
"6/15/18",11:45:00,"Flyinge_30_A3","Ischnura_elegans","Mature",1,NA,0,NA,30,2018,NA,NA
"6/15/18",11:45:00,"Flyinge_30_A3","Ischnura_elegans","Mature",1,NA,0,NA,30,2018,NA,NA
"6/15/18",11:45:00,"Flyinge_30_A3","Coenagrion_pulchellum","Mature",0,NA,0,NA,30,2018,NA,NA
"6/15/18",11:45:00,"Flyinge_30_A3","Coenagrion_puella","Mature",0,NA,0,NA,30,2018,NA,NA
"6/15/18",11:45:00,"Flyinge_30_A3","Ischnura_elegans","Mature",0,NA,0,NA,30,2018,NA,NA
"6/15/18",11:45:00,"Flyinge_30_A3","Ischnura_elegans","Mature",0,NA,0,NA,30,2018,NA,NA
"6/15/18",11:45:00,"Flyinge_30_A3","Ischnura_elegans","Mature",0,NA,0,NA,30,2018,NA,NA
"6/15/18",11:45:00,"Flyinge_30_A3","Ischnura_elegans","Mature",1,NA,0,NA,30,2018,NA,NA
"6/15/18",11:45:00,"Flyinge_30_A3","Coenagrion_pulchellum","Mature",0,NA,0,NA,30,2018,NA,NA
"6/15/18",11:45:00,"Flyinge_30_A3","Ischnura_elegans","Mature",1,NA,0,NA,30,2018,NA,NA
"6/15/18",11:45:00,"Flyinge_30_A3","Ischnura_elegans","Immature",0,NA,0,NA,30,2018,NA,NA
"6/15/18",11:45:00,"Flyinge_30_A3","Coenagrion_pulchellum","Mature",1,NA,0,NA,30,2018,NA,NA
"6/15/18",11:45:00,"Flyinge_30_A3","Coenagrion_pulchellum","Mature",1,NA,0,NA,30,2018,NA,NA
"6/15/18",11:45:00,"Flyinge_30_A3","Ischnura_elegans","Teneral",0,NA,0,NA,30,2018,NA,NA
"6/15/18",11:45:00,"Flyinge_30_A3","Ischnura_elegans","Mature",1,NA,0,NA,30,2018,NA,NA
"6/15/18",11:45:00,"Flyinge_30_A3","Ischnura_elegans","Mature",1,NA,0,NA,30,2018,NA,NA
"6/15/18",11:45:00,"Flyinge_30_A3","Coenagrion_pulchellum","Mature",0,NA,0,NA,30,2018,NA,NA
"6/15/18",11:45:00,"Flyinge_30_A3","Ischnura_elegans","Immature",0,NA,0,NA,30,2018,NA,NA
"6/15/18",11:45:00,"Flyinge_30_A3","Coenagrion_pulchellum","Mature",1,NA,0,NA,30,2018,NA,NA
"6/15/18",11:45:00,"Flyinge_30_A3","Ischnura_elegans","Mature",0,NA,0,NA,30,2018,NA,NA
"6/15/18",11:45:00,"Flyinge_30_A3","Coenagrion_pulchellum","Mature",1,NA,0,NA,30,2018,NA,NA
"6/15/18",11:45:00,"Flyinge_30_A3","Coenagrion_pulchellum","Mature",1,NA,0,NA,30,2018,NA,NA
"6/15/18",11:45:00,"Flyinge_30_A3","Ischnura_elegans","Immature",1,NA,0,NA,30,2018,NA,NA
"6/15/18",11:45:00,"Flyinge_30_A3","Ischnura_elegans","Mature",1,NA,0,NA,30,2018,NA,NA
"6/15/18",11:45:00,"Flyinge_30_A3","Coenagrion_pulchellum","Teneral",1,NA,0,NA,30,2018,NA,NA
"6/15/18",11:45:00,"Flyinge_30_A3","Ischnura_elegans","Mature",1,NA,0,NA,30,2018,NA,NA
"6/15/18",11:45:00,"Flyinge_30_A3","Ischnura_elegans","Mature",1,NA,0,NA,30,2018,NA,NA
"6/15/18",11:45:00,"Flyinge_30_A3","Coenagrion_pulchellum","Mature",1,NA,0,NA,30,2018,NA,NA
"6/15/18",11:45:00,"Flyinge_30_A3","Coenagrion_pulchellum","Mature",1,NA,0,NA,30,2018,NA,NA
"6/15/18",11:45:00,"Flyinge_30_A3","Ischnura_elegans","Mature",1,NA,0,NA,30,2018,NA,NA
"6/15/18",11:45:00,"Flyinge_30_A3","Coenagrion_pulchellum","Mature",1,NA,0,NA,30,2018,NA,NA
"6/15/18",11:45:00,"Flyinge_30_A3","Coenagrion_pulchellum","Mature",0,NA,0,NA,30,2018,NA,NA
"6/15/18",11:45:00,"Flyinge_30_A3","Coenagrion_pulchellum","Mature",0,NA,1,NA,30,2018,NA,NA
"6/15/18",11:45:00,"Flyinge_30_A3","Coenagrion_puella","Mature",1,NA,1,NA,30,2018,NA,NA
"6/15/18",11:45:00,"Flyinge_30_A3","Coenagrion_puella","Mature",0,NA,1,NA,30,2018,NA,NA
"7/4/18",10:51:00,"Flyinge_30_A3","Anax_imperator","Mature",1,NA,0,NA,30,2018,NA,NA
"7/4/18",10:51:00,"Flyinge_30_A3","Enallagma_cyathigerum","Mature",1,NA,0,NA,30,2018,NA,NA
"7/4/18",10:51:00,"Flyinge_30_A3","Aeshna_grandis","Mature",1,NA,0,NA,30,2018,NA,NA
"7/4/18",10:51:00,"Flyinge_30_A3","Ischnura_elegans","Mature",1,NA,0,NA,30,2018,NA,NA
"7/4/18",10:51:00,"Flyinge_30_A3","Coenagrion_pulchellum","Mature",1,NA,0,NA,30,2018,NA,NA
"7/4/18",10:51:00,"Flyinge_30_A3","Enallagma_cyathigerum","Mature",1,NA,0,NA,30,2018,NA,NA
"7/4/18",10:51:00,"Flyinge_30_A3","Ischnura_elegans","Mature",1,NA,0,NA,30,2018,NA,NA
"7/4/18",10:51:00,"Flyinge_30_A3","Ischnura_elegans","Mature",1,NA,0,NA,30,2018,NA,NA
"7/4/18",10:51:00,"Flyinge_30_A3","Ischnura_elegans","Mature",1,NA,0,NA,30,2018,NA,NA
"7/4/18",10:51:00,"Flyinge_30_A3","Ischnura_elegans","Mature",1,NA,0,NA,30,2018,NA,NA
"7/4/18",10:51:00,"Flyinge_30_A3","Coenagrion_pulchellum","Mature",1,NA,0,NA,30,2018,NA,NA
"7/4/18",10:51:00,"Flyinge_30_A3","Ischnura_elegans","Mature",1,NA,0,NA,30,2018,NA,NA
"7/4/18",10:51:00,"Flyinge_30_A3","Coenagrion_pulchellum","Mature",1,NA,0,NA,30,2018,NA,NA
"7/4/18",10:51:00,"Flyinge_30_A3","Coenagrion_pulchellum","Mature",1,NA,0,NA,30,2018,NA,NA
"7/4/18",10:51:00,"Flyinge_30_A3","Ischnura_elegans","Mature",1,NA,0,NA,30,2018,NA,NA
"7/4/18",10:51:00,"Flyinge_30_A3","Enallagma_cyathigerum","Mature",0,NA,0,NA,30,2018,NA,NA
"7/4/18",10:51:00,"Flyinge_30_A3","Ischnura_elegans","Mature",0,NA,0,NA,30,2018,NA,NA
"7/4/18",10:51:00,"Flyinge_30_A3","Coenagrion_pulchellum","Immature",0,NA,0,NA,30,2018,NA,NA
"7/4/18",10:51:00,"Flyinge_30_A3","Enallagma_cyathigerum","Mature",1,NA,0,NA,30,2018,NA,NA
"7/4/18",10:51:00,"Flyinge_30_A3","Ischnura_elegans","Teneral",0,NA,0,NA,30,2018,NA,NA
"7/4/18",10:51:00,"Flyinge_30_A3","Coenagrion_pulchellum","Mature",1,NA,0,NA,30,2018,NA,NA
"7/4/18",10:51:00,"Flyinge_30_A3","Enallagma_cyathigerum","Mature",1,NA,0,NA,30,2018,NA,NA
"7/4/18",10:51:00,"Flyinge_30_A3","Ischnura_elegans","Teneral",0,NA,0,NA,30,2018,NA,NA
"7/4/18",10:51:00,"Flyinge_30_A3","Enallagma_cyathigerum","Mature",1,NA,0,NA,30,2018,NA,NA
"7/4/18",10:51:00,"Flyinge_30_A3","Ischnura_elegans","Mature",1,NA,0,NA,30,2018,NA,NA
"7/4/18",10:51:00,"Flyinge_30_A3","Ischnura_elegans","Mature",1,NA,0,NA,30,2018,NA,NA
"7/16/18",14:57:00,"Flyinge_30_A3","Enallagma_cyathigerum","Mature",1,NA,0,NA,30,2018,NA,NA
"7/16/18",14:57:00,"Flyinge_30_A3","Enallagma_cyathigerum","Mature",1,NA,0,NA,30,2018,NA,NA
"7/16/18",14:57:00,"Flyinge_30_A3","Ischnura_elegans","Immature",0,NA,0,NA,30,2018,NA,NA
"7/16/18",14:57:00,"Flyinge_30_A3","Platycnemis_pennipes","Mature",0,NA,0,NA,30,2018,NA,NA
"7/16/18",14:57:00,"Flyinge_30_A3","Ischnura_elegans","Immature",1,NA,0,NA,30,2018,NA,NA
"7/16/18",14:57:00,"Flyinge_30_A3","Ischnura_elegans","Mature",0,NA,1,NA,30,2018,NA,NA
"7/16/18",14:57:00,"Flyinge_30_A3","Ischnura_elegans","Mature",1,NA,1,NA,30,2018,NA,NA
"7/16/18",14:57:00,"Flyinge_30_A3","Aeshna_grandis","Mature",0,NA,0,NA,30,2018,NA,NA
"7/16/18",14:57:00,"Flyinge_30_A3","Aeshna_grandis","Mature",1,NA,0,NA,30,2018,NA,NA
"7/16/18",14:57:00,"Flyinge_30_A3","Aeshna_grandis","Mature",1,NA,0,NA,30,2018,NA,NA
"7/16/18",14:57:00,"Flyinge_30_A3","Aeshna_grandis","Mature",1,NA,0,NA,30,2018,NA,NA
"7/16/18",14:57:00,"Flyinge_30_A3","Aeshna_grandis","Mature",1,NA,0,NA,30,2018,NA,NA
"7/16/18",14:57:00,"Flyinge_30_A3","Sympetrum_sanguineum","Mature",1,NA,0,NA,30,2018,NA,NA
"5/16/18",12:02:00,"Genarp","Coenagrion_puella","Mature",1,NA,0,NA,30,2018,NA,NA
"5/16/18",12:04:00,"Genarp","Coenagrion_pulchellum","Mature",1,NA,0,NA,30,2018,NA,NA
"5/16/18",12:04:00,"Genarp","Coenagrion_pulchellum","Mature",1,NA,0,NA,30,2018,NA,NA
"5/16/18",12:05:00,"Genarp","Coenagrion_pulchellum","Mature",1,NA,0,NA,30,2018,NA,NA
"5/16/18",12:06:00,"Genarp","Coenagrion_pulchellum","Immature",1,NA,0,NA,30,2018,NA,NA
"5/16/18",12:07:00,"Genarp","Coenagrion_pulchellum","Mature",1,NA,0,NA,30,2018,NA,NA
"5/16/18",12:07:00,"Genarp","Coenagrion_puella","Teneral",1,NA,0,NA,30,2018,NA,NA
"5/16/18",12:08:00,"Genarp","Coenagrion_pulchellum","Mature",1,NA,0,NA,30,2018,NA,NA
"5/16/18",12:08:00,"Genarp","Coenagrion_pulchellum","Immature",1,NA,0,NA,30,2018,NA,NA
"5/16/18",12:09:00,"Genarp","Coenagrion_pulchellum","Mature",1,NA,0,NA,30,2018,NA,NA
"5/16/18",12:10:00,"Genarp","Coenagrion_puella","Immature",1,NA,0,NA,30,2018,NA,NA
"5/16/18",12:10:00,"Genarp","Coenagrion_pulchellum","Immature",1,NA,0,NA,30,2018,NA,NA
"5/16/18",12:11:00,"Genarp","Enallagma_cyathigerum","Teneral",0,NA,0,NA,30,2018,NA,NA
"5/16/18",12:12:00,"Genarp","Ischnura_elegans","Immature",1,NA,0,NA,30,2018,NA,NA
"5/16/18",12:14:00,"Genarp","Coenagrion_lunulatum","Immature",0,NA,0,NA,30,2018,NA,NA
"5/16/18",12:15:00,"Genarp","Coenagrion_pulchellum","Immature",1,NA,0,NA,30,2018,NA,NA
"5/16/18",12:16:00,"Genarp","Coenagrion_pulchellum","Teneral",1,NA,0,NA,30,2018,NA,NA
"5/16/18",12:16:00,"Genarp","Coenagrion_pulchellum","Teneral",1,NA,0,NA,30,2018,NA,NA
"5/16/18",12:18:00,"Genarp","Coenagrion_lunulatum","Mature",1,NA,0,NA,30,2018,NA,NA
"5/16/18",12:18:00,"Genarp","Coenagrion_pulchellum","Mature",1,NA,0,NA,30,2018,NA,NA
"5/16/18",12:19:00,"Genarp","Coenagrion_pulchellum","Mature",0,NA,0,NA,30,2018,NA,NA
"5/16/18",12:20:00,"Genarp","Coenagrion_pulchellum","Mature",1,NA,0,NA,30,2018,NA,NA
"5/16/18",12:20:00,"Genarp","Coenagrion_pulchellum","Mature",1,NA,0,NA,30,2018,NA,NA
"5/16/18",12:21:00,"Genarp","Coenagrion_pulchellum","Mature",1,NA,0,NA,30,2018,NA,NA
"5/16/18",12:21:00,"Genarp","Coenagrion_pulchellum","Mature",1,NA,0,NA,30,2018,NA,NA
"5/16/18",12:22:00,"Genarp","Coenagrion_pulchellum","Mature",1,NA,0,NA,30,2018,NA,NA
"5/16/18",12:22:00,"Genarp","Coenagrion_pulchellum","Mature",1,NA,0,NA,30,2018,NA,NA
"5/16/18",12:22:00,"Genarp","Coenagrion_pulchellum","Mature",1,NA,0,NA,30,2018,NA,NA
"5/16/18",12:23:00,"Genarp","Coenagrion_pulchellum","Mature",1,NA,0,NA,30,2018,NA,NA
"5/16/18",12:24:00,"Genarp","Coenagrion_pulchellum","Mature",1,NA,0,NA,30,2018,NA,NA
"5/16/18",12:24:00,"Genarp","Ischnura_elegans","Teneral",1,NA,0,NA,30,2018,NA,NA
"5/16/18",12:25:00,"Genarp","Coenagrion_pulchellum","Teneral",1,NA,0,NA,30,2018,NA,NA
"5/16/18",12:25:00,"Genarp","Coenagrion_pulchellum","Mature",0,NA,0,NA,30,2018,NA,NA
"5/16/18",12:26:00,"Genarp","Coenagrion_puella","Teneral",1,NA,0,NA,30,2018,NA,NA
"5/16/18",12:26:00,"Genarp","Coenagrion_pulchellum","Mature",1,NA,0,NA,30,2018,NA,NA
"5/16/18",12:27:00,"Genarp","Coenagrion_pulchellum","Mature",1,NA,1,NA,30,2018,NA,NA
"5/16/18",12:27:00,"Genarp","Coenagrion_pulchellum","Mature",0,NA,1,NA,30,2018,NA,NA
"5/16/18",12:28:00,"Genarp","Coenagrion_pulchellum","Mature",1,NA,0,NA,30,2018,NA,NA
"5/16/18",12:29:00,"Genarp","Coenagrion_pulchellum","Mature",1,NA,0,NA,30,2018,NA,NA
"5/16/18",12:29:00,"Genarp","Coenagrion_pulchellum","Mature",0,NA,0,NA,30,2018,NA,NA
"5/16/18",12:30:00,"Genarp","Coenagrion_pulchellum","Mature",1,NA,0,NA,30,2018,NA,NA
"5/16/18",12:30:00,"Genarp","Coenagrion_pulchellum","Mature",1,NA,0,NA,30,2018,NA,NA
"5/16/18",12:30:00,"Genarp","Coenagrion_pulchellum","Mature",1,NA,0,NA,30,2018,NA,NA
"5/16/18",12:31:00,"Genarp","Coenagrion_pulchellum","Mature",0,NA,0,NA,30,2018,NA,NA
"5/16/18",12:32:00,"Genarp","Coenagrion_pulchellum","Mature",1,NA,1,NA,30,2018,NA,NA
"5/16/18",12:33:00,"Genarp","Coenagrion_pulchellum","Mature",0,NA,1,NA,30,2018,NA,NA
"5/16/18",12:34:00,"Genarp","Coenagrion_pulchellum","Mature",1,NA,1,NA,30,2018,NA,NA
"5/16/18",12:35:00,"Genarp","Coenagrion_pulchellum","Mature",0,NA,1,NA,30,2018,NA,NA
"5/16/18",12:36:00,"Genarp","Ischnura_elegans","Mature",1,NA,1,NA,30,2018,NA,NA
"5/16/18",12:37:00,"Genarp","Ischnura_elegans","Mature",0,NA,1,NA,30,2018,NA,NA
"5/16/18",12:37:00,"Genarp","Coenagrion_pulchellum","Mature",1,NA,1,NA,30,2018,NA,NA
"5/16/18",12:38:00,"Genarp","Coenagrion_pulchellum","Mature",0,NA,1,NA,30,2018,NA,NA
"5/16/18",12:38:00,"Genarp","Coenagrion_pulchellum","Mature",1,NA,1,NA,30,2018,NA,NA
"5/16/18",12:39:00,"Genarp","Coenagrion_pulchellum","Mature",0,NA,1,NA,30,2018,NA,NA
"5/16/18",12:40:00,"Genarp","Coenagrion_pulchellum","Mature",1,NA,1,NA,30,2018,NA,NA
"5/16/18",12:40:00,"Genarp","Coenagrion_pulchellum","Mature",0,NA,1,NA,30,2018,NA,NA
"5/16/18",12:41:00,"Genarp","Coenagrion_pulchellum","Mature",1,NA,1,NA,30,2018,NA,NA
"5/16/18",12:42:00,"Genarp","Coenagrion_pulchellum","Mature",0,NA,1,NA,30,2018,NA,NA
"5/16/18",12:42:00,"Genarp","Coenagrion_pulchellum","Mature",1,NA,1,NA,30,2018,NA,NA
"5/16/18",12:43:00,"Genarp","Coenagrion_pulchellum","Mature",0,NA,1,NA,30,2018,NA,NA
"5/16/18",12:43:00,"Genarp","Coenagrion_pulchellum","Mature",1,NA,1,NA,30,2018,NA,NA
"5/16/18",12:44:00,"Genarp","Coenagrion_pulchellum","Mature",0,NA,1,NA,30,2018,NA,NA
"5/16/18",12:45:00,"Genarp","Coenagrion_pulchellum","Mature",1,NA,1,NA,30,2018,NA,NA
"5/16/18",12:46:00,"Genarp","Coenagrion_pulchellum","Mature",0,NA,1,NA,30,2018,NA,NA
"5/16/18",12:46:00,"Genarp","Coenagrion_pulchellum","Mature",1,NA,1,NA,30,2018,NA,NA
"5/16/18",12:47:00,"Genarp","Coenagrion_pulchellum","Mature",0,NA,1,NA,30,2018,NA,NA
"5/16/18",12:47:00,"Genarp","Coenagrion_pulchellum","Mature",1,NA,1,NA,30,2018,NA,NA
"5/16/18",12:48:00,"Genarp","Coenagrion_pulchellum","Mature",0,NA,1,NA,30,2018,NA,NA
"5/28/18",12:05:00,"Genarp","Brachytron_pratense","Mature",1,NA,0,NA,30,2018,NA,NA
"5/28/18",12:05:00,"Genarp","Brachytron_pratense","Mature",1,NA,0,NA,30,2018,NA,NA
"5/28/18",12:05:00,"Genarp","Brachytron_pratense","Mature",1,NA,0,NA,30,2018,NA,NA
"5/28/18",12:05:00,"Genarp","Libellula_depressa","Mature",1,NA,0,NA,30,2018,NA,NA
"5/28/18",12:05:00,"Genarp","Calopteryx_splendens","Mature",1,NA,0,NA,30,2018,NA,NA
"5/28/18",12:05:00,"Genarp","Calopteryx_virgo","Mature",1,NA,0,NA,30,2018,NA,NA
"5/28/18",12:05:00,"Genarp","Calopteryx_virgo","Mature",1,NA,0,NA,30,2018,NA,NA
"5/28/18",12:05:00,"Genarp","Calopteryx_virgo","Mature",1,NA,0,NA,30,2018,NA,NA
"5/28/18",12:05:00,"Genarp","Calopteryx_virgo","Mature",1,NA,0,NA,30,2018,NA,NA
"5/28/18",12:05:00,"Genarp","Calopteryx_virgo","Mature",1,NA,0,NA,30,2018,NA,NA
"5/28/18",12:05:00,"Genarp","Calopteryx_virgo","Mature",1,NA,0,NA,30,2018,NA,NA
"5/28/18",12:05:00,"Genarp","Calopteryx_virgo","Mature",1,NA,0,NA,30,2018,NA,NA
"5/28/18",12:05:00,"Genarp","Calopteryx_virgo","Mature",1,NA,0,NA,30,2018,NA,NA
"5/28/18",12:05:00,"Genarp","Calopteryx_virgo","Mature",1,NA,0,NA,30,2018,NA,NA
"5/28/18",12:05:00,"Genarp","Calopteryx_virgo","Mature",1,NA,0,NA,30,2018,NA,NA
"5/28/18",12:05:00,"Genarp","Coenagrion_pulchellum","Mature",1,NA,0,NA,30,2018,NA,NA
"5/28/18",12:05:00,"Genarp","Coenagrion_pulchellum","Mature",1,NA,0,NA,30,2018,NA,NA
"5/28/18",12:05:00,"Genarp","Ischnura_elegans","Mature",0,NA,0,NA,30,2018,NA,NA
"5/28/18",12:05:00,"Genarp","Coenagrion_pulchellum","Teneral",0,NA,0,NA,30,2018,NA,NA
"5/28/18",12:05:00,"Genarp","Coenagrion_pulchellum","Mature",1,NA,0,NA,30,2018,NA,NA
"5/28/18",12:05:00,"Genarp","Coenagrion_pulchellum","Mature",1,NA,0,NA,30,2018,NA,NA
"5/28/18",12:05:00,"Genarp","Ischnura_elegans","Mature",1,NA,0,NA,30,2018,NA,NA
"5/28/18",12:05:00,"Genarp","Coenagrion_pulchellum","Mature",1,NA,0,NA,30,2018,NA,NA
"5/28/18",12:05:00,"Genarp","Ischnura_elegans","Mature",1,NA,0,NA,30,2018,NA,NA
"5/28/18",12:05:00,"Genarp","Ischnura_elegans","Mature",1,NA,0,NA,30,2018,NA,NA
"5/28/18",12:05:00,"Genarp","Coenagrion_pulchellum","Mature",1,NA,0,NA,30,2018,NA,NA
"5/28/18",12:05:00,"Genarp","Coenagrion_pulchellum","Mature",1,NA,0,NA,30,2018,NA,NA
"5/28/18",12:05:00,"Genarp","Coenagrion_pulchellum","Mature",1,NA,0,NA,30,2018,NA,NA
"5/28/18",12:05:00,"Genarp","Coenagrion_pulchellum","Mature",1,NA,0,NA,30,2018,NA,NA
"5/28/18",12:05:00,"Genarp","Coenagrion_pulchellum","Mature",1,NA,0,NA,30,2018,NA,NA
"5/28/18",12:05:00,"Genarp","Coenagrion_pulchellum","Mature",1,NA,1,NA,30,2018,NA,NA
"5/28/18",12:05:00,"Genarp","Coenagrion_pulchellum","Mature",0,NA,1,NA,30,2018,NA,NA
"5/28/18",12:05:00,"Genarp","Coenagrion_pulchellum","Mature",0,NA,1,NA,30,2018,NA,NA
"5/28/18",12:05:00,"Genarp","Coenagrion_pulchellum","Mature",1,NA,1,NA,30,2018,NA,NA
"5/28/18",12:05:00,"Genarp","Ischnura_elegans","Mature",1,NA,1,NA,30,2018,NA,NA
"5/28/18",12:05:00,"Genarp","Ischnura_elegans","Mature",0,NA,1,NA,30,2018,NA,NA
"5/28/18",12:05:00,"Genarp","Coenagrion_pulchellum","Mature",1,NA,1,NA,30,2018,NA,NA
"5/28/18",12:05:00,"Genarp","Coenagrion_pulchellum","Mature",0,NA,1,NA,30,2018,NA,NA
"5/28/18",12:05:00,"Genarp","Ischnura_elegans","Mature",0,NA,1,NA,30,2018,NA,NA
"5/28/18",12:05:00,"Genarp","Ischnura_elegans","Mature",1,NA,1,NA,30,2018,NA,NA
"5/28/18",12:05:00,"Genarp","Coenagrion_pulchellum","Mature",0,NA,1,NA,30,2018,NA,NA
"5/28/18",12:05:00,"Genarp","Coenagrion_pulchellum","Mature",1,NA,1,NA,30,2018,NA,NA
"5/28/18",12:05:00,"Genarp","Ischnura_elegans","Mature",1,NA,1,NA,30,2018,NA,NA
"5/28/18",12:05:00,"Genarp","Ischnura_elegans","Mature",0,NA,1,NA,30,2018,NA,NA
"5/30/18",09:50:00,"Genarp","Coenagrion_pulchellum","Mature",1,NA,0,NA,30,2018,NA,NA
"5/30/18",09:50:00,"Genarp","Calopteryx_virgo","Mature",1,NA,0,NA,30,2018,NA,NA
"5/30/18",09:50:00,"Genarp","Coenagrion_pulchellum","Mature",1,NA,0,NA,30,2018,NA,NA
"5/30/18",09:50:00,"Genarp","Coenagrion_pulchellum","Mature",1,NA,0,NA,30,2018,NA,NA
"5/30/18",09:50:00,"Genarp","Coenagrion_pulchellum","Mature",1,NA,0,NA,30,2018,NA,NA
"5/30/18",09:50:00,"Genarp","Coenagrion_pulchellum","Mature",1,NA,0,NA,30,2018,NA,NA
"5/30/18",09:50:00,"Genarp","Coenagrion_pulchellum","Mature",1,NA,0,NA,30,2018,NA,NA
"5/30/18",09:50:00,"Genarp","Coenagrion_pulchellum","Mature",1,NA,0,NA,30,2018,NA,NA
"5/30/18",09:50:00,"Genarp","Coenagrion_pulchellum","Mature",1,NA,0,NA,30,2018,NA,NA
"5/30/18",09:50:00,"Genarp","Coenagrion_pulchellum","Mature",1,NA,0,NA,30,2018,NA,NA
"5/30/18",09:50:00,"Genarp","Coenagrion_pulchellum","Mature",1,NA,0,NA,30,2018,NA,NA
"5/30/18",09:50:00,"Genarp","Coenagrion_pulchellum","Mature",1,NA,0,NA,30,2018,NA,NA
"5/30/18",09:50:00,"Genarp","Ischnura_elegans","Mature",1,NA,0,NA,30,2018,NA,NA
"5/30/18",09:50:00,"Genarp","Coenagrion_pulchellum","Mature",1,NA,0,NA,30,2018,NA,NA
"5/30/18",09:50:00,"Genarp","Libellula_depressa","Mature",1,NA,0,NA,30,2018,NA,NA
"5/30/18",09:50:00,"Genarp","Calopteryx_virgo","Mature",1,NA,0,NA,30,2018,NA,NA
"5/30/18",09:50:00,"Genarp","Calopteryx_virgo","Mature",1,NA,0,NA,30,2018,NA,NA
"5/30/18",09:50:00,"Genarp","Coenagrion_pulchellum","Mature",1,NA,0,NA,30,2018,NA,NA
"5/30/18",09:50:00,"Genarp","Coenagrion_pulchellum","Mature",1,NA,0,NA,30,2018,NA,NA
"5/30/18",09:50:00,"Genarp","Coenagrion_pulchellum","Mature",1,NA,0,NA,30,2018,NA,NA
"5/30/18",09:50:00,"Genarp","Ischnura_elegans","Teneral",1,NA,0,NA,30,2018,NA,NA
"5/30/18",09:50:00,"Genarp","Ischnura_elegans","Immature",1,NA,0,NA,30,2018,NA,NA
"5/30/18",09:50:00,"Genarp","Coenagrion_pulchellum","Mature",1,NA,0,NA,30,2018,NA,NA
"5/30/18",09:50:00,"Genarp","Ischnura_elegans","Mature",1,NA,0,NA,30,2018,NA,NA
"5/30/18",09:50:00,"Genarp","Coenagrion_pulchellum","Immature",1,NA,0,NA,30,2018,NA,NA
"5/30/18",09:50:00,"Genarp","Ischnura_elegans","Mature",1,NA,0,NA,30,2018,NA,NA
"5/30/18",09:50:00,"Genarp","Ischnura_elegans","Immature",1,NA,0,NA,30,2018,NA,NA
"5/30/18",09:50:00,"Genarp","Coenagrion_pulchellum","Mature",0,NA,0,NA,30,2018,NA,NA
"5/30/18",09:50:00,"Genarp","Coenagrion_pulchellum","Mature",0,NA,0,NA,30,2018,NA,NA
"5/30/18",09:50:00,"Genarp","Coenagrion_pulchellum","Mature",0,NA,0,NA,30,2018,NA,NA
"5/30/18",09:50:00,"Genarp","Coenagrion_pulchellum","Mature",0,NA,0,NA,30,2018,NA,NA
"5/30/18",09:50:00,"Genarp","Coenagrion_pulchellum","Mature",0,NA,0,NA,30,2018,NA,NA
"5/30/18",09:50:00,"Genarp","Ischnura_elegans","Mature",0,NA,0,NA,30,2018,NA,NA
"5/30/18",09:50:00,"Genarp","Coenagrion_pulchellum","Immature",0,NA,0,NA,30,2018,NA,NA
"5/30/18",09:50:00,"Genarp","Coenagrion_pulchellum","Teneral",0,NA,0,NA,30,2018,NA,NA
"5/30/18",09:50:00,"Genarp","Coenagrion_pulchellum","Mature",0,NA,0,NA,30,2018,NA,NA
"5/30/18",09:50:00,"Genarp","Ischnura_elegans","Mature",1,NA,0,NA,30,2018,NA,NA
"5/30/18",09:50:00,"Genarp","Coenagrion_pulchellum","Mature",1,NA,1,NA,30,2018,NA,NA
"5/30/18",09:50:00,"Genarp","Coenagrion_pulchellum","Mature",0,NA,1,NA,30,2018,NA,NA
"5/30/18",09:50:00,"Genarp","Coenagrion_pulchellum","Mature",1,NA,1,NA,30,2018,NA,NA
"5/30/18",09:50:00,"Genarp","Coenagrion_pulchellum","Mature",0,NA,1,NA,30,2018,NA,NA
"5/30/18",09:50:00,"Genarp","Coenagrion_pulchellum","Mature",1,NA,1,NA,30,2018,NA,NA
"5/30/18",09:50:00,"Genarp","Coenagrion_pulchellum","Mature",0,NA,1,NA,30,2018,NA,NA
"5/30/18",09:50:00,"Genarp","Coenagrion_pulchellum","Mature",1,NA,1,NA,30,2018,NA,NA
"5/30/18",09:50:00,"Genarp","Coenagrion_pulchellum","Mature",0,NA,1,NA,30,2018,NA,NA
"5/30/18",09:50:00,"Genarp","Coenagrion_pulchellum","Mature",1,NA,1,NA,30,2018,NA,NA
"5/30/18",09:50:00,"Genarp","Coenagrion_pulchellum","Mature",0,NA,1,NA,30,2018,NA,NA
"5/30/18",09:50:00,"Genarp","Coenagrion_pulchellum","Mature",1,NA,1,NA,30,2018,NA,NA
"5/30/18",09:50:00,"Genarp","Coenagrion_pulchellum","Mature",0,NA,1,NA,30,2018,NA,NA
"5/30/18",09:50:00,"Genarp","Coenagrion_pulchellum","Mature",1,NA,1,NA,30,2018,NA,NA
"5/30/18",09:50:00,"Genarp","Coenagrion_pulchellum","Mature",0,NA,1,NA,30,2018,NA,NA
"5/30/18",09:50:00,"Genarp","Coenagrion_pulchellum","Mature",1,NA,1,NA,30,2018,NA,NA
"5/30/18",09:50:00,"Genarp","Coenagrion_pulchellum","Mature",0,NA,1,NA,30,2018,NA,NA
"5/30/18",09:50:00,"Genarp","Libellula_depressa","Mature",0,NA,0,NA,30,2018,NA,NA
"5/30/18",09:50:00,"Genarp","Erythromma_najas","Immature",1,NA,0,NA,30,2018,NA,NA
"7/3/18",12:14:00,"Genarp","Ischnura_elegans","Mature",1,NA,0,NA,30,2018,NA,NA
"7/3/18",12:14:00,"Genarp","Anax_imperator","Mature",1,NA,0,NA,30,2018,NA,NA
"7/3/18",12:14:00,"Genarp","Ischnura_elegans","Mature",1,NA,0,NA,30,2018,NA,NA
"7/3/18",12:14:00,"Genarp","Ischnura_elegans","Mature",1,NA,0,NA,30,2018,NA,NA
"7/3/18",12:14:00,"Genarp","Ischnura_elegans","Mature",1,NA,1,NA,30,2018,NA,NA
"7/3/18",12:14:00,"Genarp","Ischnura_elegans","Mature",0,NA,1,NA,30,2018,NA,NA
"7/3/18",12:14:00,"Genarp","Ischnura_elegans","Immature",0,NA,0,NA,30,2018,NA,NA
"7/3/18",12:14:00,"Genarp","Ischnura_elegans","Mature",1,NA,0,NA,30,2018,NA,NA
"7/3/18",12:14:00,"Genarp","Ischnura_elegans","Immature",0,NA,0,NA,30,2018,NA,NA
"7/3/18",12:14:00,"Genarp","Ischnura_elegans","Mature",1,NA,1,NA,30,2018,NA,NA
"7/3/18",12:14:00,"Genarp","Ischnura_elegans","Mature",0,NA,1,NA,30,2018,NA,NA
"7/3/18",12:14:00,"Genarp","Ischnura_elegans","Mature",1,NA,0,NA,30,2018,NA,NA
"7/3/18",12:14:00,"Genarp","Ischnura_elegans","Mature",0,NA,0,NA,30,2018,NA,NA
"7/3/18",12:14:00,"Genarp","Ischnura_elegans","Mature",1,NA,0,NA,30,2018,NA,NA
"7/3/18",12:14:00,"Genarp","Ischnura_elegans","Mature",1,NA,0,NA,30,2018,NA,NA
"7/3/18",12:14:00,"Genarp","Ischnura_elegans","Mature",0,NA,0,NA,30,2018,NA,NA
"7/3/18",12:14:00,"Genarp","Ischnura_elegans","Mature",1,NA,0,NA,30,2018,NA,NA
"7/3/18",12:14:00,"Genarp","Ischnura_elegans","Mature",1,NA,0,NA,30,2018,NA,NA
"7/3/18",12:14:00,"Genarp","Ischnura_elegans","Immature",0,NA,0,NA,30,2018,NA,NA
"7/3/18",12:14:00,"Genarp","Ischnura_elegans","Teneral",1,NA,0,NA,30,2018,NA,NA
"7/3/18",12:14:00,"Genarp","Ischnura_elegans","Immature",0,NA,0,NA,30,2018,NA,NA
"7/3/18",12:14:00,"Genarp","Ischnura_elegans","Mature",1,NA,1,NA,30,2018,NA,NA
"7/3/18",12:14:00,"Genarp","Ischnura_elegans","Mature",0,NA,1,NA,30,2018,NA,NA
"7/3/18",12:14:00,"Genarp","Ischnura_elegans","Mature",1,NA,0,NA,30,2018,NA,NA
"7/3/18",12:14:00,"Genarp","Sympetrum_sanguineum","Mature",1,NA,0,NA,30,2018,NA,NA
"7/3/18",12:14:00,"Genarp","Sympetrum_sanguineum","Mature",1,NA,0,NA,30,2018,NA,NA
"7/3/18",12:14:00,"Genarp","Ischnura_elegans","Mature",1,NA,0,NA,30,2018,NA,NA
"7/3/18",12:14:00,"Genarp","Lestes_sponsa","Mature",1,NA,0,NA,30,2018,NA,NA
"7/3/18",12:14:00,"Genarp","Ischnura_elegans","Immature",0,NA,0,NA,30,2018,NA,NA
"7/3/18",12:14:00,"Genarp","Ischnura_elegans","Mature",1,NA,0,NA,30,2018,NA,NA
"7/3/18",12:14:00,"Genarp","Ischnura_elegans","Mature",1,NA,0,NA,30,2018,NA,NA
"7/3/18",12:14:00,"Genarp","Ischnura_elegans","Mature",1,NA,0,NA,30,2018,NA,NA
"7/3/18",12:14:00,"Genarp","Ischnura_elegans","Mature",1,NA,0,NA,30,2018,NA,NA
"7/3/18",12:14:00,"Genarp","Ischnura_elegans","Mature",0,NA,1,NA,30,2018,NA,NA
"7/3/18",12:14:00,"Genarp","Ischnura_elegans","Mature",1,NA,1,NA,30,2018,NA,NA
"7/3/18",12:14:00,"Genarp","Ischnura_elegans","Mature",1,NA,0,NA,30,2018,NA,NA
"7/3/18",12:14:00,"Genarp","Coenagrion_pulchellum","Mature",1,NA,0,NA,30,2018,NA,NA
"7/3/18",12:14:00,"Genarp","Ischnura_elegans","Mature",1,NA,1,NA,30,2018,NA,NA
"7/3/18",12:14:00,"Genarp","Ischnura_elegans","Mature",0,NA,1,NA,30,2018,NA,NA
"7/3/18",12:14:00,"Genarp","Ischnura_elegans","Mature",0,NA,0,NA,30,2018,NA,NA
"7/3/18",12:14:00,"Genarp","Ischnura_elegans","Mature",1,NA,0,NA,30,2018,NA,NA
"7/3/18",12:14:00,"Genarp","Enallagma_cyathigerum","Mature",1,NA,0,NA,30,2018,NA,NA
"7/3/18",12:14:00,"Genarp","Ischnura_elegans","Mature",1,NA,0,NA,30,2018,NA,NA
"7/3/18",12:14:00,"Genarp","Ischnura_elegans","Immature",0,NA,0,NA,30,2018,NA,NA
"7/3/18",12:14:00,"Genarp","Ischnura_elegans","Mature",0,NA,0,NA,30,2018,NA,NA
"7/3/18",12:14:00,"Genarp","Ischnura_elegans","Mature",1,NA,0,NA,30,2018,NA,NA
"7/3/18",12:14:00,"Genarp","Ischnura_elegans","Mature",1,NA,0,NA,30,2018,NA,NA
"7/3/18",12:14:00,"Genarp","Ischnura_elegans","Mature",1,NA,0,NA,30,2018,NA,NA
"7/3/18",12:14:00,"Genarp","Coenagrion_pulchellum","Mature",1,NA,0,NA,30,2018,NA,NA
"7/3/18",12:14:00,"Genarp","Ischnura_elegans","Teneral",1,NA,0,NA,30,2018,NA,NA
"7/3/18",12:14:00,"Genarp","Orthetrum_cancellatum","Mature",1,NA,0,NA,30,2018,NA,NA
"7/3/18",12:14:00,"Genarp","Orthetrum_cancellatum","Mature",1,NA,0,NA,30,2018,NA,NA
"7/23/18",12:47:00,"Genarp","Ischnura_elegans","Mature",1,NA,0,NA,30,2018,NA,NA
"7/23/18",12:47:00,"Genarp","Ischnura_elegans","Mature",0,NA,0,NA,30,2018,NA,NA
"7/23/18",12:47:00,"Genarp","Ischnura_elegans","Mature",1,NA,0,NA,30,2018,NA,NA
"7/23/18",12:47:00,"Genarp","Ischnura_elegans","Mature",1,NA,0,NA,30,2018,NA,NA
"7/23/18",12:47:00,"Genarp","Ischnura_elegans","Mature",1,NA,0,NA,30,2018,NA,NA
"7/23/18",12:47:00,"Genarp","Ischnura_elegans","Mature",1,NA,0,NA,30,2018,NA,NA
"7/23/18",12:47:00,"Genarp","Sympetrum_striolatum","Mature",1,NA,0,NA,30,2018,NA,NA
"7/23/18",12:47:00,"Genarp","Sympetrum_striolatum","Mature",1,NA,0,NA,30,2018,NA,NA
"7/23/18",12:47:00,"Genarp","Sympetrum_striolatum","Mature",1,NA,0,NA,30,2018,NA,NA
"7/23/18",12:47:00,"Genarp","Sympetrum_striolatum","Mature",1,NA,0,NA,30,2018,NA,NA
"7/23/18",12:47:00,"Genarp","Sympetrum_striolatum","Mature",1,NA,0,NA,30,2018,NA,NA
"7/23/18",12:47:00,"Genarp","Sympetrum_striolatum","Mature",1,NA,0,NA,30,2018,NA,NA
"5/22/18",11:33:00,"Gunnesbo","Coenagrion_pulchellum","Mature",1,NA,0,NA,30,2018,NA,NA
"5/22/18",11:33:00,"Gunnesbo","Coenagrion_pulchellum","Mature",1,NA,0,NA,30,2018,NA,NA
"5/22/18",11:33:00,"Gunnesbo","Enallagma_cyathigerum","Mature",1,NA,0,NA,30,2018,NA,NA
"5/22/18",11:33:00,"Gunnesbo","Coenagrion_pulchellum","Mature",1,NA,0,NA,30,2018,NA,NA
"5/22/18",11:33:00,"Gunnesbo","Coenagrion_pulchellum","Mature",0,NA,1,NA,30,2018,NA,NA
"5/22/18",11:33:00,"Gunnesbo","Coenagrion_pulchellum","Mature",1,NA,1,NA,30,2018,NA,NA
"5/22/18",11:33:00,"Gunnesbo","Coenagrion_pulchellum","Mature",0,NA,1,NA,30,2018,NA,NA
"5/22/18",11:33:00,"Gunnesbo","Coenagrion_pulchellum","Mature",1,NA,1,NA,30,2018,NA,NA
"5/22/18",11:33:00,"Gunnesbo","Coenagrion_pulchellum","Mature",0,NA,1,NA,30,2018,NA,NA
"5/22/18",11:33:00,"Gunnesbo","Coenagrion_pulchellum","Mature",1,NA,1,NA,30,2018,NA,NA
"5/22/18",11:33:00,"Gunnesbo","Ischnura_elegans","Immature",0,NA,1,NA,30,2018,NA,NA
"5/22/18",11:33:00,"Gunnesbo","Ischnura_elegans","Mature",1,NA,1,NA,30,2018,NA,NA
"5/22/18",11:33:00,"Gunnesbo","Coenagrion_pulchellum","Mature",1,NA,0,NA,30,2018,NA,NA
"5/22/18",11:33:00,"Gunnesbo","Ischnura_elegans","Immature",1,NA,0,NA,30,2018,NA,NA
"5/22/18",11:33:00,"Gunnesbo","Ischnura_elegans","Mature",1,NA,0,NA,30,2018,NA,NA
"5/22/18",11:33:00,"Gunnesbo","Ischnura_elegans","Mature",1,NA,0,NA,30,2018,NA,NA
"5/22/18",11:33:00,"Gunnesbo","Enallagma_cyathigerum","Mature",1,NA,0,NA,30,2018,NA,NA
"5/22/18",11:33:00,"Gunnesbo","Ischnura_elegans","Immature",1,NA,0,NA,30,2018,NA,NA
"5/22/18",11:33:00,"Gunnesbo","Ischnura_elegans","Mature",1,NA,0,NA,30,2018,NA,NA
"5/22/18",11:33:00,"Gunnesbo","Ischnura_elegans","Immature",1,NA,0,NA,30,2018,NA,NA
"5/22/18",11:33:00,"Gunnesbo","Ischnura_elegans","Immature",1,NA,0,NA,30,2018,NA,NA
"5/22/18",11:33:00,"Gunnesbo","Ischnura_elegans","Mature",1,NA,0,NA,30,2018,NA,NA
"5/22/18",11:33:00,"Gunnesbo","Coenagrion_pulchellum","Mature",1,NA,0,NA,30,2018,NA,NA
"5/22/18",11:33:00,"Gunnesbo","Ischnura_elegans","Immature",1,NA,0,NA,30,2018,NA,NA
"5/22/18",11:33:00,"Gunnesbo","Ischnura_elegans","Immature",1,NA,0,NA,30,2018,NA,NA
"5/22/18",11:33:00,"Gunnesbo","Coenagrion_pulchellum","Mature",1,NA,0,NA,30,2018,NA,NA
"5/22/18",11:33:00,"Gunnesbo","Ischnura_elegans","Immature",1,NA,0,NA,30,2018,NA,NA
"5/22/18",11:33:00,"Gunnesbo","Ischnura_elegans","Immature",1,NA,0,NA,30,2018,NA,NA
"5/22/18",11:33:00,"Gunnesbo","Coenagrion_pulchellum","Mature",1,NA,0,NA,30,2018,NA,NA
"5/22/18",11:33:00,"Gunnesbo","Ischnura_elegans","Mature",1,NA,0,NA,30,2018,NA,NA
"5/22/18",11:33:00,"Gunnesbo","Ischnura_elegans","Mature",1,NA,0,NA,30,2018,NA,NA
"5/22/18",11:33:00,"Gunnesbo","Ischnura_elegans","Immature",0,NA,0,NA,30,2018,NA,NA
"5/22/18",11:33:00,"Gunnesbo","Ischnura_elegans","Immature",1,NA,0,NA,30,2018,NA,NA
"5/22/18",11:33:00,"Gunnesbo","Ischnura_elegans","Immature",0,NA,0,NA,30,2018,NA,NA
"5/22/18",11:33:00,"Gunnesbo","Ischnura_elegans","Mature",0,NA,0,NA,30,2018,NA,NA
"5/22/18",11:33:00,"Gunnesbo","Ischnura_elegans","Mature",0,NA,0,NA,30,2018,NA,NA
"5/22/18",11:33:00,"Gunnesbo","Ischnura_elegans","Immature",0,NA,0,NA,30,2018,NA,NA
"5/22/18",11:33:00,"Gunnesbo","Ischnura_elegans","Mature",0,NA,0,NA,30,2018,NA,NA
"5/22/18",11:33:00,"Gunnesbo","Ischnura_elegans","Mature",0,NA,0,NA,30,2018,NA,NA
"5/22/18",11:33:00,"Gunnesbo","Ischnura_elegans","Immature",0,NA,0,NA,30,2018,NA,NA
"5/22/18",11:33:00,"Gunnesbo","Ischnura_elegans","Immature",0,NA,0,NA,30,2018,NA,NA
"5/22/18",11:33:00,"Gunnesbo","Ischnura_elegans","Immature",0,NA,0,NA,30,2018,NA,NA
"5/22/18",11:33:00,"Gunnesbo","Ischnura_elegans","Mature",0,NA,0,NA,30,2018,NA,NA
"5/22/18",11:33:00,"Gunnesbo","Coenagrion_pulchellum","Mature",0,NA,0,NA,30,2018,NA,NA
"5/22/18",11:33:00,"Gunnesbo","Ischnura_elegans","Immature",0,NA,0,NA,30,2018,NA,NA
"5/22/18",11:33:00,"Gunnesbo","Ischnura_elegans","Mature",0,NA,0,NA,30,2018,NA,NA
"5/22/18",11:33:00,"Gunnesbo","Ischnura_elegans","Immature",0,NA,0,NA,30,2018,NA,NA
"5/22/18",11:33:00,"Gunnesbo","Ischnura_elegans","Immature",0,NA,0,NA,30,2018,NA,NA
"5/22/18",11:33:00,"Gunnesbo","Ischnura_elegans","Immature",0,NA,0,NA,30,2018,NA,NA
"5/22/18",11:33:00,"Gunnesbo","Ischnura_elegans","Immature",0,NA,0,NA,30,2018,NA,NA
"5/22/18",11:33:00,"Gunnesbo","Brachytron_pratense","Mature",1,NA,0,NA,30,2018,NA,NA
"5/22/18",11:33:00,"Gunnesbo","Brachytron_pratense","Mature",1,NA,0,NA,30,2018,NA,NA
"5/22/18",11:33:00,"Gunnesbo","Libellula_depressa","Mature",1,NA,0,NA,30,2018,NA,NA
"5/22/18",11:33:00,"Gunnesbo","Brachytron_pratense","Mature",1,NA,0,NA,30,2018,NA,NA
"6/25/18",11:44:00,"Gunnesbo","Ischnura_elegans","Mature",0,NA,0,NA,30,2018,NA,NA
"6/25/18",11:44:00,"Gunnesbo","Ischnura_elegans","Mature",0,NA,0,NA,30,2018,NA,NA
"6/25/18",11:44:00,"Gunnesbo","Enallagma_cyathigerum","Mature",0,NA,0,NA,30,2018,NA,NA
"6/25/18",11:44:00,"Gunnesbo","Ischnura_elegans","Mature",0,NA,0,NA,30,2018,NA,NA
"6/25/18",11:44:00,"Gunnesbo","Coenagrion_pulchellum","Mature",0,NA,0,NA,30,2018,NA,NA
"6/25/18",11:44:00,"Gunnesbo","Ischnura_elegans","Mature",1,NA,1,NA,30,2018,NA,NA
"6/25/18",11:44:00,"Gunnesbo","Ischnura_elegans","Mature",0,NA,1,NA,30,2018,NA,NA
"6/25/18",11:44:00,"Gunnesbo","Ischnura_elegans","Immature",0,NA,0,NA,30,2018,NA,NA
"6/25/18",11:44:00,"Gunnesbo","Ischnura_elegans","Mature",0,NA,1,NA,30,2018,NA,NA
"6/25/18",11:44:00,"Gunnesbo","Ischnura_elegans","Mature",1,NA,1,NA,30,2018,NA,NA
"6/25/18",11:44:00,"Gunnesbo","Ischnura_elegans","Mature",0,NA,0,NA,30,2018,NA,NA
"6/25/18",11:44:00,"Gunnesbo","Ischnura_elegans","Mature",0,NA,0,NA,30,2018,NA,NA
"6/25/18",11:44:00,"Gunnesbo","Ischnura_elegans","Mature",0,NA,0,NA,30,2018,NA,NA
"6/25/18",11:44:00,"Gunnesbo","Ischnura_elegans","Immature",1,NA,0,NA,30,2018,NA,NA
"6/25/18",11:44:00,"Gunnesbo","Enallagma_cyathigerum","Mature",1,NA,1,NA,30,2018,NA,NA
"6/25/18",11:44:00,"Gunnesbo","Enallagma_cyathigerum","Mature",0,NA,1,NA,30,2018,NA,NA
"6/25/18",11:44:00,"Gunnesbo","Ischnura_elegans","Immature",0,NA,0,NA,30,2018,NA,NA
"6/25/18",11:44:00,"Gunnesbo","Ischnura_elegans","Mature",1,NA,0,NA,30,2018,NA,NA
"6/25/18",11:44:00,"Gunnesbo","Ischnura_elegans","Immature",0,NA,0,NA,30,2018,NA,NA
"6/25/18",11:44:00,"Gunnesbo","Ischnura_elegans","Mature",1,NA,0,NA,30,2018,NA,NA
"6/25/18",11:44:00,"Gunnesbo","Ischnura_elegans","Mature",1,NA,0,NA,30,2018,NA,NA
"6/25/18",11:44:00,"Gunnesbo","Lestes_sponsa","Immature",1,NA,0,NA,30,2018,NA,NA
"6/25/18",11:44:00,"Gunnesbo","Calopteryx_splendens","Mature",0,NA,0,NA,30,2018,NA,NA
"6/25/18",11:44:00,"Gunnesbo","Orthetrum_cancellatum","Teneral",1,NA,0,NA,30,2018,NA,NA
"6/25/18",11:44:00,"Gunnesbo","Ischnura_elegans","Mature",1,NA,0,NA,30,2018,NA,NA
"6/25/18",11:44:00,"Gunnesbo","Enallagma_cyathigerum","Mature",1,NA,0,NA,30,2018,NA,NA
"6/25/18",11:44:00,"Gunnesbo","Ischnura_elegans","Mature",1,NA,0,NA,30,2018,NA,NA
"6/25/18",11:44:00,"Gunnesbo","Enallagma_cyathigerum","Mature",1,NA,0,NA,30,2018,NA,NA
"6/25/18",11:44:00,"Gunnesbo","Coenagrion_pulchellum","Mature",1,NA,0,NA,30,2018,NA,NA
"6/25/18",11:44:00,"Gunnesbo","Ischnura_elegans","Mature",1,NA,0,NA,30,2018,NA,NA
"6/25/18",11:44:00,"Gunnesbo","Coenagrion_pulchellum","Mature",1,NA,0,NA,30,2018,NA,NA
"6/25/18",11:44:00,"Gunnesbo","Enallagma_cyathigerum","Mature",1,NA,0,NA,30,2018,NA,NA
"6/25/18",11:44:00,"Gunnesbo","Ischnura_elegans","Mature",1,NA,0,NA,30,2018,NA,NA
"6/25/18",11:44:00,"Gunnesbo","Ischnura_elegans","Mature",1,NA,0,NA,30,2018,NA,NA
"6/25/18",11:44:00,"Gunnesbo","Ischnura_elegans","Mature",1,NA,1,NA,30,2018,NA,NA
"6/25/18",11:44:00,"Gunnesbo","Ischnura_elegans","Immature",0,NA,0,NA,30,2018,NA,NA
"6/25/18",11:44:00,"Gunnesbo","Ischnura_elegans","Mature",1,NA,0,NA,30,2018,NA,NA
"6/25/18",11:44:00,"Gunnesbo","Enallagma_cyathigerum","Mature",1,NA,0,NA,30,2018,NA,NA
"6/25/18",11:44:00,"Gunnesbo","Coenagrion_pulchellum","Mature",1,NA,0,NA,30,2018,NA,NA
"6/25/18",11:44:00,"Gunnesbo","Ischnura_elegans","Mature",1,NA,0,NA,30,2018,NA,NA
"6/25/18",11:44:00,"Gunnesbo","Ischnura_elegans","Mature",1,NA,0,NA,30,2018,NA,NA
"6/25/18",11:44:00,"Gunnesbo","Enallagma_cyathigerum","Mature",1,NA,0,NA,30,2018,NA,NA
"6/25/18",11:44:00,"Gunnesbo","Ischnura_elegans","Immature",1,NA,0,NA,30,2018,NA,NA
"6/25/18",11:44:00,"Gunnesbo","Ischnura_elegans","Mature",1,NA,0,NA,30,2018,NA,NA
"6/25/18",11:44:00,"Gunnesbo","Enallagma_cyathigerum","Mature",1,NA,0,NA,30,2018,NA,NA
"6/25/18",11:44:00,"Gunnesbo","Ischnura_elegans","Mature",1,NA,0,NA,30,2018,NA,NA
"6/25/18",11:44:00,"Gunnesbo","Ischnura_elegans","Mature",1,NA,0,NA,30,2018,NA,NA
"6/25/18",11:44:00,"Gunnesbo","Coenagrion_puella","Mature",1,NA,0,NA,30,2018,NA,NA
"6/25/18",11:44:00,"Gunnesbo","Ischnura_elegans","Mature",1,NA,0,NA,30,2018,NA,NA
"6/25/18",11:44:00,"Gunnesbo","Ischnura_elegans","Mature",1,NA,0,NA,30,2018,NA,NA
"6/25/18",11:44:00,"Gunnesbo","Enallagma_cyathigerum","Mature",1,NA,0,NA,30,2018,NA,NA
"6/25/18",11:44:00,"Gunnesbo","Enallagma_cyathigerum","Mature",1,NA,0,NA,30,2018,NA,NA
"6/25/18",11:44:00,"Gunnesbo","Ischnura_elegans","Mature",1,NA,0,NA,30,2018,NA,NA
"6/25/18",11:44:00,"Gunnesbo","Ischnura_elegans","Mature",1,NA,0,NA,30,2018,NA,NA
"6/25/18",11:44:00,"Gunnesbo","Enallagma_cyathigerum","Mature",1,NA,0,NA,30,2018,NA,NA
"6/25/18",11:44:00,"Gunnesbo","Coenagrion_puella","Mature",1,NA,0,NA,30,2018,NA,NA
"6/25/18",11:44:00,"Gunnesbo","Ischnura_elegans","Mature",1,NA,0,NA,30,2018,NA,NA
"6/25/18",11:44:00,"Gunnesbo","Ischnura_elegans","Mature",1,NA,0,NA,30,2018,NA,NA
"6/25/18",11:44:00,"Gunnesbo","Ischnura_elegans","Mature",1,NA,0,NA,30,2018,NA,NA
"6/25/18",11:44:00,"Gunnesbo","Coenagrion_pulchellum","Mature",1,NA,0,NA,30,2018,NA,NA
"6/25/18",11:44:00,"Gunnesbo","Enallagma_cyathigerum","Mature",1,NA,0,NA,30,2018,NA,NA
"6/25/18",11:44:00,"Gunnesbo","Coenagrion_pulchellum","Mature",1,NA,0,NA,30,2018,NA,NA
"6/25/18",11:44:00,"Gunnesbo","Ischnura_elegans","Teneral",1,NA,0,NA,30,2018,NA,NA
"6/25/18",11:44:00,"Gunnesbo","Coenagrion_pulchellum","Mature",1,NA,0,NA,30,2018,NA,NA
"6/25/18",11:44:00,"Gunnesbo","Erythromma_najas","Mature",1,NA,0,NA,30,2018,NA,NA
"7/5/18",10:52:00,"Gunnesbo","Ischnura_elegans","Mature",0,NA,0,NA,30,2018,NA,NA
"7/5/18",10:52:00,"Gunnesbo","Ischnura_elegans","Mature",0,NA,0,NA,30,2018,NA,NA
"7/5/18",10:52:00,"Gunnesbo","Ischnura_elegans","Mature",0,NA,0,NA,30,2018,NA,NA
"7/5/18",10:52:00,"Gunnesbo","Ischnura_elegans","Mature",0,NA,0,NA,30,2018,NA,NA
"7/5/18",10:52:00,"Gunnesbo","Ischnura_elegans","Mature",0,NA,0,NA,30,2018,NA,NA
"7/5/18",10:52:00,"Gunnesbo","Ischnura_elegans","Immature",0,NA,0,NA,30,2018,NA,NA
"7/5/18",10:52:00,"Gunnesbo","Ischnura_elegans","Mature",0,NA,0,NA,30,2018,NA,NA
"7/5/18",10:52:00,"Gunnesbo","Ischnura_elegans","Immature",0,NA,0,NA,30,2018,NA,NA
"7/5/18",10:52:00,"Gunnesbo","Ischnura_elegans","Mature",0,NA,0,NA,30,2018,NA,NA
"7/5/18",10:52:00,"Gunnesbo","Ischnura_elegans","Immature",0,NA,0,NA,30,2018,NA,NA
"7/5/18",10:52:00,"Gunnesbo","Ischnura_elegans","Mature",0,NA,0,NA,30,2018,NA,NA
"7/5/18",10:52:00,"Gunnesbo","Ischnura_elegans","Immature",0,NA,0,NA,30,2018,NA,NA
"7/5/18",10:52:00,"Gunnesbo","Ischnura_elegans","Mature",1,NA,0,NA,30,2018,NA,NA
"7/5/18",10:52:00,"Gunnesbo","Erythromma_najas","Mature",1,NA,0,NA,30,2018,NA,NA
"7/5/18",10:52:00,"Gunnesbo","Enallagma_cyathigerum","Mature",1,NA,0,NA,30,2018,NA,NA
"7/5/18",10:52:00,"Gunnesbo","Ischnura_elegans","Mature",1,NA,0,NA,30,2018,NA,NA
"7/5/18",10:52:00,"Gunnesbo","Ischnura_elegans","Mature",1,NA,0,NA,30,2018,NA,NA
"7/5/18",10:52:00,"Gunnesbo","Ischnura_elegans","Mature",1,NA,0,NA,30,2018,NA,NA
"7/5/18",10:52:00,"Gunnesbo","Ischnura_elegans","Mature",1,NA,0,NA,30,2018,NA,NA
"7/5/18",10:52:00,"Gunnesbo","Enallagma_cyathigerum","Mature",1,NA,0,NA,30,2018,NA,NA
"7/5/18",10:52:00,"Gunnesbo","Erythromma_najas","Mature",1,NA,0,NA,30,2018,NA,NA
"7/5/18",10:52:00,"Gunnesbo","Ischnura_elegans","Mature",1,NA,0,NA,30,2018,NA,NA
"7/5/18",10:52:00,"Gunnesbo","Coenagrion_pulchellum","Mature",1,NA,0,NA,30,2018,NA,NA
"7/5/18",10:52:00,"Gunnesbo","Enallagma_cyathigerum","Mature",1,NA,0,NA,30,2018,NA,NA
"7/5/18",10:52:00,"Gunnesbo","Ischnura_elegans","Mature",1,NA,0,NA,30,2018,NA,NA
"7/5/18",10:52:00,"Gunnesbo","Ischnura_elegans","Mature",1,NA,0,NA,30,2018,NA,NA
"7/5/18",10:52:00,"Gunnesbo","Ischnura_elegans","Mature",1,NA,0,NA,30,2018,NA,NA
"7/5/18",10:52:00,"Gunnesbo","Ischnura_elegans","Teneral",1,NA,0,NA,30,2018,NA,NA
"7/5/18",10:52:00,"Gunnesbo","Ischnura_elegans","Mature",1,NA,0,NA,30,2018,NA,NA
"7/5/18",10:52:00,"Gunnesbo","Enallagma_cyathigerum","Mature",1,NA,0,NA,30,2018,NA,NA
"7/5/18",10:52:00,"Gunnesbo","Coenagrion_pulchellum","Mature",1,NA,0,NA,30,2018,NA,NA
"7/5/18",10:52:00,"Gunnesbo","Ischnura_elegans","Mature",1,NA,0,NA,30,2018,NA,NA
"7/5/18",10:52:00,"Gunnesbo","Erythromma_najas","Mature",1,NA,0,NA,30,2018,NA,NA
"7/5/18",10:52:00,"Gunnesbo","Ischnura_elegans","Mature",1,NA,1,NA,30,2018,NA,NA
"7/5/18",10:52:00,"Gunnesbo","Ischnura_elegans","Mature",0,NA,1,NA,30,2018,NA,NA
"7/5/18",10:52:00,"Gunnesbo","Ischnura_elegans","Mature",1,NA,1,NA,30,2018,NA,NA
"7/5/18",10:52:00,"Gunnesbo","Ischnura_elegans","Mature",0,NA,1,NA,30,2018,NA,NA
"7/5/18",10:52:00,"Gunnesbo","Ischnura_elegans","Mature",1,NA,0,NA,30,2018,NA,NA
"7/5/18",10:52:00,"Gunnesbo","Ischnura_elegans","Mature",1,NA,0,NA,30,2018,NA,NA
"7/5/18",10:52:00,"Gunnesbo","Ischnura_elegans","Mature",1,NA,0,NA,30,2018,NA,NA
"7/5/18",10:52:00,"Gunnesbo","Enallagma_cyathigerum","Mature",1,NA,0,NA,30,2018,NA,NA
"7/5/18",10:52:00,"Gunnesbo","Ischnura_elegans","Mature",1,NA,0,NA,30,2018,NA,NA
"7/5/18",10:52:00,"Gunnesbo","Erythromma_najas","Mature",1,NA,0,NA,30,2018,NA,NA
"7/5/18",10:52:00,"Gunnesbo","Ischnura_elegans","Mature",1,NA,0,NA,30,2018,NA,NA
"7/5/18",10:52:00,"Gunnesbo","Ischnura_elegans","Mature",1,NA,0,NA,30,2018,NA,NA
"7/5/18",10:52:00,"Gunnesbo","Ischnura_elegans","Mature",1,NA,0,NA,30,2018,NA,NA
"7/5/18",10:52:00,"Gunnesbo","Enallagma_cyathigerum","Mature",1,NA,0,NA,30,2018,NA,NA
"7/5/18",10:52:00,"Gunnesbo","Ischnura_elegans","Mature",1,NA,0,NA,30,2018,NA,NA
"7/5/18",10:52:00,"Gunnesbo","Ischnura_elegans","Mature",1,NA,0,NA,30,2018,NA,NA
"7/5/18",10:52:00,"Gunnesbo","Coenagrion_pulchellum","Mature",1,NA,0,NA,30,2018,NA,NA
"7/5/18",10:52:00,"Gunnesbo","Ischnura_elegans","Mature",0,NA,0,NA,30,2018,NA,NA
"7/5/18",10:52:00,"Gunnesbo","Ischnura_elegans","Mature",1,NA,0,NA,30,2018,NA,NA
"7/5/18",10:52:00,"Gunnesbo","Ischnura_elegans","Mature",1,NA,0,NA,30,2018,NA,NA
"7/5/18",10:52:00,"Gunnesbo","Ischnura_elegans","Mature",0,NA,0,NA,30,2018,NA,NA
"7/21/18",10:40:00,"Gunnesbo","Aeshna_grandis","Mature",1,NA,0,NA,30,2018,NA,NA
"7/21/18",10:40:00,"Gunnesbo","Anax_imperator","Mature",1,NA,0,NA,30,2018,NA,NA
"7/21/18",10:40:00,"Gunnesbo","Anax_imperator","Mature",1,NA,0,NA,30,2018,NA,NA
"7/21/18",10:40:00,"Gunnesbo","Orthetrum_cancellatum","Mature",1,NA,0,NA,30,2018,NA,NA
"7/21/18",10:40:00,"Gunnesbo","Orthetrum_cancellatum","Mature",1,NA,0,NA,30,2018,NA,NA
"7/21/18",10:40:00,"Gunnesbo","Orthetrum_cancellatum","Mature",1,NA,0,NA,30,2018,NA,NA
"7/21/18",10:40:00,"Gunnesbo","Orthetrum_cancellatum","Mature",1,NA,0,NA,30,2018,NA,NA
"7/21/18",10:40:00,"Gunnesbo","Lestes_sponsa","Mature",1,NA,0,NA,30,2018,NA,NA
"7/21/18",10:40:00,"Gunnesbo","Ischnura_elegans","Mature",1,NA,0,NA,30,2018,NA,NA
"7/21/18",10:40:00,"Gunnesbo","Enallagma_cyathigerum","Mature",1,NA,0,NA,30,2018,NA,NA
"7/21/18",10:40:00,"Gunnesbo","Enallagma_cyathigerum","Mature",1,NA,0,NA,30,2018,NA,NA
"7/21/18",10:40:00,"Gunnesbo","Enallagma_cyathigerum","Mature",1,NA,0,NA,30,2018,NA,NA
"7/21/18",10:40:00,"Gunnesbo","Erythromma_najas","Mature",1,NA,0,NA,30,2018,NA,NA
"7/21/18",10:40:00,"Gunnesbo","Enallagma_cyathigerum","Mature",1,NA,0,NA,30,2018,NA,NA
"7/21/18",10:40:00,"Gunnesbo","Ischnura_elegans","Mature",1,NA,0,NA,30,2018,NA,NA
"7/21/18",10:40:00,"Gunnesbo","Enallagma_cyathigerum","Mature",1,NA,0,NA,30,2018,NA,NA
"7/21/18",10:40:00,"Gunnesbo","Ischnura_elegans","Mature",1,NA,0,NA,30,2018,NA,NA
"7/21/18",10:40:00,"Gunnesbo","Ischnura_elegans","Mature",1,NA,0,NA,30,2018,NA,NA
"7/21/18",10:40:00,"Gunnesbo","Enallagma_cyathigerum","Mature",1,NA,0,NA,30,2018,NA,NA
"7/21/18",10:40:00,"Gunnesbo","Ischnura_elegans","Mature",1,NA,0,NA,30,2018,NA,NA
"7/21/18",10:40:00,"Gunnesbo","Enallagma_cyathigerum","Mature",1,NA,0,NA,30,2018,NA,NA
"7/21/18",10:40:00,"Gunnesbo","Ischnura_elegans","Mature",1,NA,0,NA,30,2018,NA,NA
"7/21/18",10:40:00,"Gunnesbo","Ischnura_elegans","Mature",1,NA,0,NA,30,2018,NA,NA
"5/21/18",11:33:00,"Habo_Gard","Ischnura_elegans","Immature",1,NA,0,NA,30,2018,NA,NA
"5/21/18",11:33:00,"Habo_Gard","Ischnura_elegans","Teneral",1,NA,0,NA,30,2018,NA,NA
"5/21/18",11:33:00,"Habo_Gard","Ischnura_elegans","Immature",1,NA,0,NA,30,2018,NA,NA
"5/21/18",11:33:00,"Habo_Gard","Ischnura_elegans","Mature",1,NA,0,NA,30,2018,NA,NA
"5/21/18",11:33:00,"Habo_Gard","Ischnura_elegans","Immature",1,NA,0,NA,30,2018,NA,NA
"5/21/18",11:33:00,"Habo_Gard","Ischnura_elegans","Mature",1,NA,0,NA,30,2018,NA,NA
"5/21/18",11:33:00,"Habo_Gard","Ischnura_elegans","Mature",1,NA,0,NA,30,2018,NA,NA
"5/21/18",11:33:00,"Habo_Gard","Ischnura_elegans","Mature",1,NA,0,NA,30,2018,NA,NA
"5/21/18",11:33:00,"Habo_Gard","Ischnura_elegans","Mature",1,NA,0,NA,30,2018,NA,NA
"5/21/18",11:33:00,"Habo_Gard","Ischnura_elegans","Teneral",1,NA,0,NA,30,2018,NA,NA
"5/21/18",11:33:00,"Habo_Gard","Ischnura_elegans","Mature",1,NA,0,NA,30,2018,NA,NA
"5/21/18",11:33:00,"Habo_Gard","Ischnura_elegans","Immature",1,NA,0,NA,30,2018,NA,NA
"5/21/18",11:33:00,"Habo_Gard","Ischnura_elegans","Mature",1,NA,0,NA,30,2018,NA,NA
"5/21/18",11:33:00,"Habo_Gard","Ischnura_elegans","Teneral",1,NA,0,NA,30,2018,NA,NA
"5/21/18",11:33:00,"Habo_Gard","Ischnura_elegans","Immature",0,NA,0,NA,30,2018,NA,NA
"5/21/18",11:33:00,"Habo_Gard","Ischnura_elegans","Immature",0,NA,0,NA,30,2018,NA,NA
"5/21/18",11:33:00,"Habo_Gard","Coenagrion_pulchellum","Mature",0,NA,0,NA,30,2018,NA,NA
"5/21/18",11:33:00,"Habo_Gard","Ischnura_elegans","Mature",0,NA,0,NA,30,2018,NA,NA
"5/21/18",11:33:00,"Habo_Gard","Ischnura_elegans","Mature",0,NA,0,NA,30,2018,NA,NA
"5/21/18",11:33:00,"Habo_Gard","Ischnura_elegans","Mature",0,NA,0,NA,30,2018,NA,NA
"5/21/18",11:33:00,"Habo_Gard","Ischnura_elegans","Immature",0,NA,0,NA,30,2018,NA,NA
"5/21/18",11:33:00,"Habo_Gard","Ischnura_elegans","Immature",0,NA,0,NA,30,2018,NA,NA
"5/21/18",11:33:00,"Habo_Gard","Ischnura_elegans","Immature",0,NA,0,NA,30,2018,NA,NA
"5/21/18",11:33:00,"Habo_Gard","Erythromma_najas","Teneral",0,NA,0,NA,30,2018,NA,NA
"5/21/18",11:33:00,"Habo_Gard","Ischnura_elegans","Teneral",0,NA,0,NA,30,2018,NA,NA
"5/21/18",11:33:00,"Habo_Gard","Ischnura_elegans","Immature",0,NA,0,NA,30,2018,NA,NA
"5/21/18",11:33:00,"Habo_Gard","Ischnura_elegans","Teneral",0,NA,0,NA,30,2018,NA,NA
"5/21/18",11:33:00,"Habo_Gard","Ischnura_elegans","Mature",0,NA,0,NA,30,2018,NA,NA
"5/21/18",11:33:00,"Habo_Gard","Ischnura_elegans","Teneral",0,NA,0,NA,30,2018,NA,NA
"5/21/18",11:33:00,"Habo_Gard","Ischnura_elegans","Teneral",0,NA,0,NA,30,2018,NA,NA
"6/25/18",10:46:00,"Habo_Gard","Ischnura_elegans","Immature",0,NA,0,NA,30,2018,NA,NA
"6/25/18",10:46:00,"Habo_Gard","Ischnura_elegans","Mature",1,NA,0,NA,30,2018,NA,NA
"6/25/18",10:46:00,"Habo_Gard","Ischnura_elegans","Mature",1,NA,0,NA,30,2018,NA,NA
"6/25/18",10:46:00,"Habo_Gard","Ischnura_elegans","Teneral",0,NA,0,NA,30,2018,NA,NA
"6/25/18",10:46:00,"Habo_Gard","Ischnura_elegans","Mature",1,NA,0,NA,30,2018,NA,NA
"6/25/18",10:46:00,"Habo_Gard","Ischnura_elegans","Mature",1,NA,0,NA,30,2018,NA,NA
"6/25/18",10:46:00,"Habo_Gard","Ischnura_elegans","Mature",1,NA,0,NA,30,2018,NA,NA
"6/25/18",10:46:00,"Habo_Gard","Ischnura_elegans","Mature",1,NA,0,NA,30,2018,NA,NA
"5/23/18",09:55:00,"Hoje_A_14","Ischnura_elegans","Mature",1,NA,0,NA,30,2018,NA,NA
"5/23/18",09:55:00,"Hoje_A_14","Enallagma_cyathigerum","Mature",1,NA,0,NA,30,2018,NA,NA
"5/23/18",09:55:00,"Hoje_A_14","Enallagma_cyathigerum","Mature",1,NA,0,NA,30,2018,NA,NA
"5/23/18",09:55:00,"Hoje_A_14","Enallagma_cyathigerum","Mature",1,NA,0,NA,30,2018,NA,NA
"5/23/18",09:55:00,"Hoje_A_14","Enallagma_cyathigerum","Mature",1,NA,0,NA,30,2018,NA,NA
"5/23/18",09:55:00,"Hoje_A_14","Coenagrion_pulchellum","Mature",1,NA,0,NA,30,2018,NA,NA
"5/23/18",09:55:00,"Hoje_A_14","Coenagrion_pulchellum","Immature",1,NA,0,NA,30,2018,NA,NA
"5/23/18",09:55:00,"Hoje_A_14","Coenagrion_pulchellum","Mature",1,NA,0,NA,30,2018,NA,NA
"5/23/18",09:55:00,"Hoje_A_14","Coenagrion_pulchellum","Mature",1,NA,0,NA,30,2018,NA,NA
"5/23/18",09:55:00,"Hoje_A_14","Coenagrion_pulchellum","Mature",1,NA,0,NA,30,2018,NA,NA
"5/23/18",09:55:00,"Hoje_A_14","Coenagrion_pulchellum","Mature",1,NA,0,NA,30,2018,NA,NA
"5/23/18",09:55:00,"Hoje_A_14","Coenagrion_pulchellum","Mature",1,NA,0,NA,30,2018,NA,NA
"5/23/18",09:55:00,"Hoje_A_14","Enallagma_cyathigerum","Mature",1,NA,0,NA,30,2018,NA,NA
"5/23/18",09:55:00,"Hoje_A_14","Coenagrion_pulchellum","Immature",1,NA,0,NA,30,2018,NA,NA
"5/23/18",09:55:00,"Hoje_A_14","Coenagrion_pulchellum","Immature",1,NA,0,NA,30,2018,NA,NA
"5/23/18",09:55:00,"Hoje_A_14","Coenagrion_pulchellum","Immature",1,NA,0,NA,30,2018,NA,NA
"5/23/18",09:55:00,"Hoje_A_14","Coenagrion_pulchellum","Mature",1,NA,0,NA,30,2018,NA,NA
"5/23/18",09:55:00,"Hoje_A_14","Coenagrion_pulchellum","Immature",1,NA,0,NA,30,2018,NA,NA
"5/23/18",09:55:00,"Hoje_A_14","Coenagrion_pulchellum","Mature",1,NA,0,NA,30,2018,NA,NA
"5/23/18",09:55:00,"Hoje_A_14","Coenagrion_pulchellum","Immature",1,NA,0,NA,30,2018,NA,NA
"5/23/18",09:55:00,"Hoje_A_14","Coenagrion_pulchellum","Immature",1,NA,0,NA,30,2018,NA,NA
"5/23/18",09:55:00,"Hoje_A_14","Coenagrion_pulchellum","Mature",1,NA,0,NA,30,2018,NA,NA
"5/23/18",09:55:00,"Hoje_A_14","Ischnura_elegans","Mature",1,NA,0,NA,30,2018,NA,NA
"5/23/18",09:55:00,"Hoje_A_14","Coenagrion_pulchellum","Mature",1,NA,0,NA,30,2018,NA,NA
"5/23/18",09:55:00,"Hoje_A_14","Coenagrion_pulchellum","Immature",1,NA,0,NA,30,2018,NA,NA
"5/23/18",09:55:00,"Hoje_A_14","Coenagrion_pulchellum","Mature",1,NA,0,NA,30,2018,NA,NA
"5/23/18",09:55:00,"Hoje_A_14","Ischnura_elegans","Mature",0,NA,0,NA,30,2018,NA,NA
"5/23/18",09:55:00,"Hoje_A_14","Coenagrion_pulchellum","Mature",0,NA,0,NA,30,2018,NA,NA
"5/23/18",09:55:00,"Hoje_A_14","Coenagrion_pulchellum","Mature",0,NA,0,NA,30,2018,NA,NA
"5/23/18",09:55:00,"Hoje_A_14","Ischnura_elegans","Teneral",0,NA,0,NA,30,2018,NA,NA
"5/23/18",09:55:00,"Hoje_A_14","Coenagrion_pulchellum","Mature",0,NA,0,NA,30,2018,NA,NA
"5/23/18",09:55:00,"Hoje_A_14","Ischnura_elegans","Teneral",0,NA,0,NA,30,2018,NA,NA
"5/23/18",09:55:00,"Hoje_A_14","Ischnura_elegans","Immature",0,NA,0,NA,30,2018,NA,NA
"5/23/18",09:55:00,"Hoje_A_14","Ischnura_elegans","Teneral",1,NA,0,NA,30,2018,NA,NA
"5/23/18",09:55:00,"Hoje_A_14","Coenagrion_pulchellum","Mature",1,NA,1,NA,30,2018,NA,NA
"5/23/18",09:55:00,"Hoje_A_14","Coenagrion_pulchellum","Mature",0,NA,1,NA,30,2018,NA,NA
"5/23/18",09:55:00,"Hoje_A_14","Coenagrion_pulchellum","Mature",1,NA,1,NA,30,2018,NA,NA
"5/23/18",09:55:00,"Hoje_A_14","Coenagrion_pulchellum","Mature",0,NA,1,NA,30,2018,NA,NA
"5/23/18",09:55:00,"Hoje_A_14","Coenagrion_pulchellum","Mature",0,NA,1,NA,30,2018,NA,NA
"5/23/18",09:55:00,"Hoje_A_14","Coenagrion_pulchellum","Mature",1,NA,1,NA,30,2018,NA,NA
"5/23/18",09:55:00,"Hoje_A_14","Coenagrion_pulchellum","Mature",1,NA,1,NA,30,2018,NA,NA
"5/23/18",09:55:00,"Hoje_A_14","Coenagrion_pulchellum","Mature",0,NA,1,NA,30,2018,NA,NA
"5/23/18",09:55:00,"Hoje_A_14","Coenagrion_pulchellum","Mature",1,NA,1,NA,30,2018,NA,NA
"5/23/18",09:55:00,"Hoje_A_14","Coenagrion_pulchellum","Mature",0,NA,1,NA,30,2018,NA,NA
"5/23/18",09:55:00,"Hoje_A_14","Brachytron_pratense","Mature",1,NA,0,NA,30,2018,NA,NA
"5/23/18",09:55:00,"Hoje_A_14","Brachytron_pratense","Mature",1,NA,0,NA,30,2018,NA,NA
"5/23/18",09:55:00,"Hoje_A_14","Brachytron_pratense","Mature",1,NA,0,NA,30,2018,NA,NA
"6/3/18",09:48:00,"Hoje_A_14","Coenagrion_puella","Mature",1,NA,0,NA,30,2018,NA,NA
"6/3/18",09:48:00,"Hoje_A_14","Ischnura_elegans","Mature",0,NA,0,NA,30,2018,NA,NA
"6/3/18",09:48:00,"Hoje_A_14","Coenagrion_puella","Mature",1,NA,0,NA,30,2018,NA,NA
"6/3/18",09:48:00,"Hoje_A_14","Enallagma_cyathigerum","Immature",1,NA,0,NA,30,2018,NA,NA
"6/3/18",09:48:00,"Hoje_A_14","Ischnura_elegans","Mature",0,NA,0,NA,30,2018,NA,NA
"6/3/18",09:48:00,"Hoje_A_14","Enallagma_cyathigerum","Mature",1,NA,0,NA,30,2018,NA,NA
"6/3/18",09:48:00,"Hoje_A_14","Ischnura_elegans","Immature",0,NA,0,NA,30,2018,NA,NA
"6/3/18",09:48:00,"Hoje_A_14","Enallagma_cyathigerum","Mature",1,NA,0,NA,30,2018,NA,NA
"6/3/18",09:48:00,"Hoje_A_14","Enallagma_cyathigerum","Mature",1,NA,0,NA,30,2018,NA,NA
"6/3/18",09:48:00,"Hoje_A_14","Enallagma_cyathigerum","Mature",1,NA,0,NA,30,2018,NA,NA
"6/3/18",09:48:00,"Hoje_A_14","Enallagma_cyathigerum","Mature",1,NA,0,NA,30,2018,NA,NA
"6/3/18",09:48:00,"Hoje_A_14","Enallagma_cyathigerum","Mature",1,NA,0,NA,30,2018,NA,NA
"6/3/18",09:48:00,"Hoje_A_14","Ischnura_elegans","Mature",1,NA,0,NA,30,2018,NA,NA
"6/3/18",09:48:00,"Hoje_A_14","Enallagma_cyathigerum","Mature",1,NA,0,NA,30,2018,NA,NA
"6/3/18",09:48:00,"Hoje_A_14","Enallagma_cyathigerum","Mature",1,NA,0,NA,30,2018,NA,NA
"6/3/18",09:48:00,"Hoje_A_14","Enallagma_cyathigerum","Mature",1,NA,0,NA,30,2018,NA,NA
"6/3/18",09:48:00,"Hoje_A_14","Coenagrion_pulchellum","Mature",1,NA,0,NA,30,2018,NA,NA
"6/3/18",09:48:00,"Hoje_A_14","Coenagrion_pulchellum","Mature",1,NA,0,NA,30,2018,NA,NA
"6/3/18",09:48:00,"Hoje_A_14","Ischnura_elegans","Mature",1,NA,0,NA,30,2018,NA,NA
"6/3/18",09:48:00,"Hoje_A_14","Enallagma_cyathigerum","Mature",1,NA,0,NA,30,2018,NA,NA
"6/3/18",09:48:00,"Hoje_A_14","Enallagma_cyathigerum","Mature",1,NA,0,NA,30,2018,NA,NA
"6/3/18",09:48:00,"Hoje_A_14","Enallagma_cyathigerum","Mature",1,NA,0,NA,30,2018,NA,NA
"6/3/18",09:48:00,"Hoje_A_14","Enallagma_cyathigerum","Mature",1,NA,0,NA,30,2018,NA,NA
"6/3/18",09:48:00,"Hoje_A_14","Enallagma_cyathigerum","Mature",1,NA,0,NA,30,2018,NA,NA
"6/3/18",09:48:00,"Hoje_A_14","Ischnura_elegans","Mature",1,NA,0,NA,30,2018,NA,NA
"6/3/18",09:48:00,"Hoje_A_14","Enallagma_cyathigerum","Mature",1,NA,0,NA,30,2018,NA,NA
"6/3/18",09:48:00,"Hoje_A_14","Ischnura_elegans","Mature",0,NA,0,NA,30,2018,NA,NA
"6/3/18",09:48:00,"Hoje_A_14","Coenagrion_puella","Mature",1,NA,0,NA,30,2018,NA,NA
"6/3/18",09:48:00,"Hoje_A_14","Enallagma_cyathigerum","Mature",1,NA,0,NA,30,2018,NA,NA
"6/3/18",09:48:00,"Hoje_A_14","Enallagma_cyathigerum","Mature",1,NA,0,NA,30,2018,NA,NA
"6/3/18",09:48:00,"Hoje_A_14","Enallagma_cyathigerum","Mature",1,NA,0,NA,30,2018,NA,NA
"6/3/18",09:48:00,"Hoje_A_14","Coenagrion_puella","Mature",1,NA,0,NA,30,2018,NA,NA
"6/3/18",09:48:00,"Hoje_A_14","Enallagma_cyathigerum","Mature",1,NA,0,NA,30,2018,NA,NA
"6/3/18",09:48:00,"Hoje_A_14","Coenagrion_pulchellum","Mature",1,NA,0,NA,30,2018,NA,NA
"6/3/18",09:48:00,"Hoje_A_14","Enallagma_cyathigerum","Mature",1,NA,0,NA,30,2018,NA,NA
"6/3/18",09:48:00,"Hoje_A_14","Coenagrion_puella","Mature",1,NA,0,NA,30,2018,NA,NA
"6/3/18",09:48:00,"Hoje_A_14","Enallagma_cyathigerum","Mature",1,NA,0,NA,30,2018,NA,NA
"6/3/18",09:48:00,"Hoje_A_14","Enallagma_cyathigerum","Mature",1,NA,0,NA,30,2018,NA,NA
"6/3/18",09:48:00,"Hoje_A_14","Coenagrion_puella","Mature",1,NA,0,NA,30,2018,NA,NA
"6/3/18",09:48:00,"Hoje_A_14","Ischnura_elegans","Teneral",0,NA,0,NA,30,2018,NA,NA
"6/3/18",09:48:00,"Hoje_A_14","Enallagma_cyathigerum","Mature",1,NA,0,NA,30,2018,NA,NA
"6/3/18",09:48:00,"Hoje_A_14","Coenagrion_puella","Mature",1,NA,0,NA,30,2018,NA,NA
"6/3/18",09:48:00,"Hoje_A_14","Coenagrion_pulchellum","Mature",1,NA,0,NA,30,2018,NA,NA
"6/3/18",09:48:00,"Hoje_A_14","Coenagrion_pulchellum","Mature",1,NA,0,NA,30,2018,NA,NA
"6/3/18",09:48:00,"Hoje_A_14","Coenagrion_pulchellum","Mature",1,NA,0,NA,30,2018,NA,NA
"6/3/18",09:48:00,"Hoje_A_14","Enallagma_cyathigerum","Mature",1,NA,0,NA,30,2018,NA,NA
"6/3/18",09:48:00,"Hoje_A_14","Coenagrion_pulchellum","Teneral",1,NA,0,NA,30,2018,NA,NA
"6/3/18",09:48:00,"Hoje_A_14","Enallagma_cyathigerum","Mature",1,NA,0,NA,30,2018,NA,NA
"6/3/18",09:48:00,"Hoje_A_14","Enallagma_cyathigerum","Mature",1,NA,0,NA,30,2018,NA,NA
"6/3/18",09:48:00,"Hoje_A_14","Enallagma_cyathigerum","Mature",1,NA,0,NA,30,2018,NA,NA
"6/3/18",09:48:00,"Hoje_A_14","Enallagma_cyathigerum","Mature",1,NA,0,NA,30,2018,NA,NA
"6/3/18",09:48:00,"Hoje_A_14","Ischnura_elegans","Mature",0,NA,0,NA,30,2018,NA,NA
"6/3/18",09:48:00,"Hoje_A_14","Coenagrion_pulchellum","Mature",1,NA,0,NA,30,2018,NA,NA
"6/3/18",09:48:00,"Hoje_A_14","Coenagrion_puella","Mature",1,NA,0,NA,30,2018,NA,NA
"6/3/18",09:48:00,"Hoje_A_14","Enallagma_cyathigerum","Mature",1,NA,0,NA,30,2018,NA,NA
"6/3/18",09:48:00,"Hoje_A_14","Coenagrion_pulchellum","Mature",1,NA,0,NA,30,2018,NA,NA
"6/3/18",09:48:00,"Hoje_A_14","Coenagrion_pulchellum","Mature",1,NA,1,NA,30,2018,NA,NA
"6/3/18",09:48:00,"Hoje_A_14","Coenagrion_pulchellum","Mature",0,NA,1,NA,30,2018,NA,NA
"6/3/18",09:48:00,"Hoje_A_14","Coenagrion_pulchellum","Mature",1,NA,1,NA,30,2018,NA,NA
"6/3/18",09:48:00,"Hoje_A_14","Coenagrion_pulchellum","Mature",0,NA,1,NA,30,2018,NA,NA
"6/3/18",09:48:00,"Hoje_A_14","Coenagrion_pulchellum","Mature",1,NA,1,NA,30,2018,NA,NA
"6/3/18",09:48:00,"Hoje_A_14","Coenagrion_pulchellum","Mature",0,NA,1,NA,30,2018,NA,NA
"6/3/18",09:48:00,"Hoje_A_14","Coenagrion_pulchellum","Mature",1,NA,1,NA,30,2018,NA,NA
"6/3/18",09:48:00,"Hoje_A_14","Coenagrion_pulchellum","Mature",0,NA,1,NA,30,2018,NA,NA
"6/3/18",09:48:00,"Hoje_A_14","Enallagma_cyathigerum","Mature",1,NA,1,NA,30,2018,NA,NA
"6/3/18",09:48:00,"Hoje_A_14","Enallagma_cyathigerum","Mature",0,NA,1,NA,30,2018,NA,NA
"6/3/18",09:48:00,"Hoje_A_14","Coenagrion_pulchellum","Mature",1,NA,1,NA,30,2018,NA,NA
"6/3/18",09:48:00,"Hoje_A_14","Coenagrion_pulchellum","Mature",0,NA,1,NA,30,2018,NA,NA
"6/3/18",09:48:00,"Hoje_A_14","Enallagma_cyathigerum","Mature",1,NA,1,NA,30,2018,NA,NA
"6/3/18",09:48:00,"Hoje_A_14","Enallagma_cyathigerum","Mature",0,NA,1,NA,30,2018,NA,NA
"6/3/18",09:48:00,"Hoje_A_14","Coenagrion_pulchellum","Mature",1,NA,1,NA,30,2018,NA,NA
"6/3/18",09:48:00,"Hoje_A_14","Coenagrion_pulchellum","Mature",0,NA,1,NA,30,2018,NA,NA
"6/3/18",09:48:00,"Hoje_A_14","Coenagrion_pulchellum","Mature",1,NA,1,NA,30,2018,NA,NA
"6/3/18",09:48:00,"Hoje_A_14","Coenagrion_pulchellum","Mature",0,NA,1,NA,30,2018,NA,NA
"6/3/18",09:48:00,"Hoje_A_14","Coenagrion_pulchellum","Mature",1,NA,1,NA,30,2018,NA,NA
"6/3/18",09:48:00,"Hoje_A_14","Coenagrion_pulchellum","Mature",0,NA,1,NA,30,2018,NA,NA
"6/3/18",09:48:00,"Hoje_A_14","Coenagrion_pulchellum","Mature",0,NA,1,NA,30,2018,NA,NA
"6/3/18",09:48:00,"Hoje_A_14","Coenagrion_pulchellum","Mature",1,NA,1,NA,30,2018,NA,NA
"6/3/18",09:48:00,"Hoje_A_14","Coenagrion_pulchellum","Mature",1,NA,1,NA,30,2018,NA,NA
"6/3/18",09:48:00,"Hoje_A_14","Coenagrion_pulchellum","Mature",0,NA,1,NA,30,2018,NA,NA
"6/3/18",09:48:00,"Hoje_A_14","Coenagrion_pulchellum","Mature",0,NA,1,NA,30,2018,NA,NA
"6/3/18",09:48:00,"Hoje_A_14","Coenagrion_pulchellum","Mature",1,NA,1,NA,30,2018,NA,NA
"6/3/18",09:48:00,"Hoje_A_14","Coenagrion_pulchellum","Mature",1,NA,1,NA,30,2018,NA,NA
"6/3/18",09:48:00,"Hoje_A_14","Coenagrion_pulchellum","Mature",0,NA,1,NA,30,2018,NA,NA
"6/3/18",09:48:00,"Hoje_A_14","Coenagrion_pulchellum","Mature",0,NA,1,NA,30,2018,NA,NA
"6/3/18",09:48:00,"Hoje_A_14","Coenagrion_pulchellum","Mature",1,NA,1,NA,30,2018,NA,NA
"6/3/18",09:48:00,"Hoje_A_14","Coenagrion_pulchellum","Mature",1,NA,1,NA,30,2018,NA,NA
"6/3/18",09:48:00,"Hoje_A_14","Coenagrion_pulchellum","Mature",0,NA,1,NA,30,2018,NA,NA
"6/3/18",09:48:00,"Hoje_A_14","Ischnura_elegans","Mature",1,NA,0,NA,30,2018,NA,NA
"6/3/18",09:48:00,"Hoje_A_14","Anax_imperator","Mature",1,NA,0,NA,30,2018,NA,NA
"6/3/18",09:48:00,"Hoje_A_14","Anax_imperator","Mature",1,NA,0,NA,30,2018,NA,NA
"6/3/18",09:48:00,"Hoje_A_14","Cordulia_aenea","Mature",1,NA,0,NA,30,2018,NA,NA
"6/3/18",09:48:00,"Hoje_A_14","Cordulia_aenea","Mature",1,NA,0,NA,30,2018,NA,NA
"6/3/18",09:48:00,"Hoje_A_14","Cordulia_aenea","Mature",1,NA,0,NA,30,2018,NA,NA
"6/3/18",09:48:00,"Hoje_A_14","Cordulia_aenea","Mature",1,NA,0,NA,30,2018,NA,NA
"6/3/18",09:48:00,"Hoje_A_14","Libellula_quadrimaculata","Mature",1,NA,0,NA,30,2018,NA,NA
"6/3/18",09:48:00,"Hoje_A_14","Libellula_quadrimaculata","Mature",1,NA,0,NA,30,2018,NA,NA
"6/3/18",09:48:00,"Hoje_A_14","Libellula_quadrimaculata","Mature",1,NA,0,NA,30,2018,NA,NA
"6/3/18",09:48:00,"Hoje_A_14","Libellula_quadrimaculata","Mature",1,NA,0,NA,30,2018,NA,NA
"6/26/18",10:59:00,"Hoje_A_14","Aeshna_isoceles","Mature",1,NA,0,NA,30,2018,NA,NA
"6/26/18",10:59:00,"Hoje_A_14","Anax_imperator","Mature",1,NA,0,NA,30,2018,NA,NA
"6/26/18",10:59:00,"Hoje_A_14","Sympetrum_sanguineum","Immature",1,NA,0,NA,30,2018,NA,NA
"6/26/18",10:59:00,"Hoje_A_14","Sympetrum_sanguineum","Immature",1,NA,0,NA,30,2018,NA,NA
"6/26/18",10:59:00,"Hoje_A_14","Sympetrum_sanguineum","Immature",1,NA,0,NA,30,2018,NA,NA
"6/26/18",10:59:00,"Hoje_A_14","Sympetrum_sanguineum","Immature",1,NA,0,NA,30,2018,NA,NA
"6/26/18",10:59:00,"Hoje_A_14","Libellula_quadrimaculata","Mature",1,NA,0,NA,30,2018,NA,NA
"6/26/18",10:59:00,"Hoje_A_14","Libellula_quadrimaculata","Mature",1,NA,0,NA,30,2018,NA,NA
"6/26/18",10:59:00,"Hoje_A_14","Libellula_quadrimaculata","Mature",1,NA,0,NA,30,2018,NA,NA
"6/26/18",10:59:00,"Hoje_A_14","Libellula_quadrimaculata","Mature",1,NA,0,NA,30,2018,NA,NA
"6/26/18",10:59:00,"Hoje_A_14","Enallagma_cyathigerum","Mature",0,NA,0,NA,30,2018,NA,NA
"6/26/18",10:59:00,"Hoje_A_14","Lestes_sponsa","Mature",0,NA,0,NA,30,2018,NA,NA
"6/26/18",10:59:00,"Hoje_A_14","Lestes_sponsa","Mature",1,NA,0,NA,30,2018,NA,NA
"6/26/18",10:59:00,"Hoje_A_14","Ischnura_elegans","Mature",0,NA,0,NA,30,2018,NA,NA
"6/26/18",10:59:00,"Hoje_A_14","Lestes_sponsa","Mature",0,NA,0,NA,30,2018,NA,NA
"6/26/18",10:59:00,"Hoje_A_14","Ischnura_elegans","Mature",1,NA,0,NA,30,2018,NA,NA
"6/26/18",10:59:00,"Hoje_A_14","Ischnura_elegans","Mature",0,NA,0,NA,30,2018,NA,NA
"6/26/18",10:59:00,"Hoje_A_14","Lestes_sponsa","Mature",0,NA,0,NA,30,2018,NA,NA
"6/26/18",10:59:00,"Hoje_A_14","Ischnura_elegans","Mature",0,NA,0,NA,30,2018,NA,NA
"6/26/18",10:59:00,"Hoje_A_14","Lestes_sponsa","Teneral",0,NA,0,NA,30,2018,NA,NA
"6/26/18",10:59:00,"Hoje_A_14","Ischnura_elegans","Mature",0,NA,0,NA,30,2018,NA,NA
"6/26/18",10:59:00,"Hoje_A_14","Lestes_sponsa","Teneral",0,NA,0,NA,30,2018,NA,NA
"6/26/18",10:59:00,"Hoje_A_14","Lestes_sponsa","Mature",1,NA,0,NA,30,2018,NA,NA
"6/26/18",10:59:00,"Hoje_A_14","Lestes_sponsa","Mature",1,NA,0,NA,30,2018,NA,NA
"6/26/18",10:59:00,"Hoje_A_14","Ischnura_elegans","Mature",1,NA,0,NA,30,2018,NA,NA
"6/26/18",10:59:00,"Hoje_A_14","Ischnura_elegans","Mature",1,NA,1,NA,30,2018,NA,NA
"6/26/18",10:59:00,"Hoje_A_14","Ischnura_elegans","Mature",0,NA,1,NA,30,2018,NA,NA
"6/26/18",10:59:00,"Hoje_A_14","Enallagma_cyathigerum","Mature",1,NA,0,NA,30,2018,NA,NA
"6/26/18",10:59:00,"Hoje_A_14","Ischnura_elegans","Mature",1,NA,0,NA,30,2018,NA,NA
"6/26/18",10:59:00,"Hoje_A_14","Ischnura_elegans","Mature",1,NA,1,NA,30,2018,NA,NA
"6/26/18",10:59:00,"Hoje_A_14","Ischnura_elegans","Mature",0,NA,1,NA,30,2018,NA,NA
"6/26/18",10:59:00,"Hoje_A_14","Lestes_sponsa","Mature",1,NA,0,NA,30,2018,NA,NA
"6/26/18",10:59:00,"Hoje_A_14","Ischnura_elegans","Mature",1,NA,0,NA,30,2018,NA,NA
"6/26/18",10:59:00,"Hoje_A_14","Lestes_sponsa","Mature",1,NA,0,NA,30,2018,NA,NA
"6/26/18",10:59:00,"Hoje_A_14","Lestes_sponsa","Mature",1,NA,0,NA,30,2018,NA,NA
"6/26/18",10:59:00,"Hoje_A_14","Lestes_sponsa","Mature",1,NA,0,NA,30,2018,NA,NA
"6/26/18",10:59:00,"Hoje_A_14","Ischnura_elegans","Mature",1,NA,0,NA,30,2018,NA,NA
"6/26/18",10:59:00,"Hoje_A_14","Lestes_sponsa","Mature",1,NA,0,NA,30,2018,NA,NA
"6/26/18",10:59:00,"Hoje_A_14","Lestes_sponsa","Mature",1,NA,0,NA,30,2018,NA,NA
"6/26/18",10:59:00,"Hoje_A_14","Enallagma_cyathigerum","Mature",1,NA,0,NA,30,2018,NA,NA
"6/26/18",10:59:00,"Hoje_A_14","Lestes_sponsa","Immature",1,NA,0,NA,30,2018,NA,NA
"6/26/18",10:59:00,"Hoje_A_14","Lestes_sponsa","Mature",1,NA,0,NA,30,2018,NA,NA
"6/26/18",10:59:00,"Hoje_A_14","Ischnura_elegans","Mature",1,NA,0,NA,30,2018,NA,NA
"6/26/18",10:59:00,"Hoje_A_14","Lestes_sponsa","Mature",1,NA,0,NA,30,2018,NA,NA
"6/26/18",10:59:00,"Hoje_A_14","Lestes_sponsa","Mature",1,NA,0,NA,30,2018,NA,NA
"6/26/18",10:59:00,"Hoje_A_14","Lestes_sponsa","Mature",1,NA,0,NA,30,2018,NA,NA
"6/26/18",10:59:00,"Hoje_A_14","Enallagma_cyathigerum","Mature",1,NA,0,NA,30,2018,NA,NA
"6/26/18",10:59:00,"Hoje_A_14","Lestes_sponsa","Mature",1,NA,0,NA,30,2018,NA,NA
"6/26/18",10:59:00,"Hoje_A_14","Lestes_sponsa","Mature",1,NA,0,NA,30,2018,NA,NA
"6/26/18",10:59:00,"Hoje_A_14","Lestes_sponsa","Mature",1,NA,0,NA,30,2018,NA,NA
"6/26/18",10:59:00,"Hoje_A_14","Lestes_sponsa","Immature",1,NA,0,NA,30,2018,NA,NA
"6/26/18",10:59:00,"Hoje_A_14","Lestes_sponsa","Mature",1,NA,0,NA,30,2018,NA,NA
"6/26/18",10:59:00,"Hoje_A_14","Enallagma_cyathigerum","Mature",1,NA,0,NA,30,2018,NA,NA
"6/26/18",10:59:00,"Hoje_A_14","Ischnura_elegans","Mature",1,NA,0,NA,30,2018,NA,NA
"6/26/18",10:59:00,"Hoje_A_14","Lestes_sponsa","Mature",1,NA,0,NA,30,2018,NA,NA
"6/26/18",10:59:00,"Hoje_A_14","Lestes_sponsa","Mature",1,NA,0,NA,30,2018,NA,NA
"6/26/18",10:59:00,"Hoje_A_14","Coenagrion_pulchellum","Mature",1,NA,0,NA,30,2018,NA,NA
"6/26/18",10:59:00,"Hoje_A_14","Lestes_sponsa","Mature",1,NA,0,NA,30,2018,NA,NA
"6/26/18",10:59:00,"Hoje_A_14","Lestes_sponsa","Mature",1,NA,0,NA,30,2018,NA,NA
"6/26/18",10:59:00,"Hoje_A_14","Lestes_sponsa","Mature",1,NA,0,NA,30,2018,NA,NA
"6/26/18",10:59:00,"Hoje_A_14","Ischnura_elegans","Mature",1,NA,1,NA,30,2018,NA,NA
"6/26/18",10:59:00,"Hoje_A_14","Ischnura_elegans","Mature",0,NA,1,NA,30,2018,NA,NA
"6/26/18",10:59:00,"Hoje_A_14","Lestes_sponsa","Mature",1,NA,0,NA,30,2018,NA,NA
"6/26/18",10:59:00,"Hoje_A_14","Ischnura_elegans","Mature",1,NA,0,NA,30,2018,NA,NA
"6/26/18",10:59:00,"Hoje_A_14","Lestes_sponsa","Mature",1,NA,0,NA,30,2018,NA,NA
"6/26/18",10:59:00,"Hoje_A_14","Lestes_sponsa","Mature",1,NA,0,NA,30,2018,NA,NA
"6/26/18",10:59:00,"Hoje_A_14","Lestes_sponsa","Mature",1,NA,0,NA,30,2018,NA,NA
"6/26/18",10:59:00,"Hoje_A_14","Lestes_sponsa","Mature",1,NA,0,NA,30,2018,NA,NA
"6/26/18",10:59:00,"Hoje_A_14","Lestes_sponsa","Mature",1,NA,0,NA,30,2018,NA,NA
"6/26/18",10:59:00,"Hoje_A_14","Coenagrion_pulchellum","Mature",1,NA,1,NA,30,2018,NA,NA
"6/26/18",10:59:00,"Hoje_A_14","Coenagrion_pulchellum","Mature",0,NA,1,NA,30,2018,NA,NA
"6/26/18",10:59:00,"Hoje_A_14","Lestes_sponsa","Mature",1,NA,0,NA,30,2018,NA,NA
"6/26/18",10:59:00,"Hoje_A_14","Coenagrion_pulchellum","Mature",0,NA,1,NA,30,2018,NA,NA
"6/26/18",10:59:00,"Hoje_A_14","Coenagrion_pulchellum","Mature",1,NA,1,NA,30,2018,NA,NA
"6/26/18",10:59:00,"Hoje_A_14","Ischnura_elegans","Mature",0,NA,0,NA,30,2018,NA,NA
"6/26/18",10:59:00,"Hoje_A_14","Ischnura_elegans","Mature",0,NA,1,NA,30,2018,NA,NA
"6/26/18",10:59:00,"Hoje_A_14","Ischnura_elegans","Mature",1,NA,1,NA,30,2018,NA,NA
"6/26/18",10:59:00,"Hoje_A_14","Lestes_sponsa","Mature",1,NA,0,NA,30,2018,NA,NA
"6/26/18",10:59:00,"Hoje_A_14","Lestes_sponsa","Mature",1,NA,0,NA,30,2018,NA,NA
"6/26/18",10:59:00,"Hoje_A_14","Lestes_sponsa","Mature",1,NA,0,NA,30,2018,NA,NA
"6/26/18",10:59:00,"Hoje_A_14","Ischnura_elegans","Mature",0,NA,1,NA,30,2018,NA,NA
"6/26/18",10:59:00,"Hoje_A_14","Ischnura_elegans","Mature",1,NA,1,NA,30,2018,NA,NA
"6/26/18",10:59:00,"Hoje_A_14","Lestes_sponsa","Mature",1,NA,0,NA,30,2018,NA,NA
"6/26/18",10:59:00,"Hoje_A_14","Ischnura_elegans","Mature",1,NA,0,NA,30,2018,NA,NA
"6/26/18",10:59:00,"Hoje_A_14","Ischnura_elegans","Mature",1,NA,0,NA,30,2018,NA,NA
"6/26/18",10:59:00,"Hoje_A_14","Lestes_sponsa","Teneral",1,NA,0,NA,30,2018,NA,NA
"6/26/18",10:59:00,"Hoje_A_14","Coenagrion_pulchellum","Mature",1,NA,0,NA,30,2018,NA,NA
"6/26/18",10:59:00,"Hoje_A_14","Lestes_sponsa","Mature",1,NA,1,NA,30,2018,NA,NA
"6/26/18",10:59:00,"Hoje_A_14","Lestes_sponsa","Mature",0,NA,1,NA,30,2018,NA,NA
"7/17/18",10:38:00,"Hoje_A_14","Enallagma_cyathigerum","Mature",1,NA,0,NA,30,2018,NA,NA
"7/17/18",10:38:00,"Hoje_A_14","Lestes_sponsa","Mature",0,NA,0,NA,30,2018,NA,NA
"7/17/18",10:38:00,"Hoje_A_14","Enallagma_cyathigerum","Mature",1,NA,0,NA,30,2018,NA,NA
"7/17/18",10:38:00,"Hoje_A_14","Lestes_sponsa","Mature",1,NA,0,NA,30,2018,NA,NA
"7/17/18",10:38:00,"Hoje_A_14","Ischnura_elegans","Mature",1,NA,0,NA,30,2018,NA,NA
"7/17/18",10:38:00,"Hoje_A_14","Lestes_sponsa","Mature",1,NA,0,NA,30,2018,NA,NA
"7/17/18",10:38:00,"Hoje_A_14","Enallagma_cyathigerum","Mature",1,NA,0,NA,30,2018,NA,NA
"7/17/18",10:38:00,"Hoje_A_14","Lestes_sponsa","Mature",1,NA,0,NA,30,2018,NA,NA
"7/17/18",10:38:00,"Hoje_A_14","Lestes_sponsa","Mature",1,NA,0,NA,30,2018,NA,NA
"7/17/18",10:38:00,"Hoje_A_14","Lestes_sponsa","Mature",1,NA,0,NA,30,2018,NA,NA
"7/17/18",10:38:00,"Hoje_A_14","Lestes_sponsa","Mature",1,NA,0,NA,30,2018,NA,NA
"7/17/18",10:38:00,"Hoje_A_14","Lestes_sponsa","Mature",1,NA,0,NA,30,2018,NA,NA
"7/17/18",10:38:00,"Hoje_A_14","Enallagma_cyathigerum","Mature",1,NA,0,NA,30,2018,NA,NA
"7/17/18",10:38:00,"Hoje_A_14","Enallagma_cyathigerum","Mature",1,NA,0,NA,30,2018,NA,NA
"7/17/18",10:38:00,"Hoje_A_14","Lestes_sponsa","Mature",1,NA,0,NA,30,2018,NA,NA
"7/17/18",10:38:00,"Hoje_A_14","Erythromma_najas","Mature",1,NA,0,NA,30,2018,NA,NA
"7/17/18",10:38:00,"Hoje_A_14","Ischnura_elegans","Mature",1,NA,0,NA,30,2018,NA,NA
"7/17/18",10:38:00,"Hoje_A_14","Ischnura_elegans","Mature",1,NA,0,NA,30,2018,NA,NA
"7/17/18",10:38:00,"Hoje_A_14","Ischnura_elegans","Mature",1,NA,0,NA,30,2018,NA,NA
"7/17/18",10:38:00,"Hoje_A_14","Ischnura_elegans","Mature",1,NA,0,NA,30,2018,NA,NA
"7/17/18",10:38:00,"Hoje_A_14","Enallagma_cyathigerum","Mature",1,NA,0,NA,30,2018,NA,NA
"7/17/18",10:38:00,"Hoje_A_14","Enallagma_cyathigerum","Mature",1,NA,0,NA,30,2018,NA,NA
"7/17/18",10:38:00,"Hoje_A_14","Ischnura_elegans","Mature",1,NA,0,NA,30,2018,NA,NA
"7/17/18",10:38:00,"Hoje_A_14","Lestes_sponsa","Mature",1,NA,0,NA,30,2018,NA,NA
"7/17/18",10:38:00,"Hoje_A_14","Lestes_sponsa","Mature",1,NA,0,NA,30,2018,NA,NA
"7/17/18",10:38:00,"Hoje_A_14","Ischnura_elegans","Mature",1,NA,0,NA,30,2018,NA,NA
"7/17/18",10:38:00,"Hoje_A_14","Lestes_sponsa","Mature",1,NA,0,NA,30,2018,NA,NA
"7/17/18",10:38:00,"Hoje_A_14","Lestes_sponsa","Mature",1,NA,0,NA,30,2018,NA,NA
"7/17/18",10:38:00,"Hoje_A_14","Ischnura_elegans","Mature",1,NA,0,NA,30,2018,NA,NA
"7/17/18",10:38:00,"Hoje_A_14","Ischnura_elegans","Mature",0,NA,0,NA,30,2018,NA,NA
"7/17/18",10:38:00,"Hoje_A_14","Lestes_sponsa","Mature",1,NA,0,NA,30,2018,NA,NA
"7/17/18",10:38:00,"Hoje_A_14","Ischnura_elegans","Mature",1,NA,0,NA,30,2018,NA,NA
"7/17/18",10:38:00,"Hoje_A_14","Lestes_sponsa","Mature",1,NA,0,NA,30,2018,NA,NA
"7/17/18",10:38:00,"Hoje_A_14","Ischnura_elegans","Mature",0,NA,0,NA,30,2018,NA,NA
"7/17/18",10:38:00,"Hoje_A_14","Lestes_sponsa","Mature",1,NA,0,NA,30,2018,NA,NA
"7/17/18",10:38:00,"Hoje_A_14","Ischnura_elegans","Mature",0,NA,0,NA,30,2018,NA,NA
"7/17/18",10:38:00,"Hoje_A_14","Lestes_sponsa","Mature",1,NA,0,NA,30,2018,NA,NA
"7/17/18",10:38:00,"Hoje_A_14","Lestes_sponsa","Mature",0,NA,0,NA,30,2018,NA,NA
"7/17/18",10:38:00,"Hoje_A_14","Lestes_sponsa","Mature",1,NA,0,NA,30,2018,NA,NA
"7/17/18",10:38:00,"Hoje_A_14","Lestes_sponsa","Mature",0,NA,0,NA,30,2018,NA,NA
"7/17/18",10:38:00,"Hoje_A_14","Lestes_sponsa","Mature",1,NA,0,NA,30,2018,NA,NA
"7/17/18",10:38:00,"Hoje_A_14","Lestes_sponsa","Mature",1,NA,0,NA,30,2018,NA,NA
"7/17/18",10:38:00,"Hoje_A_14","Lestes_sponsa","Mature",1,NA,0,NA,30,2018,NA,NA
"7/17/18",10:38:00,"Hoje_A_14","Lestes_sponsa","Mature",1,NA,0,NA,30,2018,NA,NA
"7/17/18",10:38:00,"Hoje_A_14","Ischnura_elegans","Mature",1,NA,0,NA,30,2018,NA,NA
"7/17/18",10:38:00,"Hoje_A_14","Ischnura_elegans","Mature",1,NA,0,NA,30,2018,NA,NA
"7/17/18",10:38:00,"Hoje_A_14","Lestes_sponsa","Mature",1,NA,0,NA,30,2018,NA,NA
"7/17/18",10:38:00,"Hoje_A_14","Lestes_sponsa","Mature",1,NA,0,NA,30,2018,NA,NA
"5/23/18",11:11:00,"Hoje_A_6","Coenagrion_pulchellum","Mature",0,NA,0,NA,30,2018,NA,NA
"5/23/18",11:11:00,"Hoje_A_6","Enallagma_cyathigerum","Immature",0,NA,0,NA,30,2018,NA,NA
"5/23/18",11:11:00,"Hoje_A_6","Enallagma_cyathigerum","Teneral",0,NA,0,NA,30,2018,NA,NA
"5/23/18",11:11:00,"Hoje_A_6","Coenagrion_puella","Teneral",0,NA,0,NA,30,2018,NA,NA
"5/23/18",11:11:00,"Hoje_A_6","Enallagma_cyathigerum","Mature",1,NA,1,NA,30,2018,NA,NA
"5/23/18",11:11:00,"Hoje_A_6","Enallagma_cyathigerum","Mature",0,NA,1,NA,30,2018,NA,NA
"5/23/18",11:11:00,"Hoje_A_6","Coenagrion_puella","Mature",1,NA,1,NA,30,2018,NA,NA
"5/23/18",11:11:00,"Hoje_A_6","Coenagrion_puella","Mature",0,NA,1,NA,30,2018,NA,NA
"5/23/18",11:11:00,"Hoje_A_6","Coenagrion_puella","Mature",1,NA,0,NA,30,2018,NA,NA
"5/23/18",11:11:00,"Hoje_A_6","Erythromma_najas","Mature",1,NA,0,NA,30,2018,NA,NA
"5/23/18",11:11:00,"Hoje_A_6","Enallagma_cyathigerum","Mature",1,NA,0,NA,30,2018,NA,NA
"5/23/18",11:11:00,"Hoje_A_6","Enallagma_cyathigerum","Teneral",1,NA,0,NA,30,2018,NA,NA
"5/23/18",11:11:00,"Hoje_A_6","Enallagma_cyathigerum","Mature",1,NA,0,NA,30,2018,NA,NA
"5/23/18",11:11:00,"Hoje_A_6","Enallagma_cyathigerum","Teneral",1,NA,0,NA,30,2018,NA,NA
"5/23/18",11:11:00,"Hoje_A_6","Coenagrion_puella","Mature",1,NA,0,NA,30,2018,NA,NA
"5/23/18",11:11:00,"Hoje_A_6","Coenagrion_puella","Mature",1,NA,0,NA,30,2018,NA,NA
"5/23/18",11:11:00,"Hoje_A_6","Coenagrion_puella","Mature",1,NA,0,NA,30,2018,NA,NA
"5/23/18",11:11:00,"Hoje_A_6","Enallagma_cyathigerum","Mature",1,NA,0,NA,30,2018,NA,NA
"5/23/18",11:11:00,"Hoje_A_6","Coenagrion_puella","Mature",1,NA,0,NA,30,2018,NA,NA
"5/23/18",11:11:00,"Hoje_A_6","Coenagrion_puella","Mature",1,NA,0,NA,30,2018,NA,NA
"5/23/18",11:11:00,"Hoje_A_6","Coenagrion_puella","Mature",1,NA,0,NA,30,2018,NA,NA
"5/23/18",11:11:00,"Hoje_A_6","Coenagrion_puella","Mature",1,NA,0,NA,30,2018,NA,NA
"5/23/18",11:11:00,"Hoje_A_6","Coenagrion_pulchellum","Mature",1,NA,0,NA,30,2018,NA,NA
"5/23/18",11:11:00,"Hoje_A_6","Coenagrion_puella","Mature",1,NA,0,NA,30,2018,NA,NA
"5/23/18",11:11:00,"Hoje_A_6","Enallagma_cyathigerum","Immature",1,NA,0,NA,30,2018,NA,NA
"5/23/18",11:11:00,"Hoje_A_6","Coenagrion_puella","Mature",1,NA,0,NA,30,2018,NA,NA
"5/23/18",11:11:00,"Hoje_A_6","Enallagma_cyathigerum","Mature",1,NA,0,NA,30,2018,NA,NA
"5/23/18",11:11:00,"Hoje_A_6","Coenagrion_puella","Mature",1,NA,0,NA,30,2018,NA,NA
"5/23/18",11:11:00,"Hoje_A_6","Coenagrion_puella","Mature",1,NA,0,NA,30,2018,NA,NA
"5/23/18",11:11:00,"Hoje_A_6","Enallagma_cyathigerum","Mature",1,NA,0,NA,30,2018,NA,NA
"5/23/18",11:11:00,"Hoje_A_6","Coenagrion_pulchellum","Mature",1,NA,0,NA,30,2018,NA,NA
"5/23/18",11:11:00,"Hoje_A_6","Enallagma_cyathigerum","Mature",1,NA,0,NA,30,2018,NA,NA
"5/23/18",11:11:00,"Hoje_A_6","Enallagma_cyathigerum","Mature",1,NA,0,NA,30,2018,NA,NA
"5/23/18",11:11:00,"Hoje_A_6","Enallagma_cyathigerum","Mature",1,NA,0,NA,30,2018,NA,NA
"5/23/18",11:11:00,"Hoje_A_6","Enallagma_cyathigerum","Mature",1,NA,0,NA,30,2018,NA,NA
"5/23/18",11:11:00,"Hoje_A_6","Coenagrion_puella","Mature",1,NA,0,NA,30,2018,NA,NA
"5/23/18",11:11:00,"Hoje_A_6","Coenagrion_pulchellum","Mature",1,NA,0,NA,30,2018,NA,NA
"5/23/18",11:11:00,"Hoje_A_6","Cordulia_aenea","Mature",1,NA,0,NA,30,2018,NA,NA
"5/23/18",11:11:00,"Hoje_A_6","Cordulia_aenea","Mature",0,NA,1,NA,30,2018,NA,NA
"6/1/18",10:14:00,"Hoje_A_6","Erythromma_najas","Mature",0,NA,0,NA,30,2018,NA,NA
"6/1/18",10:14:00,"Hoje_A_6","Enallagma_cyathigerum","Mature",0,NA,0,NA,30,2018,NA,NA
"6/1/18",10:14:00,"Hoje_A_6","Enallagma_cyathigerum","Immature",0,NA,0,NA,30,2018,NA,NA
"6/1/18",10:14:00,"Hoje_A_6","Enallagma_cyathigerum","Teneral",0,NA,0,NA,30,2018,NA,NA
"6/1/18",10:14:00,"Hoje_A_6","Ischnura_elegans","Immature",0,NA,0,NA,30,2018,NA,NA
"6/1/18",10:14:00,"Hoje_A_6","Erythromma_najas","Teneral",0,NA,0,NA,30,2018,NA,NA
"6/1/18",10:14:00,"Hoje_A_6","Erythromma_najas","Teneral",0,NA,0,NA,30,2018,NA,NA
"6/1/18",10:14:00,"Hoje_A_6","Erythromma_najas","Teneral",0,NA,0,NA,30,2018,NA,NA
"6/1/18",10:14:00,"Hoje_A_6","Ischnura_elegans","Immature",0,NA,0,NA,30,2018,NA,NA
"6/1/18",10:14:00,"Hoje_A_6","Erythromma_najas","Teneral",0,NA,0,NA,30,2018,NA,NA
"6/1/18",10:14:00,"Hoje_A_6","Enallagma_cyathigerum","Immature",1,NA,0,NA,30,2018,NA,NA
"6/1/18",10:14:00,"Hoje_A_6","Enallagma_cyathigerum","Mature",1,NA,0,NA,30,2018,NA,NA
"6/1/18",10:14:00,"Hoje_A_6","Enallagma_cyathigerum","Immature",1,NA,0,NA,30,2018,NA,NA
"6/1/18",10:14:00,"Hoje_A_6","Enallagma_cyathigerum","Mature",1,NA,0,NA,30,2018,NA,NA
"6/1/18",10:14:00,"Hoje_A_6","Enallagma_cyathigerum","Immature",1,NA,0,NA,30,2018,NA,NA
"6/1/18",10:14:00,"Hoje_A_6","Erythromma_najas","Mature",1,NA,0,NA,30,2018,NA,NA
"6/1/18",10:14:00,"Hoje_A_6","Enallagma_cyathigerum","Teneral",1,NA,0,NA,30,2018,NA,NA
"6/1/18",10:14:00,"Hoje_A_6","Enallagma_cyathigerum","Mature",1,NA,0,NA,30,2018,NA,NA
"6/1/18",10:14:00,"Hoje_A_6","Coenagrion_puella","Immature",1,NA,0,NA,30,2018,NA,NA
"6/1/18",10:14:00,"Hoje_A_6","Enallagma_cyathigerum","Mature",1,NA,0,NA,30,2018,NA,NA
"6/1/18",10:14:00,"Hoje_A_6","Enallagma_cyathigerum","Mature",1,NA,0,NA,30,2018,NA,NA
"6/1/18",10:14:00,"Hoje_A_6","Coenagrion_puella","Mature",1,NA,0,NA,30,2018,NA,NA
"6/1/18",10:14:00,"Hoje_A_6","Enallagma_cyathigerum","Mature",1,NA,0,NA,30,2018,NA,NA
"6/1/18",10:14:00,"Hoje_A_6","Enallagma_cyathigerum","Mature",1,NA,0,NA,30,2018,NA,NA
"6/1/18",10:14:00,"Hoje_A_6","Enallagma_cyathigerum","Mature",1,NA,0,NA,30,2018,NA,NA
"6/1/18",10:14:00,"Hoje_A_6","Coenagrion_puella","Mature",1,NA,0,NA,30,2018,NA,NA
"6/1/18",10:14:00,"Hoje_A_6","Coenagrion_puella","Mature",1,NA,0,NA,30,2018,NA,NA
"6/1/18",10:14:00,"Hoje_A_6","Coenagrion_pulchellum","Mature",1,NA,0,NA,30,2018,NA,NA
"6/1/18",10:14:00,"Hoje_A_6","Coenagrion_puella","Mature",1,NA,0,NA,30,2018,NA,NA
"6/1/18",10:14:00,"Hoje_A_6","Coenagrion_puella","Mature",1,NA,0,NA,30,2018,NA,NA
"6/1/18",10:14:00,"Hoje_A_6","Enallagma_cyathigerum","Mature",1,NA,0,NA,30,2018,NA,NA
"6/1/18",10:14:00,"Hoje_A_6","Coenagrion_pulchellum","Mature",1,NA,0,NA,30,2018,NA,NA
"6/1/18",10:14:00,"Hoje_A_6","Enallagma_cyathigerum","Mature",1,NA,0,NA,30,2018,NA,NA
"6/1/18",10:14:00,"Hoje_A_6","Coenagrion_puella","Mature",1,NA,0,NA,30,2018,NA,NA
"6/1/18",10:14:00,"Hoje_A_6","Coenagrion_puella","Mature",1,NA,0,NA,30,2018,NA,NA
"6/1/18",10:14:00,"Hoje_A_6","Enallagma_cyathigerum","Mature",1,NA,0,NA,30,2018,NA,NA
"6/1/18",10:14:00,"Hoje_A_6","Enallagma_cyathigerum","Mature",1,NA,0,NA,30,2018,NA,NA
"6/1/18",10:14:00,"Hoje_A_6","Enallagma_cyathigerum","Mature",1,NA,0,NA,30,2018,NA,NA
"6/1/18",10:14:00,"Hoje_A_6","Coenagrion_puella","Mature",1,NA,0,NA,30,2018,NA,NA
"6/1/18",10:14:00,"Hoje_A_6","Coenagrion_puella","Mature",1,NA,0,NA,30,2018,NA,NA
"6/1/18",10:14:00,"Hoje_A_6","Enallagma_cyathigerum","Teneral",1,NA,0,NA,30,2018,NA,NA
"6/1/18",10:14:00,"Hoje_A_6","Coenagrion_puella","Mature",1,NA,0,NA,30,2018,NA,NA
"6/1/18",10:14:00,"Hoje_A_6","Ischnura_elegans","Mature",1,NA,0,NA,30,2018,NA,NA
"6/1/18",10:14:00,"Hoje_A_6","Enallagma_cyathigerum","Mature",1,NA,0,NA,30,2018,NA,NA
"6/1/18",10:14:00,"Hoje_A_6","Ischnura_elegans","Mature",1,NA,0,NA,30,2018,NA,NA
"6/1/18",10:14:00,"Hoje_A_6","Erythromma_najas","Mature",1,NA,0,NA,30,2018,NA,NA
"6/1/18",10:14:00,"Hoje_A_6","Enallagma_cyathigerum","Mature",1,NA,0,NA,30,2018,NA,NA
"6/1/18",10:14:00,"Hoje_A_6","Erythromma_najas","Immature",1,NA,0,NA,30,2018,NA,NA
"6/1/18",10:14:00,"Hoje_A_6","Coenagrion_puella","Immature",1,NA,0,NA,30,2018,NA,NA
"6/1/18",10:14:00,"Hoje_A_6","Enallagma_cyathigerum","Teneral",1,NA,0,NA,30,2018,NA,NA
"6/1/18",10:14:00,"Hoje_A_6","Ischnura_elegans","Immature",1,NA,0,NA,30,2018,NA,NA
"6/1/18",10:14:00,"Hoje_A_6","Enallagma_cyathigerum","Immature",1,NA,0,NA,30,2018,NA,NA
"6/1/18",10:14:00,"Hoje_A_6","Coenagrion_puella","Mature",1,NA,1,NA,30,2018,NA,NA
"6/1/18",10:14:00,"Hoje_A_6","Coenagrion_puella","Mature",0,NA,1,NA,30,2018,NA,NA
"6/1/18",10:14:00,"Hoje_A_6","Enallagma_cyathigerum","Mature",1,NA,1,NA,30,2018,NA,NA
"6/1/18",10:14:00,"Hoje_A_6","Enallagma_cyathigerum","Mature",0,NA,1,NA,30,2018,NA,NA
"6/1/18",10:14:00,"Hoje_A_6","Coenagrion_pulchellum","Mature",0,NA,1,NA,30,2018,NA,NA
"6/1/18",10:14:00,"Hoje_A_6","Coenagrion_pulchellum","Mature",1,NA,1,NA,30,2018,NA,NA
"6/1/18",10:14:00,"Hoje_A_6","Coenagrion_puella","Mature",1,NA,1,NA,30,2018,NA,NA
"6/1/18",10:14:00,"Hoje_A_6","Coenagrion_puella","Mature",0,NA,1,NA,30,2018,NA,NA
"6/1/18",10:14:00,"Hoje_A_6","Coenagrion_puella","Mature",1,NA,1,NA,30,2018,NA,NA
"6/1/18",10:14:00,"Hoje_A_6","Coenagrion_puella","Mature",0,NA,1,NA,30,2018,NA,NA
"6/1/18",10:14:00,"Hoje_A_6","Enallagma_cyathigerum","Mature",0,NA,1,NA,30,2018,NA,NA
"6/1/18",10:14:00,"Hoje_A_6","Enallagma_cyathigerum","Mature",1,NA,1,NA,30,2018,NA,NA
"6/1/18",10:14:00,"Hoje_A_6","Enallagma_cyathigerum","Mature",0,NA,1,NA,30,2018,NA,NA
"6/1/18",10:14:00,"Hoje_A_6","Enallagma_cyathigerum","Mature",1,NA,1,NA,30,2018,NA,NA
"6/1/18",10:14:00,"Hoje_A_6","Coenagrion_puella","Mature",1,NA,1,NA,30,2018,NA,NA
"6/1/18",10:14:00,"Hoje_A_6","Coenagrion_puella","Mature",1,NA,1,NA,30,2018,NA,NA
"6/1/18",10:14:00,"Hoje_A_6","Brachytron_pratense","Mature",1,NA,0,NA,30,2018,NA,NA
"6/1/18",10:14:00,"Hoje_A_6","Libellula_quadrimaculata","Mature",1,NA,0,NA,30,2018,NA,NA
"6/8/18",10:27:00,"Hoje_A_6","Enallagma_cyathigerum","Mature",1,NA,1,NA,30,2018,NA,NA
"6/8/18",10:27:00,"Hoje_A_6","Enallagma_cyathigerum","Mature",1,NA,0,NA,30,2018,NA,NA
"6/8/18",10:27:00,"Hoje_A_6","Enallagma_cyathigerum","Mature",0,NA,1,NA,30,2018,NA,NA
"6/8/18",10:27:00,"Hoje_A_6","Enallagma_cyathigerum","Mature",1,NA,0,NA,30,2018,NA,NA
"6/8/18",10:27:00,"Hoje_A_6","Coenagrion_puella","Mature",1,NA,0,NA,30,2018,NA,NA
"6/8/18",10:27:00,"Hoje_A_6","Coenagrion_puella","Mature",1,NA,0,NA,30,2018,NA,NA
"6/8/18",10:27:00,"Hoje_A_6","Ischnura_elegans","Mature",1,NA,0,NA,30,2018,NA,NA
"6/8/18",10:27:00,"Hoje_A_6","Enallagma_cyathigerum","Mature",1,NA,0,NA,30,2018,NA,NA
"6/8/18",10:27:00,"Hoje_A_6","Anax_imperator","Mature",1,NA,0,NA,30,2018,NA,NA
"6/8/18",10:27:00,"Hoje_A_6","Anax_imperator","Mature",1,NA,0,NA,30,2018,NA,NA
"6/8/18",10:27:00,"Hoje_A_6","Enallagma_cyathigerum","Mature",1,NA,0,NA,30,2018,NA,NA
"6/8/18",10:27:00,"Hoje_A_6","Coenagrion_pulchellum","Mature",1,NA,0,NA,30,2018,NA,NA
"6/8/18",10:27:00,"Hoje_A_6","Enallagma_cyathigerum","Mature",1,NA,0,NA,30,2018,NA,NA
"6/8/18",10:27:00,"Hoje_A_6","Enallagma_cyathigerum","Mature",1,NA,0,NA,30,2018,NA,NA
"6/8/18",10:27:00,"Hoje_A_6","Enallagma_cyathigerum","Mature",1,NA,0,NA,30,2018,NA,NA
"6/8/18",10:27:00,"Hoje_A_6","Enallagma_cyathigerum","Immature",0,NA,0,NA,30,2018,NA,NA
"6/8/18",10:27:00,"Hoje_A_6","Enallagma_cyathigerum","Mature",1,NA,0,NA,30,2018,NA,NA
"6/8/18",10:27:00,"Hoje_A_6","Coenagrion_puella","Mature",1,NA,0,NA,30,2018,NA,NA
"6/8/18",10:27:00,"Hoje_A_6","Enallagma_cyathigerum","Mature",1,NA,0,NA,30,2018,NA,NA
"6/8/18",10:27:00,"Hoje_A_6","Enallagma_cyathigerum","Mature",1,NA,0,NA,30,2018,NA,NA
"6/8/18",10:27:00,"Hoje_A_6","Lestes_sponsa","Mature",0,NA,0,NA,30,2018,NA,NA
"6/8/18",10:27:00,"Hoje_A_6","Enallagma_cyathigerum","Mature",1,NA,0,NA,30,2018,NA,NA
"6/8/18",10:27:00,"Hoje_A_6","Enallagma_cyathigerum","Mature",1,NA,0,NA,30,2018,NA,NA
"6/8/18",10:27:00,"Hoje_A_6","Ischnura_elegans","Mature",1,NA,0,NA,30,2018,NA,NA
"6/8/18",10:27:00,"Hoje_A_6","Enallagma_cyathigerum","Mature",1,NA,0,NA,30,2018,NA,NA
"6/8/18",10:27:00,"Hoje_A_6","Coenagrion_pulchellum","Mature",1,NA,0,NA,30,2018,NA,NA
"6/8/18",10:27:00,"Hoje_A_6","Coenagrion_puella","Mature",1,NA,0,NA,30,2018,NA,NA
"6/8/18",10:27:00,"Hoje_A_6","Enallagma_cyathigerum","Mature",1,NA,0,NA,30,2018,NA,NA
"6/8/18",10:27:00,"Hoje_A_6","Enallagma_cyathigerum","Mature",1,NA,0,NA,30,2018,NA,NA
"6/8/18",10:27:00,"Hoje_A_6","Enallagma_cyathigerum","Mature",1,NA,0,NA,30,2018,NA,NA
"6/8/18",10:27:00,"Hoje_A_6","Enallagma_cyathigerum","Mature",1,NA,0,NA,30,2018,NA,NA
"6/8/18",10:27:00,"Hoje_A_6","Ischnura_elegans","Immature",0,NA,0,NA,30,2018,NA,NA
"6/8/18",10:27:00,"Hoje_A_6","Ischnura_elegans","Mature",1,NA,0,NA,30,2018,NA,NA
"6/8/18",10:27:00,"Hoje_A_6","Enallagma_cyathigerum","Mature",0,NA,0,NA,30,2018,NA,NA
"6/8/18",10:27:00,"Hoje_A_6","Enallagma_cyathigerum","Mature",1,NA,0,NA,30,2018,NA,NA
"6/8/18",10:27:00,"Hoje_A_6","Enallagma_cyathigerum","Mature",0,NA,0,NA,30,2018,NA,NA
"6/8/18",10:27:00,"Hoje_A_6","Enallagma_cyathigerum","Mature",1,NA,0,NA,30,2018,NA,NA
"6/8/18",10:27:00,"Hoje_A_6","Enallagma_cyathigerum","Mature",1,NA,0,NA,30,2018,NA,NA
"6/8/18",10:27:00,"Hoje_A_6","Enallagma_cyathigerum","Mature",1,NA,0,NA,30,2018,NA,NA
"6/8/18",10:27:00,"Hoje_A_6","Enallagma_cyathigerum","Mature",1,NA,1,NA,30,2018,NA,NA
"6/8/18",10:27:00,"Hoje_A_6","Enallagma_cyathigerum","Mature",1,NA,0,NA,30,2018,NA,NA
"6/8/18",10:27:00,"Hoje_A_6","Erythromma_najas","Teneral",1,NA,0,NA,30,2018,NA,NA
"6/8/18",10:27:00,"Hoje_A_6","Ischnura_elegans","Mature",1,NA,0,NA,30,2018,NA,NA
"6/8/18",10:27:00,"Hoje_A_6","Enallagma_cyathigerum","Mature",1,NA,0,NA,30,2018,NA,NA
"6/8/18",10:27:00,"Hoje_A_6","Enallagma_cyathigerum","Mature",1,NA,0,NA,30,2018,NA,NA
"6/8/18",10:27:00,"Hoje_A_6","Enallagma_cyathigerum","Mature",1,NA,0,NA,30,2018,NA,NA
"6/8/18",10:27:00,"Hoje_A_6","Enallagma_cyathigerum","Mature",1,NA,0,NA,30,2018,NA,NA
"6/8/18",10:27:00,"Hoje_A_6","Enallagma_cyathigerum","Mature",0,NA,1,NA,30,2018,NA,NA
"6/8/18",10:27:00,"Hoje_A_6","Ischnura_elegans","Mature",1,NA,0,NA,30,2018,NA,NA
"6/8/18",10:27:00,"Hoje_A_6","Enallagma_cyathigerum","Mature",1,NA,0,NA,30,2018,NA,NA
"6/8/18",10:27:00,"Hoje_A_6","Enallagma_cyathigerum","Mature",1,NA,0,NA,30,2018,NA,NA
"6/8/18",10:27:00,"Hoje_A_6","Ischnura_elegans","Mature",1,NA,0,NA,30,2018,NA,NA
"6/8/18",10:27:00,"Hoje_A_6","Enallagma_cyathigerum","Mature",1,NA,0,NA,30,2018,NA,NA
"6/8/18",10:27:00,"Hoje_A_6","Enallagma_cyathigerum","Mature",0,NA,0,NA,30,2018,NA,NA
"6/8/18",10:27:00,"Hoje_A_6","Enallagma_cyathigerum","Mature",1,NA,0,NA,30,2018,NA,NA
"6/8/18",10:27:00,"Hoje_A_6","Enallagma_cyathigerum","Mature",1,NA,0,NA,30,2018,NA,NA
"6/8/18",10:27:00,"Hoje_A_6","Enallagma_cyathigerum","Mature",0,NA,0,NA,30,2018,NA,NA
"6/8/18",10:27:00,"Hoje_A_6","Enallagma_cyathigerum","Mature",1,NA,0,NA,30,2018,NA,NA
"6/8/18",10:27:00,"Hoje_A_6","Enallagma_cyathigerum","Mature",1,NA,0,NA,30,2018,NA,NA
"6/8/18",10:27:00,"Hoje_A_6","Enallagma_cyathigerum","Mature",1,NA,0,NA,30,2018,NA,NA
"6/8/18",10:27:00,"Hoje_A_6","Enallagma_cyathigerum","Mature",1,NA,0,NA,30,2018,NA,NA
"6/8/18",10:27:00,"Hoje_A_6","Enallagma_cyathigerum","Mature",1,NA,0,NA,30,2018,NA,NA
"6/8/18",10:27:00,"Hoje_A_6","Enallagma_cyathigerum","Mature",1,NA,0,NA,30,2018,NA,NA
"6/8/18",10:27:00,"Hoje_A_6","Enallagma_cyathigerum","Mature",1,NA,0,NA,30,2018,NA,NA
"6/8/18",10:27:00,"Hoje_A_6","Enallagma_cyathigerum","Mature",1,NA,0,NA,30,2018,NA,NA
"6/8/18",10:27:00,"Hoje_A_6","Enallagma_cyathigerum","Mature",1,NA,0,NA,30,2018,NA,NA
"6/8/18",10:27:00,"Hoje_A_6","Coenagrion_pulchellum","Immature",0,NA,0,NA,30,2018,NA,NA
"6/8/18",10:27:00,"Hoje_A_6","Coenagrion_pulchellum","Mature",1,NA,0,NA,30,2018,NA,NA
"6/8/18",10:27:00,"Hoje_A_6","Enallagma_cyathigerum","Mature",1,NA,0,NA,30,2018,NA,NA
"6/8/18",10:27:00,"Hoje_A_6","Enallagma_cyathigerum","Mature",1,NA,0,NA,30,2018,NA,NA
"6/8/18",10:27:00,"Hoje_A_6","Enallagma_cyathigerum","Mature",1,NA,0,NA,30,2018,NA,NA
"6/8/18",10:27:00,"Hoje_A_6","Enallagma_cyathigerum","Mature",1,NA,0,NA,30,2018,NA,NA
"6/8/18",10:27:00,"Hoje_A_6","Enallagma_cyathigerum","Mature",1,NA,0,NA,30,2018,NA,NA
"6/8/18",10:27:00,"Hoje_A_6","Enallagma_cyathigerum","Mature",1,NA,0,NA,30,2018,NA,NA
"6/8/18",10:27:00,"Hoje_A_6","Enallagma_cyathigerum","Mature",1,NA,0,NA,30,2018,NA,NA
"6/8/18",10:27:00,"Hoje_A_6","Enallagma_cyathigerum","Mature",1,NA,0,NA,30,2018,NA,NA
"6/8/18",10:27:00,"Hoje_A_6","Enallagma_cyathigerum","Mature",0,NA,0,NA,30,2018,NA,NA
"6/8/18",10:27:00,"Hoje_A_6","Enallagma_cyathigerum","Mature",1,NA,0,NA,30,2018,NA,NA
"6/8/18",10:27:00,"Hoje_A_6","Enallagma_cyathigerum","Mature",1,NA,0,NA,30,2018,NA,NA
"6/8/18",10:27:00,"Hoje_A_6","Enallagma_cyathigerum","Mature",0,NA,0,NA,30,2018,NA,NA
"6/8/18",10:27:00,"Hoje_A_6","Ischnura_elegans","Immature",1,NA,0,NA,30,2018,NA,NA
"6/8/18",10:27:00,"Hoje_A_6","Enallagma_cyathigerum","Mature",0,NA,0,NA,30,2018,NA,NA
"6/8/18",10:27:00,"Hoje_A_6","Ischnura_elegans","Mature",1,NA,0,NA,30,2018,NA,NA
"6/8/18",10:27:00,"Hoje_A_6","Coenagrion_puella","Mature",1,NA,0,NA,30,2018,NA,NA
"6/8/18",10:27:00,"Hoje_A_6","Enallagma_cyathigerum","Teneral",0,NA,0,NA,30,2018,NA,NA
"6/8/18",10:27:00,"Hoje_A_6","Enallagma_cyathigerum","Mature",1,NA,0,NA,30,2018,NA,NA
"6/8/18",10:27:00,"Hoje_A_6","Enallagma_cyathigerum","Mature",1,NA,0,NA,30,2018,NA,NA
"6/8/18",10:27:00,"Hoje_A_6","Enallagma_cyathigerum","Mature",1,NA,0,NA,30,2018,NA,NA
"6/8/18",10:27:00,"Hoje_A_6","Enallagma_cyathigerum","Mature",1,NA,0,NA,30,2018,NA,NA
"6/8/18",10:27:00,"Hoje_A_6","Coenagrion_pulchellum","Mature",1,NA,0,NA,30,2018,NA,NA
"6/8/18",10:27:00,"Hoje_A_6","Enallagma_cyathigerum","Mature",1,NA,0,NA,30,2018,NA,NA
"6/8/18",10:27:00,"Hoje_A_6","Enallagma_cyathigerum","Mature",1,NA,0,NA,30,2018,NA,NA
"6/8/18",10:27:00,"Hoje_A_6","Enallagma_cyathigerum","Mature",1,NA,0,NA,30,2018,NA,NA
"6/8/18",10:27:00,"Hoje_A_6","Ischnura_elegans","Mature",1,NA,0,NA,30,2018,NA,NA
"6/8/18",10:27:00,"Hoje_A_6","Enallagma_cyathigerum","Mature",1,NA,0,NA,30,2018,NA,NA
"6/8/18",10:27:00,"Hoje_A_6","Enallagma_cyathigerum","Mature",1,NA,0,NA,30,2018,NA,NA
"6/8/18",10:27:00,"Hoje_A_6","Enallagma_cyathigerum","Immature",0,NA,0,NA,30,2018,NA,NA
"6/8/18",10:27:00,"Hoje_A_6","Enallagma_cyathigerum","Teneral",0,NA,0,NA,30,2018,NA,NA
"6/8/18",10:27:00,"Hoje_A_6","Coenagrion_puella","Mature",1,NA,0,NA,30,2018,NA,NA
"6/8/18",10:27:00,"Hoje_A_6","Enallagma_cyathigerum","Teneral",0,NA,0,NA,30,2018,NA,NA
"6/8/18",10:27:00,"Hoje_A_6","Ischnura_elegans","Mature",1,NA,0,NA,30,2018,NA,NA
"6/8/18",10:27:00,"Hoje_A_6","Enallagma_cyathigerum","Mature",1,NA,0,NA,30,2018,NA,NA
"6/8/18",10:27:00,"Hoje_A_6","Enallagma_cyathigerum","Immature",0,NA,0,NA,30,2018,NA,NA
"6/8/18",10:27:00,"Hoje_A_6","Enallagma_cyathigerum","Teneral",0,NA,0,NA,30,2018,NA,NA
"6/8/18",10:27:00,"Hoje_A_6","Ischnura_elegans","Mature",1,NA,0,NA,30,2018,NA,NA
"6/8/18",10:27:00,"Hoje_A_6","Ischnura_elegans","Mature",1,NA,0,NA,30,2018,NA,NA
"7/22/18",10:42:00,"Hoje_A_6","Enallagma_cyathigerum","Mature",0,NA,0,NA,30,2018,NA,NA
"7/22/18",10:42:00,"Hoje_A_6","Enallagma_cyathigerum","Teneral",0,NA,0,NA,30,2018,NA,NA
"7/22/18",10:42:00,"Hoje_A_6","Enallagma_cyathigerum","Teneral",0,NA,0,NA,30,2018,NA,NA
"7/22/18",10:42:00,"Hoje_A_6","Lestes_sponsa","Mature",0,NA,0,NA,30,2018,NA,NA
"7/22/18",10:42:00,"Hoje_A_6","Enallagma_cyathigerum","Mature",0,NA,0,NA,30,2018,NA,NA
"7/22/18",10:42:00,"Hoje_A_6","Lestes_sponsa","Mature",0,NA,0,NA,30,2018,NA,NA
"7/22/18",10:42:00,"Hoje_A_6","Ischnura_elegans","Mature",0,NA,0,NA,30,2018,NA,NA
"7/22/18",10:42:00,"Hoje_A_6","Lestes_sponsa","Mature",0,NA,0,NA,30,2018,NA,NA
"7/22/18",10:42:00,"Hoje_A_6","Enallagma_cyathigerum","Mature",0,NA,0,NA,30,2018,NA,NA
"7/22/18",10:42:00,"Hoje_A_6","Enallagma_cyathigerum","Teneral",0,NA,0,NA,30,2018,NA,NA
"7/22/18",10:42:00,"Hoje_A_6","Enallagma_cyathigerum","Mature",1,NA,1,NA,30,2018,NA,NA
"7/22/18",10:42:00,"Hoje_A_6","Enallagma_cyathigerum","Mature",0,NA,1,NA,30,2018,NA,NA
"7/22/18",10:42:00,"Hoje_A_6","Enallagma_cyathigerum","Mature",1,NA,0,NA,30,2018,NA,NA
"7/22/18",10:42:00,"Hoje_A_6","Enallagma_cyathigerum","Mature",1,NA,0,NA,30,2018,NA,NA
"7/22/18",10:42:00,"Hoje_A_6","Lestes_sponsa","Mature",1,NA,0,NA,30,2018,NA,NA
"7/22/18",10:42:00,"Hoje_A_6","Lestes_sponsa","Mature",1,NA,0,NA,30,2018,NA,NA
"7/22/18",10:42:00,"Hoje_A_6","Lestes_sponsa","Mature",1,NA,0,NA,30,2018,NA,NA
"7/22/18",10:42:00,"Hoje_A_6","Lestes_sponsa","Mature",1,NA,0,NA,30,2018,NA,NA
"7/22/18",10:42:00,"Hoje_A_6","Ischnura_elegans","Mature",1,NA,0,NA,30,2018,NA,NA
"7/22/18",10:42:00,"Hoje_A_6","Lestes_sponsa","Mature",1,NA,0,NA,30,2018,NA,NA
"7/22/18",10:42:00,"Hoje_A_6","Enallagma_cyathigerum","Mature",1,NA,0,NA,30,2018,NA,NA
"7/22/18",10:42:00,"Hoje_A_6","Lestes_sponsa","Mature",1,NA,0,NA,30,2018,NA,NA
"7/22/18",10:42:00,"Hoje_A_6","Ischnura_elegans","Mature",1,NA,0,NA,30,2018,NA,NA
"7/22/18",10:42:00,"Hoje_A_6","Lestes_sponsa","Mature",1,NA,0,NA,30,2018,NA,NA
"7/22/18",10:42:00,"Hoje_A_6","Enallagma_cyathigerum","Mature",1,NA,0,NA,30,2018,NA,NA
"7/22/18",10:42:00,"Hoje_A_6","Enallagma_cyathigerum","Mature",1,NA,0,NA,30,2018,NA,NA
"7/22/18",10:42:00,"Hoje_A_6","Enallagma_cyathigerum","Mature",1,NA,0,NA,30,2018,NA,NA
"7/22/18",10:42:00,"Hoje_A_6","Enallagma_cyathigerum","Mature",1,NA,0,NA,30,2018,NA,NA
"7/22/18",10:42:00,"Hoje_A_6","Enallagma_cyathigerum","Teneral",1,NA,0,NA,30,2018,NA,NA
"7/22/18",10:42:00,"Hoje_A_6","Enallagma_cyathigerum","Mature",1,NA,0,NA,30,2018,NA,NA
"7/22/18",10:42:00,"Hoje_A_6","Enallagma_cyathigerum","Mature",1,NA,0,NA,30,2018,NA,NA
"7/22/18",10:42:00,"Hoje_A_6","Lestes_sponsa","Mature",1,NA,0,NA,30,2018,NA,NA
"7/22/18",10:42:00,"Hoje_A_6","Ischnura_elegans","Mature",1,NA,0,NA,30,2018,NA,NA
"7/22/18",10:42:00,"Hoje_A_6","Lestes_sponsa","Mature",1,NA,0,NA,30,2018,NA,NA
"7/22/18",10:42:00,"Hoje_A_6","Enallagma_cyathigerum","Mature",1,NA,0,NA,30,2018,NA,NA
"7/22/18",10:42:00,"Hoje_A_6","Enallagma_cyathigerum","Mature",1,NA,0,NA,30,2018,NA,NA
"7/22/18",10:42:00,"Hoje_A_6","Enallagma_cyathigerum","Mature",1,NA,0,NA,30,2018,NA,NA
"7/22/18",10:42:00,"Hoje_A_6","Lestes_sponsa","Mature",1,NA,0,NA,30,2018,NA,NA
"7/22/18",10:42:00,"Hoje_A_6","Lestes_sponsa","Mature",1,NA,0,NA,30,2018,NA,NA
"7/22/18",10:42:00,"Hoje_A_6","Enallagma_cyathigerum","Mature",1,NA,0,NA,30,2018,NA,NA
"7/22/18",10:42:00,"Hoje_A_6","Enallagma_cyathigerum","Teneral",1,NA,0,NA,30,2018,NA,NA
"7/22/18",10:42:00,"Hoje_A_6","Enallagma_cyathigerum","Mature",1,NA,0,NA,30,2018,NA,NA
"7/22/18",10:42:00,"Hoje_A_6","Ischnura_elegans","Mature",1,NA,0,NA,30,2018,NA,NA
"7/22/18",10:42:00,"Hoje_A_6","Lestes_sponsa","Mature",1,NA,0,NA,30,2018,NA,NA
"7/22/18",10:42:00,"Hoje_A_6","Enallagma_cyathigerum","Mature",1,NA,0,NA,30,2018,NA,NA
"7/22/18",10:42:00,"Hoje_A_6","Lestes_sponsa","Mature",1,NA,0,NA,30,2018,NA,NA
"7/22/18",10:42:00,"Hoje_A_6","Enallagma_cyathigerum","Immature",1,NA,0,NA,30,2018,NA,NA
"7/22/18",10:42:00,"Hoje_A_6","Enallagma_cyathigerum","Mature",1,NA,0,NA,30,2018,NA,NA
"7/22/18",10:42:00,"Hoje_A_6","Ischnura_elegans","Mature",1,NA,0,NA,30,2018,NA,NA
"7/22/18",10:42:00,"Hoje_A_6","Lestes_sponsa","Mature",1,NA,0,NA,30,2018,NA,NA
"7/22/18",10:42:00,"Hoje_A_6","Enallagma_cyathigerum","Mature",1,NA,0,NA,30,2018,NA,NA
"7/22/18",10:42:00,"Hoje_A_6","Enallagma_cyathigerum","Mature",1,NA,0,NA,30,2018,NA,NA
"7/22/18",10:42:00,"Hoje_A_6","Enallagma_cyathigerum","Mature",1,NA,0,NA,30,2018,NA,NA
"7/22/18",10:42:00,"Hoje_A_6","Enallagma_cyathigerum","Mature",1,NA,0,NA,30,2018,NA,NA
"7/22/18",10:42:00,"Hoje_A_6","Enallagma_cyathigerum","Mature",1,NA,0,NA,30,2018,NA,NA
"7/22/18",10:42:00,"Hoje_A_6","Enallagma_cyathigerum","Mature",1,NA,0,NA,30,2018,NA,NA
"7/22/18",10:42:00,"Hoje_A_6","Enallagma_cyathigerum","Mature",1,NA,0,NA,30,2018,NA,NA
"5/26/18",12:48:00,"Hoje_A_7","Coenagrion_puella","Mature",1,NA,1,NA,30,2018,NA,NA
"5/26/18",12:48:00,"Hoje_A_7","Coenagrion_puella","Mature",0,NA,1,NA,30,2018,NA,NA
"5/26/18",12:48:00,"Hoje_A_7","Ischnura_elegans","Mature",1,NA,1,NA,30,2018,NA,NA
"5/26/18",12:48:00,"Hoje_A_7","Ischnura_elegans","Mature",0,NA,1,NA,30,2018,NA,NA
"5/26/18",12:48:00,"Hoje_A_7","Coenagrion_puella","Mature",1,NA,1,NA,30,2018,NA,NA
"5/26/18",12:48:00,"Hoje_A_7","Coenagrion_puella","Mature",0,NA,1,NA,30,2018,NA,NA
"5/26/18",12:48:00,"Hoje_A_7","Coenagrion_pulchellum","Mature",1,NA,1,NA,30,2018,NA,NA
"5/26/18",12:48:00,"Hoje_A_7","Coenagrion_pulchellum","Mature",0,NA,1,NA,30,2018,NA,NA
"5/26/18",12:48:00,"Hoje_A_7","Coenagrion_puella","Mature",1,NA,1,NA,30,2018,NA,NA
"5/26/18",12:48:00,"Hoje_A_7","Coenagrion_puella","Mature",0,NA,1,NA,30,2018,NA,NA
"5/26/18",12:48:00,"Hoje_A_7","Coenagrion_puella","Mature",1,NA,1,NA,30,2018,NA,NA
"5/26/18",12:48:00,"Hoje_A_7","Coenagrion_puella","Mature",0,NA,1,NA,30,2018,NA,NA
"5/26/18",12:48:00,"Hoje_A_7","Ischnura_elegans","Mature",0,NA,0,NA,30,2018,NA,NA
"5/26/18",12:48:00,"Hoje_A_7","Ischnura_elegans","Mature",1,NA,1,NA,30,2018,NA,NA
"5/26/18",12:48:00,"Hoje_A_7","Coenagrion_pulchellum","Mature",1,NA,1,NA,30,2018,NA,NA
"5/26/18",12:48:00,"Hoje_A_7","Coenagrion_pulchellum","Mature",0,NA,1,NA,30,2018,NA,NA
"5/26/18",12:48:00,"Hoje_A_7","Coenagrion_puella","Mature",0,NA,0,NA,30,2018,NA,NA
"5/26/18",12:48:00,"Hoje_A_7","Ischnura_elegans","Immature",0,NA,0,NA,30,2018,NA,NA
"5/26/18",12:48:00,"Hoje_A_7","Coenagrion_pulchellum","Mature",1,NA,0,NA,30,2018,NA,NA
"5/26/18",12:48:00,"Hoje_A_7","Coenagrion_pulchellum","Immature",1,NA,0,NA,30,2018,NA,NA
"5/26/18",12:48:00,"Hoje_A_7","Coenagrion_pulchellum","Mature",1,NA,0,NA,30,2018,NA,NA
"5/26/18",12:48:00,"Hoje_A_7","Coenagrion_pulchellum","Mature",1,NA,0,NA,30,2018,NA,NA
"5/26/18",12:48:00,"Hoje_A_7","Coenagrion_puella","Mature",1,NA,0,NA,30,2018,NA,NA
"5/26/18",12:48:00,"Hoje_A_7","Coenagrion_puella","Mature",1,NA,0,NA,30,2018,NA,NA
"5/26/18",12:48:00,"Hoje_A_7","Coenagrion_puella","Mature",1,NA,0,NA,30,2018,NA,NA
"5/26/18",12:48:00,"Hoje_A_7","Coenagrion_pulchellum","Mature",1,NA,0,NA,30,2018,NA,NA
"5/26/18",12:48:00,"Hoje_A_7","Coenagrion_pulchellum","Mature",1,NA,0,NA,30,2018,NA,NA
"5/26/18",12:48:00,"Hoje_A_7","Coenagrion_puella","Mature",1,NA,0,NA,30,2018,NA,NA
"5/26/18",12:48:00,"Hoje_A_7","Coenagrion_pulchellum","Mature",1,NA,0,NA,30,2018,NA,NA
"5/26/18",12:48:00,"Hoje_A_7","Coenagrion_pulchellum","Mature",1,NA,0,NA,30,2018,NA,NA
"5/26/18",12:48:00,"Hoje_A_7","Ischnura_elegans","Immature",1,NA,0,NA,30,2018,NA,NA
"5/26/18",12:48:00,"Hoje_A_7","Coenagrion_pulchellum","Immature",1,NA,0,NA,30,2018,NA,NA
"5/26/18",12:48:00,"Hoje_A_7","Coenagrion_pulchellum","Mature",1,NA,0,NA,30,2018,NA,NA
"5/26/18",12:48:00,"Hoje_A_7","Ischnura_elegans","Immature",1,NA,0,NA,30,2018,NA,NA
"5/26/18",12:48:00,"Hoje_A_7","Ischnura_elegans","Immature",1,NA,0,NA,30,2018,NA,NA
"5/26/18",12:48:00,"Hoje_A_7","Coenagrion_pulchellum","Mature",1,NA,0,NA,30,2018,NA,NA
"5/26/18",12:48:00,"Hoje_A_7","Coenagrion_pulchellum","Mature",1,NA,0,NA,30,2018,NA,NA
"5/26/18",12:48:00,"Hoje_A_7","Erythromma_najas","Teneral",0,NA,0,NA,30,2018,NA,NA
"5/26/18",12:48:00,"Hoje_A_7","Ischnura_elegans","Immature",1,NA,0,NA,30,2018,NA,NA
"6/26/18",10:12:00,"Hoje_A_7","Anax_imperator","Mature",1,NA,0,NA,30,2018,NA,NA
"6/26/18",11:44:00,"Hoje_A_7","Libellula_depressa","Mature",1,NA,0,NA,30,2018,NA,NA
"6/26/18",11:44:00,"Hoje_A_7","Libellula_depressa","Mature",1,NA,0,NA,30,2018,NA,NA
"6/26/18",10:13:00,"Hoje_A_7","Ischnura_elegans","Mature",0,NA,0,NA,30,2018,NA,NA
"6/26/18",10:14:00,"Hoje_A_7","Ischnura_elegans","Mature",0,NA,0,NA,30,2018,NA,NA
"6/26/18",10:14:00,"Hoje_A_7","Ischnura_elegans","Mature",1,NA,0,NA,30,2018,NA,NA
"6/26/18",10:14:00,"Hoje_A_7","Ischnura_elegans","Mature",1,NA,0,NA,30,2018,NA,NA
"6/26/18",10:15:00,"Hoje_A_7","Ischnura_elegans","Mature",1,NA,0,NA,30,2018,NA,NA
"6/26/18",10:15:00,"Hoje_A_7","Ischnura_elegans","Mature",1,NA,0,NA,30,2018,NA,NA
"6/26/18",10:15:00,"Hoje_A_7","Ischnura_elegans","Mature",1,NA,0,NA,30,2018,NA,NA
"6/26/18",10:15:00,"Hoje_A_7","Ischnura_elegans","Mature",1,NA,0,NA,30,2018,NA,NA
"6/26/18",10:15:00,"Hoje_A_7","Enallagma_cyathigerum","Mature",1,NA,0,NA,30,2018,NA,NA
"6/26/18",10:16:00,"Hoje_A_7","Ischnura_elegans","Mature",1,NA,0,NA,30,2018,NA,NA
"6/26/18",10:16:00,"Hoje_A_7","Ischnura_elegans","Mature",1,NA,0,NA,30,2018,NA,NA
"6/26/18",10:16:00,"Hoje_A_7","Ischnura_elegans","Mature",1,NA,0,NA,30,2018,NA,NA
"6/26/18",10:16:00,"Hoje_A_7","Ischnura_elegans","Mature",1,NA,0,NA,30,2018,NA,NA
"6/26/18",10:16:00,"Hoje_A_7","Ischnura_elegans","Mature",1,NA,0,NA,30,2018,NA,NA
"6/26/18",10:17:00,"Hoje_A_7","Ischnura_elegans","Mature",1,NA,0,NA,30,2018,NA,NA
"6/26/18",10:17:00,"Hoje_A_7","Ischnura_elegans","Mature",1,NA,0,NA,30,2018,NA,NA
"6/26/18",10:17:00,"Hoje_A_7","Ischnura_elegans","Mature",1,NA,0,NA,30,2018,NA,NA
"6/26/18",10:17:00,"Hoje_A_7","Ischnura_elegans","Mature",1,NA,0,NA,30,2018,NA,NA
"6/26/18",10:17:00,"Hoje_A_7","Ischnura_elegans","Mature",1,NA,0,NA,30,2018,NA,NA
"6/26/18",10:18:00,"Hoje_A_7","Ischnura_elegans","Mature",1,NA,0,NA,30,2018,NA,NA
"6/26/18",10:18:00,"Hoje_A_7","Ischnura_elegans","Mature",1,NA,0,NA,30,2018,NA,NA
"6/26/18",10:18:00,"Hoje_A_7","Ischnura_elegans","Mature",1,NA,0,NA,30,2018,NA,NA
"6/26/18",10:18:00,"Hoje_A_7","Ischnura_elegans","Mature",1,NA,0,NA,30,2018,NA,NA
"6/26/18",10:18:00,"Hoje_A_7","Ischnura_elegans","Mature",1,NA,0,NA,30,2018,NA,NA
"6/26/18",10:18:00,"Hoje_A_7","Ischnura_elegans","Mature",1,NA,0,NA,30,2018,NA,NA
"6/26/18",10:19:00,"Hoje_A_7","Ischnura_elegans","Mature",1,NA,0,NA,30,2018,NA,NA
"6/26/18",10:19:00,"Hoje_A_7","Ischnura_elegans","Mature",1,NA,0,NA,30,2018,NA,NA
"6/26/18",10:19:00,"Hoje_A_7","Ischnura_elegans","Mature",1,NA,0,NA,30,2018,NA,NA
"6/26/18",10:19:00,"Hoje_A_7","Ischnura_elegans","Mature",1,NA,0,NA,30,2018,NA,NA
"6/26/18",10:20:00,"Hoje_A_7","Ischnura_elegans","Mature",1,NA,0,NA,30,2018,NA,NA
"6/26/18",10:25:00,"Hoje_A_7","Enallagma_cyathigerum","Mature",1,NA,0,NA,30,2018,NA,NA
"6/26/18",10:25:00,"Hoje_A_7","Enallagma_cyathigerum","Mature",1,NA,0,NA,30,2018,NA,NA
"6/26/18",10:27:00,"Hoje_A_7","Enallagma_cyathigerum","Mature",0,NA,0,NA,30,2018,NA,NA
"7/6/18",11:22:00,"Hoje_A_7","Erythromma_najas","Mature",1,NA,0,NA,30,2018,NA,NA
"7/6/18",11:22:00,"Hoje_A_7","Ischnura_elegans","Mature",0,NA,1,NA,30,2018,NA,NA
"7/6/18",11:22:00,"Hoje_A_7","Ischnura_elegans","Mature",1,NA,1,NA,30,2018,NA,NA
"7/6/18",11:22:00,"Hoje_A_7","Ischnura_elegans","Immature",0,NA,0,NA,30,2018,NA,NA
"7/6/18",11:22:00,"Hoje_A_7","Ischnura_elegans","Mature",1,NA,0,NA,30,2018,NA,NA
"7/6/18",11:22:00,"Hoje_A_7","Ischnura_elegans","Mature",1,NA,0,NA,30,2018,NA,NA
"7/6/18",11:22:00,"Hoje_A_7","Ischnura_elegans","Mature",1,NA,0,NA,30,2018,NA,NA
"7/6/18",11:22:00,"Hoje_A_7","Enallagma_cyathigerum","Mature",1,NA,0,NA,30,2018,NA,NA
"7/6/18",11:22:00,"Hoje_A_7","Ischnura_elegans","Mature",1,NA,0,NA,30,2018,NA,NA
"7/6/18",11:22:00,"Hoje_A_7","Ischnura_elegans","Mature",1,NA,0,NA,30,2018,NA,NA
"7/6/18",11:22:00,"Hoje_A_7","Ischnura_elegans","Immature",0,NA,0,NA,30,2018,NA,NA
"7/6/18",11:22:00,"Hoje_A_7","Ischnura_elegans","Mature",1,NA,0,NA,30,2018,NA,NA
"7/6/18",11:22:00,"Hoje_A_7","Ischnura_elegans","Mature",1,NA,0,NA,30,2018,NA,NA
"7/6/18",11:22:00,"Hoje_A_7","Ischnura_elegans","Mature",1,NA,0,NA,30,2018,NA,NA
"7/6/18",11:22:00,"Hoje_A_7","Ischnura_elegans","Mature",1,NA,0,NA,30,2018,NA,NA
"7/6/18",11:22:00,"Hoje_A_7","Ischnura_elegans","Mature",1,NA,0,NA,30,2018,NA,NA
"7/6/18",11:22:00,"Hoje_A_7","Ischnura_elegans","Mature",1,NA,0,NA,30,2018,NA,NA
"7/6/18",11:22:00,"Hoje_A_7","Ischnura_elegans","Mature",1,NA,0,NA,30,2018,NA,NA
"7/6/18",11:22:00,"Hoje_A_7","Ischnura_elegans","Mature",1,NA,0,NA,30,2018,NA,NA
"7/6/18",11:22:00,"Hoje_A_7","Enallagma_cyathigerum","Mature",1,NA,0,NA,30,2018,NA,NA
"7/6/18",11:22:00,"Hoje_A_7","Enallagma_cyathigerum","Mature",1,NA,0,NA,30,2018,NA,NA
"7/6/18",11:22:00,"Hoje_A_7","Ischnura_elegans","Mature",1,NA,0,NA,30,2018,NA,NA
"7/6/18",11:22:00,"Hoje_A_7","Ischnura_elegans","Mature",1,NA,0,NA,30,2018,NA,NA
"7/6/18",11:22:00,"Hoje_A_7","Ischnura_elegans","Mature",1,NA,0,NA,30,2018,NA,NA
"7/6/18",11:22:00,"Hoje_A_7","Ischnura_elegans","Mature",1,NA,0,NA,30,2018,NA,NA
"7/6/18",11:22:00,"Hoje_A_7","Ischnura_elegans","Immature",0,NA,0,NA,30,2018,NA,NA
"7/6/18",11:22:00,"Hoje_A_7","Ischnura_elegans","Mature",1,NA,0,NA,30,2018,NA,NA
"7/6/18",11:22:00,"Hoje_A_7","Ischnura_elegans","Mature",1,NA,0,NA,30,2018,NA,NA
"7/6/18",11:22:00,"Hoje_A_7","Ischnura_elegans","Teneral",0,NA,0,NA,30,2018,NA,NA
"7/22/18",15:20:00,"Hoje_A_7","Ischnura_elegans","Mature",0,NA,0,NA,30,2018,NA,NA
"7/22/18",15:20:00,"Hoje_A_7","Ischnura_elegans","Mature",1,NA,0,NA,30,2018,NA,NA
"7/22/18",15:20:00,"Hoje_A_7","Ischnura_elegans","Mature",1,NA,0,NA,30,2018,NA,NA
"7/22/18",15:20:00,"Hoje_A_7","Enallagma_cyathigerum","Mature",1,NA,0,NA,30,2018,NA,NA
"7/22/18",15:20:00,"Hoje_A_7","Sympetrum_sanguineum","Mature",1,NA,0,NA,30,2018,NA,NA
"5/15/18",12:24:00,"Holmeja","Coenagrion_hastulatum","Mature",0,NA,1,NA,30,2018,NA,NA
"5/15/18",12:24:00,"Holmeja","Coenagrion_hastulatum","Mature",1,NA,1,NA,30,2018,NA,NA
"5/15/18",12:25:00,"Holmeja","Coenagrion_hastulatum","Mature",0,NA,1,NA,30,2018,NA,NA
"5/15/18",12:25:00,"Holmeja","Coenagrion_hastulatum","Mature",1,NA,1,NA,30,2018,NA,NA
"5/15/18",12:35:00,"Holmeja","Coenagrion_hastulatum","Mature",0,NA,1,NA,30,2018,NA,NA
"5/15/18",12:35:00,"Holmeja","Coenagrion_hastulatum","Mature",1,NA,1,NA,30,2018,NA,NA
"5/15/18",12:35:00,"Holmeja","Coenagrion_hastulatum","Mature",0,NA,1,NA,30,2018,NA,NA
"5/15/18",12:36:00,"Holmeja","Coenagrion_hastulatum","Mature",1,NA,1,NA,30,2018,NA,NA
"5/15/18",12:36:00,"Holmeja","Leucorrhinia_rubicunda","Mature",1,NA,0,NA,30,2018,NA,NA
"5/15/18",12:39:00,"Holmeja","Leucorrhinia_rubicunda","Mature",1,NA,0,NA,30,2018,NA,NA
"5/15/18",12:41:00,"Holmeja","Leucorrhinia_rubicunda","Mature",1,NA,0,NA,30,2018,NA,NA
"5/15/18",12:42:00,"Holmeja","Coenagrion_hastulatum","Mature",1,NA,0,NA,30,2018,NA,NA
"5/15/18",12:43:00,"Holmeja","Coenagrion_hastulatum","Mature",1,NA,0,NA,30,2018,NA,NA
"5/15/18",12:44:00,"Holmeja","Coenagrion_hastulatum","Mature",1,NA,0,NA,30,2018,NA,NA
"5/15/18",12:44:00,"Holmeja","Coenagrion_hastulatum","Mature",1,NA,0,NA,30,2018,NA,NA
"5/15/18",12:44:00,"Holmeja","Coenagrion_hastulatum","Mature",1,NA,0,NA,30,2018,NA,NA
"5/15/18",12:45:00,"Holmeja","Coenagrion_hastulatum","Mature",1,NA,0,NA,30,2018,NA,NA
"5/15/18",12:46:00,"Holmeja","Coenagrion_hastulatum","Mature",1,NA,0,NA,30,2018,NA,NA
"5/15/18",12:46:00,"Holmeja","Coenagrion_hastulatum","Mature",1,NA,0,NA,30,2018,NA,NA
"5/15/18",12:46:00,"Holmeja","Coenagrion_hastulatum","Mature",1,NA,0,NA,30,2018,NA,NA
"5/15/18",12:47:00,"Holmeja","Coenagrion_hastulatum","Mature",1,NA,0,NA,30,2018,NA,NA
"5/15/18",12:47:00,"Holmeja","Coenagrion_puella","Teneral",0,NA,0,NA,30,2018,NA,NA
"5/15/18",12:49:00,"Holmeja","Coenagrion_hastulatum","Teneral",1,NA,0,NA,30,2018,NA,NA
"5/15/18",12:49:00,"Holmeja","Coenagrion_hastulatum","Teneral",1,NA,0,NA,30,2018,NA,NA
"5/15/18",12:50:00,"Holmeja","Coenagrion_hastulatum","Teneral",1,NA,0,NA,30,2018,NA,NA
"5/15/18",12:50:00,"Holmeja","Coenagrion_hastulatum","Teneral",1,NA,0,NA,30,2018,NA,NA
"5/15/18",12:50:00,"Holmeja","Coenagrion_hastulatum","Mature",1,NA,0,NA,30,2018,NA,NA
"5/15/18",12:51:00,"Holmeja","Coenagrion_hastulatum","Teneral",1,NA,0,NA,30,2018,NA,NA
"5/15/18",12:52:00,"Holmeja","Coenagrion_hastulatum","Mature",1,NA,0,NA,30,2018,NA,NA
"5/15/18",12:52:00,"Holmeja","Coenagrion_puella","Mature",0,NA,0,NA,30,2018,NA,NA
"5/15/18",12:53:00,"Holmeja","Coenagrion_hastulatum","Mature",1,NA,0,NA,30,2018,NA,NA
"5/15/18",12:54:00,"Holmeja","Coenagrion_hastulatum","Teneral",0,NA,0,NA,30,2018,NA,NA
"5/15/18",12:56:00,"Holmeja","Coenagrion_hastulatum","Teneral",0,NA,0,NA,30,2018,NA,NA
"5/15/18",12:58:00,"Holmeja","Coenagrion_hastulatum","Teneral",0,NA,0,NA,30,2018,NA,NA
"5/15/18",12:58:00,"Holmeja","Coenagrion_hastulatum","Teneral",1,NA,0,NA,30,2018,NA,NA
"5/15/18",12:59:00,"Holmeja","Coenagrion_hastulatum","Teneral",1,NA,0,NA,30,2018,NA,NA
"6/9/18",10:33:00,"Holmeja","Coenagrion_puella","Mature",1,NA,1,NA,30,2018,NA,NA
"6/9/18",10:33:00,"Holmeja","Coenagrion_puella","Mature",0,NA,1,NA,30,2018,NA,NA
"6/9/18",10:33:00,"Holmeja","Coenagrion_puella","Mature",1,NA,1,NA,30,2018,NA,NA
"6/9/18",10:33:00,"Holmeja","Coenagrion_puella","Mature",0,NA,1,NA,30,2018,NA,NA
"6/9/18",10:33:00,"Holmeja","Coenagrion_puella","Mature",1,NA,0,NA,30,2018,NA,NA
"6/9/18",10:33:00,"Holmeja","Coenagrion_puella","Mature",1,NA,0,NA,30,2018,NA,NA
"6/9/18",10:33:00,"Holmeja","Coenagrion_puella","Mature",1,NA,0,NA,30,2018,NA,NA
"6/9/18",10:33:00,"Holmeja","Coenagrion_puella","Mature",1,NA,0,NA,30,2018,NA,NA
"6/9/18",10:33:00,"Holmeja","Coenagrion_puella","Mature",1,NA,0,NA,30,2018,NA,NA
"6/9/18",10:33:00,"Holmeja","Coenagrion_puella","Mature",1,NA,0,NA,30,2018,NA,NA
"6/9/18",10:33:00,"Holmeja","Coenagrion_puella","Mature",1,NA,0,NA,30,2018,NA,NA
"6/9/18",10:33:00,"Holmeja","Coenagrion_puella","Mature",1,NA,0,NA,30,2018,NA,NA
"6/9/18",10:33:00,"Holmeja","Coenagrion_puella","Mature",1,NA,0,NA,30,2018,NA,NA
"6/9/18",10:33:00,"Holmeja","Coenagrion_puella","Mature",1,NA,0,NA,30,2018,NA,NA
"6/9/18",10:33:00,"Holmeja","Coenagrion_puella","Mature",1,NA,0,NA,30,2018,NA,NA
"6/9/18",10:33:00,"Holmeja","Coenagrion_puella","Mature",1,NA,0,NA,30,2018,NA,NA
"6/9/18",10:33:00,"Holmeja","Coenagrion_puella","Mature",1,NA,0,NA,30,2018,NA,NA
"6/9/18",10:33:00,"Holmeja","Coenagrion_puella","Mature",1,NA,0,NA,30,2018,NA,NA
"6/9/18",10:33:00,"Holmeja","Coenagrion_puella","Mature",1,NA,0,NA,30,2018,NA,NA
"6/9/18",10:33:00,"Holmeja","Coenagrion_puella","Mature",1,NA,0,NA,30,2018,NA,NA
"6/9/18",10:33:00,"Holmeja","Coenagrion_puella","Mature",1,NA,0,NA,30,2018,NA,NA
"6/9/18",10:33:00,"Holmeja","Coenagrion_puella","Mature",1,NA,0,NA,30,2018,NA,NA
"6/9/18",10:33:00,"Holmeja","Lestes_sponsa","Mature",1,NA,0,NA,30,2018,NA,NA
"6/9/18",10:33:00,"Holmeja","Coenagrion_puella","Mature",1,NA,0,NA,30,2018,NA,NA
"6/9/18",10:33:00,"Holmeja","Coenagrion_puella","Mature",1,NA,0,NA,30,2018,NA,NA
"6/9/18",10:33:00,"Holmeja","Coenagrion_hastulatum","Mature",1,NA,0,NA,30,2018,NA,NA
"6/9/18",10:33:00,"Holmeja","Coenagrion_hastulatum","Mature",1,NA,0,NA,30,2018,NA,NA
"6/9/18",10:33:00,"Holmeja","Ischnura_pumilio","Mature",1,NA,0,NA,30,2018,NA,NA
"6/9/18",10:33:00,"Holmeja","Coenagrion_puella","Mature",1,NA,0,NA,30,2018,NA,NA
"6/9/18",10:33:00,"Holmeja","Coenagrion_puella","Mature",1,NA,0,NA,30,2018,NA,NA
"6/9/18",10:33:00,"Holmeja","Coenagrion_puella","Mature",1,NA,0,NA,30,2018,NA,NA
"6/9/18",10:33:00,"Holmeja","Coenagrion_puella","Mature",1,NA,0,NA,30,2018,NA,NA
"6/9/18",10:33:00,"Holmeja","Coenagrion_pulchellum","Mature",1,NA,0,NA,30,2018,NA,NA
"6/9/18",10:33:00,"Holmeja","Coenagrion_puella","Mature",1,NA,0,NA,30,2018,NA,NA
"6/9/18",10:33:00,"Holmeja","Coenagrion_puella","Mature",1,NA,0,NA,30,2018,NA,NA
"6/9/18",10:33:00,"Holmeja","Coenagrion_puella","Mature",1,NA,0,NA,30,2018,NA,NA
"6/9/18",10:33:00,"Holmeja","Coenagrion_puella","Mature",1,NA,0,NA,30,2018,NA,NA
"6/9/18",10:33:00,"Holmeja","Coenagrion_puella","Mature",1,NA,0,NA,30,2018,NA,NA
"6/9/18",10:33:00,"Holmeja","Coenagrion_hastulatum","Mature",1,NA,0,NA,30,2018,NA,NA
"6/9/18",10:33:00,"Holmeja","Coenagrion_puella","Mature",1,NA,0,NA,30,2018,NA,NA
"6/9/18",10:33:00,"Holmeja","Coenagrion_puella","Mature",1,NA,0,NA,30,2018,NA,NA
"6/9/18",10:33:00,"Holmeja","Coenagrion_hastulatum","Mature",1,NA,0,NA,30,2018,NA,NA
"6/9/18",10:33:00,"Holmeja","Coenagrion_puella","Mature",1,NA,0,NA,30,2018,NA,NA
"6/9/18",10:33:00,"Holmeja","Coenagrion_puella","Mature",1,NA,0,NA,30,2018,NA,NA
"6/9/18",10:33:00,"Holmeja","Coenagrion_puella","Mature",1,NA,0,NA,30,2018,NA,NA
"6/9/18",10:33:00,"Holmeja","Coenagrion_hastulatum","Mature",1,NA,0,NA,30,2018,NA,NA
"6/9/18",10:33:00,"Holmeja","Coenagrion_puella","Mature",1,NA,0,NA,30,2018,NA,NA
"6/9/18",10:33:00,"Holmeja","Coenagrion_puella","Mature",1,NA,0,NA,30,2018,NA,NA
"6/9/18",10:33:00,"Holmeja","Coenagrion_puella","Mature",1,NA,0,NA,30,2018,NA,NA
"6/9/18",10:33:00,"Holmeja","Coenagrion_puella","Mature",1,NA,0,NA,30,2018,NA,NA
"6/9/18",10:33:00,"Holmeja","Coenagrion_pulchellum","Mature",0,NA,0,NA,30,2018,NA,NA
"6/9/18",10:33:00,"Holmeja","Lestes_sponsa","Teneral",0,NA,0,NA,30,2018,NA,NA
"6/9/18",10:33:00,"Holmeja","Coenagrion_hastulatum","Mature",1,NA,0,NA,30,2018,NA,NA
"6/9/18",10:33:00,"Holmeja","Coenagrion_puella","Mature",1,NA,0,NA,30,2018,NA,NA
"6/9/18",10:33:00,"Holmeja","Coenagrion_puella","Mature",1,NA,0,NA,30,2018,NA,NA
"6/9/18",10:33:00,"Holmeja","Coenagrion_hastulatum","Mature",1,NA,0,NA,30,2018,NA,NA
"6/9/18",10:33:00,"Holmeja","Coenagrion_puella","Mature",1,NA,0,NA,30,2018,NA,NA
"6/9/18",10:33:00,"Holmeja","Coenagrion_hastulatum","Mature",1,NA,0,NA,30,2018,NA,NA
"6/9/18",10:33:00,"Holmeja","Coenagrion_puella","Mature",1,NA,0,NA,30,2018,NA,NA
"6/9/18",10:33:00,"Holmeja","Anax_imperator","Mature",1,NA,0,NA,30,2018,NA,NA
"6/9/18",10:33:00,"Holmeja","Libellula_quadrimaculata","Mature",1,NA,0,NA,30,2018,NA,NA
"6/9/18",10:33:00,"Holmeja","Libellula_quadrimaculata","Mature",1,NA,0,NA,30,2018,NA,NA
"6/9/18",10:33:00,"Holmeja","Libellula_quadrimaculata","Mature",1,NA,0,NA,30,2018,NA,NA
"6/9/18",10:33:00,"Holmeja","Libellula_quadrimaculata","Mature",1,NA,0,NA,30,2018,NA,NA
"6/9/18",10:33:00,"Holmeja","Libellula_quadrimaculata","Mature",1,NA,0,NA,30,2018,NA,NA
"6/9/18",10:33:00,"Holmeja","Libellula_quadrimaculata","Mature",1,NA,0,NA,30,2018,NA,NA
"6/9/18",10:33:00,"Holmeja","Libellula_quadrimaculata","Mature",1,NA,0,NA,30,2018,NA,NA
"6/9/18",10:33:00,"Holmeja","Libellula_quadrimaculata","Mature",1,NA,0,NA,30,2018,NA,NA
"6/9/18",10:33:00,"Holmeja","Libellula_quadrimaculata","Mature",1,NA,0,NA,30,2018,NA,NA
"6/9/18",10:33:00,"Holmeja","Libellula_quadrimaculata","Mature",1,NA,0,NA,30,2018,NA,NA
"6/9/18",10:33:00,"Holmeja","Libellula_quadrimaculata","Mature",1,NA,0,NA,30,2018,NA,NA
"6/9/18",10:33:00,"Holmeja","Libellula_quadrimaculata","Mature",1,NA,0,NA,30,2018,NA,NA
"6/9/18",10:33:00,"Holmeja","Libellula_quadrimaculata","Mature",1,NA,0,NA,30,2018,NA,NA
"6/9/18",10:33:00,"Holmeja","Libellula_quadrimaculata","Mature",1,NA,0,NA,30,2018,NA,NA
"6/9/18",10:33:00,"Holmeja","Libellula_quadrimaculata","Mature",1,NA,0,NA,30,2018,NA,NA
"6/9/18",10:33:00,"Holmeja","Libellula_quadrimaculata","Mature",1,NA,0,NA,30,2018,NA,NA
"6/9/18",10:33:00,"Holmeja","Libellula_quadrimaculata","Mature",1,NA,0,NA,30,2018,NA,NA
"6/9/18",10:33:00,"Holmeja","Libellula_quadrimaculata","Mature",1,NA,0,NA,30,2018,NA,NA
"6/9/18",10:33:00,"Holmeja","Libellula_quadrimaculata","Mature",1,NA,0,NA,30,2018,NA,NA
"6/9/18",10:33:00,"Holmeja","Libellula_quadrimaculata","Mature",1,NA,0,NA,30,2018,NA,NA
"6/9/18",10:33:00,"Holmeja","Libellula_quadrimaculata","Mature",1,NA,0,NA,30,2018,NA,NA
"6/9/18",10:33:00,"Holmeja","Libellula_quadrimaculata","Mature",1,NA,0,NA,30,2018,NA,NA
"6/9/18",10:33:00,"Holmeja","Libellula_quadrimaculata","Mature",1,NA,0,NA,30,2018,NA,NA
"6/9/18",10:33:00,"Holmeja","Libellula_quadrimaculata","Mature",1,NA,0,NA,30,2018,NA,NA
"6/9/18",10:33:00,"Holmeja","Libellula_quadrimaculata","Mature",1,NA,0,NA,30,2018,NA,NA
"6/9/18",10:33:00,"Holmeja","Libellula_quadrimaculata","Mature",1,NA,0,NA,30,2018,NA,NA
"6/9/18",10:33:00,"Holmeja","Libellula_quadrimaculata","Mature",1,NA,0,NA,30,2018,NA,NA
"6/9/18",10:33:00,"Holmeja","Libellula_quadrimaculata","Mature",1,NA,0,NA,30,2018,NA,NA
"6/9/18",10:33:00,"Holmeja","Libellula_quadrimaculata","Mature",1,NA,0,NA,30,2018,NA,NA
"6/9/18",10:33:00,"Holmeja","Libellula_quadrimaculata","Mature",1,NA,0,NA,30,2018,NA,NA
"6/9/18",10:33:00,"Holmeja","Libellula_quadrimaculata","Mature",1,NA,0,NA,30,2018,NA,NA
"6/9/18",10:33:00,"Holmeja","Libellula_quadrimaculata","Mature",1,NA,0,NA,30,2018,NA,NA
"6/9/18",10:33:00,"Holmeja","Libellula_quadrimaculata","Mature",1,NA,0,NA,30,2018,NA,NA
"6/9/18",10:33:00,"Holmeja","Libellula_quadrimaculata","Mature",1,NA,0,NA,30,2018,NA,NA
"6/9/18",10:33:00,"Holmeja","Libellula_quadrimaculata","Mature",1,NA,0,NA,30,2018,NA,NA
"6/9/18",10:33:00,"Holmeja","Libellula_quadrimaculata","Mature",1,NA,0,NA,30,2018,NA,NA
"6/9/18",10:33:00,"Holmeja","Libellula_quadrimaculata","Mature",1,NA,0,NA,30,2018,NA,NA
"6/9/18",10:33:00,"Holmeja","Libellula_quadrimaculata","Mature",1,NA,0,NA,30,2018,NA,NA
"6/9/18",10:33:00,"Holmeja","Libellula_quadrimaculata","Mature",1,NA,0,NA,30,2018,NA,NA
"6/9/18",10:33:00,"Holmeja","Libellula_quadrimaculata","Mature",1,NA,0,NA,30,2018,NA,NA
"6/9/18",10:33:00,"Holmeja","Libellula_quadrimaculata","Mature",1,NA,0,NA,30,2018,NA,NA
"6/9/18",10:33:00,"Holmeja","Libellula_quadrimaculata","Mature",1,NA,0,NA,30,2018,NA,NA
"6/9/18",10:33:00,"Holmeja","Libellula_quadrimaculata","Mature",1,NA,0,NA,30,2018,NA,NA
"6/9/18",10:33:00,"Holmeja","Libellula_quadrimaculata","Mature",1,NA,0,NA,30,2018,NA,NA
"6/9/18",10:33:00,"Holmeja","Libellula_quadrimaculata","Mature",1,NA,0,NA,30,2018,NA,NA
"6/9/18",10:33:00,"Holmeja","Libellula_quadrimaculata","Mature",1,NA,0,NA,30,2018,NA,NA
"6/9/18",10:33:00,"Holmeja","Libellula_quadrimaculata","Mature",1,NA,0,NA,30,2018,NA,NA
"6/9/18",10:33:00,"Holmeja","Libellula_quadrimaculata","Mature",1,NA,0,NA,30,2018,NA,NA
"6/9/18",10:33:00,"Holmeja","Libellula_quadrimaculata","Mature",1,NA,0,NA,30,2018,NA,NA
"6/9/18",10:33:00,"Holmeja","Libellula_quadrimaculata","Mature",1,NA,0,NA,30,2018,NA,NA
"6/9/18",10:33:00,"Holmeja","Leucorrhinia_rubicunda","Mature",1,NA,0,NA,30,2018,NA,NA
"6/9/18",10:33:00,"Holmeja","Leucorrhinia_rubicunda","Mature",1,NA,0,NA,30,2018,NA,NA
"6/9/18",10:33:00,"Holmeja","Leucorrhinia_rubicunda","Mature",1,NA,0,NA,30,2018,NA,NA
"6/9/18",10:33:00,"Holmeja","Leucorrhinia_rubicunda","Mature",1,NA,0,NA,30,2018,NA,NA
"6/9/18",10:33:00,"Holmeja","Leucorrhinia_dubia","Mature",1,NA,0,NA,30,2018,NA,NA
"6/9/18",10:33:00,"Holmeja","Leucorrhinia_dubia","Mature",1,NA,0,NA,30,2018,NA,NA
"6/9/18",10:33:00,"Holmeja","Leucorrhinia_dubia","Mature",1,NA,0,NA,30,2018,NA,NA
"6/9/18",10:33:00,"Holmeja","Leucorrhinia_dubia","Mature",1,NA,0,NA,30,2018,NA,NA
"6/9/18",10:33:00,"Holmeja","Leucorrhinia_dubia","Mature",1,NA,0,NA,30,2018,NA,NA
"6/9/18",10:33:00,"Holmeja","Leucorrhinia_dubia","Mature",1,NA,0,NA,30,2018,NA,NA
"6/9/18",10:33:00,"Holmeja","Leucorrhinia_dubia","Mature",1,NA,0,NA,30,2018,NA,NA
"6/9/18",10:33:00,"Holmeja","Leucorrhinia_dubia","Mature",1,NA,0,NA,30,2018,NA,NA
"6/9/18",10:33:00,"Holmeja","Leucorrhinia_dubia","Mature",1,NA,0,NA,30,2018,NA,NA
"6/9/18",10:33:00,"Holmeja","Leucorrhinia_dubia","Mature",1,NA,0,NA,30,2018,NA,NA
"6/9/18",10:33:00,"Holmeja","Leucorrhinia_dubia","Mature",1,NA,0,NA,30,2018,NA,NA
"6/9/18",10:33:00,"Holmeja","Leucorrhinia_dubia","Mature",1,NA,0,NA,30,2018,NA,NA
"6/9/18",10:33:00,"Holmeja","Leucorrhinia_dubia","Mature",1,NA,0,NA,30,2018,NA,NA
"6/9/18",10:33:00,"Holmeja","Leucorrhinia_dubia","Mature",1,NA,0,NA,30,2018,NA,NA
"6/9/18",10:33:00,"Holmeja","Leucorrhinia_dubia","Mature",1,NA,0,NA,30,2018,NA,NA
"6/9/18",10:33:00,"Holmeja","Leucorrhinia_dubia","Mature",1,NA,0,NA,30,2018,NA,NA
"6/9/18",10:33:00,"Holmeja","Leucorrhinia_dubia","Mature",1,NA,0,NA,30,2018,NA,NA
"6/9/18",10:33:00,"Holmeja","Leucorrhinia_dubia","Mature",1,NA,0,NA,30,2018,NA,NA
"6/9/18",10:33:00,"Holmeja","Leucorrhinia_dubia","Mature",1,NA,0,NA,30,2018,NA,NA
"6/9/18",10:33:00,"Holmeja","Leucorrhinia_dubia","Mature",1,NA,0,NA,30,2018,NA,NA
"6/9/18",10:33:00,"Holmeja","Leucorrhinia_dubia","Mature",1,NA,0,NA,30,2018,NA,NA
"6/9/18",10:33:00,"Holmeja","Leucorrhinia_dubia","Mature",1,NA,0,NA,30,2018,NA,NA
"6/9/18",10:33:00,"Holmeja","Leucorrhinia_dubia","Mature",1,NA,0,NA,30,2018,NA,NA
"6/9/18",10:33:00,"Holmeja","Leucorrhinia_dubia","Mature",1,NA,0,NA,30,2018,NA,NA
"6/9/18",10:33:00,"Holmeja","Leucorrhinia_dubia","Mature",1,NA,0,NA,30,2018,NA,NA
"6/9/18",10:33:00,"Holmeja","Leucorrhinia_dubia","Mature",1,NA,0,NA,30,2018,NA,NA
"6/9/18",10:33:00,"Holmeja","Leucorrhinia_dubia","Mature",1,NA,0,NA,30,2018,NA,NA
"6/9/18",10:33:00,"Holmeja","Leucorrhinia_dubia","Mature",1,NA,0,NA,30,2018,NA,NA
"6/9/18",10:33:00,"Holmeja","Leucorrhinia_dubia","Mature",1,NA,0,NA,30,2018,NA,NA
"6/9/18",10:33:00,"Holmeja","Leucorrhinia_dubia","Mature",1,NA,0,NA,30,2018,NA,NA
"6/9/18",10:33:00,"Holmeja","Leucorrhinia_dubia","Mature",1,NA,0,NA,30,2018,NA,NA
"6/9/18",10:33:00,"Holmeja","Leucorrhinia_dubia","Mature",1,NA,0,NA,30,2018,NA,NA
"6/9/18",10:33:00,"Holmeja","Leucorrhinia_dubia","Mature",1,NA,0,NA,30,2018,NA,NA
"6/9/18",10:33:00,"Holmeja","Leucorrhinia_dubia","Mature",1,NA,0,NA,30,2018,NA,NA
"6/9/18",10:33:00,"Holmeja","Leucorrhinia_dubia","Mature",1,NA,0,NA,30,2018,NA,NA
"6/9/18",10:33:00,"Holmeja","Leucorrhinia_dubia","Mature",1,NA,0,NA,30,2018,NA,NA
"6/9/18",10:33:00,"Holmeja","Leucorrhinia_dubia","Mature",1,NA,0,NA,30,2018,NA,NA
"6/9/18",10:33:00,"Holmeja","Leucorrhinia_dubia","Mature",1,NA,0,NA,30,2018,NA,NA
"6/9/18",10:33:00,"Holmeja","Leucorrhinia_dubia","Mature",1,NA,0,NA,30,2018,NA,NA
"6/9/18",10:33:00,"Holmeja","Leucorrhinia_dubia","Mature",1,NA,0,NA,30,2018,NA,NA
"6/9/18",10:33:00,"Holmeja","Leucorrhinia_pectoralis","Mature",1,NA,0,NA,30,2018,NA,NA
"6/9/18",10:33:00,"Holmeja","Leucorrhinia_pectoralis","Mature",1,NA,0,NA,30,2018,NA,NA
"6/9/18",10:33:00,"Holmeja","Leucorrhinia_pectoralis","Mature",1,NA,0,NA,30,2018,NA,NA
"6/9/18",10:33:00,"Holmeja","Leucorrhinia_pectoralis","Mature",1,NA,0,NA,30,2018,NA,NA
"6/9/18",10:33:00,"Holmeja","Leucorrhinia_pectoralis","Mature",1,NA,0,NA,30,2018,NA,NA
"7/2/18",10:45:00,"Holmeja","Coenagrion_puella","Mature",1,NA,0,NA,30,2018,NA,NA
"7/2/18",10:45:00,"Holmeja","Coenagrion_hastulatum","Mature",1,NA,0,NA,30,2018,NA,NA
"7/2/18",10:45:00,"Holmeja","Coenagrion_puella","Mature",1,NA,0,NA,30,2018,NA,NA
"7/2/18",10:45:00,"Holmeja","Lestes_sponsa","Mature",1,NA,0,NA,30,2018,NA,NA
"7/2/18",10:45:00,"Holmeja","Lestes_sponsa","Mature",1,NA,0,NA,30,2018,NA,NA
"7/2/18",10:45:00,"Holmeja","Lestes_sponsa","Teneral",1,NA,0,NA,30,2018,NA,NA
"7/2/18",10:45:00,"Holmeja","Coenagrion_pulchellum","Mature",1,NA,0,NA,30,2018,NA,NA
"7/2/18",10:45:00,"Holmeja","Sympetrum_danae","Mature",1,NA,0,NA,30,2018,NA,NA
"7/2/18",10:45:00,"Holmeja","Sympetrum_danae","Mature",1,NA,0,NA,30,2018,NA,NA
"7/2/18",10:45:00,"Holmeja","Sympetrum_danae","Mature",0,NA,0,NA,30,2018,NA,NA
"7/2/18",10:45:00,"Holmeja","Sympetrum_danae","Mature",0,NA,0,NA,30,2018,NA,NA
"7/2/18",10:45:00,"Holmeja","Lestes_sponsa","Mature",1,NA,0,NA,30,2018,NA,NA
"7/2/18",10:45:00,"Holmeja","Lestes_sponsa","Immature",0,NA,0,NA,30,2018,NA,NA
"7/2/18",10:45:00,"Holmeja","Lestes_sponsa","Immature",1,NA,0,NA,30,2018,NA,NA
"7/2/18",10:45:00,"Holmeja","Lestes_sponsa","Immature",0,NA,0,NA,30,2018,NA,NA
"7/2/18",10:45:00,"Holmeja","Lestes_sponsa","Immature",0,NA,0,NA,30,2018,NA,NA
"7/2/18",10:45:00,"Holmeja","Lestes_sponsa","Mature",0,NA,0,NA,30,2018,NA,NA
"7/2/18",10:45:00,"Holmeja","Lestes_virens","Immature",0,NA,0,NA,30,2018,NA,NA
"7/2/18",10:45:00,"Holmeja","Lestes_sponsa","Mature",0,NA,0,NA,30,2018,NA,NA
"7/2/18",10:45:00,"Holmeja","Lestes_virens","Mature",0,NA,0,NA,30,2018,NA,NA
"7/2/18",10:45:00,"Holmeja","Lestes_virens","Immature",0,NA,0,NA,30,2018,NA,NA
"7/2/18",10:45:00,"Holmeja","Lestes_sponsa","Mature",0,NA,0,NA,30,2018,NA,NA
"7/2/18",10:45:00,"Holmeja","Lestes_sponsa","Immature",1,NA,0,NA,30,2018,NA,NA
"7/2/18",10:45:00,"Holmeja","Coenagrion_puella","Mature",1,NA,0,NA,30,2018,NA,NA
"7/2/18",10:45:00,"Holmeja","Lestes_sponsa","Mature",1,NA,0,NA,30,2018,NA,NA
"7/2/18",10:45:00,"Holmeja","Lestes_sponsa","Mature",0,NA,0,NA,30,2018,NA,NA
"7/2/18",10:45:00,"Holmeja","Lestes_sponsa","Mature",1,NA,0,NA,30,2018,NA,NA
"7/2/18",10:45:00,"Holmeja","Lestes_sponsa","Immature",1,NA,0,NA,30,2018,NA,NA
"7/2/18",10:45:00,"Holmeja","Lestes_sponsa","Mature",1,NA,0,NA,30,2018,NA,NA
"7/2/18",10:45:00,"Holmeja","Lestes_sponsa","Immature",1,NA,0,NA,30,2018,NA,NA
"7/2/18",10:45:00,"Holmeja","Lestes_sponsa","Mature",1,NA,0,NA,30,2018,NA,NA
"7/2/18",10:45:00,"Holmeja","Coenagrion_puella","Mature",1,NA,0,NA,30,2018,NA,NA
"7/2/18",10:45:00,"Holmeja","Lestes_sponsa","Immature",1,NA,0,NA,30,2018,NA,NA
"7/2/18",10:45:00,"Holmeja","Lestes_sponsa","Mature",1,NA,0,NA,30,2018,NA,NA
"7/2/18",10:45:00,"Holmeja","Lestes_sponsa","Mature",1,NA,0,NA,30,2018,NA,NA
"7/2/18",10:45:00,"Holmeja","Lestes_sponsa","Mature",1,NA,0,NA,30,2018,NA,NA
"7/2/18",10:45:00,"Holmeja","Coenagrion_puella","Mature",1,NA,0,NA,30,2018,NA,NA
"7/2/18",10:45:00,"Holmeja","Lestes_sponsa","Mature",1,NA,0,NA,30,2018,NA,NA
"7/2/18",10:45:00,"Holmeja","Lestes_sponsa","Mature",1,NA,0,NA,30,2018,NA,NA
"7/2/18",10:45:00,"Holmeja","Lestes_sponsa","Mature",1,NA,0,NA,30,2018,NA,NA
"7/2/18",10:45:00,"Holmeja","Lestes_sponsa","Mature",1,NA,0,NA,30,2018,NA,NA
"7/2/18",10:45:00,"Holmeja","Lestes_sponsa","Mature",1,NA,0,NA,30,2018,NA,NA
"7/2/18",10:45:00,"Holmeja","Lestes_sponsa","Mature",1,NA,0,NA,30,2018,NA,NA
"7/2/18",10:45:00,"Holmeja","Lestes_sponsa","Mature",1,NA,0,NA,30,2018,NA,NA
"7/2/18",10:45:00,"Holmeja","Lestes_sponsa","Mature",1,NA,0,NA,30,2018,NA,NA
"7/2/18",10:45:00,"Holmeja","Lestes_sponsa","Mature",1,NA,0,NA,30,2018,NA,NA
"7/2/18",10:45:00,"Holmeja","Lestes_sponsa","Immature",1,NA,0,NA,30,2018,NA,NA
"7/2/18",10:45:00,"Holmeja","Lestes_virens","Immature",0,NA,0,NA,30,2018,NA,NA
"7/2/18",10:45:00,"Holmeja","Lestes_sponsa","Immature",1,NA,0,NA,30,2018,NA,NA
"7/2/18",10:45:00,"Holmeja","Leucorrhinia_pectoralis","Mature",1,NA,0,NA,30,2018,NA,NA
"7/2/18",10:45:00,"Holmeja","Leucorrhinia_pectoralis","Mature",1,NA,0,NA,30,2018,NA,NA
"7/2/18",10:45:00,"Holmeja","Aeshna_grandis","Mature",NA,NA,0,NA,30,2018,NA,NA
"7/2/18",10:45:00,"Holmeja","Libellula_quadrimaculata","Mature",NA,NA,0,NA,30,2018,NA,NA
"7/2/18",10:45:00,"Holmeja","Libellula_quadrimaculata","Mature",NA,NA,0,NA,30,2018,NA,NA
"7/2/18",10:45:00,"Holmeja","Libellula_quadrimaculata","Mature",NA,NA,0,NA,30,2018,NA,NA
"7/2/18",10:45:00,"Holmeja","Libellula_quadrimaculata","Mature",NA,NA,0,NA,30,2018,NA,NA
"7/2/18",10:45:00,"Holmeja","Libellula_quadrimaculata","Mature",NA,NA,0,NA,30,2018,NA,NA
"7/2/18",10:45:00,"Holmeja","Libellula_quadrimaculata","Mature",NA,NA,0,NA,30,2018,NA,NA
"7/2/18",10:45:00,"Holmeja","Libellula_quadrimaculata","Mature",NA,NA,0,NA,30,2018,NA,NA
"7/2/18",10:45:00,"Holmeja","Libellula_quadrimaculata","Mature",NA,NA,0,NA,30,2018,NA,NA
"7/2/18",10:45:00,"Holmeja","Libellula_quadrimaculata","Mature",NA,NA,0,NA,30,2018,NA,NA
"7/2/18",10:45:00,"Holmeja","Libellula_quadrimaculata","Mature",NA,NA,0,NA,30,2018,NA,NA
"7/2/18",10:45:00,"Holmeja","Leucorrhinia_dubia","Mature",1,NA,0,NA,30,2018,NA,NA
"7/2/18",10:45:00,"Holmeja","Leucorrhinia_dubia","Mature",1,NA,0,NA,30,2018,NA,NA
"7/2/18",10:45:00,"Holmeja","Leucorrhinia_dubia","Mature",1,NA,0,NA,30,2018,NA,NA
"7/2/18",10:45:00,"Holmeja","Leucorrhinia_dubia","Mature",1,NA,0,NA,30,2018,NA,NA
"7/2/18",10:45:00,"Holmeja","Leucorrhinia_dubia","Mature",1,NA,0,NA,30,2018,NA,NA
"7/2/18",10:45:00,"Holmeja","Leucorrhinia_dubia","Mature",1,NA,0,NA,30,2018,NA,NA
"7/2/18",10:45:00,"Holmeja","Leucorrhinia_dubia","Mature",1,NA,0,NA,30,2018,NA,NA
"7/2/18",10:45:00,"Holmeja","Leucorrhinia_dubia","Mature",1,NA,0,NA,30,2018,NA,NA
"7/2/18",10:45:00,"Holmeja","Leucorrhinia_dubia","Mature",1,NA,0,NA,30,2018,NA,NA
"7/2/18",10:45:00,"Holmeja","Leucorrhinia_dubia","Mature",1,NA,0,NA,30,2018,NA,NA
"7/2/18",10:45:00,"Holmeja","Leucorrhinia_dubia","Mature",1,NA,0,NA,30,2018,NA,NA
"7/2/18",10:45:00,"Holmeja","Leucorrhinia_dubia","Mature",1,NA,0,NA,30,2018,NA,NA
"7/2/18",10:45:00,"Holmeja","Leucorrhinia_dubia","Mature",1,NA,0,NA,30,2018,NA,NA
"7/2/18",10:45:00,"Holmeja","Leucorrhinia_dubia","Mature",1,NA,0,NA,30,2018,NA,NA
"7/2/18",10:45:00,"Holmeja","Leucorrhinia_dubia","Mature",1,NA,0,NA,30,2018,NA,NA
"7/2/18",10:45:00,"Holmeja","Leucorrhinia_dubia","Mature",1,NA,0,NA,30,2018,NA,NA
"7/2/18",10:45:00,"Holmeja","Leucorrhinia_dubia","Mature",1,NA,0,NA,30,2018,NA,NA
"7/2/18",10:45:00,"Holmeja","Leucorrhinia_dubia","Mature",1,NA,0,NA,30,2018,NA,NA
"7/2/18",10:45:00,"Holmeja","Leucorrhinia_dubia","Mature",1,NA,0,NA,30,2018,NA,NA
"7/2/18",10:45:00,"Holmeja","Leucorrhinia_dubia","Mature",1,NA,0,NA,30,2018,NA,NA
"7/2/18",10:45:00,"Holmeja","Leucorrhinia_dubia","Mature",1,NA,0,NA,30,2018,NA,NA
"7/23/18",11:46:00,"Holmeja","Lestes_sponsa","Mature",1,NA,0,NA,30,2018,NA,NA
"7/23/18",11:46:00,"Holmeja","Lestes_sponsa","Mature",1,NA,0,NA,30,2018,NA,NA
"7/23/18",11:46:00,"Holmeja","Lestes_sponsa","Mature",1,NA,0,NA,30,2018,NA,NA
"7/23/18",11:46:00,"Holmeja","Lestes_sponsa","Mature",1,NA,0,NA,30,2018,NA,NA
"7/23/18",11:46:00,"Holmeja","Lestes_sponsa","Mature",1,NA,0,NA,30,2018,NA,NA
"7/23/18",11:46:00,"Holmeja","Lestes_virens","Mature",0,NA,0,NA,30,2018,NA,NA
"7/23/18",11:46:00,"Holmeja","Lestes_sponsa","Mature",1,NA,0,NA,30,2018,NA,NA
"7/23/18",11:46:00,"Holmeja","Lestes_sponsa","Mature",1,NA,0,NA,30,2018,NA,NA
"7/23/18",11:46:00,"Holmeja","Coenagrion_pulchellum","Mature",1,NA,0,NA,30,2018,NA,NA
"7/23/18",11:46:00,"Holmeja","Lestes_sponsa","Mature",1,NA,0,NA,30,2018,NA,NA
"7/23/18",11:46:00,"Holmeja","Lestes_sponsa","Mature",1,NA,0,NA,30,2018,NA,NA
"7/23/18",11:46:00,"Holmeja","Lestes_sponsa","Mature",1,NA,0,NA,30,2018,NA,NA
"7/23/18",11:46:00,"Holmeja","Lestes_sponsa","Mature",1,NA,1,NA,30,2018,NA,NA
"7/23/18",11:46:00,"Holmeja","Lestes_sponsa","Mature",0,NA,1,NA,30,2018,NA,NA
"7/23/18",11:46:00,"Holmeja","Lestes_sponsa","Mature",1,NA,0,NA,30,2018,NA,NA
"7/23/18",11:46:00,"Holmeja","Lestes_sponsa","Mature",1,NA,0,NA,30,2018,NA,NA
"7/23/18",11:46:00,"Holmeja","Lestes_sponsa","Mature",1,NA,0,NA,30,2018,NA,NA
"7/23/18",11:46:00,"Holmeja","Lestes_sponsa","Mature",1,NA,0,NA,30,2018,NA,NA
"7/23/18",11:46:00,"Holmeja","Lestes_sponsa","Mature",1,NA,0,NA,30,2018,NA,NA
"7/23/18",11:46:00,"Holmeja","Lestes_sponsa","Mature",1,NA,0,NA,30,2018,NA,NA
"7/23/18",11:46:00,"Holmeja","Lestes_sponsa","Mature",1,NA,0,NA,30,2018,NA,NA
"7/23/18",11:46:00,"Holmeja","Lestes_sponsa","Mature",1,NA,0,NA,30,2018,NA,NA
"7/23/18",11:46:00,"Holmeja","Lestes_sponsa","Mature",1,NA,0,NA,30,2018,NA,NA
"7/23/18",11:46:00,"Holmeja","Lestes_sponsa","Mature",1,NA,0,NA,30,2018,NA,NA
"7/23/18",11:46:00,"Holmeja","Lestes_sponsa","Mature",1,NA,0,NA,30,2018,NA,NA
"7/23/18",11:46:00,"Holmeja","Lestes_sponsa","Mature",1,NA,0,NA,30,2018,NA,NA
"7/23/18",11:46:00,"Holmeja","Lestes_sponsa","Mature",1,NA,0,NA,30,2018,NA,NA
"7/23/18",11:46:00,"Holmeja","Lestes_sponsa","Immature",0,NA,0,NA,30,2018,NA,NA
"7/23/18",11:46:00,"Holmeja","Lestes_sponsa","Mature",1,NA,0,NA,30,2018,NA,NA
"7/23/18",11:46:00,"Holmeja","Lestes_sponsa","Mature",1,NA,0,NA,30,2018,NA,NA
"7/23/18",11:46:00,"Holmeja","Lestes_sponsa","Mature",1,NA,0,NA,30,2018,NA,NA
"7/23/18",11:46:00,"Holmeja","Lestes_sponsa","Mature",1,NA,0,NA,30,2018,NA,NA
"7/23/18",11:46:00,"Holmeja","Lestes_sponsa","Mature",1,NA,0,NA,30,2018,NA,NA
"7/23/18",11:46:00,"Holmeja","Lestes_sponsa","Mature",1,NA,0,NA,30,2018,NA,NA
"7/23/18",11:46:00,"Holmeja","Lestes_sponsa","Mature",1,NA,0,NA,30,2018,NA,NA
"7/23/18",11:46:00,"Holmeja","Lestes_sponsa","Mature",1,NA,0,NA,30,2018,NA,NA
"7/23/18",11:46:00,"Holmeja","Lestes_sponsa","Mature",1,NA,0,NA,30,2018,NA,NA
"7/23/18",11:46:00,"Holmeja","Lestes_sponsa","Mature",1,NA,0,NA,30,2018,NA,NA
"7/23/18",11:46:00,"Holmeja","Lestes_sponsa","Mature",1,NA,0,NA,30,2018,NA,NA
"7/23/18",11:46:00,"Holmeja","Lestes_sponsa","Mature",1,NA,0,NA,30,2018,NA,NA
"7/23/18",11:46:00,"Holmeja","Lestes_sponsa","Mature",1,NA,0,NA,30,2018,NA,NA
"7/23/18",11:46:00,"Holmeja","Lestes_virens","Mature",1,NA,0,NA,30,2018,NA,NA
"7/23/18",11:46:00,"Holmeja","Lestes_sponsa","Mature",1,NA,0,NA,30,2018,NA,NA
"7/23/18",11:46:00,"Holmeja","Lestes_sponsa","Mature",1,NA,0,NA,30,2018,NA,NA
"7/23/18",11:46:00,"Holmeja","Lestes_virens","Immature",0,NA,0,NA,30,2018,NA,NA
"7/23/18",11:46:00,"Holmeja","Lestes_sponsa","Immature",0,NA,0,NA,30,2018,NA,NA
"7/23/18",11:46:00,"Holmeja","Lestes_sponsa","Mature",1,NA,0,NA,30,2018,NA,NA
"7/23/18",11:46:00,"Holmeja","Lestes_sponsa","Immature",0,NA,0,NA,30,2018,NA,NA
"7/23/18",11:46:00,"Holmeja","Aeshna_grandis","Mature",1,NA,0,NA,30,2018,NA,NA
"7/23/18",11:46:00,"Holmeja","Anax_imperator","Mature",1,NA,0,NA,30,2018,NA,NA
"7/23/18",11:46:00,"Holmeja","Sympetrum_sanguineum","Mature",1,NA,0,NA,30,2018,NA,NA
"7/23/18",11:46:00,"Holmeja","Lestes_dryas","Mature",0,NA,0,NA,30,2018,NA,NA
"5/24/18",10:04:00,"IKEA","Ischnura_elegans","Mature",0,NA,1,NA,30,2018,NA,NA
"5/24/18",10:04:00,"IKEA","Ischnura_elegans","Mature",1,NA,1,NA,30,2018,NA,NA
"5/24/18",10:04:00,"IKEA","Ischnura_elegans","Immature",1,NA,0,NA,30,2018,NA,NA
"5/24/18",10:04:00,"IKEA","Coenagrion_puella","Mature",1,NA,0,NA,30,2018,NA,NA
"5/24/18",10:04:00,"IKEA","Coenagrion_puella","Mature",1,NA,0,NA,30,2018,NA,NA
"5/24/18",10:04:00,"IKEA","Coenagrion_puella","Mature",1,NA,0,NA,30,2018,NA,NA
"5/24/18",10:04:00,"IKEA","Coenagrion_pulchellum","Mature",1,NA,0,NA,30,2018,NA,NA
"5/24/18",10:04:00,"IKEA","Ischnura_pumilio","Immature",1,NA,0,NA,30,2018,NA,NA
"5/24/18",10:04:00,"IKEA","Ischnura_pumilio","Mature",1,NA,0,NA,30,2018,NA,NA
"5/24/18",10:04:00,"IKEA","Coenagrion_pulchellum","Mature",1,NA,0,NA,30,2018,NA,NA
"5/24/18",10:04:00,"IKEA","Ischnura_pumilio","Immature",1,NA,0,NA,30,2018,NA,NA
"5/24/18",10:04:00,"IKEA","Ischnura_elegans","Teneral",1,NA,0,NA,30,2018,NA,NA
"5/24/18",10:04:00,"IKEA","Ischnura_pumilio","Immature",1,NA,0,NA,30,2018,NA,NA
"5/24/18",10:04:00,"IKEA","Ischnura_elegans","Teneral",1,NA,0,NA,30,2018,NA,NA
"5/24/18",10:04:00,"IKEA","Ischnura_pumilio","Teneral",1,NA,0,NA,30,2018,NA,NA
"5/24/18",10:04:00,"IKEA","Ischnura_pumilio","Teneral",1,NA,0,NA,30,2018,NA,NA
"5/24/18",10:04:00,"IKEA","Ischnura_pumilio","Teneral",1,NA,0,NA,30,2018,NA,NA
"5/24/18",10:04:00,"IKEA","Ischnura_elegans","Teneral",1,NA,0,NA,30,2018,NA,NA
"5/24/18",10:04:00,"IKEA","Ischnura_pumilio","Teneral",1,NA,0,NA,30,2018,NA,NA
"5/24/18",10:04:00,"IKEA","Ischnura_pumilio","Immature",0,NA,0,NA,30,2018,NA,NA
"5/24/18",10:04:00,"IKEA","Ischnura_pumilio","Teneral",0,NA,0,NA,30,2018,NA,NA
"5/24/18",10:04:00,"IKEA","Ischnura_elegans","Mature",0,NA,0,NA,30,2018,NA,NA
"5/24/18",10:04:00,"IKEA","Ischnura_elegans","Teneral",1,NA,0,NA,30,2018,NA,NA
"5/24/18",10:04:00,"IKEA","Ischnura_pumilio","Immature",0,NA,0,NA,30,2018,NA,NA
"5/24/18",10:04:00,"IKEA","Ischnura_pumilio","Immature",0,NA,0,NA,30,2018,NA,NA
"5/24/18",10:04:00,"IKEA","Ischnura_pumilio","Immature",0,NA,0,NA,30,2018,NA,NA
"5/24/18",10:04:00,"IKEA","Ischnura_pumilio","Teneral",0,NA,0,NA,30,2018,NA,NA
"5/24/18",10:04:00,"IKEA","Ischnura_pumilio","Immature",0,NA,0,NA,30,2018,NA,NA
"5/24/18",10:04:00,"IKEA","Ischnura_pumilio","Teneral",0,NA,0,NA,30,2018,NA,NA
"5/31/18",10:08:00,"IKEA","Ischnura_pumilio","Immature",0,NA,0,NA,30,2018,NA,NA
"5/31/18",10:08:00,"IKEA","Ischnura_pumilio","Immature",0,NA,0,NA,30,2018,NA,NA
"5/31/18",10:08:00,"IKEA","Ischnura_pumilio","Immature",0,NA,0,NA,30,2018,NA,NA
"5/31/18",10:08:00,"IKEA","Ischnura_elegans","Immature",0,NA,0,NA,30,2018,NA,NA
"5/31/18",10:08:00,"IKEA","Ischnura_pumilio","Mature",0,NA,0,NA,30,2018,NA,NA
"5/31/18",10:08:00,"IKEA","Ischnura_pumilio","Mature",0,NA,0,NA,30,2018,NA,NA
"5/31/18",10:08:00,"IKEA","Ischnura_pumilio","Mature",1,NA,0,NA,30,2018,NA,NA
"5/31/18",10:08:00,"IKEA","Ischnura_pumilio","Mature",1,NA,0,NA,30,2018,NA,NA
"5/31/18",10:08:00,"IKEA","Coenagrion_pulchellum","Mature",1,NA,0,NA,30,2018,NA,NA
"5/31/18",10:08:00,"IKEA","Ischnura_elegans","Mature",1,NA,0,NA,30,2018,NA,NA
"5/31/18",10:08:00,"IKEA","Ischnura_pumilio","Immature",1,NA,0,NA,30,2018,NA,NA
"5/31/18",10:08:00,"IKEA","Ischnura_elegans","Immature",1,NA,0,NA,30,2018,NA,NA
"5/31/18",10:08:00,"IKEA","Ischnura_elegans","Immature",1,NA,0,NA,30,2018,NA,NA
"5/31/18",10:08:00,"IKEA","Ischnura_elegans","Immature",1,NA,0,NA,30,2018,NA,NA
"5/31/18",10:08:00,"IKEA","Ischnura_elegans","Teneral",1,NA,0,NA,30,2018,NA,NA
"5/31/18",10:08:00,"IKEA","Ischnura_elegans","Mature",1,NA,0,NA,30,2018,NA,NA
"5/31/18",10:08:00,"IKEA","Ischnura_elegans","Mature",1,NA,0,NA,30,2018,NA,NA
"5/31/18",10:08:00,"IKEA","Ischnura_elegans","Immature",1,NA,0,NA,30,2018,NA,NA
"5/31/18",10:08:00,"IKEA","Ischnura_elegans","Immature",1,NA,0,NA,30,2018,NA,NA
"5/31/18",10:08:00,"IKEA","Ischnura_elegans","Immature",1,NA,0,NA,30,2018,NA,NA
"5/31/18",10:08:00,"IKEA","Ischnura_elegans","Immature",1,NA,0,NA,30,2018,NA,NA
"5/31/18",10:08:00,"IKEA","Ischnura_elegans","Immature",1,NA,0,NA,30,2018,NA,NA
"5/31/18",10:08:00,"IKEA","Ischnura_elegans","Mature",1,NA,1,NA,30,2018,NA,NA
"5/31/18",10:08:00,"IKEA","Ischnura_elegans","Mature",0,NA,1,NA,30,2018,NA,NA
"5/31/18",10:08:00,"IKEA","Libellula_depressa","Mature",1,NA,0,NA,30,2018,NA,NA
"7/2/18",12:05:00,"IKEA","Lestes_sponsa","Mature",0,NA,0,NA,30,2018,NA,NA
"7/2/18",12:05:00,"IKEA","Ischnura_pumilio","Mature",1,NA,0,NA,30,2018,NA,NA
"7/2/18",12:05:00,"IKEA","Enallagma_cyathigerum","Immature",0,NA,0,NA,30,2018,NA,NA
"7/2/18",12:05:00,"IKEA","Ischnura_pumilio","Mature",1,NA,0,NA,30,2018,NA,NA
"7/2/18",12:05:00,"IKEA","Ischnura_elegans","Mature",1,NA,0,NA,30,2018,NA,NA
"7/2/18",12:05:00,"IKEA","Ischnura_elegans","Mature",1,NA,0,NA,30,2018,NA,NA
"7/2/18",12:05:00,"IKEA","Ischnura_pumilio","Mature",1,NA,0,NA,30,2018,NA,NA
"7/2/18",12:05:00,"IKEA","Lestes_sponsa","Mature",0,NA,0,NA,30,2018,NA,NA
"7/2/18",12:05:00,"IKEA","Lestes_sponsa","Mature",1,NA,0,NA,30,2018,NA,NA
"5/25/18",11:39:00,"Ilstorp","Enallagma_cyathigerum","Teneral",0,NA,0,NA,30,2018,NA,NA
"5/25/18",11:39:00,"Ilstorp","Coenagrion_puella","Mature",0,NA,0,NA,30,2018,NA,NA
"5/25/18",11:39:00,"Ilstorp","Enallagma_cyathigerum","Teneral",0,NA,0,NA,30,2018,NA,NA
"5/25/18",11:39:00,"Ilstorp","Enallagma_cyathigerum","Teneral",1,NA,0,NA,30,2018,NA,NA
"5/25/18",11:39:00,"Ilstorp","Erythromma_najas","Mature",0,NA,0,NA,30,2018,NA,NA
"5/25/18",11:39:00,"Ilstorp","Enallagma_cyathigerum","Mature",1,NA,0,NA,30,2018,NA,NA
"5/25/18",11:39:00,"Ilstorp","Ischnura_elegans","Mature",1,NA,0,NA,30,2018,NA,NA
"5/25/18",11:39:00,"Ilstorp","Coenagrion_puella","Mature",1,NA,0,NA,30,2018,NA,NA
"5/25/18",11:39:00,"Ilstorp","Enallagma_cyathigerum","Mature",1,NA,0,NA,30,2018,NA,NA
"5/25/18",11:39:00,"Ilstorp","Ischnura_elegans","Mature",1,NA,0,NA,30,2018,NA,NA
"5/25/18",11:39:00,"Ilstorp","Ischnura_elegans","Mature",1,NA,0,NA,30,2018,NA,NA
"5/25/18",11:39:00,"Ilstorp","Ischnura_elegans","Teneral",1,NA,0,NA,30,2018,NA,NA
"5/25/18",11:39:00,"Ilstorp","Coenagrion_puella","Mature",1,NA,0,NA,30,2018,NA,NA
"5/25/18",11:39:00,"Ilstorp","Coenagrion_puella","Mature",1,NA,1,NA,30,2018,NA,NA
"5/25/18",11:39:00,"Ilstorp","Coenagrion_puella","Mature",0,NA,1,NA,30,2018,NA,NA
"5/25/18",11:39:00,"Ilstorp","Ischnura_elegans","Mature",1,NA,1,NA,30,2018,NA,NA
"5/25/18",11:39:00,"Ilstorp","Ischnura_elegans","Mature",0,NA,1,NA,30,2018,NA,NA
"5/25/18",11:39:00,"Ilstorp","Ischnura_elegans","Mature",1,NA,1,NA,30,2018,NA,NA
"5/25/18",11:39:00,"Ilstorp","Ischnura_elegans","Mature",0,NA,0,NA,30,2018,NA,NA
"5/25/18",11:39:00,"Ilstorp","Ischnura_elegans","Mature",1,NA,1,NA,30,2018,NA,NA
"5/25/18",11:39:00,"Ilstorp","Ischnura_elegans","Mature",0,NA,1,NA,30,2018,NA,NA
"5/25/18",11:39:00,"Ilstorp","Coenagrion_pulchellum","Mature",1,NA,1,NA,30,2018,NA,NA
"5/25/18",11:39:00,"Ilstorp","Coenagrion_pulchellum","Mature",1,NA,1,NA,30,2018,NA,NA
"5/25/18",11:39:00,"Ilstorp","Libellula_quadrimaculata","Mature",1,NA,0,NA,30,2018,NA,NA
"5/25/18",11:39:00,"Ilstorp","Libellula_quadrimaculata","Mature",1,NA,0,NA,30,2018,NA,NA
"5/25/18",11:39:00,"Ilstorp","Libellula_quadrimaculata","Mature",1,NA,0,NA,30,2018,NA,NA
"5/25/18",11:39:00,"Ilstorp","Libellula_quadrimaculata","Mature",1,NA,0,NA,30,2018,NA,NA
"5/25/18",11:39:00,"Ilstorp","Libellula_quadrimaculata","Mature",1,NA,0,NA,30,2018,NA,NA
"5/25/18",11:39:00,"Ilstorp","Libellula_quadrimaculata","Mature",1,NA,0,NA,30,2018,NA,NA
"5/25/18",11:39:00,"Ilstorp","Libellula_quadrimaculata","Mature",1,NA,0,NA,30,2018,NA,NA
"5/25/18",11:39:00,"Ilstorp","Libellula_quadrimaculata","Mature",1,NA,0,NA,30,2018,NA,NA
"5/25/18",11:39:00,"Ilstorp","Libellula_quadrimaculata","Mature",1,NA,0,NA,30,2018,NA,NA
"5/25/18",11:39:00,"Ilstorp","Libellula_quadrimaculata","Mature",1,NA,0,NA,30,2018,NA,NA
"5/25/18",11:39:00,"Ilstorp","Libellula_quadrimaculata","Mature",1,NA,0,NA,30,2018,NA,NA
"5/25/18",11:39:00,"Ilstorp","Libellula_quadrimaculata","Mature",1,NA,0,NA,30,2018,NA,NA
"5/25/18",11:39:00,"Ilstorp","Libellula_quadrimaculata","Mature",1,NA,0,NA,30,2018,NA,NA
"5/25/18",11:39:00,"Ilstorp","Libellula_quadrimaculata","Mature",1,NA,0,NA,30,2018,NA,NA
"5/25/18",11:39:00,"Ilstorp","Libellula_quadrimaculata","Mature",1,NA,0,NA,30,2018,NA,NA
"5/25/18",11:39:00,"Ilstorp","Libellula_quadrimaculata","Mature",1,NA,0,NA,30,2018,NA,NA
"5/25/18",11:39:00,"Ilstorp","Libellula_quadrimaculata","Mature",1,NA,0,NA,30,2018,NA,NA
"5/25/18",11:39:00,"Ilstorp","Libellula_quadrimaculata","Mature",1,NA,0,NA,30,2018,NA,NA
"5/25/18",11:39:00,"Ilstorp","Libellula_quadrimaculata","Mature",1,NA,0,NA,30,2018,NA,NA
"5/25/18",11:39:00,"Ilstorp","Libellula_quadrimaculata","Mature",1,NA,0,NA,30,2018,NA,NA
"5/25/18",11:39:00,"Ilstorp","Libellula_quadrimaculata","Mature",1,NA,0,NA,30,2018,NA,NA
"5/25/18",11:39:00,"Ilstorp","Libellula_quadrimaculata","Mature",1,NA,0,NA,30,2018,NA,NA
"5/25/18",11:39:00,"Ilstorp","Libellula_quadrimaculata","Mature",1,NA,0,NA,30,2018,NA,NA
"5/25/18",11:39:00,"Ilstorp","Libellula_quadrimaculata","Mature",1,NA,0,NA,30,2018,NA,NA
"5/25/18",11:39:00,"Ilstorp","Libellula_quadrimaculata","Mature",1,NA,0,NA,30,2018,NA,NA
"5/25/18",11:39:00,"Ilstorp","Libellula_depressa","Mature",0,NA,0,NA,30,2018,NA,NA
"5/25/18",11:39:00,"Ilstorp","Brachytron_pratense","Mature",1,NA,0,NA,30,2018,NA,NA
"5/25/18",11:39:00,"Ilstorp","Cordulia_aenea","Mature",1,NA,0,NA,30,2018,NA,NA
"6/18/18",11:00:00,"Ilstorp","Ischnura_elegans","Mature",1,NA,0,NA,30,2018,NA,NA
"6/18/18",11:00:00,"Ilstorp","Ischnura_elegans","Mature",0,NA,0,NA,30,2018,NA,NA
"6/18/18",11:00:00,"Ilstorp","Enallagma_cyathigerum","Mature",1,NA,0,NA,30,2018,NA,NA
"6/18/18",11:00:00,"Ilstorp","Ischnura_elegans","Mature",0,NA,0,NA,30,2018,NA,NA
"6/18/18",11:00:00,"Ilstorp","Ischnura_elegans","Mature",1,NA,0,NA,30,2018,NA,NA
"6/18/18",11:00:00,"Ilstorp","Ischnura_elegans","Mature",0,NA,0,NA,30,2018,NA,NA
"6/18/18",11:00:00,"Ilstorp","Enallagma_cyathigerum","Mature",1,NA,0,NA,30,2018,NA,NA
"6/18/18",11:00:00,"Ilstorp","Ischnura_elegans","Mature",0,NA,0,NA,30,2018,NA,NA
"6/18/18",11:00:00,"Ilstorp","Enallagma_cyathigerum","Mature",1,NA,0,NA,30,2018,NA,NA
"6/18/18",11:00:00,"Ilstorp","Ischnura_elegans","Mature",1,NA,0,NA,30,2018,NA,NA
"6/18/18",11:00:00,"Ilstorp","Ischnura_elegans","Mature",0,NA,0,NA,30,2018,NA,NA
"6/18/18",11:00:00,"Ilstorp","Enallagma_cyathigerum","Mature",1,NA,0,NA,30,2018,NA,NA
"6/18/18",11:00:00,"Ilstorp","Ischnura_elegans","Mature",1,NA,0,NA,30,2018,NA,NA
"6/18/18",11:00:00,"Ilstorp","Ischnura_elegans","Teneral",0,NA,0,NA,30,2018,NA,NA
"6/18/18",11:00:00,"Ilstorp","Ischnura_elegans","Mature",1,NA,0,NA,30,2018,NA,NA
"6/18/18",11:00:00,"Ilstorp","Ischnura_elegans","Mature",1,NA,0,NA,30,2018,NA,NA
"6/18/18",11:00:00,"Ilstorp","Ischnura_elegans","Mature",1,NA,0,NA,30,2018,NA,NA
"6/18/18",11:00:00,"Ilstorp","Enallagma_cyathigerum","Mature",1,NA,0,NA,30,2018,NA,NA
"6/18/18",11:00:00,"Ilstorp","Enallagma_cyathigerum","Mature",1,NA,0,NA,30,2018,NA,NA
"6/18/18",11:00:00,"Ilstorp","Enallagma_cyathigerum","Teneral",0,NA,0,NA,30,2018,NA,NA
"6/18/18",11:00:00,"Ilstorp","Ischnura_elegans","Teneral",0,NA,0,NA,30,2018,NA,NA
"6/18/18",11:00:00,"Ilstorp","Ischnura_elegans","Immature",0,NA,0,NA,30,2018,NA,NA
"6/18/18",11:00:00,"Ilstorp","Ischnura_elegans","Mature",1,NA,0,NA,30,2018,NA,NA
"6/18/18",11:00:00,"Ilstorp","Ischnura_elegans","Teneral",0,NA,0,NA,30,2018,NA,NA
"6/18/18",11:00:00,"Ilstorp","Enallagma_cyathigerum","Mature",1,NA,0,NA,30,2018,NA,NA
"6/18/18",11:00:00,"Ilstorp","Ischnura_elegans","Mature",0,NA,0,NA,30,2018,NA,NA
"6/18/18",11:00:00,"Ilstorp","Enallagma_cyathigerum","Mature",1,NA,0,NA,30,2018,NA,NA
"6/18/18",11:00:00,"Ilstorp","Enallagma_cyathigerum","Mature",1,NA,0,NA,30,2018,NA,NA
"6/18/18",11:00:00,"Ilstorp","Ischnura_elegans","Mature",1,NA,0,NA,30,2018,NA,NA
"6/18/18",11:00:00,"Ilstorp","Ischnura_elegans","Mature",0,NA,0,NA,30,2018,NA,NA
"6/18/18",11:00:00,"Ilstorp","Ischnura_elegans","Teneral",0,NA,0,NA,30,2018,NA,NA
"6/18/18",11:00:00,"Ilstorp","Ischnura_elegans","Mature",1,NA,0,NA,30,2018,NA,NA
"6/18/18",11:00:00,"Ilstorp","Lestes_sponsa","Teneral",1,NA,0,NA,30,2018,NA,NA
"6/18/18",11:00:00,"Ilstorp","Enallagma_cyathigerum","Teneral",0,NA,0,NA,30,2018,NA,NA
"6/18/18",11:00:00,"Ilstorp","Ischnura_elegans","Mature",1,NA,0,NA,30,2018,NA,NA
"6/18/18",11:00:00,"Ilstorp","Ischnura_elegans","Mature",1,NA,0,NA,30,2018,NA,NA
"6/18/18",11:00:00,"Ilstorp","Ischnura_elegans","Mature",1,NA,0,NA,30,2018,NA,NA
"6/18/18",11:00:00,"Ilstorp","Ischnura_elegans","Immature",0,NA,0,NA,30,2018,NA,NA
"6/18/18",11:00:00,"Ilstorp","Ischnura_elegans","Mature",1,NA,0,NA,30,2018,NA,NA
"6/18/18",11:00:00,"Ilstorp","Ischnura_elegans","Mature",0,NA,0,NA,30,2018,NA,NA
"6/18/18",11:00:00,"Ilstorp","Ischnura_elegans","Mature",0,NA,0,NA,30,2018,NA,NA
"6/18/18",11:00:00,"Ilstorp","Ischnura_elegans","Mature",0,NA,0,NA,30,2018,NA,NA
"6/18/18",11:00:00,"Ilstorp","Ischnura_elegans","Mature",0,NA,0,NA,30,2018,NA,NA
"6/18/18",11:00:00,"Ilstorp","Coenagrion_pulchellum","Mature",0,NA,0,NA,30,2018,NA,NA
"6/18/18",11:00:00,"Ilstorp","Ischnura_elegans","Mature",1,NA,0,NA,30,2018,NA,NA
"6/18/18",11:00:00,"Ilstorp","Ischnura_elegans","Immature",0,NA,0,NA,30,2018,NA,NA
"6/18/18",11:00:00,"Ilstorp","Ischnura_elegans","Immature",0,NA,0,NA,30,2018,NA,NA
"6/18/18",11:00:00,"Ilstorp","Ischnura_elegans","Teneral",0,NA,0,NA,30,2018,NA,NA
"6/18/18",11:00:00,"Ilstorp","Ischnura_elegans","Immature",0,NA,0,NA,30,2018,NA,NA
"6/18/18",11:00:00,"Ilstorp","Ischnura_elegans","Teneral",0,NA,0,NA,30,2018,NA,NA
"6/18/18",11:00:00,"Ilstorp","Enallagma_cyathigerum","Mature",1,NA,0,NA,30,2018,NA,NA
"6/18/18",11:00:00,"Ilstorp","Ischnura_elegans","Mature",0,NA,0,NA,30,2018,NA,NA
"6/18/18",11:00:00,"Ilstorp","Ischnura_elegans","Mature",1,NA,0,NA,30,2018,NA,NA
"6/18/18",11:00:00,"Ilstorp","Ischnura_elegans","Mature",1,NA,0,NA,30,2018,NA,NA
"6/18/18",11:00:00,"Ilstorp","Ischnura_elegans","Mature",1,NA,0,NA,30,2018,NA,NA
"6/18/18",11:00:00,"Ilstorp","Ischnura_elegans","Teneral",0,NA,0,NA,30,2018,NA,NA
"6/18/18",11:00:00,"Ilstorp","Ischnura_elegans","Mature",1,NA,0,NA,30,2018,NA,NA
"6/18/18",11:00:00,"Ilstorp","Enallagma_cyathigerum","Mature",1,NA,0,NA,30,2018,NA,NA
"6/18/18",11:00:00,"Ilstorp","Ischnura_elegans","Immature",0,NA,0,NA,30,2018,NA,NA
"6/18/18",11:00:00,"Ilstorp","Enallagma_cyathigerum","Mature",1,NA,0,NA,30,2018,NA,NA
"6/18/18",11:00:00,"Ilstorp","Coenagrion_pulchellum","Mature",1,NA,0,NA,30,2018,NA,NA
"6/18/18",11:00:00,"Ilstorp","Ischnura_elegans","Teneral",0,NA,0,NA,30,2018,NA,NA
"6/18/18",11:00:00,"Ilstorp","Ischnura_elegans","Mature",0,NA,0,NA,30,2018,NA,NA
"6/18/18",11:00:00,"Ilstorp","Enallagma_cyathigerum","Mature",1,NA,0,NA,30,2018,NA,NA
"6/18/18",11:00:00,"Ilstorp","Ischnura_elegans","Mature",1,NA,0,NA,30,2018,NA,NA
"6/18/18",11:00:00,"Ilstorp","Ischnura_elegans","Mature",1,NA,0,NA,30,2018,NA,NA
"6/18/18",11:00:00,"Ilstorp","Ischnura_elegans","Mature",1,NA,0,NA,30,2018,NA,NA
"6/18/18",11:00:00,"Ilstorp","Enallagma_cyathigerum","Mature",1,NA,0,NA,30,2018,NA,NA
"6/18/18",11:00:00,"Ilstorp","Ischnura_elegans","Mature",1,NA,0,NA,30,2018,NA,NA
"6/18/18",11:00:00,"Ilstorp","Ischnura_elegans","Mature",1,NA,1,NA,30,2018,NA,NA
"6/18/18",11:00:00,"Ilstorp","Ischnura_elegans","Mature",0,NA,1,NA,30,2018,NA,NA
"6/18/18",11:00:00,"Ilstorp","Ischnura_elegans","Immature",0,NA,0,NA,30,2018,NA,NA
"6/18/18",11:00:00,"Ilstorp","Enallagma_cyathigerum","Mature",1,NA,0,NA,30,2018,NA,NA
"6/18/18",11:00:00,"Ilstorp","Ischnura_elegans","Mature",1,NA,1,NA,30,2018,NA,NA
"6/18/18",11:00:00,"Ilstorp","Ischnura_elegans","Mature",0,NA,1,NA,30,2018,NA,NA
"6/18/18",11:00:00,"Ilstorp","Ischnura_elegans","Mature",1,NA,0,NA,30,2018,NA,NA
"6/18/18",11:00:00,"Ilstorp","Ischnura_elegans","Immature",0,NA,0,NA,30,2018,NA,NA
"6/18/18",11:00:00,"Ilstorp","Ischnura_elegans","Mature",1,NA,0,NA,30,2018,NA,NA
"6/18/18",11:00:00,"Ilstorp","Ischnura_elegans","Mature",1,NA,0,NA,30,2018,NA,NA
"6/18/18",11:00:00,"Ilstorp","Ischnura_elegans","Mature",1,NA,0,NA,30,2018,NA,NA
"6/18/18",11:00:00,"Ilstorp","Ischnura_elegans","Mature",1,NA,0,NA,30,2018,NA,NA
"6/18/18",11:00:00,"Ilstorp","Ischnura_elegans","Mature",1,NA,0,NA,30,2018,NA,NA
"6/18/18",11:00:00,"Ilstorp","Ischnura_elegans","Mature",1,NA,0,NA,30,2018,NA,NA
"6/18/18",11:00:00,"Ilstorp","Ischnura_elegans","Mature",1,NA,1,NA,30,2018,NA,NA
"6/18/18",11:00:00,"Ilstorp","Ischnura_elegans","Mature",0,NA,1,NA,30,2018,NA,NA
"6/18/18",11:00:00,"Ilstorp","Ischnura_elegans","Mature",1,NA,0,NA,30,2018,NA,NA
"6/18/18",11:00:00,"Ilstorp","Ischnura_elegans","Mature",1,NA,0,NA,30,2018,NA,NA
"6/18/18",11:00:00,"Ilstorp","Ischnura_elegans","Mature",1,NA,0,NA,30,2018,NA,NA
"6/18/18",11:00:00,"Ilstorp","Ischnura_elegans","Immature",1,NA,0,NA,30,2018,NA,NA
"6/18/18",11:00:00,"Ilstorp","Ischnura_elegans","Mature",1,NA,0,NA,30,2018,NA,NA
"6/18/18",11:00:00,"Ilstorp","Ischnura_elegans","Mature",1,NA,0,NA,30,2018,NA,NA
"6/18/18",11:00:00,"Ilstorp","Ischnura_elegans","Mature",1,NA,0,NA,30,2018,NA,NA
"6/18/18",11:00:00,"Ilstorp","Coenagrion_pulchellum","Mature",1,NA,0,NA,30,2018,NA,NA
"6/18/18",11:00:00,"Ilstorp","Coenagrion_pulchellum","Mature",1,NA,0,NA,30,2018,NA,NA
"6/18/18",11:00:00,"Ilstorp","Ischnura_elegans","Mature",1,NA,0,NA,30,2018,NA,NA
"6/18/18",11:00:00,"Ilstorp","Ischnura_elegans","Mature",0,NA,1,NA,30,2018,NA,NA
"6/18/18",11:00:00,"Ilstorp","Ischnura_elegans","Mature",1,NA,1,NA,30,2018,NA,NA
"6/18/18",11:00:00,"Ilstorp","Ischnura_elegans","Mature",1,NA,1,NA,30,2018,NA,NA
"6/18/18",11:00:00,"Ilstorp","Ischnura_elegans","Mature",0,NA,1,NA,30,2018,NA,NA
"6/18/18",11:00:00,"Ilstorp","Ischnura_elegans","Mature",1,NA,0,NA,30,2018,NA,NA
"6/18/18",11:00:00,"Ilstorp","Enallagma_cyathigerum","Mature",1,NA,0,NA,30,2018,NA,NA
"6/18/18",11:00:00,"Ilstorp","Ischnura_elegans","Mature",1,NA,0,NA,30,2018,NA,NA
"6/18/18",11:00:00,"Ilstorp","Ischnura_elegans","Mature",1,NA,0,NA,30,2018,NA,NA
"6/18/18",11:00:00,"Ilstorp","Ischnura_elegans","Mature",1,NA,0,NA,30,2018,NA,NA
"6/18/18",11:00:00,"Ilstorp","Ischnura_elegans","Mature",1,NA,0,NA,30,2018,NA,NA
"6/18/18",11:00:00,"Ilstorp","Ischnura_elegans","Mature",1,NA,0,NA,30,2018,NA,NA
"6/18/18",11:00:00,"Ilstorp","Sympetrum_sanguineum","Mature",1,NA,0,NA,30,2018,NA,NA
"6/18/18",11:00:00,"Ilstorp","Sympetrum_sanguineum","Mature",1,NA,0,NA,30,2018,NA,NA
"6/18/18",11:00:00,"Ilstorp","Sympetrum_sanguineum","Mature",1,NA,0,NA,30,2018,NA,NA
"6/18/18",11:00:00,"Ilstorp","Orthetrum_cancellatum","Mature",1,NA,0,NA,30,2018,NA,NA
"6/18/18",11:00:00,"Ilstorp","Libellula_quadrimaculata","Mature",1,NA,0,NA,30,2018,NA,NA
"6/27/18",10:53:00,"Ilstorp","Anax_imperator","Mature",1,NA,0,NA,30,2018,NA,NA
"6/27/18",10:53:00,"Ilstorp","Anax_imperator","Mature",1,NA,0,NA,30,2018,NA,NA
"6/27/18",10:53:00,"Ilstorp","Anax_imperator","Mature",1,NA,0,NA,30,2018,NA,NA
"6/27/18",10:53:00,"Ilstorp","Anax_imperator","Mature",1,NA,0,NA,30,2018,NA,NA
"6/27/18",10:53:00,"Ilstorp","Anax_imperator","Mature",1,NA,0,NA,30,2018,NA,NA
"6/27/18",10:53:00,"Ilstorp","Anax_imperator","Mature",1,NA,0,NA,30,2018,NA,NA
"6/27/18",10:53:00,"Ilstorp","Anax_imperator","Mature",1,NA,0,NA,30,2018,NA,NA
"6/27/18",10:53:00,"Ilstorp","Anax_imperator","Mature",1,NA,0,NA,30,2018,NA,NA
"6/27/18",10:53:00,"Ilstorp","Anax_imperator","Mature",1,NA,0,NA,30,2018,NA,NA
"6/27/18",10:53:00,"Ilstorp","Anax_imperator","Mature",1,NA,0,NA,30,2018,NA,NA
"6/27/18",10:53:00,"Ilstorp","Anax_imperator","Mature",1,NA,0,NA,30,2018,NA,NA
"6/27/18",10:53:00,"Ilstorp","Anax_imperator","Mature",1,NA,0,NA,30,2018,NA,NA
"6/27/18",10:53:00,"Ilstorp","Sympetrum_sanguineum","Immature",1,NA,0,NA,30,2018,NA,NA
"6/27/18",10:53:00,"Ilstorp","Orthetrum_cancellatum","Mature",1,NA,0,NA,30,2018,NA,NA
"6/27/18",10:53:00,"Ilstorp","Orthetrum_cancellatum","Mature",1,NA,0,NA,30,2018,NA,NA
"6/27/18",10:53:00,"Ilstorp","Calopteryx_splendens","Mature",1,NA,0,NA,30,2018,NA,NA
"6/27/18",10:53:00,"Ilstorp","Calopteryx_splendens","Mature",0,NA,0,NA,30,2018,NA,NA
"6/27/18",10:53:00,"Ilstorp","Cordulia_aenea","Mature",1,NA,1,NA,30,2018,NA,NA
"6/27/18",10:53:00,"Ilstorp","Cordulia_aenea","Mature",0,NA,1,NA,30,2018,NA,NA
"6/27/18",10:53:00,"Ilstorp","Libellula_quadrimaculata","Mature",1,NA,0,NA,30,2018,NA,NA
"6/27/18",10:53:00,"Ilstorp","Libellula_quadrimaculata","Mature",1,NA,0,NA,30,2018,NA,NA
"6/27/18",10:53:00,"Ilstorp","Libellula_quadrimaculata","Mature",1,NA,0,NA,30,2018,NA,NA
"6/27/18",10:53:00,"Ilstorp","Libellula_quadrimaculata","Mature",1,NA,0,NA,30,2018,NA,NA
"6/27/18",10:53:00,"Ilstorp","Libellula_quadrimaculata","Mature",1,NA,0,NA,30,2018,NA,NA
"6/27/18",10:53:00,"Ilstorp","Libellula_quadrimaculata","Mature",1,NA,0,NA,30,2018,NA,NA
"6/27/18",10:53:00,"Ilstorp","Libellula_quadrimaculata","Mature",1,NA,0,NA,30,2018,NA,NA
"6/27/18",10:53:00,"Ilstorp","Libellula_quadrimaculata","Mature",1,NA,0,NA,30,2018,NA,NA
"6/27/18",10:53:00,"Ilstorp","Libellula_quadrimaculata","Mature",1,NA,0,NA,30,2018,NA,NA
"6/27/18",10:53:00,"Ilstorp","Libellula_quadrimaculata","Mature",1,NA,0,NA,30,2018,NA,NA
"6/27/18",10:53:00,"Ilstorp","Libellula_quadrimaculata","Mature",1,NA,0,NA,30,2018,NA,NA
"6/27/18",10:53:00,"Ilstorp","Libellula_quadrimaculata","Mature",1,NA,0,NA,30,2018,NA,NA
"6/27/18",10:53:00,"Ilstorp","Libellula_quadrimaculata","Mature",1,NA,0,NA,30,2018,NA,NA
"6/27/18",10:53:00,"Ilstorp","Libellula_quadrimaculata","Mature",1,NA,0,NA,30,2018,NA,NA
"6/27/18",10:53:00,"Ilstorp","Libellula_quadrimaculata","Mature",1,NA,0,NA,30,2018,NA,NA
"6/27/18",10:53:00,"Ilstorp","Libellula_quadrimaculata","Mature",1,NA,0,NA,30,2018,NA,NA
"6/27/18",10:53:00,"Ilstorp","Libellula_quadrimaculata","Mature",1,NA,0,NA,30,2018,NA,NA
"6/27/18",10:53:00,"Ilstorp","Libellula_quadrimaculata","Mature",1,NA,0,NA,30,2018,NA,NA
"6/27/18",10:53:00,"Ilstorp","Libellula_quadrimaculata","Mature",1,NA,0,NA,30,2018,NA,NA
"6/27/18",10:53:00,"Ilstorp","Libellula_quadrimaculata","Mature",1,NA,0,NA,30,2018,NA,NA
"6/27/18",10:53:00,"Ilstorp","Libellula_quadrimaculata","Mature",1,NA,0,NA,30,2018,NA,NA
"6/27/18",10:53:00,"Ilstorp","Libellula_quadrimaculata","Mature",1,NA,0,NA,30,2018,NA,NA
"6/27/18",10:53:00,"Ilstorp","Libellula_quadrimaculata","Mature",1,NA,0,NA,30,2018,NA,NA
"6/27/18",10:53:00,"Ilstorp","Libellula_quadrimaculata","Mature",1,NA,0,NA,30,2018,NA,NA
"6/27/18",10:53:00,"Ilstorp","Libellula_quadrimaculata","Mature",1,NA,0,NA,30,2018,NA,NA
"6/27/18",10:53:00,"Ilstorp","Libellula_quadrimaculata","Mature",1,NA,0,NA,30,2018,NA,NA
"6/27/18",10:53:00,"Ilstorp","Libellula_quadrimaculata","Mature",1,NA,0,NA,30,2018,NA,NA
"6/27/18",10:53:00,"Ilstorp","Libellula_quadrimaculata","Mature",1,NA,0,NA,30,2018,NA,NA
"6/27/18",10:53:00,"Ilstorp","Libellula_quadrimaculata","Mature",1,NA,0,NA,30,2018,NA,NA
"6/27/18",10:53:00,"Ilstorp","Libellula_quadrimaculata","Mature",1,NA,0,NA,30,2018,NA,NA
"6/27/18",10:53:00,"Ilstorp","Ischnura_elegans","Mature",0,NA,1,NA,30,2018,NA,NA
"6/27/18",10:53:00,"Ilstorp","Ischnura_elegans","Mature",1,NA,1,NA,30,2018,NA,NA
"6/27/18",10:53:00,"Ilstorp","Enallagma_cyathigerum","Teneral",0,NA,0,NA,30,2018,NA,NA
"6/27/18",10:53:00,"Ilstorp","Ischnura_elegans","Mature",0,NA,0,NA,30,2018,NA,NA
"6/27/18",10:53:00,"Ilstorp","Ischnura_elegans","Mature",0,NA,1,NA,30,2018,NA,NA
"6/27/18",10:53:00,"Ilstorp","Ischnura_elegans","Mature",1,NA,1,NA,30,2018,NA,NA
"6/27/18",10:53:00,"Ilstorp","Ischnura_elegans","Mature",0,NA,0,NA,30,2018,NA,NA
"6/27/18",10:53:00,"Ilstorp","Enallagma_cyathigerum","Mature",1,NA,1,NA,30,2018,NA,NA
"6/27/18",10:53:00,"Ilstorp","Ischnura_elegans","Mature",0,NA,0,NA,30,2018,NA,NA
"6/27/18",10:53:00,"Ilstorp","Ischnura_elegans","Mature",0,NA,0,NA,30,2018,NA,NA
"6/27/18",10:53:00,"Ilstorp","Ischnura_elegans","Mature",0,NA,1,NA,30,2018,NA,NA
"6/27/18",10:53:00,"Ilstorp","Ischnura_elegans","Mature",1,NA,1,NA,30,2018,NA,NA
"6/27/18",10:53:00,"Ilstorp","Ischnura_elegans","Mature",0,NA,0,NA,30,2018,NA,NA
"6/27/18",10:53:00,"Ilstorp","Ischnura_elegans","Mature",0,NA,0,NA,30,2018,NA,NA
"6/27/18",10:53:00,"Ilstorp","Enallagma_cyathigerum","Mature",0,NA,0,NA,30,2018,NA,NA
"6/27/18",10:53:00,"Ilstorp","Ischnura_elegans","Mature",0,NA,0,NA,30,2018,NA,NA
"6/27/18",10:53:00,"Ilstorp","Enallagma_cyathigerum","Mature",0,NA,1,NA,30,2018,NA,NA
"6/27/18",10:53:00,"Ilstorp","Enallagma_cyathigerum","Mature",1,NA,1,NA,30,2018,NA,NA
"6/27/18",10:53:00,"Ilstorp","Erythromma_najas","Teneral",0,NA,0,NA,30,2018,NA,NA
"6/27/18",10:53:00,"Ilstorp","Ischnura_elegans","Teneral",0,NA,0,NA,30,2018,NA,NA
"6/27/18",10:53:00,"Ilstorp","Erythromma_najas","Teneral",1,NA,0,NA,30,2018,NA,NA
"6/27/18",10:53:00,"Ilstorp","Ischnura_elegans","Mature",1,NA,1,NA,30,2018,NA,NA
"6/27/18",10:53:00,"Ilstorp","Ischnura_elegans","Mature",0,NA,1,NA,30,2018,NA,NA
"6/27/18",10:53:00,"Ilstorp","Ischnura_elegans","Mature",0,NA,0,NA,30,2018,NA,NA
"6/27/18",10:53:00,"Ilstorp","Enallagma_cyathigerum","Teneral",0,NA,0,NA,30,2018,NA,NA
"6/27/18",10:53:00,"Ilstorp","Ischnura_elegans","Mature",0,NA,1,NA,30,2018,NA,NA
"6/27/18",10:53:00,"Ilstorp","Ischnura_elegans","Mature",1,NA,1,NA,30,2018,NA,NA
"6/27/18",10:53:00,"Ilstorp","Ischnura_elegans","Teneral",0,NA,0,NA,30,2018,NA,NA
"6/27/18",10:53:00,"Ilstorp","Ischnura_elegans","Mature",0,NA,0,NA,30,2018,NA,NA
"6/27/18",10:53:00,"Ilstorp","Ischnura_elegans","Mature",1,NA,1,NA,30,2018,NA,NA
"6/27/18",10:53:00,"Ilstorp","Ischnura_elegans","Mature",0,NA,1,NA,30,2018,NA,NA
"6/27/18",10:53:00,"Ilstorp","Ischnura_elegans","Mature",0,NA,0,NA,30,2018,NA,NA
"6/27/18",10:53:00,"Ilstorp","Enallagma_cyathigerum","Mature",0,NA,0,NA,30,2018,NA,NA
"6/27/18",10:53:00,"Ilstorp","Enallagma_cyathigerum","Mature",1,NA,0,NA,30,2018,NA,NA
"6/27/18",10:53:00,"Ilstorp","Ischnura_elegans","Mature",1,NA,0,NA,30,2018,NA,NA
"6/27/18",10:53:00,"Ilstorp","Enallagma_cyathigerum","Mature",0,NA,1,NA,30,2018,NA,NA
"6/27/18",10:53:00,"Ilstorp","Enallagma_cyathigerum","Mature",1,NA,1,NA,30,2018,NA,NA
"6/27/18",10:53:00,"Ilstorp","Enallagma_cyathigerum","Mature",1,NA,0,NA,30,2018,NA,NA
"6/27/18",10:53:00,"Ilstorp","Ischnura_elegans","Mature",1,NA,0,NA,30,2018,NA,NA
"6/27/18",10:53:00,"Ilstorp","Enallagma_cyathigerum","Mature",1,NA,0,NA,30,2018,NA,NA
"6/27/18",10:53:00,"Ilstorp","Ischnura_elegans","Mature",1,NA,1,NA,30,2018,NA,NA
"6/27/18",10:53:00,"Ilstorp","Ischnura_elegans","Mature",0,NA,1,NA,30,2018,NA,NA
"6/27/18",10:53:00,"Ilstorp","Enallagma_cyathigerum","Mature",1,NA,0,NA,30,2018,NA,NA
"6/27/18",10:53:00,"Ilstorp","Ischnura_elegans","Mature",1,NA,0,NA,30,2018,NA,NA
"6/27/18",10:53:00,"Ilstorp","Enallagma_cyathigerum","Mature",1,NA,0,NA,30,2018,NA,NA
"6/27/18",10:53:00,"Ilstorp","Ischnura_elegans","Mature",1,NA,0,NA,30,2018,NA,NA
"6/27/18",10:53:00,"Ilstorp","Enallagma_cyathigerum","Mature",1,NA,0,NA,30,2018,NA,NA
"6/27/18",10:53:00,"Ilstorp","Enallagma_cyathigerum","Mature",1,NA,0,NA,30,2018,NA,NA
"6/27/18",10:53:00,"Ilstorp","Enallagma_cyathigerum","Mature",1,NA,0,NA,30,2018,NA,NA
"6/27/18",10:53:00,"Ilstorp","Enallagma_cyathigerum","Mature",1,NA,0,NA,30,2018,NA,NA
"6/27/18",10:53:00,"Ilstorp","Enallagma_cyathigerum","Mature",1,NA,0,NA,30,2018,NA,NA
"6/27/18",10:53:00,"Ilstorp","Enallagma_cyathigerum","Mature",1,NA,0,NA,30,2018,NA,NA
"6/27/18",10:53:00,"Ilstorp","Enallagma_cyathigerum","Mature",1,NA,0,NA,30,2018,NA,NA
"6/27/18",10:53:00,"Ilstorp","Enallagma_cyathigerum","Mature",1,NA,0,NA,30,2018,NA,NA
"6/27/18",10:53:00,"Ilstorp","Ischnura_elegans","Mature",1,NA,0,NA,30,2018,NA,NA
"6/27/18",10:53:00,"Ilstorp","Ischnura_elegans","Mature",1,NA,0,NA,30,2018,NA,NA
"6/27/18",10:53:00,"Ilstorp","Ischnura_elegans","Mature",1,NA,0,NA,30,2018,NA,NA
"6/27/18",10:53:00,"Ilstorp","Enallagma_cyathigerum","Mature",1,NA,0,NA,30,2018,NA,NA
"6/27/18",10:53:00,"Ilstorp","Enallagma_cyathigerum","Mature",1,NA,0,NA,30,2018,NA,NA
"6/27/18",10:53:00,"Ilstorp","Ischnura_elegans","Mature",1,NA,0,NA,30,2018,NA,NA
"6/27/18",10:53:00,"Ilstorp","Enallagma_cyathigerum","Mature",1,NA,0,NA,30,2018,NA,NA
"6/27/18",10:53:00,"Ilstorp","Enallagma_cyathigerum","Mature",1,NA,0,NA,30,2018,NA,NA
"6/27/18",10:53:00,"Ilstorp","Ischnura_elegans","Mature",1,NA,0,NA,30,2018,NA,NA
"6/27/18",10:53:00,"Ilstorp","Enallagma_cyathigerum","Mature",1,NA,0,NA,30,2018,NA,NA
"6/27/18",10:53:00,"Ilstorp","Enallagma_cyathigerum","Mature",1,NA,0,NA,30,2018,NA,NA
"6/27/18",10:53:00,"Ilstorp","Enallagma_cyathigerum","Mature",1,NA,0,NA,30,2018,NA,NA
"6/27/18",10:53:00,"Ilstorp","Enallagma_cyathigerum","Mature",1,NA,0,NA,30,2018,NA,NA
"6/27/18",10:53:00,"Ilstorp","Lestes_sponsa","Mature",1,NA,0,NA,30,2018,NA,NA
"6/27/18",10:53:00,"Ilstorp","Coenagrion_puella","Mature",1,NA,0,NA,30,2018,NA,NA
"6/27/18",10:53:00,"Ilstorp","Ischnura_elegans","Mature",1,NA,0,NA,30,2018,NA,NA
"6/27/18",10:53:00,"Ilstorp","Coenagrion_puella","Mature",1,NA,0,NA,30,2018,NA,NA
"6/27/18",10:53:00,"Ilstorp","Enallagma_cyathigerum","Mature",1,NA,0,NA,30,2018,NA,NA
"6/27/18",10:53:00,"Ilstorp","Enallagma_cyathigerum","Mature",1,NA,0,NA,30,2018,NA,NA
"6/27/18",10:53:00,"Ilstorp","Ischnura_elegans","Mature",1,NA,0,NA,30,2018,NA,NA
"6/27/18",10:53:00,"Ilstorp","Enallagma_cyathigerum","Mature",1,NA,0,NA,30,2018,NA,NA
"6/27/18",10:53:00,"Ilstorp","Aeshna_isoceles","Mature",1,NA,0,NA,30,2018,NA,NA
"7/22/18",13:47:00,"Ilstorp","Anax_imperator","Mature",1,NA,0,NA,30,2018,NA,NA
"7/22/18",13:47:00,"Ilstorp","Anax_imperator","Mature",1,NA,0,NA,30,2018,NA,NA
"7/22/18",13:47:00,"Ilstorp","Anax_imperator","Mature",1,NA,0,NA,30,2018,NA,NA
"7/22/18",13:47:00,"Ilstorp","Sympetrum_sanguineum","Mature",1,NA,0,NA,30,2018,NA,NA
"7/22/18",13:47:00,"Ilstorp","Sympetrum_sanguineum","Mature",1,NA,0,NA,30,2018,NA,NA
"7/22/18",13:47:00,"Ilstorp","Sympetrum_sanguineum","Mature",1,NA,0,NA,30,2018,NA,NA
"7/22/18",13:47:00,"Ilstorp","Sympetrum_sanguineum","Mature",1,NA,0,NA,30,2018,NA,NA
"7/22/18",13:47:00,"Ilstorp","Orthetrum_cancellatum","Mature",1,NA,0,NA,30,2018,NA,NA
"7/22/18",13:47:00,"Ilstorp","Orthetrum_cancellatum","Mature",1,NA,0,NA,30,2018,NA,NA
"7/22/18",13:47:00,"Ilstorp","Enallagma_cyathigerum","Teneral",0,NA,0,NA,30,2018,NA,NA
"7/22/18",13:47:00,"Ilstorp","Enallagma_cyathigerum","Immature",0,NA,0,NA,30,2018,NA,NA
"7/22/18",13:47:00,"Ilstorp","Enallagma_cyathigerum","Mature",0,NA,1,NA,30,2018,NA,NA
"7/22/18",13:47:00,"Ilstorp","Enallagma_cyathigerum","Mature",1,NA,1,NA,30,2018,NA,NA
"7/22/18",13:47:00,"Ilstorp","Ischnura_elegans","Mature",1,NA,1,NA,30,2018,NA,NA
"7/22/18",13:47:00,"Ilstorp","Ischnura_elegans","Mature",0,NA,1,NA,30,2018,NA,NA
"7/22/18",13:47:00,"Ilstorp","Enallagma_cyathigerum","Teneral",0,NA,0,NA,30,2018,NA,NA
"7/22/18",13:47:00,"Ilstorp","Enallagma_cyathigerum","Mature",1,NA,0,NA,30,2018,NA,NA
"7/22/18",13:47:00,"Ilstorp","Enallagma_cyathigerum","Mature",1,NA,0,NA,30,2018,NA,NA
"7/22/18",13:47:00,"Ilstorp","Enallagma_cyathigerum","Mature",1,NA,0,NA,30,2018,NA,NA
"7/22/18",13:47:00,"Ilstorp","Enallagma_cyathigerum","Mature",1,NA,0,NA,30,2018,NA,NA
"7/22/18",13:47:00,"Ilstorp","Ischnura_elegans","Mature",1,NA,0,NA,30,2018,NA,NA
"7/22/18",13:47:00,"Ilstorp","Enallagma_cyathigerum","Mature",1,NA,0,NA,30,2018,NA,NA
"7/22/18",13:47:00,"Ilstorp","Ischnura_pumilio","Mature",1,NA,0,NA,30,2018,NA,NA
"7/22/18",13:47:00,"Ilstorp","Enallagma_cyathigerum","Mature",1,NA,0,NA,30,2018,NA,NA
"7/22/18",13:47:00,"Ilstorp","Enallagma_cyathigerum","Mature",1,NA,0,NA,30,2018,NA,NA
"7/22/18",13:47:00,"Ilstorp","Lestes_sponsa","Mature",1,NA,0,NA,30,2018,NA,NA
"7/22/18",13:47:00,"Ilstorp","Enallagma_cyathigerum","Mature",1,NA,0,NA,30,2018,NA,NA
"7/22/18",13:47:00,"Ilstorp","Enallagma_cyathigerum","Mature",1,NA,0,NA,30,2018,NA,NA
"7/22/18",13:47:00,"Ilstorp","Erythromma_najas","Mature",1,NA,0,NA,30,2018,NA,NA
"7/22/18",13:47:00,"Ilstorp","Enallagma_cyathigerum","Teneral",1,NA,0,NA,30,2018,NA,NA
"7/22/18",13:47:00,"Ilstorp","Ischnura_elegans","Mature",1,NA,0,NA,30,2018,NA,NA
"7/22/18",13:47:00,"Ilstorp","Ischnura_elegans","Mature",1,NA,0,NA,30,2018,NA,NA
"5/21/18",10:58:00,"Lomma_Kyrkdamm","Enallagma_cyathigerum","Immature",1,NA,0,NA,30,2018,NA,NA
"5/21/18",11:00:00,"Lomma_Kyrkdamm","Coenagrion_pulchellum","Mature",1,NA,0,NA,30,2018,NA,NA
"5/21/18",11:00:00,"Lomma_Kyrkdamm","Enallagma_cyathigerum","Mature",1,NA,0,NA,30,2018,NA,NA
"5/21/18",11:01:00,"Lomma_Kyrkdamm","Coenagrion_pulchellum","Mature",1,NA,0,NA,30,2018,NA,NA
"5/21/18",11:01:00,"Lomma_Kyrkdamm","Enallagma_cyathigerum","Mature",1,NA,0,NA,30,2018,NA,NA
"5/21/18",11:01:00,"Lomma_Kyrkdamm","Coenagrion_pulchellum","Mature",1,NA,0,NA,30,2018,NA,NA
"5/21/18",11:03:00,"Lomma_Kyrkdamm","Enallagma_cyathigerum","Mature",1,NA,0,NA,30,2018,NA,NA
"5/21/18",11:03:00,"Lomma_Kyrkdamm","Enallagma_cyathigerum","Immature",1,NA,0,NA,30,2018,NA,NA
"5/21/18",11:04:00,"Lomma_Kyrkdamm","Enallagma_cyathigerum","Mature",1,NA,0,NA,30,2018,NA,NA
"5/21/18",11:04:00,"Lomma_Kyrkdamm","Enallagma_cyathigerum","Mature",1,NA,0,NA,30,2018,NA,NA
"5/21/18",11:05:00,"Lomma_Kyrkdamm","Enallagma_cyathigerum","Mature",1,NA,0,NA,30,2018,NA,NA
"5/21/18",11:05:00,"Lomma_Kyrkdamm","Enallagma_cyathigerum","Mature",1,NA,0,NA,30,2018,NA,NA
"5/21/18",11:06:00,"Lomma_Kyrkdamm","Coenagrion_pulchellum","Mature",1,NA,0,NA,30,2018,NA,NA
"5/21/18",11:06:00,"Lomma_Kyrkdamm","Coenagrion_pulchellum","Mature",1,NA,0,NA,30,2018,NA,NA
"5/21/18",11:07:00,"Lomma_Kyrkdamm","Coenagrion_pulchellum","Mature",1,NA,0,NA,30,2018,NA,NA
"5/21/18",11:07:00,"Lomma_Kyrkdamm","Coenagrion_pulchellum","Mature",1,NA,0,NA,30,2018,NA,NA
"5/21/18",11:08:00,"Lomma_Kyrkdamm","Ischnura_elegans","Immature",1,NA,0,NA,30,2018,NA,NA
"5/21/18",11:09:00,"Lomma_Kyrkdamm","Coenagrion_pulchellum","Mature",1,NA,0,NA,30,2018,NA,NA
"5/21/18",11:10:00,"Lomma_Kyrkdamm","Enallagma_cyathigerum","Immature",1,NA,0,NA,30,2018,NA,NA
"5/21/18",11:10:00,"Lomma_Kyrkdamm","Coenagrion_pulchellum","Mature",1,NA,0,NA,30,2018,NA,NA
"5/21/18",11:10:00,"Lomma_Kyrkdamm","Coenagrion_pulchellum","Mature",1,NA,0,NA,30,2018,NA,NA
"5/21/18",11:11:00,"Lomma_Kyrkdamm","Coenagrion_pulchellum","Mature",1,NA,0,NA,30,2018,NA,NA
"5/21/18",11:12:00,"Lomma_Kyrkdamm","Coenagrion_pulchellum","Mature",1,NA,0,NA,30,2018,NA,NA
"5/21/18",11:12:00,"Lomma_Kyrkdamm","Coenagrion_pulchellum","Mature",1,NA,0,NA,30,2018,NA,NA
"5/21/18",11:13:00,"Lomma_Kyrkdamm","Coenagrion_pulchellum","Mature",1,NA,0,NA,30,2018,NA,NA
"5/21/18",11:14:00,"Lomma_Kyrkdamm","Coenagrion_pulchellum","Mature",0,NA,0,NA,30,2018,NA,NA
"5/21/18",11:14:00,"Lomma_Kyrkdamm","Coenagrion_pulchellum","Immature",1,NA,0,NA,30,2018,NA,NA
"5/21/18",11:15:00,"Lomma_Kyrkdamm","Coenagrion_pulchellum","Mature",1,NA,0,NA,30,2018,NA,NA
"5/21/18",11:15:00,"Lomma_Kyrkdamm","Coenagrion_pulchellum","Immature",1,NA,0,NA,30,2018,NA,NA
"5/21/18",11:16:00,"Lomma_Kyrkdamm","Enallagma_cyathigerum","Teneral",0,NA,0,NA,30,2018,NA,NA
"5/21/18",11:17:00,"Lomma_Kyrkdamm","Ischnura_elegans","Immature",0,NA,0,NA,30,2018,NA,NA
"5/21/18",11:17:00,"Lomma_Kyrkdamm","Enallagma_cyathigerum","Teneral",0,NA,0,NA,30,2018,NA,NA
"5/21/18",11:17:00,"Lomma_Kyrkdamm","Enallagma_cyathigerum","Immature",1,NA,0,NA,30,2018,NA,NA
"5/21/18",11:18:00,"Lomma_Kyrkdamm","Coenagrion_pulchellum","Mature",0,NA,0,NA,30,2018,NA,NA
"5/21/18",11:19:00,"Lomma_Kyrkdamm","Coenagrion_pulchellum","Mature",0,NA,0,NA,30,2018,NA,NA
"5/21/18",11:19:00,"Lomma_Kyrkdamm","Coenagrion_pulchellum","Mature",0,NA,0,NA,30,2018,NA,NA
"5/21/18",11:20:00,"Lomma_Kyrkdamm","Coenagrion_pulchellum","Mature",0,NA,0,NA,30,2018,NA,NA
"5/21/18",11:21:00,"Lomma_Kyrkdamm","Coenagrion_pulchellum","Mature",0,NA,0,NA,30,2018,NA,NA
"5/21/18",11:22:00,"Lomma_Kyrkdamm","Enallagma_cyathigerum","Immature",0,NA,0,NA,30,2018,NA,NA
"5/21/18",11:22:00,"Lomma_Kyrkdamm","Coenagrion_pulchellum","Mature",0,NA,0,NA,30,2018,NA,NA
"5/21/18",11:23:00,"Lomma_Kyrkdamm","Ischnura_elegans","Immature",0,NA,0,NA,30,2018,NA,NA
"5/21/18",11:24:00,"Lomma_Kyrkdamm","Coenagrion_pulchellum","Mature",0,NA,0,NA,30,2018,NA,NA
"5/21/18",11:25:00,"Lomma_Kyrkdamm","Enallagma_cyathigerum","Teneral",0,NA,0,NA,30,2018,NA,NA
"5/21/18",11:25:00,"Lomma_Kyrkdamm","Enallagma_cyathigerum","Immature",0,NA,0,NA,30,2018,NA,NA
"5/21/18",11:26:00,"Lomma_Kyrkdamm","Erythromma_najas","Teneral",0,NA,0,NA,30,2018,NA,NA
"5/21/18",11:27:00,"Lomma_Kyrkdamm","Enallagma_cyathigerum","Teneral",0,NA,0,NA,30,2018,NA,NA
"5/21/18",11:27:00,"Lomma_Kyrkdamm","Coenagrion_pulchellum","Immature",0,NA,0,NA,30,2018,NA,NA
"5/21/18",11:28:00,"Lomma_Kyrkdamm","Coenagrion_pulchellum","Immature",0,NA,0,NA,30,2018,NA,NA
"5/21/18",11:28:00,"Lomma_Kyrkdamm","Erythromma_najas","Immature",0,NA,0,NA,30,2018,NA,NA
"5/21/18",11:29:00,"Lomma_Kyrkdamm","Ischnura_elegans","Immature",0,NA,0,NA,30,2018,NA,NA
"6/11/18",11:42:00,"Lomma_Kyrkdamm","Ischnura_elegans","Mature",1,NA,0,NA,30,2018,NA,NA
"6/11/18",11:42:00,"Lomma_Kyrkdamm","Ischnura_elegans","Mature",1,NA,0,NA,30,2018,NA,NA
"6/11/18",11:42:00,"Lomma_Kyrkdamm","Ischnura_elegans","Mature",1,NA,0,NA,30,2018,NA,NA
"6/11/18",11:42:00,"Lomma_Kyrkdamm","Ischnura_elegans","Mature",0,NA,0,NA,30,2018,NA,NA
"6/11/18",11:42:00,"Lomma_Kyrkdamm","Enallagma_cyathigerum","Mature",1,NA,0,NA,30,2018,NA,NA
"6/11/18",11:42:00,"Lomma_Kyrkdamm","Enallagma_cyathigerum","Mature",1,NA,0,NA,30,2018,NA,NA
"6/11/18",11:42:00,"Lomma_Kyrkdamm","Enallagma_cyathigerum","Mature",1,NA,0,NA,30,2018,NA,NA
"6/11/18",11:42:00,"Lomma_Kyrkdamm","Enallagma_cyathigerum","Mature",1,NA,0,NA,30,2018,NA,NA
"6/11/18",11:42:00,"Lomma_Kyrkdamm","Coenagrion_pulchellum","Mature",0,NA,0,NA,30,2018,NA,NA
"6/11/18",11:42:00,"Lomma_Kyrkdamm","Enallagma_cyathigerum","Mature",1,NA,0,NA,30,2018,NA,NA
"6/11/18",11:42:00,"Lomma_Kyrkdamm","Coenagrion_pulchellum","Mature",1,NA,0,NA,30,2018,NA,NA
"6/11/18",11:42:00,"Lomma_Kyrkdamm","Ischnura_elegans","Mature",1,NA,0,NA,30,2018,NA,NA
"6/11/18",11:42:00,"Lomma_Kyrkdamm","Ischnura_elegans","Mature",0,NA,0,NA,30,2018,NA,NA
"6/11/18",11:42:00,"Lomma_Kyrkdamm","Enallagma_cyathigerum","Mature",1,NA,0,NA,30,2018,NA,NA
"6/11/18",11:42:00,"Lomma_Kyrkdamm","Enallagma_cyathigerum","Mature",1,NA,0,NA,30,2018,NA,NA
"6/11/18",11:42:00,"Lomma_Kyrkdamm","Enallagma_cyathigerum","Mature",1,NA,0,NA,30,2018,NA,NA
"6/11/18",11:42:00,"Lomma_Kyrkdamm","Enallagma_cyathigerum","Mature",1,NA,0,NA,30,2018,NA,NA
"6/11/18",11:42:00,"Lomma_Kyrkdamm","Ischnura_elegans","Immature",0,NA,0,NA,30,2018,NA,NA
"6/11/18",11:42:00,"Lomma_Kyrkdamm","Ischnura_elegans","Mature",1,NA,0,NA,30,2018,NA,NA
"6/11/18",11:42:00,"Lomma_Kyrkdamm","Coenagrion_puella","Mature",0,NA,0,NA,30,2018,NA,NA
"6/11/18",11:42:00,"Lomma_Kyrkdamm","Enallagma_cyathigerum","Mature",1,NA,0,NA,30,2018,NA,NA
"6/11/18",11:42:00,"Lomma_Kyrkdamm","Enallagma_cyathigerum","Mature",0,NA,0,NA,30,2018,NA,NA
"6/11/18",11:42:00,"Lomma_Kyrkdamm","Enallagma_cyathigerum","Mature",1,NA,0,NA,30,2018,NA,NA
"6/11/18",11:42:00,"Lomma_Kyrkdamm","Enallagma_cyathigerum","Teneral",0,NA,0,NA,30,2018,NA,NA
"6/11/18",11:42:00,"Lomma_Kyrkdamm","Ischnura_elegans","Mature",1,NA,0,NA,30,2018,NA,NA
"6/11/18",11:42:00,"Lomma_Kyrkdamm","Ischnura_elegans","Mature",1,NA,0,NA,30,2018,NA,NA
"6/11/18",11:42:00,"Lomma_Kyrkdamm","Ischnura_elegans","Mature",1,NA,0,NA,30,2018,NA,NA
"6/11/18",11:42:00,"Lomma_Kyrkdamm","Ischnura_elegans","Mature",0,NA,0,NA,30,2018,NA,NA
"6/11/18",11:42:00,"Lomma_Kyrkdamm","Coenagrion_pulchellum","Mature",1,NA,0,NA,30,2018,NA,NA
"6/11/18",11:42:00,"Lomma_Kyrkdamm","Ischnura_elegans","Mature",1,NA,0,NA,30,2018,NA,NA
"6/11/18",11:42:00,"Lomma_Kyrkdamm","Enallagma_cyathigerum","Teneral",1,NA,0,NA,30,2018,NA,NA
"6/11/18",11:42:00,"Lomma_Kyrkdamm","Coenagrion_pulchellum","Mature",1,NA,0,NA,30,2018,NA,NA
"6/11/18",11:42:00,"Lomma_Kyrkdamm","Enallagma_cyathigerum","Mature",0,NA,0,NA,30,2018,NA,NA
"6/11/18",11:42:00,"Lomma_Kyrkdamm","Enallagma_cyathigerum","Mature",1,NA,0,NA,30,2018,NA,NA
"6/11/18",11:42:00,"Lomma_Kyrkdamm","Enallagma_cyathigerum","Mature",1,NA,0,NA,30,2018,NA,NA
"6/11/18",11:42:00,"Lomma_Kyrkdamm","Ischnura_elegans","Mature",1,NA,0,NA,30,2018,NA,NA
"6/11/18",11:42:00,"Lomma_Kyrkdamm","Coenagrion_pulchellum","Mature",1,NA,0,NA,30,2018,NA,NA
"6/11/18",11:42:00,"Lomma_Kyrkdamm","Coenagrion_pulchellum","Mature",1,NA,0,NA,30,2018,NA,NA
"6/11/18",11:42:00,"Lomma_Kyrkdamm","Enallagma_cyathigerum","Mature",1,NA,0,NA,30,2018,NA,NA
"6/11/18",11:42:00,"Lomma_Kyrkdamm","Ischnura_elegans","Mature",1,NA,0,NA,30,2018,NA,NA
"6/11/18",11:42:00,"Lomma_Kyrkdamm","Ischnura_elegans","Mature",1,NA,0,NA,30,2018,NA,NA
"6/11/18",11:42:00,"Lomma_Kyrkdamm","Enallagma_cyathigerum","Mature",1,NA,0,NA,30,2018,NA,NA
"6/11/18",11:42:00,"Lomma_Kyrkdamm","Ischnura_elegans","Mature",1,NA,0,NA,30,2018,NA,NA
"6/11/18",11:42:00,"Lomma_Kyrkdamm","Enallagma_cyathigerum","Teneral",0,NA,0,NA,30,2018,NA,NA
"6/11/18",11:42:00,"Lomma_Kyrkdamm","Enallagma_cyathigerum","Mature",1,NA,0,NA,30,2018,NA,NA
"6/11/18",11:42:00,"Lomma_Kyrkdamm","Ischnura_elegans","Mature",0,NA,0,NA,30,2018,NA,NA
"6/11/18",11:42:00,"Lomma_Kyrkdamm","Coenagrion_pulchellum","Mature",1,NA,0,NA,30,2018,NA,NA
"6/11/18",11:42:00,"Lomma_Kyrkdamm","Enallagma_cyathigerum","Mature",1,NA,0,NA,30,2018,NA,NA
"6/11/18",11:42:00,"Lomma_Kyrkdamm","Enallagma_cyathigerum","Mature",1,NA,0,NA,30,2018,NA,NA
"6/11/18",11:42:00,"Lomma_Kyrkdamm","Coenagrion_puella","Mature",1,NA,0,NA,30,2018,NA,NA
"6/11/18",11:42:00,"Lomma_Kyrkdamm","Enallagma_cyathigerum","Mature",1,NA,0,NA,30,2018,NA,NA
"6/11/18",11:42:00,"Lomma_Kyrkdamm","Coenagrion_pulchellum","Mature",1,NA,0,NA,30,2018,NA,NA
"6/11/18",11:42:00,"Lomma_Kyrkdamm","Ischnura_elegans","Mature",1,NA,0,NA,30,2018,NA,NA
"6/11/18",11:42:00,"Lomma_Kyrkdamm","Ischnura_elegans","Immature",0,NA,0,NA,30,2018,NA,NA
"6/11/18",11:42:00,"Lomma_Kyrkdamm","Ischnura_elegans","Mature",0,NA,0,NA,30,2018,NA,NA
"6/11/18",11:42:00,"Lomma_Kyrkdamm","Ischnura_elegans","Mature",1,NA,0,NA,30,2018,NA,NA
"6/11/18",11:42:00,"Lomma_Kyrkdamm","Enallagma_cyathigerum","Mature",0,NA,0,NA,30,2018,NA,NA
"6/11/18",11:42:00,"Lomma_Kyrkdamm","Coenagrion_pulchellum","Mature",0,NA,1,NA,30,2018,NA,NA
"6/11/18",11:42:00,"Lomma_Kyrkdamm","Ischnura_elegans","Mature",1,NA,0,NA,30,2018,NA,NA
"6/11/18",11:42:00,"Lomma_Kyrkdamm","Ischnura_elegans","Mature",1,NA,0,NA,30,2018,NA,NA
"6/11/18",11:42:00,"Lomma_Kyrkdamm","Coenagrion_pulchellum","Mature",1,NA,1,NA,30,2018,NA,NA
"6/11/18",11:42:00,"Lomma_Kyrkdamm","Ischnura_elegans","Mature",1,NA,0,NA,30,2018,NA,NA
"6/11/18",11:42:00,"Lomma_Kyrkdamm","Ischnura_elegans","Mature",1,NA,1,NA,30,2018,NA,NA
"6/11/18",11:42:00,"Lomma_Kyrkdamm","Ischnura_elegans","Mature",0,NA,1,NA,30,2018,NA,NA
"6/11/18",11:42:00,"Lomma_Kyrkdamm","Enallagma_cyathigerum","Mature",1,NA,0,NA,30,2018,NA,NA
"6/11/18",11:42:00,"Lomma_Kyrkdamm","Coenagrion_pulchellum","Mature",1,NA,0,NA,30,2018,NA,NA
"6/11/18",11:42:00,"Lomma_Kyrkdamm","Enallagma_cyathigerum","Mature",1,NA,1,NA,30,2018,NA,NA
"6/11/18",11:42:00,"Lomma_Kyrkdamm","Enallagma_cyathigerum","Mature",0,NA,1,NA,30,2018,NA,NA
"6/11/18",11:42:00,"Lomma_Kyrkdamm","Ischnura_elegans","Mature",1,NA,0,NA,30,2018,NA,NA
"6/11/18",11:42:00,"Lomma_Kyrkdamm","Enallagma_cyathigerum","Teneral",1,NA,0,NA,30,2018,NA,NA
"6/11/18",11:42:00,"Lomma_Kyrkdamm","Ischnura_elegans","Mature",1,NA,0,NA,30,2018,NA,NA
"6/11/18",11:42:00,"Lomma_Kyrkdamm","Coenagrion_pulchellum","Mature",1,NA,1,NA,30,2018,NA,NA
"6/11/18",11:42:00,"Lomma_Kyrkdamm","Coenagrion_pulchellum","Mature",0,NA,1,NA,30,2018,NA,NA
"6/11/18",11:42:00,"Lomma_Kyrkdamm","Coenagrion_pulchellum","Mature",0,NA,0,NA,30,2018,NA,NA
"6/11/18",11:42:00,"Lomma_Kyrkdamm","Ischnura_elegans","Mature",1,NA,0,NA,30,2018,NA,NA
"6/11/18",11:42:00,"Lomma_Kyrkdamm","Coenagrion_pulchellum","Mature",0,NA,0,NA,30,2018,NA,NA
"6/11/18",11:42:00,"Lomma_Kyrkdamm","Ischnura_elegans","Mature",1,NA,0,NA,30,2018,NA,NA
"6/11/18",11:42:00,"Lomma_Kyrkdamm","Ischnura_elegans","Mature",1,NA,0,NA,30,2018,NA,NA
"6/11/18",11:42:00,"Lomma_Kyrkdamm","Enallagma_cyathigerum","Mature",1,NA,0,NA,30,2018,NA,NA
"6/11/18",11:42:00,"Lomma_Kyrkdamm","Coenagrion_pulchellum","Teneral",1,NA,0,NA,30,2018,NA,NA
"6/11/18",11:42:00,"Lomma_Kyrkdamm","Coenagrion_puella","Mature",0,NA,0,NA,30,2018,NA,NA
"6/11/18",11:42:00,"Lomma_Kyrkdamm","Enallagma_cyathigerum","Teneral",1,NA,0,NA,30,2018,NA,NA
"7/1/18",11:49:00,"Lomma_Kyrkdamm","Erythromma_najas","Teneral",0,NA,0,NA,30,2018,NA,NA
"7/1/18",11:49:00,"Lomma_Kyrkdamm","Enallagma_cyathigerum","Teneral",1,NA,0,NA,30,2018,NA,NA
"7/1/18",11:49:00,"Lomma_Kyrkdamm","Ischnura_elegans","Immature",0,NA,0,NA,30,2018,NA,NA
"7/1/18",11:49:00,"Lomma_Kyrkdamm","Enallagma_cyathigerum","Mature",1,NA,0,NA,30,2018,NA,NA
"7/1/18",11:49:00,"Lomma_Kyrkdamm","Enallagma_cyathigerum","Immature",0,NA,0,NA,30,2018,NA,NA
"7/1/18",11:49:00,"Lomma_Kyrkdamm","Ischnura_elegans","Mature",0,NA,0,NA,30,2018,NA,NA
"7/1/18",11:49:00,"Lomma_Kyrkdamm","Ischnura_elegans","Mature",1,NA,0,NA,30,2018,NA,NA
"7/1/18",11:49:00,"Lomma_Kyrkdamm","Enallagma_cyathigerum","Teneral",1,NA,0,NA,30,2018,NA,NA
"7/1/18",11:49:00,"Lomma_Kyrkdamm","Ischnura_elegans","Immature",0,NA,0,NA,30,2018,NA,NA
"7/1/18",11:49:00,"Lomma_Kyrkdamm","Erythromma_najas","Immature",0,NA,0,NA,30,2018,NA,NA
"7/1/18",11:49:00,"Lomma_Kyrkdamm","Ischnura_elegans","Mature",1,NA,0,NA,30,2018,NA,NA
"7/1/18",11:49:00,"Lomma_Kyrkdamm","Erythromma_najas","Mature",1,NA,0,NA,30,2018,NA,NA
"7/1/18",11:49:00,"Lomma_Kyrkdamm","Ischnura_elegans","Mature",1,NA,1,NA,30,2018,NA,NA
"7/1/18",11:49:00,"Lomma_Kyrkdamm","Ischnura_elegans","Mature",0,NA,1,NA,30,2018,NA,NA
"7/1/18",11:49:00,"Lomma_Kyrkdamm","Enallagma_cyathigerum","Mature",1,NA,0,NA,30,2018,NA,NA
"7/1/18",11:49:00,"Lomma_Kyrkdamm","Enallagma_cyathigerum","Mature",1,NA,0,NA,30,2018,NA,NA
"7/1/18",11:49:00,"Lomma_Kyrkdamm","Ischnura_pumilio","Mature",1,NA,0,NA,30,2018,NA,NA
"7/1/18",11:49:00,"Lomma_Kyrkdamm","Ischnura_elegans","Mature",1,NA,0,NA,30,2018,NA,NA
"7/1/18",11:49:00,"Lomma_Kyrkdamm","Ischnura_elegans","Mature",1,NA,1,NA,30,2018,NA,NA
"7/1/18",11:49:00,"Lomma_Kyrkdamm","Ischnura_elegans","Mature",0,NA,1,NA,30,2018,NA,NA
"7/1/18",11:49:00,"Lomma_Kyrkdamm","Ischnura_elegans","Mature",0,NA,0,NA,30,2018,NA,NA
"7/1/18",11:49:00,"Lomma_Kyrkdamm","Enallagma_cyathigerum","Mature",0,NA,0,NA,30,2018,NA,NA
"7/1/18",11:49:00,"Lomma_Kyrkdamm","Enallagma_cyathigerum","Mature",1,NA,0,NA,30,2018,NA,NA
"7/1/18",11:49:00,"Lomma_Kyrkdamm","Ischnura_elegans","Mature",1,NA,0,NA,30,2018,NA,NA
"7/1/18",11:49:00,"Lomma_Kyrkdamm","Enallagma_cyathigerum","Mature",1,NA,0,NA,30,2018,NA,NA
"7/1/18",11:49:00,"Lomma_Kyrkdamm","Enallagma_cyathigerum","Mature",1,NA,0,NA,30,2018,NA,NA
"7/1/18",11:49:00,"Lomma_Kyrkdamm","Ischnura_elegans","Mature",1,NA,0,NA,30,2018,NA,NA
"7/1/18",11:49:00,"Lomma_Kyrkdamm","Enallagma_cyathigerum","Mature",1,NA,0,NA,30,2018,NA,NA
"7/1/18",11:49:00,"Lomma_Kyrkdamm","Enallagma_cyathigerum","Mature",1,NA,0,NA,30,2018,NA,NA
"7/1/18",11:49:00,"Lomma_Kyrkdamm","Ischnura_elegans","Mature",0,NA,0,NA,30,2018,NA,NA
"7/1/18",11:49:00,"Lomma_Kyrkdamm","Enallagma_cyathigerum","Mature",1,NA,0,NA,30,2018,NA,NA
"7/1/18",11:49:00,"Lomma_Kyrkdamm","Ischnura_elegans","Mature",1,NA,0,NA,30,2018,NA,NA
"7/1/18",11:49:00,"Lomma_Kyrkdamm","Ischnura_elegans","Mature",1,NA,0,NA,30,2018,NA,NA
"7/1/18",11:49:00,"Lomma_Kyrkdamm","Enallagma_cyathigerum","Teneral",1,NA,0,NA,30,2018,NA,NA
"7/1/18",11:49:00,"Lomma_Kyrkdamm","Erythromma_viridulum","Mature",1,NA,0,NA,30,2018,NA,NA
"7/1/18",11:49:00,"Lomma_Kyrkdamm","Enallagma_cyathigerum","Mature",1,NA,1,NA,30,2018,NA,NA
"7/1/18",11:49:00,"Lomma_Kyrkdamm","Enallagma_cyathigerum","Mature",0,NA,1,NA,30,2018,NA,NA
"7/1/18",11:49:00,"Lomma_Kyrkdamm","Ischnura_elegans","Mature",1,NA,0,NA,30,2018,NA,NA
"7/1/18",11:49:00,"Lomma_Kyrkdamm","Enallagma_cyathigerum","Mature",1,NA,0,NA,30,2018,NA,NA
"7/1/18",11:49:00,"Lomma_Kyrkdamm","Enallagma_cyathigerum","Mature",1,NA,0,NA,30,2018,NA,NA
"7/1/18",11:49:00,"Lomma_Kyrkdamm","Ischnura_elegans","Immature",0,NA,0,NA,30,2018,NA,NA
"7/1/18",11:49:00,"Lomma_Kyrkdamm","Ischnura_elegans","Immature",1,NA,0,NA,30,2018,NA,NA
"7/1/18",11:49:00,"Lomma_Kyrkdamm","Enallagma_cyathigerum","Mature",1,NA,0,NA,30,2018,NA,NA
"7/1/18",11:49:00,"Lomma_Kyrkdamm","Ischnura_elegans","Mature",1,NA,0,NA,30,2018,NA,NA
"7/1/18",11:49:00,"Lomma_Kyrkdamm","Coenagrion_pulchellum","Mature",1,NA,0,NA,30,2018,NA,NA
"7/1/18",11:49:00,"Lomma_Kyrkdamm","Erythromma_najas","Immature",0,NA,0,NA,30,2018,NA,NA
"7/1/18",11:49:00,"Lomma_Kyrkdamm","Enallagma_cyathigerum","Mature",1,NA,0,NA,30,2018,NA,NA
"7/1/18",11:49:00,"Lomma_Kyrkdamm","Enallagma_cyathigerum","Immature",0,NA,0,NA,30,2018,NA,NA
"7/1/18",11:49:00,"Lomma_Kyrkdamm","Ischnura_elegans","Mature",1,NA,0,NA,30,2018,NA,NA
"7/1/18",11:49:00,"Lomma_Kyrkdamm","Ischnura_elegans","Mature",0,NA,0,NA,30,2018,NA,NA
"7/1/18",11:49:00,"Lomma_Kyrkdamm","Ischnura_elegans","Mature",1,NA,0,NA,30,2018,NA,NA
"7/1/18",11:49:00,"Lomma_Kyrkdamm","Ischnura_elegans","Mature",0,NA,0,NA,30,2018,NA,NA
"7/1/18",11:49:00,"Lomma_Kyrkdamm","Ischnura_elegans","Immature",0,NA,0,NA,30,2018,NA,NA
"7/1/18",11:49:00,"Lomma_Kyrkdamm","Enallagma_cyathigerum","Mature",1,NA,0,NA,30,2018,NA,NA
"7/1/18",11:49:00,"Lomma_Kyrkdamm","Ischnura_elegans","Mature",1,NA,0,NA,30,2018,NA,NA
"7/1/18",11:49:00,"Lomma_Kyrkdamm","Ischnura_elegans","Mature",0,NA,0,NA,30,2018,NA,NA
"7/1/18",11:49:00,"Lomma_Kyrkdamm","Ischnura_elegans","Mature",1,NA,0,NA,30,2018,NA,NA
"7/1/18",11:49:00,"Lomma_Kyrkdamm","Ischnura_elegans","Immature",0,NA,0,NA,30,2018,NA,NA
"7/1/18",11:49:00,"Lomma_Kyrkdamm","Ischnura_elegans","Mature",1,NA,0,NA,30,2018,NA,NA
"7/1/18",11:49:00,"Lomma_Kyrkdamm","Enallagma_cyathigerum","Mature",1,NA,0,NA,30,2018,NA,NA
"7/1/18",11:49:00,"Lomma_Kyrkdamm","Ischnura_elegans","Mature",1,NA,0,NA,30,2018,NA,NA
"7/1/18",11:49:00,"Lomma_Kyrkdamm",NA,"Mature",1,NA,0,NA,30,2018,NA,NA
"7/1/18",11:49:00,"Lomma_Kyrkdamm","Enallagma_cyathigerum","Mature",1,NA,0,NA,30,2018,NA,NA
"7/1/18",11:49:00,"Lomma_Kyrkdamm","Ischnura_elegans","Mature",0,NA,0,NA,30,2018,NA,NA
"7/1/18",11:49:00,"Lomma_Kyrkdamm","Ischnura_elegans","Mature",1,NA,0,NA,30,2018,NA,NA
"7/1/18",11:49:00,"Lomma_Kyrkdamm","Ischnura_elegans","Immature",1,NA,0,NA,30,2018,NA,NA
"7/1/18",11:49:00,"Lomma_Kyrkdamm","Ischnura_elegans","Teneral",0,NA,0,NA,30,2018,NA,NA
"7/1/18",11:49:00,"Lomma_Kyrkdamm","Ischnura_elegans","Immature",1,NA,0,NA,30,2018,NA,NA
"7/1/18",11:49:00,"Lomma_Kyrkdamm","Ischnura_elegans","Immature",1,NA,0,NA,30,2018,NA,NA
"7/1/18",11:49:00,"Lomma_Kyrkdamm","Enallagma_cyathigerum","Teneral",1,NA,0,NA,30,2018,NA,NA
"7/1/18",11:49:00,"Lomma_Kyrkdamm","Ischnura_elegans","Mature",1,NA,1,NA,30,2018,NA,NA
"7/1/18",11:49:00,"Lomma_Kyrkdamm","Ischnura_elegans","Mature",0,NA,1,NA,30,2018,NA,NA
"7/1/18",11:49:00,"Lomma_Kyrkdamm","Enallagma_cyathigerum","Mature",1,NA,1,NA,30,2018,NA,NA
"7/1/18",11:49:00,"Lomma_Kyrkdamm","Enallagma_cyathigerum","Mature",0,NA,1,NA,30,2018,NA,NA
"7/1/18",11:49:00,"Lomma_Kyrkdamm","Ischnura_elegans","Mature",1,NA,1,NA,30,2018,NA,NA
"7/1/18",11:49:00,"Lomma_Kyrkdamm","Ischnura_elegans","Mature",0,NA,1,NA,30,2018,NA,NA
"7/1/18",11:49:00,"Lomma_Kyrkdamm","Orthetrum_coerulescens","Mature",1,NA,0,NA,30,2018,NA,NA
"7/1/18",11:49:00,"Lomma_Kyrkdamm","Orthetrum_coerulescens","Mature",0,NA,0,NA,30,2018,NA,NA
"7/21/18",12:11:00,"Lomma_Kyrkdamm","Ischnura_elegans","Mature",0,NA,0,NA,30,2018,NA,NA
"7/21/18",12:11:00,"Lomma_Kyrkdamm","Ischnura_elegans","Immature",0,NA,0,NA,30,2018,NA,NA
"7/21/18",12:11:00,"Lomma_Kyrkdamm","Enallagma_cyathigerum","Mature",0,NA,0,NA,30,2018,NA,NA
"7/21/18",12:11:00,"Lomma_Kyrkdamm","Enallagma_cyathigerum","Immature",0,NA,0,NA,30,2018,NA,NA
"7/21/18",12:11:00,"Lomma_Kyrkdamm","Ischnura_elegans","Teneral",0,NA,1,NA,30,2018,NA,NA
"7/21/18",12:11:00,"Lomma_Kyrkdamm","Ischnura_elegans","Mature",1,NA,1,NA,30,2018,NA,NA
"7/21/18",12:11:00,"Lomma_Kyrkdamm","Ischnura_elegans","Mature",0,NA,1,NA,30,2018,NA,NA
"7/21/18",12:11:00,"Lomma_Kyrkdamm","Enallagma_cyathigerum","Mature",1,NA,0,NA,30,2018,NA,NA
"7/21/18",12:11:00,"Lomma_Kyrkdamm","Erythromma_viridulum","Mature",1,NA,0,NA,30,2018,NA,NA
"7/21/18",12:11:00,"Lomma_Kyrkdamm","Enallagma_cyathigerum","Mature",1,NA,0,NA,30,2018,NA,NA
"7/21/18",12:11:00,"Lomma_Kyrkdamm","Enallagma_cyathigerum","Mature",1,NA,0,NA,30,2018,NA,NA
"7/21/18",12:11:00,"Lomma_Kyrkdamm","Enallagma_cyathigerum","Mature",1,NA,0,NA,30,2018,NA,NA
"7/21/18",12:11:00,"Lomma_Kyrkdamm","Ischnura_elegans","Immature",0,NA,0,NA,30,2018,NA,NA
"7/21/18",12:11:00,"Lomma_Kyrkdamm","Enallagma_cyathigerum","Mature",1,NA,0,NA,30,2018,NA,NA
"7/21/18",12:11:00,"Lomma_Kyrkdamm","Enallagma_cyathigerum","Mature",1,NA,0,NA,30,2018,NA,NA
"7/21/18",12:11:00,"Lomma_Kyrkdamm","Sympetrum_striolatum","Mature",1,NA,0,NA,30,2018,NA,NA
"7/21/18",12:11:00,"Lomma_Kyrkdamm","Sympetrum_sanguineum","Mature",1,NA,0,NA,30,2018,NA,NA
"7/21/18",12:11:00,"Lomma_Kyrkdamm","Enallagma_cyathigerum","Mature",1,NA,1,NA,30,2018,NA,NA
"5/28/18",10:35:00,"Lunnarp","Libellula_depressa","Mature",1,NA,0,NA,30,2018,NA,NA
"5/28/18",10:35:00,"Lunnarp","Libellula_depressa","Mature",1,NA,0,NA,30,2018,NA,NA
"5/28/18",10:35:00,"Lunnarp","Libellula_depressa","Mature",1,NA,0,NA,30,2018,NA,NA
"5/28/18",10:35:00,"Lunnarp","Libellula_depressa","Mature",1,NA,0,NA,30,2018,NA,NA
"5/28/18",10:35:00,"Lunnarp","Libellula_depressa","Mature",1,NA,0,NA,30,2018,NA,NA
"5/28/18",10:35:00,"Lunnarp","Enallagma_cyathigerum","Mature",1,NA,1,NA,30,2018,NA,NA
"5/28/18",10:35:00,"Lunnarp","Enallagma_cyathigerum","Mature",0,NA,1,NA,30,2018,NA,NA
"5/28/18",10:35:00,"Lunnarp","Enallagma_cyathigerum","Mature",1,NA,0,NA,30,2018,NA,NA
"5/28/18",10:35:00,"Lunnarp","Enallagma_cyathigerum","Mature",1,NA,0,NA,30,2018,NA,NA
"5/28/18",10:35:00,"Lunnarp","Enallagma_cyathigerum","Mature",1,NA,0,NA,30,2018,NA,NA
"5/28/18",10:35:00,"Lunnarp","Enallagma_cyathigerum","Mature",1,NA,0,NA,30,2018,NA,NA
"5/28/18",10:35:00,"Lunnarp","Ischnura_elegans","Mature",1,NA,0,NA,30,2018,NA,NA
"5/28/18",10:35:00,"Lunnarp","Enallagma_cyathigerum","Mature",1,NA,0,NA,30,2018,NA,NA
"5/28/18",10:35:00,"Lunnarp","Enallagma_cyathigerum","Mature",1,NA,0,NA,30,2018,NA,NA
"5/28/18",10:35:00,"Lunnarp","Enallagma_cyathigerum","Mature",1,NA,0,NA,30,2018,NA,NA
"5/28/18",10:35:00,"Lunnarp","Enallagma_cyathigerum","Mature",0,NA,0,NA,30,2018,NA,NA
"5/28/18",10:35:00,"Lunnarp","Ischnura_elegans","Mature",0,NA,0,NA,30,2018,NA,NA
"5/28/18",10:35:00,"Lunnarp","Enallagma_cyathigerum","Mature",1,NA,0,NA,30,2018,NA,NA
"5/28/18",10:35:00,"Lunnarp","Enallagma_cyathigerum","Mature",1,NA,0,NA,30,2018,NA,NA
"5/28/18",10:35:00,"Lunnarp","Enallagma_cyathigerum","Mature",1,NA,0,NA,30,2018,NA,NA
"5/28/18",10:35:00,"Lunnarp","Enallagma_cyathigerum","Mature",1,NA,0,NA,30,2018,NA,NA
"5/28/18",10:35:00,"Lunnarp","Ischnura_elegans","Mature",1,NA,0,NA,30,2018,NA,NA
"5/28/18",10:35:00,"Lunnarp","Enallagma_cyathigerum","Mature",0,NA,0,NA,30,2018,NA,NA
"5/28/18",10:35:00,"Lunnarp","Ischnura_elegans","Mature",0,NA,0,NA,30,2018,NA,NA
"5/28/18",10:35:00,"Lunnarp","Ischnura_elegans","Mature",0,NA,0,NA,30,2018,NA,NA
"5/28/18",10:35:00,"Lunnarp","Enallagma_cyathigerum","Teneral",0,NA,0,NA,30,2018,NA,NA
"5/28/18",10:35:00,"Lunnarp","Enallagma_cyathigerum","Mature",1,NA,0,NA,30,2018,NA,NA
"5/28/18",10:35:00,"Lunnarp","Ischnura_elegans","Mature",0,NA,0,NA,30,2018,NA,NA
"5/28/18",10:35:00,"Lunnarp","Enallagma_cyathigerum","Mature",1,NA,1,NA,30,2018,NA,NA
"5/28/18",10:35:00,"Lunnarp","Enallagma_cyathigerum","Mature",0,NA,1,NA,30,2018,NA,NA
"5/28/18",10:35:00,"Lunnarp","Ischnura_elegans","Mature",1,NA,1,NA,30,2018,NA,NA
"5/28/18",10:35:00,"Lunnarp","Ischnura_elegans","Mature",0,NA,1,NA,30,2018,NA,NA
"6/7/18",11:02:00,"Lunnarp","Enallagma_cyathigerum","Mature",1,NA,0,NA,30,2018,NA,NA
"6/7/18",11:02:00,"Lunnarp","Enallagma_cyathigerum","Mature",1,NA,0,NA,30,2018,NA,NA
"6/7/18",11:02:00,"Lunnarp","Enallagma_cyathigerum","Mature",1,NA,0,NA,30,2018,NA,NA
"6/7/18",11:02:00,"Lunnarp","Enallagma_cyathigerum","Mature",1,NA,0,NA,30,2018,NA,NA
"6/7/18",11:02:00,"Lunnarp","Enallagma_cyathigerum","Mature",1,NA,0,NA,30,2018,NA,NA
"6/7/18",11:02:00,"Lunnarp","Enallagma_cyathigerum","Mature",1,NA,0,NA,30,2018,NA,NA
"6/7/18",11:02:00,"Lunnarp","Enallagma_cyathigerum","Mature",1,NA,0,NA,30,2018,NA,NA
"6/7/18",11:02:00,"Lunnarp","Enallagma_cyathigerum","Mature",1,NA,0,NA,30,2018,NA,NA
"6/7/18",11:02:00,"Lunnarp","Enallagma_cyathigerum","Mature",1,NA,0,NA,30,2018,NA,NA
"6/7/18",11:02:00,"Lunnarp","Enallagma_cyathigerum","Teneral",0,NA,0,NA,30,2018,NA,NA
"6/7/18",11:02:00,"Lunnarp","Enallagma_cyathigerum","Mature",1,NA,0,NA,30,2018,NA,NA
"6/7/18",11:02:00,"Lunnarp","Ischnura_elegans","Mature",1,NA,0,NA,30,2018,NA,NA
"6/7/18",11:02:00,"Lunnarp","Enallagma_cyathigerum","Mature",1,NA,0,NA,30,2018,NA,NA
"6/7/18",11:02:00,"Lunnarp","Enallagma_cyathigerum","Mature",1,NA,0,NA,30,2018,NA,NA
"6/7/18",11:02:00,"Lunnarp","Ischnura_elegans","Mature",1,NA,0,NA,30,2018,NA,NA
"6/7/18",11:02:00,"Lunnarp","Coenagrion_puella","Mature",0,NA,0,NA,30,2018,NA,NA
"6/7/18",11:02:00,"Lunnarp","Enallagma_cyathigerum","Mature",1,NA,0,NA,30,2018,NA,NA
"6/7/18",11:02:00,"Lunnarp","Enallagma_cyathigerum","Mature",1,NA,0,NA,30,2018,NA,NA
"6/7/18",11:02:00,"Lunnarp","Enallagma_cyathigerum","Mature",1,NA,0,NA,30,2018,NA,NA
"6/7/18",11:02:00,"Lunnarp","Enallagma_cyathigerum","Mature",0,NA,0,NA,30,2018,NA,NA
"6/7/18",11:02:00,"Lunnarp","Enallagma_cyathigerum","Mature",1,NA,0,NA,30,2018,NA,NA
"6/7/18",11:02:00,"Lunnarp","Enallagma_cyathigerum","Teneral",0,NA,0,NA,30,2018,NA,NA
"6/7/18",11:02:00,"Lunnarp","Enallagma_cyathigerum","Mature",0,NA,0,NA,30,2018,NA,NA
"6/7/18",11:02:00,"Lunnarp","Enallagma_cyathigerum","Mature",1,NA,0,NA,30,2018,NA,NA
"6/7/18",11:02:00,"Lunnarp","Enallagma_cyathigerum","Mature",1,NA,0,NA,30,2018,NA,NA
"6/7/18",11:02:00,"Lunnarp","Enallagma_cyathigerum","Mature",1,NA,0,NA,30,2018,NA,NA
"6/7/18",11:02:00,"Lunnarp","Coenagrion_puella","Mature",1,NA,0,NA,30,2018,NA,NA
"6/7/18",11:02:00,"Lunnarp","Coenagrion_puella","Mature",0,NA,0,NA,30,2018,NA,NA
"6/7/18",11:02:00,"Lunnarp","Enallagma_cyathigerum","Teneral",0,NA,0,NA,30,2018,NA,NA
"6/7/18",11:02:00,"Lunnarp","Enallagma_cyathigerum","Mature",0,NA,1,NA,30,2018,NA,NA
"6/7/18",11:02:00,"Lunnarp","Coenagrion_puella","Mature",1,NA,1,NA,30,2018,NA,NA
"6/7/18",11:02:00,"Lunnarp","Enallagma_cyathigerum","Mature",0,NA,0,NA,30,2018,NA,NA
"6/7/18",11:02:00,"Lunnarp","Coenagrion_puella","Mature",0,NA,1,NA,30,2018,NA,NA
"6/7/18",11:02:00,"Lunnarp","Enallagma_cyathigerum","Immature",0,NA,0,NA,30,2018,NA,NA
"6/7/18",11:02:00,"Lunnarp","Enallagma_cyathigerum","Mature",0,NA,1,NA,30,2018,NA,NA
"6/7/18",11:02:00,"Lunnarp","Enallagma_cyathigerum","Mature",1,NA,1,NA,30,2018,NA,NA
"6/7/18",11:02:00,"Lunnarp","Enallagma_cyathigerum","Teneral",0,NA,0,NA,30,2018,NA,NA
"6/7/18",11:02:00,"Lunnarp","Enallagma_cyathigerum","Mature",0,NA,1,NA,30,2018,NA,NA
"6/7/18",11:02:00,"Lunnarp","Enallagma_cyathigerum","Mature",0,NA,1,NA,30,2018,NA,NA
"6/7/18",11:02:00,"Lunnarp","Enallagma_cyathigerum","Mature",1,NA,1,NA,30,2018,NA,NA
"6/7/18",11:02:00,"Lunnarp","Enallagma_cyathigerum","Mature",1,NA,0,NA,30,2018,NA,NA
"6/7/18",11:02:00,"Lunnarp","Ischnura_elegans","Mature",1,NA,0,NA,30,2018,NA,NA
"6/7/18",11:02:00,"Lunnarp","Enallagma_cyathigerum","Mature",1,NA,0,NA,30,2018,NA,NA
"6/7/18",11:02:00,"Lunnarp","Enallagma_cyathigerum","Teneral",0,NA,0,NA,30,2018,NA,NA
"6/7/18",11:02:00,"Lunnarp","Enallagma_cyathigerum","Mature",1,NA,0,NA,30,2018,NA,NA
"6/7/18",11:02:00,"Lunnarp","Enallagma_cyathigerum","Mature",1,NA,0,NA,30,2018,NA,NA
"6/7/18",11:02:00,"Lunnarp","Enallagma_cyathigerum","Mature",1,NA,0,NA,30,2018,NA,NA
"6/7/18",11:02:00,"Lunnarp","Enallagma_cyathigerum","Mature",1,NA,0,NA,30,2018,NA,NA
"6/7/18",11:02:00,"Lunnarp","Coenagrion_puella","Mature",1,NA,0,NA,30,2018,NA,NA
"6/7/18",11:02:00,"Lunnarp","Enallagma_cyathigerum","Mature",1,NA,0,NA,30,2018,NA,NA
"6/7/18",11:02:00,"Lunnarp","Enallagma_cyathigerum","Mature",1,NA,0,NA,30,2018,NA,NA
"6/7/18",11:02:00,"Lunnarp","Ischnura_elegans","Mature",1,NA,0,NA,30,2018,NA,NA
"6/7/18",11:02:00,"Lunnarp","Coenagrion_pulchellum","Mature",1,NA,0,NA,30,2018,NA,NA
"6/7/18",11:02:00,"Lunnarp","Ischnura_elegans","Mature",1,NA,0,NA,30,2018,NA,NA
"6/7/18",11:02:00,"Lunnarp","Enallagma_cyathigerum","Mature",1,NA,0,NA,30,2018,NA,NA
"6/7/18",11:02:00,"Lunnarp","Enallagma_cyathigerum","Mature",1,NA,0,NA,30,2018,NA,NA
"6/7/18",11:02:00,"Lunnarp","Enallagma_cyathigerum","Mature",0,NA,0,NA,30,2018,NA,NA
"6/7/18",11:02:00,"Lunnarp","Enallagma_cyathigerum","Mature",1,NA,0,NA,30,2018,NA,NA
"6/7/18",11:02:00,"Lunnarp","Enallagma_cyathigerum","Mature",1,NA,0,NA,30,2018,NA,NA
"6/7/18",11:02:00,"Lunnarp","Enallagma_cyathigerum","Mature",1,NA,0,NA,30,2018,NA,NA
"6/7/18",11:02:00,"Lunnarp","Enallagma_cyathigerum","Mature",1,NA,0,NA,30,2018,NA,NA
"6/7/18",11:02:00,"Lunnarp","Enallagma_cyathigerum","Mature",1,NA,0,NA,30,2018,NA,NA
"6/7/18",11:02:00,"Lunnarp","Ischnura_elegans","Mature",1,NA,0,NA,30,2018,NA,NA
"6/7/18",11:02:00,"Lunnarp","Enallagma_cyathigerum","Mature",1,NA,0,NA,30,2018,NA,NA
"6/7/18",11:02:00,"Lunnarp","Ischnura_elegans","Mature",1,NA,0,NA,30,2018,NA,NA
"6/7/18",11:02:00,"Lunnarp","Enallagma_cyathigerum","Mature",1,NA,0,NA,30,2018,NA,NA
"6/7/18",11:02:00,"Lunnarp","Coenagrion_puella","Mature",1,NA,0,NA,30,2018,NA,NA
"6/7/18",11:02:00,"Lunnarp","Enallagma_cyathigerum","Mature",1,NA,0,NA,30,2018,NA,NA
"6/7/18",11:02:00,"Lunnarp","Enallagma_cyathigerum","Mature",1,NA,0,NA,30,2018,NA,NA
"6/7/18",11:02:00,"Lunnarp","Orthetrum_cancellatum","Mature",1,NA,0,NA,30,2018,NA,NA
"6/7/18",11:02:00,"Lunnarp","Orthetrum_cancellatum","Mature",1,NA,0,NA,30,2018,NA,NA
"6/7/18",11:02:00,"Lunnarp","Orthetrum_cancellatum","Mature",0,NA,0,NA,30,2018,NA,NA
"6/7/18",11:02:00,"Lunnarp","Enallagma_cyathigerum","Mature",1,NA,0,NA,30,2018,NA,NA
"6/7/18",11:02:00,"Lunnarp","Calopteryx_splendens","Mature",1,NA,0,NA,30,2018,NA,NA
"6/7/18",11:02:00,"Lunnarp","Calopteryx_splendens","Mature",1,NA,0,NA,30,2018,NA,NA
"6/7/18",11:02:00,"Lunnarp","Coenagrion_puella","Mature",0,NA,0,NA,30,2018,NA,NA
"6/7/18",11:02:00,"Lunnarp","Enallagma_cyathigerum","Mature",1,NA,0,NA,30,2018,NA,NA
"6/7/18",11:02:00,"Lunnarp","Enallagma_cyathigerum","Mature",1,NA,0,NA,30,2018,NA,NA
"6/7/18",11:02:00,"Lunnarp","Enallagma_cyathigerum","Mature",1,NA,0,NA,30,2018,NA,NA
"6/7/18",11:02:00,"Lunnarp","Enallagma_cyathigerum","Mature",1,NA,0,NA,30,2018,NA,NA
"6/7/18",11:02:00,"Lunnarp","Coenagrion_pulchellum","Mature",0,NA,0,NA,30,2018,NA,NA
"6/7/18",11:02:00,"Lunnarp","Ischnura_elegans","Mature",0,NA,0,NA,30,2018,NA,NA
"6/7/18",11:02:00,"Lunnarp","Enallagma_cyathigerum","Mature",1,NA,0,NA,30,2018,NA,NA
"6/7/18",11:02:00,"Lunnarp","Ischnura_elegans","Mature",1,NA,0,NA,30,2018,NA,NA
"6/7/18",11:02:00,"Lunnarp","Ischnura_elegans","Mature",1,NA,0,NA,30,2018,NA,NA
"6/7/18",11:02:00,"Lunnarp","Enallagma_cyathigerum","Mature",1,NA,0,NA,30,2018,NA,NA
"6/7/18",11:02:00,"Lunnarp","Enallagma_cyathigerum","Mature",1,NA,0,NA,30,2018,NA,NA
"6/7/18",11:02:00,"Lunnarp","Enallagma_cyathigerum","Mature",1,NA,0,NA,30,2018,NA,NA
"6/7/18",11:02:00,"Lunnarp","Coenagrion_puella","Mature",1,NA,0,NA,30,2018,NA,NA
"6/7/18",11:02:00,"Lunnarp","Enallagma_cyathigerum","Mature",1,NA,0,NA,30,2018,NA,NA
"6/7/18",11:02:00,"Lunnarp","Ischnura_elegans","Mature",1,NA,0,NA,30,2018,NA,NA
"6/7/18",11:02:00,"Lunnarp","Enallagma_cyathigerum","Mature",1,NA,0,NA,30,2018,NA,NA
"6/7/18",11:02:00,"Lunnarp","Enallagma_cyathigerum","Mature",1,NA,0,NA,30,2018,NA,NA
"6/7/18",11:02:00,"Lunnarp","Enallagma_cyathigerum","Mature",1,NA,0,NA,30,2018,NA,NA
"6/7/18",11:02:00,"Lunnarp","Ischnura_elegans","Mature",1,NA,0,NA,30,2018,NA,NA
"6/7/18",11:02:00,"Lunnarp","Ischnura_elegans","Mature",1,NA,0,NA,30,2018,NA,NA
"6/7/18",11:02:00,"Lunnarp","Enallagma_cyathigerum","Mature",1,NA,0,NA,30,2018,NA,NA
"6/7/18",11:02:00,"Lunnarp","Coenagrion_puella","Mature",1,NA,0,NA,30,2018,NA,NA
"6/7/18",11:02:00,"Lunnarp","Enallagma_cyathigerum","Mature",1,NA,0,NA,30,2018,NA,NA
"6/7/18",11:02:00,"Lunnarp","Ischnura_elegans","Mature",1,NA,0,NA,30,2018,NA,NA
"6/7/18",11:02:00,"Lunnarp","Enallagma_cyathigerum","Mature",1,NA,0,NA,30,2018,NA,NA
"6/7/18",11:02:00,"Lunnarp","Ischnura_elegans","Mature",1,NA,0,NA,30,2018,NA,NA
"6/7/18",11:02:00,"Lunnarp","Enallagma_cyathigerum","Teneral",0,NA,0,NA,30,2018,NA,NA
"6/7/18",11:02:00,"Lunnarp","Enallagma_cyathigerum","Mature",1,NA,0,NA,30,2018,NA,NA
"6/7/18",11:02:00,"Lunnarp","Enallagma_cyathigerum","Mature",1,NA,0,NA,30,2018,NA,NA
"6/7/18",11:02:00,"Lunnarp","Enallagma_cyathigerum","Mature",1,NA,0,NA,30,2018,NA,NA
"6/7/18",11:02:00,"Lunnarp","Ischnura_elegans","Immature",1,NA,0,NA,30,2018,NA,NA
"6/7/18",11:02:00,"Lunnarp","Ischnura_elegans","Mature",1,NA,0,NA,30,2018,NA,NA
"6/7/18",11:02:00,"Lunnarp","Enallagma_cyathigerum","Mature",1,NA,0,NA,30,2018,NA,NA
"6/7/18",11:02:00,"Lunnarp","Enallagma_cyathigerum","Teneral",0,NA,0,NA,30,2018,NA,NA
"6/7/18",11:02:00,"Lunnarp","Enallagma_cyathigerum","Mature",1,NA,0,NA,30,2018,NA,NA
"6/7/18",11:02:00,"Lunnarp","Enallagma_cyathigerum","Mature",1,NA,0,NA,30,2018,NA,NA
"6/7/18",11:02:00,"Lunnarp","Enallagma_cyathigerum","Mature",1,NA,0,NA,30,2018,NA,NA
"6/7/18",11:02:00,"Lunnarp","Coenagrion_puella","Mature",1,NA,0,NA,30,2018,NA,NA
"6/8/18",11:02:00,"Lunnarp","Aeshna_isoceles","Mature",1,NA,0,NA,30,2018,NA,NA
"7/3/18",11:10:00,"Lunnarp","Ischnura_elegans","Mature",1,NA,1,NA,30,2018,NA,NA
"7/3/18",11:10:00,"Lunnarp","Ischnura_elegans","Mature",0,NA,1,NA,30,2018,NA,NA
"7/3/18",11:10:00,"Lunnarp","Orthetrum_cancellatum","Mature",1,NA,0,NA,30,2018,NA,NA
"7/3/18",11:10:00,"Lunnarp","Orthetrum_cancellatum","Mature",1,NA,0,NA,30,2018,NA,NA
"7/3/18",11:10:00,"Lunnarp","Orthetrum_cancellatum","Mature",1,NA,0,NA,30,2018,NA,NA
"7/3/18",11:10:00,"Lunnarp","Anax_imperator","Mature",1,NA,0,NA,30,2018,NA,NA
"7/3/18",11:10:00,"Lunnarp","Anax_imperator","Mature",1,NA,0,NA,30,2018,NA,NA
"7/3/18",11:10:00,"Lunnarp","Enallagma_cyathigerum","Mature",1,NA,0,NA,30,2018,NA,NA
"7/3/18",11:10:00,"Lunnarp","Ischnura_elegans","Mature",1,NA,0,NA,30,2018,NA,NA
"7/3/18",11:10:00,"Lunnarp","Enallagma_cyathigerum","Mature",1,NA,0,NA,30,2018,NA,NA
"7/3/18",11:10:00,"Lunnarp","Lestes_sponsa","Mature",1,NA,0,NA,30,2018,NA,NA
"7/3/18",11:10:00,"Lunnarp","Enallagma_cyathigerum","Mature",1,NA,0,NA,30,2018,NA,NA
"7/3/18",11:10:00,"Lunnarp","Ischnura_elegans","Mature",1,NA,0,NA,30,2018,NA,NA
"7/3/18",11:10:00,"Lunnarp","Enallagma_cyathigerum","Mature",1,NA,0,NA,30,2018,NA,NA
"7/3/18",11:10:00,"Lunnarp","Ischnura_elegans","Mature",1,NA,0,NA,30,2018,NA,NA
"7/3/18",11:10:00,"Lunnarp","Enallagma_cyathigerum","Mature",1,NA,0,NA,30,2018,NA,NA
"7/3/18",11:10:00,"Lunnarp","Enallagma_cyathigerum","Mature",1,NA,0,NA,30,2018,NA,NA
"7/3/18",11:10:00,"Lunnarp","Enallagma_cyathigerum","Mature",1,NA,0,NA,30,2018,NA,NA
"7/3/18",11:10:00,"Lunnarp","Enallagma_cyathigerum","Teneral",1,NA,0,NA,30,2018,NA,NA
"7/3/18",11:10:00,"Lunnarp","Enallagma_cyathigerum","Mature",1,NA,0,NA,30,2018,NA,NA
"7/3/18",11:10:00,"Lunnarp","Enallagma_cyathigerum","Mature",1,NA,0,NA,30,2018,NA,NA
"7/3/18",11:10:00,"Lunnarp","Sympetrum_danae","Mature",1,NA,0,NA,30,2018,NA,NA
"7/3/18",11:10:00,"Lunnarp","Orthetrum_cancellatum","Mature",0,NA,0,NA,30,2018,NA,NA
"7/3/18",11:10:00,"Lunnarp","Enallagma_cyathigerum","Teneral",0,NA,0,NA,30,2018,NA,NA
"7/3/18",11:10:00,"Lunnarp","Ischnura_elegans","Mature",1,NA,0,NA,30,2018,NA,NA
"7/3/18",11:10:00,"Lunnarp","Enallagma_cyathigerum","Mature",1,NA,0,NA,30,2018,NA,NA
"7/3/18",11:10:00,"Lunnarp","Enallagma_cyathigerum","Mature",1,NA,0,NA,30,2018,NA,NA
"7/3/18",11:10:00,"Lunnarp","Ischnura_elegans","Mature",1,NA,0,NA,30,2018,NA,NA
"7/3/18",11:10:00,"Lunnarp","Ischnura_elegans","Mature",1,NA,0,NA,30,2018,NA,NA
"7/3/18",11:10:00,"Lunnarp","Lestes_sponsa","Mature",1,NA,0,NA,30,2018,NA,NA
"7/3/18",11:10:00,"Lunnarp","Enallagma_cyathigerum","Mature",1,NA,0,NA,30,2018,NA,NA
"7/3/18",11:10:00,"Lunnarp","Enallagma_cyathigerum","Mature",1,NA,1,NA,30,2018,NA,NA
"7/3/18",11:10:00,"Lunnarp","Enallagma_cyathigerum","Mature",0,NA,1,NA,30,2018,NA,NA
"7/3/18",11:10:00,"Lunnarp","Lestes_sponsa","Teneral",1,NA,0,NA,30,2018,NA,NA
"7/3/18",11:10:00,"Lunnarp","Ischnura_elegans","Mature",0,NA,0,NA,30,2018,NA,NA
"7/3/18",11:10:00,"Lunnarp","Ischnura_elegans","Mature",1,NA,0,NA,30,2018,NA,NA
"7/3/18",11:10:00,"Lunnarp","Ischnura_elegans","Mature",1,NA,0,NA,30,2018,NA,NA
"7/3/18",11:10:00,"Lunnarp","Lestes_sponsa","Teneral",0,NA,0,NA,30,2018,NA,NA
"7/3/18",11:10:00,"Lunnarp","Lestes_sponsa","Teneral",0,NA,0,NA,30,2018,NA,NA
"7/3/18",11:10:00,"Lunnarp","Anax_imperator","Mature",1,NA,0,NA,30,2018,NA,NA
"7/3/18",11:10:00,"Lunnarp","Anax_imperator","Mature",1,NA,0,NA,30,2018,NA,NA
"7/22/18",11:29:00,"Lunnarp","Anax_imperator","Mature",1,NA,0,NA,30,2018,NA,NA
"7/22/18",11:29:00,"Lunnarp","Anax_imperator","Mature",1,NA,0,NA,30,2018,NA,NA
"7/22/18",11:29:00,"Lunnarp","Anax_imperator","Mature",1,NA,0,NA,30,2018,NA,NA
"7/22/18",11:29:00,"Lunnarp","Orthetrum_cancellatum","Mature",1,NA,0,NA,30,2018,NA,NA
"7/22/18",11:29:00,"Lunnarp","Orthetrum_cancellatum","Mature",1,NA,0,NA,30,2018,NA,NA
"7/22/18",11:29:00,"Lunnarp","Orthetrum_cancellatum","Mature",1,NA,0,NA,30,2018,NA,NA
"7/22/18",11:29:00,"Lunnarp","Sympetrum_sanguineum","Mature",1,NA,0,NA,30,2018,NA,NA
"7/22/18",11:29:00,"Lunnarp","Sympetrum_sanguineum","Mature",1,NA,0,NA,30,2018,NA,NA
"7/22/18",11:29:00,"Lunnarp","Sympetrum_sanguineum","Mature",1,NA,0,NA,30,2018,NA,NA
"7/22/18",11:29:00,"Lunnarp","Lestes_sponsa","Mature",1,NA,0,NA,30,2018,NA,NA
"7/22/18",11:29:00,"Lunnarp","Lestes_sponsa","Mature",1,NA,1,NA,30,2018,NA,NA
"7/22/18",11:29:00,"Lunnarp","Enallagma_cyathigerum","Mature",0,NA,0,NA,30,2018,NA,NA
"7/22/18",11:29:00,"Lunnarp","Enallagma_cyathigerum","Mature",0,NA,0,NA,30,2018,NA,NA
"7/22/18",11:29:00,"Lunnarp","Lestes_sponsa","Mature",1,NA,1,NA,30,2018,NA,NA
"7/22/18",11:29:00,"Lunnarp","Enallagma_cyathigerum","Mature",0,NA,0,NA,30,2018,NA,NA
"7/22/18",11:29:00,"Lunnarp","Ischnura_elegans","Mature",0,NA,0,NA,30,2018,NA,NA
"7/22/18",11:29:00,"Lunnarp","Enallagma_cyathigerum","Mature",1,NA,1,NA,30,2018,NA,NA
"7/22/18",11:29:00,"Lunnarp","Enallagma_cyathigerum","Mature",0,NA,1,NA,30,2018,NA,NA
"7/22/18",11:29:00,"Lunnarp","Ischnura_elegans","Mature",0,NA,0,NA,30,2018,NA,NA
"7/22/18",11:29:00,"Lunnarp","Erythromma_viridulum","Mature",1,NA,0,NA,30,2018,NA,NA
"7/22/18",11:29:00,"Lunnarp","Enallagma_cyathigerum","Mature",1,NA,0,NA,30,2018,NA,NA
"7/22/18",11:29:00,"Lunnarp","Lestes_sponsa","Mature",1,NA,0,NA,30,2018,NA,NA
"7/22/18",11:29:00,"Lunnarp","Lestes_sponsa","Mature",1,NA,0,NA,30,2018,NA,NA
"7/22/18",11:29:00,"Lunnarp","Lestes_sponsa","Mature",1,NA,0,NA,30,2018,NA,NA
"7/22/18",11:29:00,"Lunnarp","Enallagma_cyathigerum","Mature",1,NA,0,NA,30,2018,NA,NA
"7/22/18",11:29:00,"Lunnarp","Ischnura_elegans","Mature",1,NA,0,NA,30,2018,NA,NA
"7/22/18",11:29:00,"Lunnarp","Lestes_sponsa","Mature",1,NA,0,NA,30,2018,NA,NA
"7/22/18",11:29:00,"Lunnarp","Lestes_sponsa","Mature",1,NA,0,NA,30,2018,NA,NA
"7/22/18",11:29:00,"Lunnarp","Lestes_sponsa","Mature",1,NA,0,NA,30,2018,NA,NA
"7/22/18",11:29:00,"Lunnarp","Lestes_sponsa","Mature",1,NA,0,NA,30,2018,NA,NA
"7/22/18",11:29:00,"Lunnarp","Lestes_sponsa","Mature",1,NA,0,NA,30,2018,NA,NA
"7/22/18",11:29:00,"Lunnarp","Lestes_sponsa","Mature",1,NA,0,NA,30,2018,NA,NA
"7/22/18",11:29:00,"Lunnarp","Lestes_sponsa","Mature",1,NA,0,NA,30,2018,NA,NA
"7/22/18",11:29:00,"Lunnarp","Lestes_sponsa","Mature",1,NA,0,NA,30,2018,NA,NA
"7/22/18",11:29:00,"Lunnarp","Lestes_sponsa","Mature",1,NA,0,NA,30,2018,NA,NA
"7/22/18",11:29:00,"Lunnarp","Ischnura_elegans","Mature",1,NA,0,NA,30,2018,NA,NA
"7/22/18",11:29:00,"Lunnarp","Ischnura_elegans","Mature",1,NA,0,NA,30,2018,NA,NA
"7/22/18",11:29:00,"Lunnarp","Enallagma_cyathigerum","Mature",1,NA,0,NA,30,2018,NA,NA
"7/22/18",11:29:00,"Lunnarp","Enallagma_cyathigerum","Mature",1,NA,0,NA,30,2018,NA,NA
"7/22/18",11:29:00,"Lunnarp","Anax_imperator","Mature",1,NA,0,NA,30,2018,NA,NA
"7/22/18",11:29:00,"Lunnarp","Anax_imperator","Mature",1,NA,0,NA,30,2018,NA,NA
"7/22/18",11:29:00,"Lunnarp","Anax_imperator","Mature",1,NA,0,NA,30,2018,NA,NA
"7/22/18",11:29:00,"Lunnarp","Anax_imperator","Mature",1,NA,0,NA,30,2018,NA,NA
"7/22/18",11:29:00,"Lunnarp","Orthetrum_cancellatum","Mature",1,NA,0,NA,30,2018,NA,NA
"7/22/18",11:29:00,"Lunnarp","Orthetrum_cancellatum","Mature",1,NA,0,NA,30,2018,NA,NA
"7/22/18",11:29:00,"Lunnarp","Sympetrum_sanguineum","Mature",1,NA,0,NA,30,2018,NA,NA
"7/22/18",11:29:00,"Lunnarp","Sympetrum_sanguineum","Mature",1,NA,0,NA,30,2018,NA,NA
"7/22/18",11:29:00,"Lunnarp","Somatochlora_metallica","Mature",1,NA,0,NA,30,2018,NA,NA
"5/26/18",13:47:00,"Rabydammen","Ischnura_elegans","Teneral",0,NA,0,NA,30,2018,NA,NA
"5/26/18",13:47:00,"Rabydammen","Coenagrion_puella","Mature",1,NA,0,NA,30,2018,NA,NA
"5/26/18",13:47:00,"Rabydammen","Enallagma_cyathigerum","Mature",1,NA,0,NA,30,2018,NA,NA
"5/26/18",13:47:00,"Rabydammen","Coenagrion_puella","Mature",1,NA,0,NA,30,2018,NA,NA
"5/26/18",13:47:00,"Rabydammen","Coenagrion_puella","Mature",1,NA,0,NA,30,2018,NA,NA
"5/26/18",13:47:00,"Rabydammen","Enallagma_cyathigerum","Teneral",1,NA,0,NA,30,2018,NA,NA
"5/26/18",13:47:00,"Rabydammen","Coenagrion_puella","Mature",0,NA,0,NA,30,2018,NA,NA
"5/26/18",13:47:00,"Rabydammen","Enallagma_cyathigerum","Mature",1,NA,0,NA,30,2018,NA,NA
"5/26/18",13:47:00,"Rabydammen","Coenagrion_puella","Mature",1,NA,0,NA,30,2018,NA,NA
"5/26/18",13:47:00,"Rabydammen","Coenagrion_puella","Mature",1,NA,0,NA,30,2018,NA,NA
"5/26/18",13:47:00,"Rabydammen","Coenagrion_puella","Mature",1,NA,1,NA,30,2018,NA,NA
"5/26/18",13:47:00,"Rabydammen","Coenagrion_puella","Mature",0,NA,1,NA,30,2018,NA,NA
"5/26/18",13:47:00,"Rabydammen","Coenagrion_puella","Mature",1,NA,1,NA,30,2018,NA,NA
"5/26/18",13:47:00,"Rabydammen","Coenagrion_puella","Mature",0,NA,1,NA,30,2018,NA,NA
"5/26/18",13:47:00,"Rabydammen","Coenagrion_puella","Mature",1,NA,1,NA,30,2018,NA,NA
"5/26/18",13:47:00,"Rabydammen","Coenagrion_puella","Mature",0,NA,1,NA,30,2018,NA,NA
"5/26/18",13:47:00,"Rabydammen","Coenagrion_puella","Mature",0,NA,1,NA,30,2018,NA,NA
"5/26/18",13:47:00,"Rabydammen","Coenagrion_puella","Mature",1,NA,1,NA,30,2018,NA,NA
"5/26/18",13:47:00,"Rabydammen","Coenagrion_puella","Mature",1,NA,1,NA,30,2018,NA,NA
"5/26/18",13:47:00,"Rabydammen","Coenagrion_puella","Mature",0,NA,0,NA,30,2018,NA,NA
"5/26/18",13:47:00,"Rabydammen","Coenagrion_puella","Mature",0,NA,1,NA,30,2018,NA,NA
"5/26/18",13:47:00,"Rabydammen","Coenagrion_puella","Mature",1,NA,1,NA,30,2018,NA,NA
"5/26/18",13:47:00,"Rabydammen","Libellula_quadrimaculata","Mature",1,NA,0,NA,30,2018,NA,NA
"5/26/18",13:47:00,"Rabydammen","Libellula_depressa","Mature",1,NA,0,NA,30,2018,NA,NA
"5/26/18",13:47:00,"Rabydammen","Libellula_depressa","Mature",1,NA,0,NA,30,2018,NA,NA
"5/26/18",13:47:00,"Rabydammen","Libellula_quadrimaculata","Mature",1,NA,0,NA,30,2018,NA,NA
"5/26/18",13:47:00,"Rabydammen","Libellula_quadrimaculata","Mature",1,NA,0,NA,30,2018,NA,NA
"5/26/18",13:47:00,"Rabydammen","Libellula_quadrimaculata","Mature",1,NA,0,NA,30,2018,NA,NA
"5/26/18",13:47:00,"Rabydammen","Libellula_quadrimaculata","Mature",1,NA,0,NA,30,2018,NA,NA
"5/26/18",13:47:00,"Rabydammen","Libellula_quadrimaculata","Mature",1,NA,0,NA,30,2018,NA,NA
"5/26/18",13:47:00,"Rabydammen","Libellula_quadrimaculata","Mature",1,NA,0,NA,30,2018,NA,NA
"5/26/18",13:47:00,"Rabydammen","Libellula_quadrimaculata","Mature",1,NA,0,NA,30,2018,NA,NA
"5/26/18",13:47:00,"Rabydammen","Libellula_quadrimaculata","Mature",1,NA,0,NA,30,2018,NA,NA
"5/26/18",13:47:00,"Rabydammen","Libellula_depressa","Mature",1,NA,0,NA,30,2018,NA,NA
"5/26/18",13:47:00,"Rabydammen","Libellula_depressa","Mature",1,NA,0,NA,30,2018,NA,NA
"6/23/18",12:35:00,"Rabydammen","Coenagrion_puella","Mature",1,NA,0,NA,30,2018,NA,NA
"6/23/18",12:35:00,"Rabydammen","Orthetrum_cancellatum","Mature",1,NA,0,NA,30,2018,NA,NA
"6/23/18",12:35:00,"Rabydammen","Enallagma_cyathigerum","Mature",1,NA,0,NA,30,2018,NA,NA
"6/23/18",12:35:00,"Rabydammen","Erythromma_viridulum","Mature",1,NA,0,NA,30,2018,NA,NA
"6/23/18",12:35:00,"Rabydammen","Enallagma_cyathigerum","Mature",1,NA,0,NA,30,2018,NA,NA
"6/23/18",12:35:00,"Rabydammen","Enallagma_cyathigerum","Mature",1,NA,0,NA,30,2018,NA,NA
"6/23/18",12:35:00,"Rabydammen","Enallagma_cyathigerum","Mature",1,NA,0,NA,30,2018,NA,NA
"6/23/18",12:35:00,"Rabydammen","Erythromma_viridulum","Mature",1,NA,0,NA,30,2018,NA,NA
"6/23/18",12:35:00,"Rabydammen","Erythromma_viridulum","Mature",1,NA,0,NA,30,2018,NA,NA
"6/23/18",12:35:00,"Rabydammen","Erythromma_viridulum","Mature",1,NA,0,NA,30,2018,NA,NA
"6/23/18",12:35:00,"Rabydammen","Enallagma_cyathigerum","Mature",1,NA,0,NA,30,2018,NA,NA
"6/23/18",12:35:00,"Rabydammen","Ischnura_elegans","Mature",1,NA,0,NA,30,2018,NA,NA
"6/23/18",12:35:00,"Rabydammen","Enallagma_cyathigerum","Mature",1,NA,0,NA,30,2018,NA,NA
"6/23/18",12:35:00,"Rabydammen","Enallagma_cyathigerum","Mature",1,NA,0,NA,30,2018,NA,NA
"6/23/18",12:35:00,"Rabydammen","Enallagma_cyathigerum","Mature",1,NA,0,NA,30,2018,NA,NA
"6/23/18",12:35:00,"Rabydammen","Enallagma_cyathigerum","Mature",1,NA,0,NA,30,2018,NA,NA
"6/23/18",12:35:00,"Rabydammen","Enallagma_cyathigerum","Mature",1,NA,0,NA,30,2018,NA,NA
"6/23/18",12:35:00,"Rabydammen","Enallagma_cyathigerum","Mature",1,NA,0,NA,30,2018,NA,NA
"6/23/18",12:35:00,"Rabydammen","Enallagma_cyathigerum","Teneral",1,NA,0,NA,30,2018,NA,NA
"6/23/18",12:35:00,"Rabydammen","Enallagma_cyathigerum","Mature",1,NA,0,NA,30,2018,NA,NA
"6/23/18",12:35:00,"Rabydammen","Ischnura_elegans","Mature",1,NA,0,NA,30,2018,NA,NA
"6/23/18",12:35:00,"Rabydammen","Enallagma_cyathigerum","Mature",1,NA,1,NA,30,2018,NA,NA
"6/23/18",12:35:00,"Rabydammen","Enallagma_cyathigerum","Mature",0,NA,1,NA,30,2018,NA,NA
"6/23/18",12:35:00,"Rabydammen","Enallagma_cyathigerum","Mature",0,NA,1,NA,30,2018,NA,NA
"6/23/18",12:35:00,"Rabydammen","Enallagma_cyathigerum","Mature",1,NA,1,NA,30,2018,NA,NA
"6/23/18",12:35:00,"Rabydammen","Enallagma_cyathigerum","Mature",1,NA,1,NA,30,2018,NA,NA
"6/23/18",12:35:00,"Rabydammen","Enallagma_cyathigerum","Mature",0,NA,1,NA,30,2018,NA,NA
"6/23/18",12:35:00,"Rabydammen","Coenagrion_puella","Mature",1,NA,1,NA,30,2018,NA,NA
"6/23/18",12:35:00,"Rabydammen","Coenagrion_puella","Mature",0,NA,0,NA,30,2018,NA,NA
"6/23/18",12:35:00,"Rabydammen","Enallagma_cyathigerum","Mature",0,NA,0,NA,30,2018,NA,NA
"6/23/18",12:35:00,"Rabydammen","Enallagma_cyathigerum","Mature",1,NA,1,NA,30,2018,NA,NA
"6/23/18",12:35:00,"Rabydammen","Enallagma_cyathigerum","Mature",0,NA,1,NA,30,2018,NA,NA
"6/23/18",12:35:00,"Rabydammen","Erythromma_viridulum","Mature",1,NA,1,NA,30,2018,NA,NA
"6/23/18",12:35:00,"Rabydammen","Erythromma_viridulum","Mature",0,NA,1,NA,30,2018,NA,NA
"6/23/18",12:35:00,"Rabydammen","Enallagma_cyathigerum","Teneral",0,NA,0,NA,30,2018,NA,NA
"6/23/18",12:35:00,"Rabydammen","Enallagma_cyathigerum","Mature",1,NA,1,NA,30,2018,NA,NA
"6/23/18",12:35:00,"Rabydammen","Enallagma_cyathigerum","Mature",0,NA,1,NA,30,2018,NA,NA
"6/23/18",12:35:00,"Rabydammen","Erythromma_viridulum","Mature",1,NA,1,NA,30,2018,NA,NA
"6/23/18",12:35:00,"Rabydammen","Erythromma_viridulum","Mature",0,NA,1,NA,30,2018,NA,NA
"6/23/18",12:35:00,"Rabydammen","Enallagma_cyathigerum","Mature",0,NA,1,NA,30,2018,NA,NA
"6/23/18",12:35:00,"Rabydammen","Enallagma_cyathigerum","Mature",1,NA,1,NA,30,2018,NA,NA
"7/6/18",10:32:00,"Rabydammen","Enallagma_cyathigerum","Teneral",1,NA,0,NA,30,2018,NA,NA
"7/6/18",10:32:00,"Rabydammen","Enallagma_cyathigerum","Teneral",0,NA,0,NA,30,2018,NA,NA
"5/25/18",12:25:00,"Sovdemolla","Gomphus_vulgatissimus","Mature",1,NA,0,NA,30,2018,NA,NA
"5/25/18",12:25:00,"Sovdemolla","Calopteryx_virgo","Mature",1,NA,0,NA,30,2018,NA,NA
"5/25/18",12:25:00,"Sovdemolla","Calopteryx_splendens","Immature",1,NA,0,NA,30,2018,NA,NA
"5/25/18",12:25:00,"Sovdemolla","Platycnemis_pennipes","Immature",1,NA,0,NA,30,2018,NA,NA
"5/25/18",12:25:00,"Sovdemolla","Calopteryx_virgo","Mature",1,NA,0,NA,30,2018,NA,NA
"5/25/18",12:25:00,"Sovdemolla","Calopteryx_splendens","Immature",0,NA,0,NA,30,2018,NA,NA
"5/25/18",12:25:00,"Sovdemolla","Coenagrion_puella","Mature",1,NA,0,NA,30,2018,NA,NA
"5/25/18",12:25:00,"Sovdemolla","Platycnemis_pennipes","Immature",1,NA,0,NA,30,2018,NA,NA
"5/25/18",12:25:00,"Sovdemolla","Platycnemis_pennipes","Immature",1,NA,0,NA,30,2018,NA,NA
"5/25/18",12:25:00,"Sovdemolla","Calopteryx_splendens","Immature",1,NA,0,NA,30,2018,NA,NA
"5/25/18",12:25:00,"Sovdemolla","Platycnemis_pennipes","Immature",0,NA,0,NA,30,2018,NA,NA
"5/25/18",12:25:00,"Sovdemolla","Platycnemis_pennipes","Immature",0,NA,0,NA,30,2018,NA,NA
"5/25/18",12:25:00,"Sovdemolla","Calopteryx_splendens","Immature",1,NA,0,NA,30,2018,NA,NA
"5/25/18",12:25:00,"Sovdemolla","Calopteryx_splendens","Mature",1,NA,0,NA,30,2018,NA,NA
"5/25/18",12:25:00,"Sovdemolla","Platycnemis_pennipes","Teneral",0,NA,0,NA,30,2018,NA,NA
"5/25/18",12:25:00,"Sovdemolla","Platycnemis_pennipes","Teneral",1,NA,0,NA,30,2018,NA,NA
"5/25/18",12:25:00,"Sovdemolla","Platycnemis_pennipes","Immature",1,NA,0,NA,30,2018,NA,NA
"5/25/18",12:25:00,"Sovdemolla","Coenagrion_puella","Mature",1,NA,0,NA,30,2018,NA,NA
"5/25/18",12:25:00,"Sovdemolla","Platycnemis_pennipes","Teneral",0,NA,0,NA,30,2018,NA,NA
"5/25/18",12:25:00,"Sovdemolla","Calopteryx_splendens","Immature",1,NA,0,NA,30,2018,NA,NA
"5/25/18",12:25:00,"Sovdemolla","Calopteryx_virgo","Mature",1,NA,0,NA,30,2018,NA,NA
"5/25/18",12:25:00,"Sovdemolla","Calopteryx_splendens","Mature",1,NA,0,NA,30,2018,NA,NA
"5/25/18",12:25:00,"Sovdemolla","Platycnemis_pennipes","Teneral",1,NA,0,NA,30,2018,NA,NA
"5/25/18",12:25:00,"Sovdemolla","Pyrrhosoma_nymphula","Mature",1,NA,0,NA,30,2018,NA,NA
"5/25/18",12:25:00,"Sovdemolla","Calopteryx_virgo","Mature",1,NA,0,NA,30,2018,NA,NA
"5/25/18",12:25:00,"Sovdemolla","Platycnemis_pennipes","Immature",1,NA,0,NA,30,2018,NA,NA
"5/25/18",12:25:00,"Sovdemolla","Platycnemis_pennipes","Teneral",1,NA,0,NA,30,2018,NA,NA
"5/25/18",12:25:00,"Sovdemolla","Calopteryx_splendens","Mature",0,NA,0,NA,30,2018,NA,NA
"5/25/18",12:25:00,"Sovdemolla","Platycnemis_pennipes","Teneral",1,NA,0,NA,30,2018,NA,NA
"5/25/18",12:25:00,"Sovdemolla","Calopteryx_splendens","Immature",1,NA,0,NA,30,2018,NA,NA
"5/25/18",12:25:00,"Sovdemolla","Pyrrhosoma_nymphula","Mature",1,NA,0,NA,30,2018,NA,NA
"5/25/18",12:25:00,"Sovdemolla","Platycnemis_pennipes","Immature",0,NA,0,NA,30,2018,NA,NA
"5/25/18",12:25:00,"Sovdemolla","Platycnemis_pennipes","Immature",0,NA,0,NA,30,2018,NA,NA
"5/25/18",12:25:00,"Sovdemolla","Platycnemis_pennipes","Immature",0,NA,0,NA,30,2018,NA,NA
"5/25/18",12:25:00,"Sovdemolla","Platycnemis_pennipes","Immature",0,NA,0,NA,30,2018,NA,NA
"5/25/18",12:25:00,"Sovdemolla","Platycnemis_pennipes","Teneral",1,NA,0,NA,30,2018,NA,NA
"5/25/18",12:25:00,"Sovdemolla","Platycnemis_pennipes","Teneral",0,NA,0,NA,30,2018,NA,NA
"5/25/18",12:25:00,"Sovdemolla","Platycnemis_pennipes","Teneral",0,NA,0,NA,30,2018,NA,NA
"5/25/18",12:25:00,"Sovdemolla","Platycnemis_pennipes","Teneral",0,NA,0,NA,30,2018,NA,NA
"5/25/18",12:25:00,"Sovdemolla","Platycnemis_pennipes","Immature",1,NA,0,NA,30,2018,NA,NA
"5/25/18",12:25:00,"Sovdemolla","Platycnemis_pennipes","Immature",0,NA,0,NA,30,2018,NA,NA
"5/25/18",12:25:00,"Sovdemolla","Platycnemis_pennipes","Immature",0,NA,0,NA,30,2018,NA,NA
"5/25/18",12:25:00,"Sovdemolla","Platycnemis_pennipes","Immature",0,NA,0,NA,30,2018,NA,NA
"5/25/18",12:25:00,"Sovdemolla","Platycnemis_pennipes","Teneral",0,NA,0,NA,30,2018,NA,NA
"5/25/18",12:25:00,"Sovdemolla","Coenagrion_puella","Mature",0,NA,1,NA,30,2018,NA,NA
"5/25/18",12:25:00,"Sovdemolla","Coenagrion_puella","Mature",1,NA,1,NA,30,2018,NA,NA
"5/25/18",12:25:00,"Sovdemolla","Pyrrhosoma_nymphula","Mature",0,NA,1,NA,30,2018,NA,NA
"5/25/18",12:25:00,"Sovdemolla","Pyrrhosoma_nymphula","Mature",1,NA,1,NA,30,2018,NA,NA
"5/25/18",12:25:00,"Sovdemolla","Gomphus_vulgatissimus","Mature",1,NA,0,NA,30,2018,NA,NA
"6/2/18",10:45:00,"Sovdemolla","Gomphus_vulgatissimus","Mature",1,NA,0,NA,30,2018,NA,NA
"6/2/18",10:45:00,"Sovdemolla","Libellula_depressa","Mature",1,NA,0,NA,30,2018,NA,NA
"6/2/18",10:45:00,"Sovdemolla","Coenagrion_puella","Mature",1,NA,0,NA,30,2018,NA,NA
"6/2/18",10:45:00,"Sovdemolla","Enallagma_cyathigerum","Mature",1,NA,0,NA,30,2018,NA,NA
"6/2/18",10:45:00,"Sovdemolla","Enallagma_cyathigerum","Mature",1,NA,0,NA,30,2018,NA,NA
"6/2/18",10:45:00,"Sovdemolla","Coenagrion_puella","Mature",1,NA,0,NA,30,2018,NA,NA
"6/2/18",10:45:00,"Sovdemolla","Coenagrion_pulchellum","Mature",1,NA,0,NA,30,2018,NA,NA
"6/2/18",10:45:00,"Sovdemolla","Coenagrion_puella","Mature",1,NA,0,NA,30,2018,NA,NA
"6/2/18",10:45:00,"Sovdemolla","Coenagrion_puella","Mature",0,NA,0,NA,30,2018,NA,NA
"6/2/18",10:45:00,"Sovdemolla","Coenagrion_puella","Mature",1,NA,0,NA,30,2018,NA,NA
"6/2/18",10:45:00,"Sovdemolla","Pyrrhosoma_nymphula","Mature",1,NA,0,NA,30,2018,NA,NA
"6/2/18",10:45:00,"Sovdemolla","Coenagrion_puella","Mature",1,NA,0,NA,30,2018,NA,NA
"6/2/18",10:45:00,"Sovdemolla","Platycnemis_pennipes","Teneral",0,NA,0,NA,30,2018,NA,NA
"6/2/18",10:45:00,"Sovdemolla","Coenagrion_puella","Mature",1,NA,0,NA,30,2018,NA,NA
"6/2/18",10:45:00,"Sovdemolla","Coenagrion_puella","Mature",1,NA,0,NA,30,2018,NA,NA
"6/2/18",10:45:00,"Sovdemolla","Coenagrion_puella","Mature",1,NA,0,NA,30,2018,NA,NA
"6/2/18",10:45:00,"Sovdemolla","Pyrrhosoma_nymphula","Mature",1,NA,0,NA,30,2018,NA,NA
"6/2/18",10:45:00,"Sovdemolla","Ischnura_elegans","Mature",1,NA,1,NA,30,2018,NA,NA
"6/2/18",10:45:00,"Sovdemolla","Ischnura_elegans","Mature",0,NA,1,NA,30,2018,NA,NA
"6/2/18",10:45:00,"Sovdemolla","Platycnemis_pennipes","Teneral",1,NA,0,NA,30,2018,NA,NA
"6/2/18",10:45:00,"Sovdemolla","Coenagrion_pulchellum","Mature",1,NA,0,NA,30,2018,NA,NA
"6/2/18",10:45:00,"Sovdemolla","Enallagma_cyathigerum","Mature",1,NA,0,NA,30,2018,NA,NA
"6/2/18",10:45:00,"Sovdemolla","Coenagrion_puella","Mature",1,NA,0,NA,30,2018,NA,NA
"6/2/18",10:45:00,"Sovdemolla","Coenagrion_hastulatum","Mature",1,NA,0,NA,30,2018,NA,NA
"6/2/18",10:45:00,"Sovdemolla","Coenagrion_puella","Mature",1,NA,0,NA,30,2018,NA,NA
"6/2/18",10:45:00,"Sovdemolla","Coenagrion_puella","Mature",1,NA,0,NA,30,2018,NA,NA
"6/2/18",10:45:00,"Sovdemolla","Enallagma_cyathigerum","Mature",1,NA,0,NA,30,2018,NA,NA
"6/2/18",10:45:00,"Sovdemolla","Coenagrion_puella","Mature",1,NA,0,NA,30,2018,NA,NA
"6/2/18",10:45:00,"Sovdemolla","Pyrrhosoma_nymphula","Mature",0,NA,0,NA,30,2018,NA,NA
"6/2/18",10:45:00,"Sovdemolla","Enallagma_cyathigerum","Mature",1,NA,0,NA,30,2018,NA,NA
"6/2/18",10:45:00,"Sovdemolla","Pyrrhosoma_nymphula","Mature",0,NA,0,NA,30,2018,NA,NA
"6/2/18",10:45:00,"Sovdemolla","Enallagma_cyathigerum","Mature",0,NA,1,NA,30,2018,NA,NA
"6/2/18",10:45:00,"Sovdemolla","Enallagma_cyathigerum","Mature",1,NA,1,NA,30,2018,NA,NA
"6/28/18",11:10:00,"Sovdemolla","Somatochlora_metallica","Mature",1,NA,0,NA,30,2018,NA,NA
"6/28/18",11:10:00,"Sovdemolla","Somatochlora_metallica","Mature",1,NA,0,NA,30,2018,NA,NA
"6/28/18",11:10:00,"Sovdemolla","Somatochlora_metallica","Mature",1,NA,0,NA,30,2018,NA,NA
"6/28/18",11:10:00,"Sovdemolla","Ischnura_elegans","Mature",1,NA,0,NA,30,2018,NA,NA
"6/28/18",11:10:00,"Sovdemolla","Ischnura_elegans","Mature",1,NA,1,NA,30,2018,NA,NA
"6/28/18",11:10:00,"Sovdemolla","Ischnura_elegans","Mature",0,NA,1,NA,30,2018,NA,NA
"6/28/18",11:10:00,"Sovdemolla","Calopteryx_virgo","Mature",1,NA,0,NA,30,2018,NA,NA
"6/28/18",11:10:00,"Sovdemolla","Calopteryx_virgo","Mature",1,NA,0,NA,30,2018,NA,NA
"6/28/18",11:10:00,"Sovdemolla","Calopteryx_virgo","Mature",1,NA,0,NA,30,2018,NA,NA
"6/28/18",11:10:00,"Sovdemolla","Calopteryx_virgo","Mature",1,NA,0,NA,30,2018,NA,NA
"6/28/18",11:10:00,"Sovdemolla","Calopteryx_virgo","Mature",0,NA,0,NA,30,2018,NA,NA
"6/28/18",11:10:00,"Sovdemolla","Calopteryx_virgo","Mature",0,NA,0,NA,30,2018,NA,NA
"6/28/18",11:10:00,"Sovdemolla","Platycnemis_pennipes","Mature",0,NA,0,NA,30,2018,NA,NA
"6/28/18",11:10:00,"Sovdemolla","Calopteryx_splendens","Mature",1,NA,0,NA,30,2018,NA,NA
"6/28/18",11:10:00,"Sovdemolla","Calopteryx_splendens","Mature",1,NA,0,NA,30,2018,NA,NA
"6/28/18",11:10:00,"Sovdemolla","Calopteryx_splendens","Mature",1,NA,0,NA,30,2018,NA,NA
"6/28/18",11:10:00,"Sovdemolla","Calopteryx_splendens","Mature",1,NA,0,NA,30,2018,NA,NA
"6/28/18",11:10:00,"Sovdemolla","Calopteryx_splendens","Mature",1,NA,0,NA,30,2018,NA,NA
"6/28/18",11:10:00,"Sovdemolla","Calopteryx_splendens","Mature",1,NA,0,NA,30,2018,NA,NA
"6/28/18",11:10:00,"Sovdemolla","Calopteryx_splendens","Immature",1,NA,0,NA,30,2018,NA,NA
"6/28/18",11:10:00,"Sovdemolla","Platycnemis_pennipes","Mature",1,NA,0,NA,30,2018,NA,NA
"6/28/18",11:10:00,"Sovdemolla","Calopteryx_virgo","Mature",0,NA,0,NA,30,2018,NA,NA
"6/28/18",11:10:00,"Sovdemolla","Platycnemis_pennipes","Mature",1,NA,0,NA,30,2018,NA,NA
"6/28/18",11:10:00,"Sovdemolla","Platycnemis_pennipes","Mature",0,NA,0,NA,30,2018,NA,NA
"6/28/18",11:10:00,"Sovdemolla","Platycnemis_pennipes","Mature",1,NA,0,NA,30,2018,NA,NA
"6/28/18",11:10:00,"Sovdemolla","Platycnemis_pennipes","Teneral",1,NA,0,NA,30,2018,NA,NA
"6/28/18",11:10:00,"Sovdemolla","Calopteryx_splendens","Mature",0,NA,0,NA,30,2018,NA,NA
"6/28/18",11:10:00,"Sovdemolla","Calopteryx_splendens","Mature",1,NA,0,NA,30,2018,NA,NA
"6/28/18",11:10:00,"Sovdemolla","Calopteryx_splendens","Mature",1,NA,0,NA,30,2018,NA,NA
"6/28/18",11:10:00,"Sovdemolla","Calopteryx_splendens","Mature",0,NA,0,NA,30,2018,NA,NA
"6/28/18",11:10:00,"Sovdemolla","Calopteryx_splendens","Immature",1,NA,0,NA,30,2018,NA,NA
"6/28/18",11:10:00,"Sovdemolla","Calopteryx_splendens","Mature",1,NA,0,NA,30,2018,NA,NA
"6/28/18",11:10:00,"Sovdemolla","Calopteryx_splendens","Mature",1,NA,0,NA,30,2018,NA,NA
"6/28/18",11:10:00,"Sovdemolla","Calopteryx_splendens","Mature",1,NA,0,NA,30,2018,NA,NA
"6/28/18",11:10:00,"Sovdemolla","Calopteryx_virgo","Mature",1,NA,0,NA,30,2018,NA,NA
"6/28/18",11:10:00,"Sovdemolla","Calopteryx_virgo","Mature",1,NA,0,NA,30,2018,NA,NA
"6/28/18",11:10:00,"Sovdemolla","Calopteryx_splendens","Mature",1,NA,0,NA,30,2018,NA,NA
"6/28/18",11:10:00,"Sovdemolla","Calopteryx_splendens","Mature",1,NA,0,NA,30,2018,NA,NA
"6/28/18",11:10:00,"Sovdemolla","Calopteryx_splendens","Mature",1,NA,0,NA,30,2018,NA,NA
"6/28/18",11:10:00,"Sovdemolla","Calopteryx_splendens","Mature",1,NA,0,NA,30,2018,NA,NA
"6/28/18",11:10:00,"Sovdemolla","Calopteryx_splendens","Mature",1,NA,0,NA,30,2018,NA,NA
"6/28/18",11:10:00,"Sovdemolla","Calopteryx_splendens","Mature",1,NA,0,NA,30,2018,NA,NA
"6/28/18",11:10:00,"Sovdemolla","Calopteryx_splendens","Mature",1,NA,0,NA,30,2018,NA,NA
"6/28/18",11:10:00,"Sovdemolla","Calopteryx_splendens","Mature",1,NA,0,NA,30,2018,NA,NA
"6/28/18",11:10:00,"Sovdemolla","Calopteryx_splendens","Mature",1,NA,0,NA,30,2018,NA,NA
"6/28/18",11:10:00,"Sovdemolla","Calopteryx_splendens","Mature",1,NA,0,NA,30,2018,NA,NA
"6/28/18",11:10:00,"Sovdemolla","Calopteryx_splendens","Mature",1,NA,0,NA,30,2018,NA,NA
"6/28/18",11:10:00,"Sovdemolla","Calopteryx_splendens","Mature",1,NA,0,NA,30,2018,NA,NA
"6/28/18",11:10:00,"Sovdemolla","Platycnemis_pennipes","Mature",1,NA,0,NA,30,2018,NA,NA
"6/28/18",11:10:00,"Sovdemolla","Platycnemis_pennipes","Mature",1,NA,0,NA,30,2018,NA,NA
"6/28/18",11:10:00,"Sovdemolla","Calopteryx_splendens","Mature",1,NA,0,NA,30,2018,NA,NA
"6/28/18",11:10:00,"Sovdemolla","Calopteryx_splendens","Mature",1,NA,0,NA,30,2018,NA,NA
"6/28/18",11:10:00,"Sovdemolla","Calopteryx_virgo","Mature",1,NA,0,NA,30,2018,NA,NA
"6/28/18",11:10:00,"Sovdemolla","Calopteryx_splendens","Mature",1,NA,0,NA,30,2018,NA,NA
"6/28/18",11:10:00,"Sovdemolla","Calopteryx_splendens","Mature",1,NA,0,NA,30,2018,NA,NA
"6/28/18",11:10:00,"Sovdemolla","Calopteryx_splendens","Mature",1,NA,0,NA,30,2018,NA,NA
"6/28/18",11:10:00,"Sovdemolla","Calopteryx_splendens","Mature",1,NA,0,NA,30,2018,NA,NA
"6/28/18",11:10:00,"Sovdemolla","Calopteryx_splendens","Mature",1,NA,0,NA,30,2018,NA,NA
"6/28/18",11:10:00,"Sovdemolla","Calopteryx_splendens","Mature",1,NA,0,NA,30,2018,NA,NA
"6/28/18",11:10:00,"Sovdemolla","Calopteryx_splendens","Mature",0,NA,0,NA,30,2018,NA,NA
"6/28/18",11:10:00,"Sovdemolla","Calopteryx_splendens","Mature",1,NA,0,NA,30,2018,NA,NA
"6/28/18",11:10:00,"Sovdemolla","Platycnemis_pennipes","Teneral",1,NA,0,NA,30,2018,NA,NA
"6/28/18",11:10:00,"Sovdemolla","Calopteryx_splendens","Mature",1,NA,0,NA,30,2018,NA,NA
"6/28/18",11:10:00,"Sovdemolla","Calopteryx_splendens","Mature",1,NA,0,NA,30,2018,NA,NA
"6/28/18",11:10:00,"Sovdemolla","Calopteryx_splendens","Teneral",0,NA,0,NA,30,2018,NA,NA
"6/28/18",11:10:00,"Sovdemolla","Calopteryx_splendens","Mature",1,NA,0,NA,30,2018,NA,NA
"6/28/18",11:10:00,"Sovdemolla","Calopteryx_splendens","Mature",1,NA,0,NA,30,2018,NA,NA
"6/28/18",11:10:00,"Sovdemolla","Calopteryx_splendens","Mature",1,NA,0,NA,30,2018,NA,NA
"6/28/18",11:10:00,"Sovdemolla","Calopteryx_virgo","Mature",1,NA,0,NA,30,2018,NA,NA
"6/28/18",11:10:00,"Sovdemolla","Calopteryx_splendens","Mature",0,NA,0,NA,30,2018,NA,NA
"6/28/18",11:10:00,"Sovdemolla","Calopteryx_splendens","Teneral",1,NA,0,NA,30,2018,NA,NA
"6/28/18",11:10:00,"Sovdemolla","Platycnemis_pennipes","Mature",1,NA,1,NA,30,2018,NA,NA
"6/28/18",11:10:00,"Sovdemolla","Platycnemis_pennipes","Mature",0,NA,1,NA,30,2018,NA,NA
"6/28/18",11:10:00,"Sovdemolla","Calopteryx_splendens","Mature",1,NA,0,NA,30,2018,NA,NA
"6/28/18",11:10:00,"Sovdemolla","Platycnemis_pennipes","Mature",1,NA,1,NA,30,2018,NA,NA
"6/28/18",11:10:00,"Sovdemolla","Platycnemis_pennipes","Mature",0,NA,1,NA,30,2018,NA,NA
"6/28/18",11:10:00,"Sovdemolla","Calopteryx_splendens","Mature",0,NA,0,NA,30,2018,NA,NA
"6/28/18",11:10:00,"Sovdemolla","Calopteryx_splendens","Mature",1,NA,0,NA,30,2018,NA,NA
"6/28/18",11:10:00,"Sovdemolla","Platycnemis_pennipes","Mature",1,NA,1,NA,30,2018,NA,NA
"6/28/18",11:10:00,"Sovdemolla","Platycnemis_pennipes","Mature",0,NA,1,NA,30,2018,NA,NA
"7/22/18",14:16:00,"Sovdemolla","Anax_imperator","Mature",1,NA,0,NA,30,2018,NA,NA
"7/22/18",14:16:00,"Sovdemolla","Aeshna_grandis","Mature",1,NA,0,NA,30,2018,NA,NA
"7/22/18",14:16:00,"Sovdemolla","Aeshna_grandis","Mature",1,NA,0,NA,30,2018,NA,NA
"7/22/18",14:16:00,"Sovdemolla","Calopteryx_splendens","Mature",0,NA,0,NA,30,2018,NA,NA
"7/22/18",14:16:00,"Sovdemolla","Calopteryx_splendens","Mature",0,NA,0,NA,30,2018,NA,NA
"7/22/18",14:16:00,"Sovdemolla","Calopteryx_splendens","Mature",0,NA,0,NA,30,2018,NA,NA
"7/22/18",14:16:00,"Sovdemolla","Calopteryx_splendens","Mature",0,NA,0,NA,30,2018,NA,NA
"7/22/18",14:16:00,"Sovdemolla","Calopteryx_splendens","Mature",0,NA,0,NA,30,2018,NA,NA
"7/22/18",14:16:00,"Sovdemolla","Calopteryx_splendens","Mature",1,NA,0,NA,30,2018,NA,NA
"7/22/18",14:16:00,"Sovdemolla","Calopteryx_splendens","Mature",1,NA,0,NA,30,2018,NA,NA
"7/22/18",14:16:00,"Sovdemolla","Calopteryx_splendens","Mature",1,NA,0,NA,30,2018,NA,NA
"7/22/18",14:16:00,"Sovdemolla","Calopteryx_splendens","Mature",1,NA,0,NA,30,2018,NA,NA
"7/22/18",14:16:00,"Sovdemolla","Calopteryx_splendens","Mature",1,NA,0,NA,30,2018,NA,NA
"7/22/18",14:16:00,"Sovdemolla","Calopteryx_splendens","Mature",1,NA,0,NA,30,2018,NA,NA
"7/22/18",14:16:00,"Sovdemolla","Calopteryx_splendens","Mature",1,NA,0,NA,30,2018,NA,NA
"7/22/18",14:16:00,"Sovdemolla","Calopteryx_splendens","Mature",1,NA,0,NA,30,2018,NA,NA
"7/22/18",14:16:00,"Sovdemolla","Platycnemis_pennipes","Mature",1,NA,0,NA,30,2018,NA,NA
"7/22/18",14:16:00,"Sovdemolla","Platycnemis_pennipes","Mature",1,NA,0,NA,30,2018,NA,NA
"7/22/18",14:16:00,"Sovdemolla","Platycnemis_pennipes","Mature",0,NA,0,NA,30,2018,NA,NA
"7/22/18",14:16:00,"Sovdemolla","Platycnemis_pennipes","Mature",1,NA,1,NA,30,2018,NA,NA
"7/22/18",14:16:00,"Sovdemolla","Platycnemis_pennipes","Immature",0,NA,1,NA,30,2018,NA,NA
"5/15/18",10:40:00,"Vombs_Bruksgard","Coenagrion_hastulatum","Mature",1,NA,0,NA,30,2018,NA,NA
"5/15/18",10:43:00,"Vombs_Bruksgard","Coenagrion_puella","Immature",1,NA,0,NA,30,2018,NA,NA
"5/15/18",10:47:00,"Vombs_Bruksgard","Coenagrion_lunulatum","Mature",0,NA,0,NA,30,2018,NA,NA
"5/15/18",10:48:00,"Vombs_Bruksgard","Coenagrion_pulchellum","Mature",1,NA,0,NA,30,2018,NA,NA
"5/15/18",10:50:00,"Vombs_Bruksgard","Enallagma_cyathigerum","Teneral",0,NA,0,NA,30,2018,NA,NA
"5/15/18",10:51:00,"Vombs_Bruksgard","Coenagrion_hastulatum","Mature",1,NA,0,NA,30,2018,NA,NA
"5/15/18",10:53:00,"Vombs_Bruksgard","Coenagrion_lunulatum","Mature",1,NA,0,NA,30,2018,NA,NA
"5/15/18",10:55:00,"Vombs_Bruksgard","Coenagrion_hastulatum","Mature",1,NA,0,NA,30,2018,NA,NA
"5/15/18",10:56:00,"Vombs_Bruksgard","Coenagrion_lunulatum","Mature",1,NA,0,NA,30,2018,NA,NA
"5/15/18",10:57:00,"Vombs_Bruksgard","Coenagrion_lunulatum","Mature",1,NA,0,NA,30,2018,NA,NA
"5/15/18",10:57:00,"Vombs_Bruksgard","Coenagrion_puella","Teneral",1,NA,0,NA,30,2018,NA,NA
"5/15/18",10:58:00,"Vombs_Bruksgard","Coenagrion_pulchellum","Mature",1,NA,0,NA,30,2018,NA,NA
"5/15/18",10:59:00,"Vombs_Bruksgard","Coenagrion_hastulatum","Mature",1,NA,0,NA,30,2018,NA,NA
"5/15/18",11:00:00,"Vombs_Bruksgard","Coenagrion_puella","Teneral",1,NA,0,NA,30,2018,NA,NA
"5/15/18",11:01:00,"Vombs_Bruksgard","Coenagrion_hastulatum","Mature",1,NA,0,NA,30,2018,NA,NA
"5/15/18",11:02:00,"Vombs_Bruksgard","Enallagma_cyathigerum","Teneral",1,NA,0,NA,30,2018,NA,NA
"5/15/18",11:02:00,"Vombs_Bruksgard","Coenagrion_pulchellum","Mature",1,NA,0,NA,30,2018,NA,NA
"5/15/18",11:03:00,"Vombs_Bruksgard","Coenagrion_lunulatum","Mature",1,NA,0,NA,30,2018,NA,NA
"5/15/18",11:04:00,"Vombs_Bruksgard","Coenagrion_lunulatum","Mature",1,NA,0,NA,30,2018,NA,NA
"5/15/18",11:05:00,"Vombs_Bruksgard","Cordulia_aenea","Immature",0,NA,0,NA,30,2018,NA,NA
"5/15/18",11:09:00,"Vombs_Bruksgard","Cordulia_aenea","Teneral",1,NA,0,NA,30,2018,NA,NA
"5/15/18",11:10:00,"Vombs_Bruksgard","Cordulia_aenea","Teneral",0,NA,0,NA,30,2018,NA,NA
"5/15/18",11:11:00,"Vombs_Bruksgard","Cordulia_aenea","Teneral",1,NA,0,NA,30,2018,NA,NA
"5/29/18",09:57:00,"Vombs_Bruksgard","Coenagrion_puella","Mature",0,NA,1,NA,30,2018,NA,NA
"5/29/18",09:57:00,"Vombs_Bruksgard","Coenagrion_puella","Mature",1,NA,1,NA,30,2018,NA,NA
"5/29/18",09:57:00,"Vombs_Bruksgard","Coenagrion_puella","Mature",0,NA,1,NA,30,2018,NA,NA
"5/29/18",09:57:00,"Vombs_Bruksgard","Coenagrion_puella","Mature",1,NA,1,NA,30,2018,NA,NA
"5/29/18",09:57:00,"Vombs_Bruksgard","Coenagrion_puella","Mature",1,NA,1,NA,30,2018,NA,NA
"5/29/18",09:57:00,"Vombs_Bruksgard","Coenagrion_puella","Mature",0,NA,1,NA,30,2018,NA,NA
"5/29/18",09:57:00,"Vombs_Bruksgard","Coenagrion_puella","Mature",1,NA,1,NA,30,2018,NA,NA
"5/29/18",09:57:00,"Vombs_Bruksgard","Coenagrion_puella","Mature",0,NA,1,NA,30,2018,NA,NA
"5/29/18",09:57:00,"Vombs_Bruksgard","Coenagrion_puella","Mature",0,NA,1,NA,30,2018,NA,NA
"5/29/18",09:57:00,"Vombs_Bruksgard","Coenagrion_puella","Mature",1,NA,1,NA,30,2018,NA,NA
"5/29/18",09:57:00,"Vombs_Bruksgard","Coenagrion_puella","Mature",0,NA,0,NA,30,2018,NA,NA
"5/29/18",09:57:00,"Vombs_Bruksgard","Coenagrion_puella","Mature",1,NA,1,NA,30,2018,NA,NA
"5/29/18",09:57:00,"Vombs_Bruksgard","Coenagrion_puella","Mature",0,NA,1,NA,30,2018,NA,NA
"5/29/18",09:57:00,"Vombs_Bruksgard","Coenagrion_puella","Mature",1,NA,1,NA,30,2018,NA,NA
"5/29/18",09:57:00,"Vombs_Bruksgard","Coenagrion_hastulatum","Mature",1,NA,1,NA,30,2018,NA,NA
"5/29/18",09:57:00,"Vombs_Bruksgard","Coenagrion_hastulatum","Mature",0,NA,1,NA,30,2018,NA,NA
"5/29/18",09:57:00,"Vombs_Bruksgard","Coenagrion_lunulatum","Mature",0,NA,1,NA,30,2018,NA,NA
"5/29/18",09:57:00,"Vombs_Bruksgard","Coenagrion_puella","Mature",1,NA,1,NA,30,2018,NA,NA
"5/29/18",09:57:00,"Vombs_Bruksgard","Coenagrion_puella","Mature",0,NA,1,NA,30,2018,NA,NA
"5/29/18",09:57:00,"Vombs_Bruksgard","Enallagma_cyathigerum","Immature",0,NA,0,NA,30,2018,NA,NA
"5/29/18",09:57:00,"Vombs_Bruksgard","Enallagma_cyathigerum","Mature",0,NA,0,NA,30,2018,NA,NA
"5/29/18",09:57:00,"Vombs_Bruksgard","Coenagrion_puella","Teneral",0,NA,0,NA,30,2018,NA,NA
"5/29/18",09:57:00,"Vombs_Bruksgard","Coenagrion_puella","Teneral",0,NA,0,NA,30,2018,NA,NA
"5/29/18",09:57:00,"Vombs_Bruksgard","Coenagrion_puella","Mature",1,NA,0,NA,30,2018,NA,NA
"5/29/18",09:57:00,"Vombs_Bruksgard","Coenagrion_puella","Mature",1,NA,0,NA,30,2018,NA,NA
"5/29/18",09:57:00,"Vombs_Bruksgard","Coenagrion_puella","Mature",1,NA,0,NA,30,2018,NA,NA
"5/29/18",09:57:00,"Vombs_Bruksgard","Coenagrion_puella","Mature",1,NA,0,NA,30,2018,NA,NA
"5/29/18",09:57:00,"Vombs_Bruksgard","Coenagrion_puella","Mature",1,NA,0,NA,30,2018,NA,NA
"5/29/18",09:57:00,"Vombs_Bruksgard","Coenagrion_hastulatum","Mature",1,NA,0,NA,30,2018,NA,NA
"5/29/18",09:57:00,"Vombs_Bruksgard","Coenagrion_puella","Mature",1,NA,0,NA,30,2018,NA,NA
"5/29/18",09:57:00,"Vombs_Bruksgard","Coenagrion_puella","Mature",1,NA,0,NA,30,2018,NA,NA
"5/29/18",09:57:00,"Vombs_Bruksgard","Coenagrion_puella","Mature",1,NA,0,NA,30,2018,NA,NA
"5/29/18",09:57:00,"Vombs_Bruksgard","Coenagrion_puella","Mature",1,NA,0,NA,30,2018,NA,NA
"5/29/18",09:57:00,"Vombs_Bruksgard","Coenagrion_puella","Mature",1,NA,0,NA,30,2018,NA,NA
"5/29/18",09:57:00,"Vombs_Bruksgard","Enallagma_cyathigerum","Mature",1,NA,0,NA,30,2018,NA,NA
"5/29/18",09:57:00,"Vombs_Bruksgard","Coenagrion_puella","Mature",1,NA,0,NA,30,2018,NA,NA
"5/29/18",09:57:00,"Vombs_Bruksgard","Coenagrion_puella","Mature",1,NA,0,NA,30,2018,NA,NA
"5/29/18",09:57:00,"Vombs_Bruksgard","Coenagrion_puella","Mature",1,NA,0,NA,30,2018,NA,NA
"5/29/18",09:57:00,"Vombs_Bruksgard","Coenagrion_puella","Mature",1,NA,0,NA,30,2018,NA,NA
"5/29/18",09:57:00,"Vombs_Bruksgard","Coenagrion_puella","Mature",1,NA,0,NA,30,2018,NA,NA
"5/29/18",09:57:00,"Vombs_Bruksgard","Coenagrion_pulchellum","Mature",1,NA,0,NA,30,2018,NA,NA
"5/29/18",09:57:00,"Vombs_Bruksgard","Coenagrion_hastulatum","Mature",1,NA,0,NA,30,2018,NA,NA
"5/29/18",09:57:00,"Vombs_Bruksgard","Coenagrion_puella","Mature",1,NA,0,NA,30,2018,NA,NA
"5/29/18",09:57:00,"Vombs_Bruksgard","Coenagrion_puella","Mature",1,NA,0,NA,30,2018,NA,NA
"5/29/18",09:57:00,"Vombs_Bruksgard","Coenagrion_puella","Mature",1,NA,0,NA,30,2018,NA,NA
"5/29/18",09:57:00,"Vombs_Bruksgard","Coenagrion_lunulatum","Mature",1,NA,0,NA,30,2018,NA,NA
"5/29/18",09:57:00,"Vombs_Bruksgard","Coenagrion_puella","Mature",1,NA,0,NA,30,2018,NA,NA
"5/29/18",09:57:00,"Vombs_Bruksgard","Coenagrion_puella","Mature",1,NA,0,NA,30,2018,NA,NA
"5/29/18",09:57:00,"Vombs_Bruksgard","Coenagrion_puella","Mature",1,NA,0,NA,30,2018,NA,NA
"5/29/18",09:57:00,"Vombs_Bruksgard","Coenagrion_puella","Mature",1,NA,0,NA,30,2018,NA,NA
"5/29/18",09:57:00,"Vombs_Bruksgard","Coenagrion_puella","Mature",1,NA,0,NA,30,2018,NA,NA
"5/29/18",09:57:00,"Vombs_Bruksgard","Coenagrion_hastulatum","Mature",1,NA,0,NA,30,2018,NA,NA
"5/29/18",09:57:00,"Vombs_Bruksgard","Coenagrion_hastulatum","Mature",1,NA,0,NA,30,2018,NA,NA
"5/29/18",09:57:00,"Vombs_Bruksgard","Coenagrion_puella","Mature",1,NA,0,NA,30,2018,NA,NA
"5/29/18",09:57:00,"Vombs_Bruksgard","Coenagrion_hastulatum","Mature",1,NA,0,NA,30,2018,NA,NA
"5/29/18",09:57:00,"Vombs_Bruksgard","Coenagrion_hastulatum","Mature",1,NA,0,NA,30,2018,NA,NA
"5/29/18",09:57:00,"Vombs_Bruksgard","Coenagrion_puella","Mature",1,NA,0,NA,30,2018,NA,NA
"5/29/18",09:57:00,"Vombs_Bruksgard","Coenagrion_puella","Mature",1,NA,0,NA,30,2018,NA,NA
"5/29/18",09:57:00,"Vombs_Bruksgard","Coenagrion_puella","Mature",1,NA,0,NA,30,2018,NA,NA
"5/29/18",09:57:00,"Vombs_Bruksgard","Cordulia_aenea","Mature",1,NA,0,NA,30,2018,NA,NA
"5/29/18",09:57:00,"Vombs_Bruksgard","Cordulia_aenea","Mature",1,NA,0,NA,30,2018,NA,NA
"5/29/18",09:57:00,"Vombs_Bruksgard","Libellula_quadrimaculata","Mature",1,NA,0,NA,30,2018,NA,NA
"5/29/18",09:57:00,"Vombs_Bruksgard","Libellula_quadrimaculata","Mature",1,NA,0,NA,30,2018,NA,NA
"5/29/18",09:57:00,"Vombs_Bruksgard","Libellula_quadrimaculata","Mature",1,NA,0,NA,30,2018,NA,NA
"5/29/18",09:57:00,"Vombs_Bruksgard","Libellula_quadrimaculata","Mature",1,NA,0,NA,30,2018,NA,NA
"5/29/18",09:57:00,"Vombs_Bruksgard","Calopteryx_virgo","Mature",1,NA,0,NA,30,2018,NA,NA
"5/29/18",09:57:00,"Vombs_Bruksgard","Calopteryx_virgo","Mature",1,NA,0,NA,30,2018,NA,NA
"6/29/18",11:49:00,"Vombs_Bruksgard","Anax_imperator","Mature",1,NA,0,NA,30,2018,NA,NA
"6/29/18",11:49:00,"Vombs_Bruksgard","Aeshna_grandis","Mature",1,NA,0,NA,30,2018,NA,NA
"6/29/18",11:49:00,"Vombs_Bruksgard","Sympetrum_sanguineum","Mature",1,NA,0,NA,30,2018,NA,NA
"6/29/18",11:49:00,"Vombs_Bruksgard","Sympetrum_sanguineum","Mature",1,NA,0,NA,30,2018,NA,NA
"6/29/18",11:49:00,"Vombs_Bruksgard","Libellula_quadrimaculata","Mature",1,NA,0,NA,30,2018,NA,NA
"6/29/18",11:49:00,"Vombs_Bruksgard","Libellula_quadrimaculata","Mature",1,NA,0,NA,30,2018,NA,NA
"6/29/18",11:49:00,"Vombs_Bruksgard","Libellula_quadrimaculata","Mature",1,NA,0,NA,30,2018,NA,NA
"6/29/18",11:49:00,"Vombs_Bruksgard","Libellula_quadrimaculata","Mature",1,NA,0,NA,30,2018,NA,NA
"6/29/18",11:49:00,"Vombs_Bruksgard","Libellula_quadrimaculata","Mature",1,NA,0,NA,30,2018,NA,NA
"6/29/18",11:49:00,"Vombs_Bruksgard","Libellula_quadrimaculata","Mature",1,NA,0,NA,30,2018,NA,NA
"6/29/18",11:49:00,"Vombs_Bruksgard","Libellula_quadrimaculata","Mature",1,NA,0,NA,30,2018,NA,NA
"6/29/18",11:49:00,"Vombs_Bruksgard","Libellula_quadrimaculata","Mature",1,NA,0,NA,30,2018,NA,NA
"6/29/18",11:49:00,"Vombs_Bruksgard","Libellula_quadrimaculata","Mature",1,NA,0,NA,30,2018,NA,NA
"6/29/18",11:49:00,"Vombs_Bruksgard","Libellula_quadrimaculata","Mature",1,NA,0,NA,30,2018,NA,NA
"6/29/18",11:49:00,"Vombs_Bruksgard","Enallagma_cyathigerum","Mature",1,NA,1,NA,30,2018,NA,NA
"6/29/18",11:49:00,"Vombs_Bruksgard","Enallagma_cyathigerum","Mature",0,NA,1,NA,30,2018,NA,NA
"6/29/18",11:49:00,"Vombs_Bruksgard","Enallagma_cyathigerum","Mature",0,NA,0,NA,30,2018,NA,NA
"6/29/18",11:49:00,"Vombs_Bruksgard","Coenagrion_puella","Mature",1,NA,1,NA,30,2018,NA,NA
"6/29/18",11:49:00,"Vombs_Bruksgard","Coenagrion_pulchellum","Mature",0,NA,1,NA,30,2018,NA,NA
"6/29/18",11:49:00,"Vombs_Bruksgard","Coenagrion_puella","Mature",0,NA,1,NA,30,2018,NA,NA
"6/29/18",11:49:00,"Vombs_Bruksgard","Coenagrion_puella","Mature",1,NA,1,NA,30,2018,NA,NA
"6/29/18",11:49:00,"Vombs_Bruksgard","Enallagma_cyathigerum","Mature",1,NA,1,NA,30,2018,NA,NA
"6/29/18",11:49:00,"Vombs_Bruksgard","Enallagma_cyathigerum","Mature",0,NA,1,NA,30,2018,NA,NA
"6/29/18",11:49:00,"Vombs_Bruksgard","Ischnura_elegans","Mature",0,NA,0,NA,30,2018,NA,NA
"6/29/18",11:49:00,"Vombs_Bruksgard","Lestes_sponsa","Mature",1,NA,0,NA,30,2018,NA,NA
"6/29/18",11:49:00,"Vombs_Bruksgard","Coenagrion_puella","Mature",1,NA,0,NA,30,2018,NA,NA
"6/29/18",11:49:00,"Vombs_Bruksgard","Enallagma_cyathigerum","Immature",0,NA,0,NA,30,2018,NA,NA
"6/29/18",11:49:00,"Vombs_Bruksgard","Coenagrion_puella","Mature",1,NA,0,NA,30,2018,NA,NA
"6/29/18",11:49:00,"Vombs_Bruksgard","Coenagrion_puella","Mature",1,NA,0,NA,30,2018,NA,NA
"6/29/18",11:49:00,"Vombs_Bruksgard","Lestes_sponsa","Teneral",0,NA,0,NA,30,2018,NA,NA
"6/29/18",11:49:00,"Vombs_Bruksgard","Coenagrion_puella","Mature",1,NA,0,NA,30,2018,NA,NA
"6/29/18",11:49:00,"Vombs_Bruksgard","Lestes_sponsa","Mature",0,NA,0,NA,30,2018,NA,NA
"6/29/18",11:49:00,"Vombs_Bruksgard","Coenagrion_puella","Mature",1,NA,0,NA,30,2018,NA,NA
"6/29/18",11:49:00,"Vombs_Bruksgard","Coenagrion_pulchellum","Mature",1,NA,0,NA,30,2018,NA,NA
"6/29/18",11:49:00,"Vombs_Bruksgard","Lestes_virens","Immature",0,NA,0,NA,30,2018,NA,NA
"6/29/18",11:49:00,"Vombs_Bruksgard","Lestes_virens","Immature",1,NA,0,NA,30,2018,NA,NA
"6/29/18",11:49:00,"Vombs_Bruksgard","Coenagrion_puella","Mature",1,NA,0,NA,30,2018,NA,NA
"6/29/18",11:49:00,"Vombs_Bruksgard","Coenagrion_pulchellum","Mature",1,NA,0,NA,30,2018,NA,NA
"6/29/18",11:49:00,"Vombs_Bruksgard","Lestes_virens","Mature",0,NA,0,NA,30,2018,NA,NA
"6/29/18",11:49:00,"Vombs_Bruksgard","Coenagrion_puella","Mature",1,NA,0,NA,30,2018,NA,NA
"6/29/18",11:49:00,"Vombs_Bruksgard","Enallagma_cyathigerum","Teneral",0,NA,0,NA,30,2018,NA,NA
"6/29/18",11:49:00,"Vombs_Bruksgard","Lestes_sponsa","Mature",1,NA,0,NA,30,2018,NA,NA
"6/29/18",11:49:00,"Vombs_Bruksgard","Coenagrion_puella","Mature",1,NA,0,NA,30,2018,NA,NA
"6/29/18",11:49:00,"Vombs_Bruksgard","Enallagma_cyathigerum","Mature",1,NA,0,NA,30,2018,NA,NA
"6/29/18",11:49:00,"Vombs_Bruksgard","Lestes_virens","Teneral",0,NA,0,NA,30,2018,NA,NA
"6/29/18",11:49:00,"Vombs_Bruksgard","Coenagrion_puella","Mature",1,NA,0,NA,30,2018,NA,NA
"6/29/18",11:49:00,"Vombs_Bruksgard","Coenagrion_puella","Mature",1,NA,0,NA,30,2018,NA,NA
"6/29/18",11:49:00,"Vombs_Bruksgard","Coenagrion_puella","Mature",1,NA,0,NA,30,2018,NA,NA
"6/29/18",11:49:00,"Vombs_Bruksgard","Coenagrion_puella","Mature",1,NA,0,NA,30,2018,NA,NA
"6/29/18",11:49:00,"Vombs_Bruksgard","Coenagrion_pulchellum","Mature",1,NA,0,NA,30,2018,NA,NA
"6/29/18",11:49:00,"Vombs_Bruksgard","Coenagrion_puella","Mature",1,NA,0,NA,30,2018,NA,NA
"6/29/18",11:49:00,"Vombs_Bruksgard","Ischnura_elegans","Mature",1,NA,0,NA,30,2018,NA,NA
"6/29/18",11:49:00,"Vombs_Bruksgard","Enallagma_cyathigerum","Mature",1,NA,0,NA,30,2018,NA,NA
"6/29/18",11:49:00,"Vombs_Bruksgard","Coenagrion_puella","Mature",1,NA,0,NA,30,2018,NA,NA
"6/29/18",11:49:00,"Vombs_Bruksgard","Coenagrion_puella","Mature",1,NA,0,NA,30,2018,NA,NA
"6/29/18",11:49:00,"Vombs_Bruksgard","Coenagrion_puella","Mature",1,NA,0,NA,30,2018,NA,NA
"6/29/18",11:49:00,"Vombs_Bruksgard","Lestes_sponsa","Mature",1,NA,0,NA,30,2018,NA,NA
"6/29/18",11:49:00,"Vombs_Bruksgard","Enallagma_cyathigerum","Mature",1,NA,0,NA,30,2018,NA,NA
"6/29/18",11:49:00,"Vombs_Bruksgard","Coenagrion_puella","Mature",1,NA,0,NA,30,2018,NA,NA
"6/29/18",11:49:00,"Vombs_Bruksgard","Coenagrion_puella","Mature",1,NA,0,NA,30,2018,NA,NA
"6/29/18",11:49:00,"Vombs_Bruksgard","Coenagrion_puella","Mature",1,NA,0,NA,30,2018,NA,NA
"6/29/18",11:49:00,"Vombs_Bruksgard","Coenagrion_pulchellum","Mature",1,NA,0,NA,30,2018,NA,NA
"6/29/18",11:49:00,"Vombs_Bruksgard","Coenagrion_puella","Mature",1,NA,0,NA,30,2018,NA,NA
"6/29/18",11:49:00,"Vombs_Bruksgard","Enallagma_cyathigerum","Mature",1,NA,0,NA,30,2018,NA,NA
"6/29/18",11:49:00,"Vombs_Bruksgard","Coenagrion_puella","Mature",1,NA,0,NA,30,2018,NA,NA
"6/29/18",11:49:00,"Vombs_Bruksgard","Coenagrion_puella","Mature",1,NA,0,NA,30,2018,NA,NA
"6/29/18",11:49:00,"Vombs_Bruksgard","Lestes_sponsa","Mature",1,NA,0,NA,30,2018,NA,NA
"6/29/18",11:49:00,"Vombs_Bruksgard","Coenagrion_puella","Mature",1,NA,0,NA,30,2018,NA,NA
"6/29/18",11:49:00,"Vombs_Bruksgard","Coenagrion_puella","Mature",1,NA,0,NA,30,2018,NA,NA
"6/29/18",11:49:00,"Vombs_Bruksgard","Ischnura_elegans","Mature",1,NA,0,NA,30,2018,NA,NA
"6/29/18",11:49:00,"Vombs_Bruksgard","Coenagrion_puella","Mature",1,NA,0,NA,30,2018,NA,NA
"6/29/18",11:49:00,"Vombs_Bruksgard","Coenagrion_puella","Mature",1,NA,0,NA,30,2018,NA,NA
"6/29/18",11:49:00,"Vombs_Bruksgard","Ischnura_elegans","Mature",1,NA,0,NA,30,2018,NA,NA
"6/29/18",11:49:00,"Vombs_Bruksgard","Coenagrion_puella","Mature",1,NA,0,NA,30,2018,NA,NA
"6/29/18",11:49:00,"Vombs_Bruksgard","Coenagrion_puella","Mature",1,NA,0,NA,30,2018,NA,NA
"6/29/18",11:49:00,"Vombs_Bruksgard","Lestes_sponsa","Mature",1,NA,0,NA,30,2018,NA,NA
"6/29/18",11:49:00,"Vombs_Bruksgard","Enallagma_cyathigerum","Mature",1,NA,0,NA,30,2018,NA,NA
"6/29/18",11:49:00,"Vombs_Bruksgard","Coenagrion_puella","Mature",1,NA,0,NA,30,2018,NA,NA
"6/29/18",11:49:00,"Vombs_Bruksgard","Coenagrion_puella","Mature",1,NA,0,NA,30,2018,NA,NA
"6/29/18",11:49:00,"Vombs_Bruksgard","Coenagrion_puella","Mature",1,NA,0,NA,30,2018,NA,NA
"6/29/18",11:49:00,"Vombs_Bruksgard","Calopteryx_splendens","Mature",0,NA,0,NA,30,2018,NA,NA
"6/29/18",11:49:00,"Vombs_Bruksgard","Lestes_sponsa","Teneral",1,NA,0,NA,30,2018,NA,NA
"6/29/18",11:49:00,"Vombs_Bruksgard","Lestes_sponsa","Mature",1,NA,0,NA,30,2018,NA,NA
"6/29/18",11:49:00,"Vombs_Bruksgard","Lestes_sponsa","Mature",1,NA,0,NA,30,2018,NA,NA
"6/29/18",11:49:00,"Vombs_Bruksgard","Coenagrion_puella","Mature",1,NA,0,NA,30,2018,NA,NA
"6/29/18",11:49:00,"Vombs_Bruksgard","Coenagrion_pulchellum","Mature",1,NA,0,NA,30,2018,NA,NA
"6/29/18",11:49:00,"Vombs_Bruksgard","Lestes_sponsa","Mature",1,NA,0,NA,30,2018,NA,NA
"6/29/18",11:49:00,"Vombs_Bruksgard","Coenagrion_puella","Mature",1,NA,0,NA,30,2018,NA,NA
"6/29/18",11:49:00,"Vombs_Bruksgard","Coenagrion_puella","Mature",1,NA,0,NA,30,2018,NA,NA
"6/29/18",11:49:00,"Vombs_Bruksgard","Lestes_sponsa","Mature",1,NA,0,NA,30,2018,NA,NA
"6/29/18",11:49:00,"Vombs_Bruksgard","Coenagrion_puella","Mature",1,NA,0,NA,30,2018,NA,NA
"6/29/18",11:49:00,"Vombs_Bruksgard","Lestes_virens","Mature",1,NA,0,NA,30,2018,NA,NA
"6/29/18",11:49:00,"Vombs_Bruksgard","Coenagrion_puella","Mature",1,NA,0,NA,30,2018,NA,NA
"6/29/18",11:49:00,"Vombs_Bruksgard","Lestes_sponsa","Mature",1,NA,0,NA,30,2018,NA,NA
"6/29/18",11:49:00,"Vombs_Bruksgard","Lestes_virens","Mature",0,NA,0,NA,30,2018,NA,NA
"6/29/18",11:49:00,"Vombs_Bruksgard","Lestes_virens","Teneral",0,NA,0,NA,30,2018,NA,NA
"6/29/18",11:49:00,"Vombs_Bruksgard","Lestes_sponsa","Teneral",1,NA,0,NA,30,2018,NA,NA
"6/29/18",11:49:00,"Vombs_Bruksgard","Lestes_sponsa","Mature",1,NA,0,NA,30,2018,NA,NA
"6/29/18",11:49:00,"Vombs_Bruksgard","Lestes_virens","Immature",0,NA,0,NA,30,2018,NA,NA
"6/29/18",11:49:00,"Vombs_Bruksgard","Coenagrion_puella","Mature",1,NA,0,NA,30,2018,NA,NA
"6/29/18",11:49:00,"Vombs_Bruksgard","Lestes_virens","Teneral",0,NA,0,NA,30,2018,NA,NA
"6/29/18",11:49:00,"Vombs_Bruksgard","Coenagrion_puella","Mature",1,NA,0,NA,30,2018,NA,NA
"6/29/18",11:49:00,"Vombs_Bruksgard","Lestes_sponsa","Mature",0,NA,0,NA,30,2018,NA,NA
"6/29/18",11:49:00,"Vombs_Bruksgard","Lestes_sponsa","Mature",1,NA,0,NA,30,2018,NA,NA
"6/29/18",11:49:00,"Vombs_Bruksgard","Lestes_sponsa","Mature",0,NA,0,NA,30,2018,NA,NA
"6/29/18",11:49:00,"Vombs_Bruksgard","Coenagrion_puella","Mature",1,NA,0,NA,30,2018,NA,NA
"6/29/18",11:49:00,"Vombs_Bruksgard","Lestes_sponsa","Mature",0,NA,0,NA,30,2018,NA,NA
"6/29/18",11:49:00,"Vombs_Bruksgard","Lestes_sponsa","Immature",1,NA,0,NA,30,2018,NA,NA
"6/29/18",11:49:00,"Vombs_Bruksgard","Coenagrion_puella","Mature",1,NA,0,NA,30,2018,NA,NA
"6/29/18",11:49:00,"Vombs_Bruksgard","Enallagma_cyathigerum","Teneral",0,NA,0,NA,30,2018,NA,NA
"6/29/18",11:49:00,"Vombs_Bruksgard","Coenagrion_puella","Mature",1,NA,0,NA,30,2018,NA,NA
"6/29/18",11:49:00,"Vombs_Bruksgard","Coenagrion_pulchellum","Mature",0,NA,0,NA,30,2018,NA,NA
"6/29/18",11:49:00,"Vombs_Bruksgard","Coenagrion_puella","Mature",1,NA,0,NA,30,2018,NA,NA
"6/29/18",11:49:00,"Vombs_Bruksgard","Coenagrion_puella","Mature",1,NA,0,NA,30,2018,NA,NA
"6/29/18",11:49:00,"Vombs_Bruksgard","Lestes_virens","Teneral",0,NA,0,NA,30,2018,NA,NA
"6/29/18",11:49:00,"Vombs_Bruksgard","Coenagrion_pulchellum","Mature",1,NA,0,NA,30,2018,NA,NA
"6/29/18",11:49:00,"Vombs_Bruksgard","Lestes_sponsa","Mature",1,NA,0,NA,30,2018,NA,NA
"6/29/18",11:49:00,"Vombs_Bruksgard","Lestes_virens","Mature",0,NA,0,NA,30,2018,NA,NA
"6/29/18",11:49:00,"Vombs_Bruksgard","Lestes_virens","Teneral",0,NA,0,NA,30,2018,NA,NA
"6/29/18",11:49:00,"Vombs_Bruksgard","Ischnura_elegans","Mature",1,NA,0,NA,30,2018,NA,NA
"6/29/18",11:49:00,"Vombs_Bruksgard","Ischnura_elegans","Teneral",0,NA,0,NA,30,2018,NA,NA
"6/29/18",11:49:00,"Vombs_Bruksgard","Coenagrion_puella","Mature",1,NA,0,NA,30,2018,NA,NA
"6/29/18",11:49:00,"Vombs_Bruksgard","Lestes_sponsa","Mature",1,NA,0,NA,30,2018,NA,NA
"6/29/18",11:49:00,"Vombs_Bruksgard","Ischnura_elegans","Mature",1,NA,0,NA,30,2018,NA,NA
"6/29/18",11:49:00,"Vombs_Bruksgard","Coenagrion_puella","Mature",1,NA,0,NA,30,2018,NA,NA
"6/29/18",11:49:00,"Vombs_Bruksgard","Coenagrion_puella","Mature",1,NA,0,NA,30,2018,NA,NA
"6/29/18",11:49:00,"Vombs_Bruksgard","Coenagrion_puella","Mature",1,NA,0,NA,30,2018,NA,NA
"6/29/18",11:49:00,"Vombs_Bruksgard","Coenagrion_puella","Mature",1,NA,0,NA,30,2018,NA,NA
"6/29/18",11:49:00,"Vombs_Bruksgard","Coenagrion_puella","Mature",1,NA,0,NA,30,2018,NA,NA
"6/29/18",11:49:00,"Vombs_Bruksgard","Lestes_sponsa","Immature",1,NA,0,NA,30,2018,NA,NA
"6/29/18",11:49:00,"Vombs_Bruksgard","Lestes_sponsa","Mature",1,NA,0,NA,30,2018,NA,NA
"6/29/18",11:49:00,"Vombs_Bruksgard","Coenagrion_puella","Mature",1,NA,0,NA,30,2018,NA,NA
"6/29/18",11:49:00,"Vombs_Bruksgard","Coenagrion_puella","Mature",1,NA,0,NA,30,2018,NA,NA
"6/29/18",11:49:00,"Vombs_Bruksgard","Coenagrion_puella","Mature",1,NA,0,NA,30,2018,NA,NA
"6/29/18",11:49:00,"Vombs_Bruksgard","Coenagrion_puella","Mature",1,NA,0,NA,30,2018,NA,NA
"6/29/18",11:49:00,"Vombs_Bruksgard","Coenagrion_puella","Mature",1,NA,0,NA,30,2018,NA,NA
"6/29/18",11:49:00,"Vombs_Bruksgard","Coenagrion_puella","Mature",1,NA,0,NA,30,2018,NA,NA
"6/29/18",11:49:00,"Vombs_Bruksgard","Coenagrion_puella","Mature",1,NA,0,NA,30,2018,NA,NA
"6/29/18",11:49:00,"Vombs_Bruksgard","Lestes_sponsa","Mature",1,NA,0,NA,30,2018,NA,NA
"6/29/18",11:49:00,"Vombs_Bruksgard","Coenagrion_puella","Mature",1,NA,0,NA,30,2018,NA,NA
"6/29/18",11:49:00,"Vombs_Bruksgard","Lestes_sponsa","Mature",1,NA,0,NA,30,2018,NA,NA
"6/29/18",11:49:00,"Vombs_Bruksgard","Lestes_sponsa","Mature",1,NA,0,NA,30,2018,NA,NA
"6/29/18",11:49:00,"Vombs_Bruksgard","Coenagrion_puella","Mature",1,NA,0,NA,30,2018,NA,NA
"6/29/18",11:49:00,"Vombs_Bruksgard","Coenagrion_puella","Mature",1,NA,0,NA,30,2018,NA,NA
"6/29/18",11:49:00,"Vombs_Bruksgard","Lestes_sponsa","Immature",1,NA,0,NA,30,2018,NA,NA
"6/29/18",11:49:00,"Vombs_Bruksgard","Lestes_sponsa","Mature",1,NA,0,NA,30,2018,NA,NA
"6/29/18",11:49:00,"Vombs_Bruksgard","Coenagrion_puella","Mature",1,NA,0,NA,30,2018,NA,NA
"6/29/18",11:49:00,"Vombs_Bruksgard","Lestes_sponsa","Immature",1,NA,0,NA,30,2018,NA,NA
"6/29/18",11:49:00,"Vombs_Bruksgard","Lestes_sponsa","Teneral",1,NA,0,NA,30,2018,NA,NA
"6/29/18",11:49:00,"Vombs_Bruksgard","Lestes_sponsa","Immature",1,NA,0,NA,30,2018,NA,NA
"6/29/18",11:49:00,"Vombs_Bruksgard","Lestes_sponsa","Mature",1,NA,0,NA,30,2018,NA,NA
"6/29/18",11:49:00,"Vombs_Bruksgard","Coenagrion_puella","Mature",1,NA,0,NA,30,2018,NA,NA
"6/29/18",11:49:00,"Vombs_Bruksgard","Lestes_sponsa","Teneral",1,NA,0,NA,30,2018,NA,NA
"6/29/18",11:49:00,"Vombs_Bruksgard","Lestes_virens","Mature",0,NA,0,NA,30,2018,NA,NA
"6/29/18",11:49:00,"Vombs_Bruksgard","Lestes_sponsa","Teneral",1,NA,0,NA,30,2018,NA,NA
"7/16/18",10:49:00,"Vombs_Bruksgard","Sympetrum_sanguineum","Mature",1,NA,0,NA,30,2018,NA,NA
"7/16/18",10:49:00,"Vombs_Bruksgard","Sympetrum_sanguineum","Mature",1,NA,0,NA,30,2018,NA,NA
"7/16/18",10:49:00,"Vombs_Bruksgard","Sympetrum_sanguineum","Mature",1,NA,0,NA,30,2018,NA,NA
"7/16/18",10:49:00,"Vombs_Bruksgard","Sympetrum_sanguineum","Mature",1,NA,0,NA,30,2018,NA,NA
"7/16/18",10:49:00,"Vombs_Bruksgard","Sympetrum_sanguineum","Mature",1,NA,0,NA,30,2018,NA,NA
"7/16/18",10:49:00,"Vombs_Bruksgard","Sympetrum_sanguineum","Mature",1,NA,0,NA,30,2018,NA,NA
"7/16/18",10:49:00,"Vombs_Bruksgard","Sympetrum_sanguineum","Mature",1,NA,0,NA,30,2018,NA,NA
"7/16/18",10:49:00,"Vombs_Bruksgard","Anax_imperator","Mature",1,NA,0,NA,30,2018,NA,NA
"7/16/18",10:49:00,"Vombs_Bruksgard","Enallagma_cyathigerum","Mature",1,NA,1,NA,30,2018,NA,NA
"7/16/18",10:49:00,"Vombs_Bruksgard","Enallagma_cyathigerum","Mature",0,NA,1,NA,30,2018,NA,NA
"7/16/18",10:49:00,"Vombs_Bruksgard","Lestes_sponsa","Mature",1,NA,1,NA,30,2018,NA,NA
"7/16/18",10:49:00,"Vombs_Bruksgard","Lestes_sponsa","Mature",0,NA,1,NA,30,2018,NA,NA
"7/16/18",10:49:00,"Vombs_Bruksgard","Lestes_sponsa","Teneral",0,NA,0,NA,30,2018,NA,NA
"7/16/18",10:49:00,"Vombs_Bruksgard","Lestes_sponsa","Mature",1,NA,0,NA,30,2018,NA,NA
"7/16/18",10:49:00,"Vombs_Bruksgard","Lestes_sponsa","Mature",0,NA,0,NA,30,2018,NA,NA
"7/16/18",10:49:00,"Vombs_Bruksgard","Lestes_sponsa","Mature",1,NA,0,NA,30,2018,NA,NA
"7/16/18",10:49:00,"Vombs_Bruksgard","Lestes_sponsa","Mature",1,NA,0,NA,30,2018,NA,NA
"7/16/18",10:49:00,"Vombs_Bruksgard","Lestes_sponsa","Mature",1,NA,0,NA,30,2018,NA,NA
"7/16/18",10:49:00,"Vombs_Bruksgard","Enallagma_cyathigerum","Mature",1,NA,0,NA,30,2018,NA,NA
"7/16/18",10:49:00,"Vombs_Bruksgard","Lestes_sponsa","Mature",1,NA,0,NA,30,2018,NA,NA
"7/16/18",10:49:00,"Vombs_Bruksgard","Lestes_sponsa","Mature",1,NA,0,NA,30,2018,NA,NA
"7/16/18",10:49:00,"Vombs_Bruksgard","Enallagma_cyathigerum","Mature",1,NA,0,NA,30,2018,NA,NA
"7/16/18",10:49:00,"Vombs_Bruksgard","Lestes_sponsa","Mature",1,NA,0,NA,30,2018,NA,NA
"7/16/18",10:49:00,"Vombs_Bruksgard","Lestes_sponsa","Mature",1,NA,0,NA,30,2018,NA,NA
"7/16/18",10:49:00,"Vombs_Bruksgard","Lestes_sponsa","Mature",1,NA,0,NA,30,2018,NA,NA
"7/16/18",10:49:00,"Vombs_Bruksgard","Lestes_sponsa","Mature",1,NA,0,NA,30,2018,NA,NA
"7/16/18",10:49:00,"Vombs_Bruksgard","Enallagma_cyathigerum","Mature",1,NA,0,NA,30,2018,NA,NA
"7/16/18",10:49:00,"Vombs_Bruksgard","Enallagma_cyathigerum","Mature",1,NA,0,NA,30,2018,NA,NA
"7/16/18",10:49:00,"Vombs_Bruksgard","Enallagma_cyathigerum","Mature",1,NA,0,NA,30,2018,NA,NA
"7/16/18",10:49:00,"Vombs_Bruksgard","Lestes_sponsa","Mature",1,NA,0,NA,30,2018,NA,NA
"7/16/18",10:49:00,"Vombs_Bruksgard","Lestes_sponsa","Mature",1,NA,0,NA,30,2018,NA,NA
"7/16/18",10:49:00,"Vombs_Bruksgard","Lestes_sponsa","Mature",1,NA,0,NA,30,2018,NA,NA
"7/16/18",10:49:00,"Vombs_Bruksgard","Lestes_sponsa","Mature",0,NA,0,NA,30,2018,NA,NA
"7/16/18",10:49:00,"Vombs_Bruksgard","Lestes_sponsa","Mature",1,NA,0,NA,30,2018,NA,NA
"7/16/18",10:49:00,"Vombs_Bruksgard","Lestes_sponsa","Mature",1,NA,0,NA,30,2018,NA,NA
"7/16/18",10:49:00,"Vombs_Bruksgard","Lestes_sponsa","Mature",1,NA,0,NA,30,2018,NA,NA
"7/16/18",10:49:00,"Vombs_Bruksgard","Lestes_sponsa","Mature",1,NA,0,NA,30,2018,NA,NA
"7/16/18",10:49:00,"Vombs_Bruksgard","Enallagma_cyathigerum","Mature",1,NA,0,NA,30,2018,NA,NA
"7/16/18",10:49:00,"Vombs_Bruksgard","Lestes_sponsa","Mature",1,NA,0,NA,30,2018,NA,NA
"7/16/18",10:49:00,"Vombs_Bruksgard","Enallagma_cyathigerum","Teneral",0,NA,0,NA,30,2018,NA,NA
"7/16/18",10:49:00,"Vombs_Bruksgard","Lestes_sponsa","Mature",1,NA,0,NA,30,2018,NA,NA
"7/16/18",10:49:00,"Vombs_Bruksgard","Lestes_sponsa","Mature",0,NA,0,NA,30,2018,NA,NA
"7/16/18",10:49:00,"Vombs_Bruksgard","Enallagma_cyathigerum","Mature",1,NA,0,NA,30,2018,NA,NA
"7/16/18",10:49:00,"Vombs_Bruksgard","Lestes_sponsa","Immature",1,NA,0,NA,30,2018,NA,NA
"7/16/18",10:49:00,"Vombs_Bruksgard","Lestes_sponsa","Mature",1,NA,0,NA,30,2018,NA,NA
"7/16/18",10:49:00,"Vombs_Bruksgard","Lestes_virens","Immature",0,NA,0,NA,30,2018,NA,NA
"7/16/18",10:49:00,"Vombs_Bruksgard","Ischnura_elegans","Mature",0,NA,0,NA,30,2018,NA,NA
"7/16/18",10:49:00,"Vombs_Bruksgard","Lestes_sponsa","Mature",1,NA,0,NA,30,2018,NA,NA
"7/16/18",10:49:00,"Vombs_Bruksgard","Lestes_sponsa","Mature",1,NA,0,NA,30,2018,NA,NA
"7/16/18",10:49:00,"Vombs_Bruksgard","Lestes_sponsa","Mature",1,NA,0,NA,30,2018,NA,NA
"7/16/18",10:49:00,"Vombs_Bruksgard","Enallagma_cyathigerum","Mature",1,NA,0,NA,30,2018,NA,NA
"7/16/18",10:49:00,"Vombs_Bruksgard","Lestes_sponsa","Mature",1,NA,0,NA,30,2018,NA,NA
"7/16/18",10:49:00,"Vombs_Bruksgard","Lestes_sponsa","Mature",1,NA,0,NA,30,2018,NA,NA
"7/16/18",10:49:00,"Vombs_Bruksgard","Lestes_sponsa","Mature",1,NA,0,NA,30,2018,NA,NA
"7/16/18",10:49:00,"Vombs_Bruksgard","Lestes_sponsa","Mature",1,NA,0,NA,30,2018,NA,NA
"7/16/18",10:49:00,"Vombs_Bruksgard","Enallagma_cyathigerum","Mature",1,NA,0,NA,30,2018,NA,NA
"7/16/18",10:49:00,"Vombs_Bruksgard","Enallagma_cyathigerum","Mature",1,NA,0,NA,30,2018,NA,NA
"7/16/18",10:49:00,"Vombs_Bruksgard","Lestes_sponsa","Mature",1,NA,0,NA,30,2018,NA,NA
"7/16/18",10:49:00,"Vombs_Bruksgard","Enallagma_cyathigerum","Mature",1,NA,0,NA,30,2018,NA,NA
"5/25/18",10:26:00,"Vombs_Vattenverk","Enallagma_cyathigerum","Mature",1,NA,1,NA,30,2018,NA,NA
"5/25/18",10:26:00,"Vombs_Vattenverk","Enallagma_cyathigerum","Mature",0,NA,1,NA,30,2018,NA,NA
"5/25/18",10:26:00,"Vombs_Vattenverk","Erythromma_najas","Mature",1,NA,1,NA,30,2018,NA,NA
"5/25/18",10:26:00,"Vombs_Vattenverk","Erythromma_najas","Mature",0,NA,1,NA,30,2018,NA,NA
"5/25/18",10:26:00,"Vombs_Vattenverk","Enallagma_cyathigerum","Mature",1,NA,0,NA,30,2018,NA,NA
"5/25/18",10:26:00,"Vombs_Vattenverk","Erythromma_najas","Mature",1,NA,0,NA,30,2018,NA,NA
"5/25/18",10:26:00,"Vombs_Vattenverk","Enallagma_cyathigerum","Teneral",1,NA,0,NA,30,2018,NA,NA
"5/25/18",10:26:00,"Vombs_Vattenverk","Coenagrion_pulchellum","Immature",1,NA,0,NA,30,2018,NA,NA
"5/25/18",10:26:00,"Vombs_Vattenverk","Ischnura_elegans","Immature",1,NA,0,NA,30,2018,NA,NA
"5/25/18",10:26:00,"Vombs_Vattenverk","Erythromma_najas","Mature",1,NA,0,NA,30,2018,NA,NA
"5/25/18",10:26:00,"Vombs_Vattenverk","Enallagma_cyathigerum","Immature",1,NA,0,NA,30,2018,NA,NA
"5/25/18",10:26:00,"Vombs_Vattenverk","Enallagma_cyathigerum","Mature",1,NA,0,NA,30,2018,NA,NA
"5/25/18",10:26:00,"Vombs_Vattenverk","Enallagma_cyathigerum","Immature",1,NA,0,NA,30,2018,NA,NA
"5/25/18",10:26:00,"Vombs_Vattenverk","Enallagma_cyathigerum","Immature",1,NA,0,NA,30,2018,NA,NA
"5/25/18",10:26:00,"Vombs_Vattenverk","Enallagma_cyathigerum","Mature",1,NA,0,NA,30,2018,NA,NA
"5/25/18",10:26:00,"Vombs_Vattenverk","Enallagma_cyathigerum","Teneral",1,NA,0,NA,30,2018,NA,NA
"5/25/18",10:26:00,"Vombs_Vattenverk","Coenagrion_pulchellum","Mature",1,NA,0,NA,30,2018,NA,NA
"5/25/18",10:26:00,"Vombs_Vattenverk","Coenagrion_pulchellum","Teneral",1,NA,0,NA,30,2018,NA,NA
"5/25/18",10:26:00,"Vombs_Vattenverk","Enallagma_cyathigerum","Mature",1,NA,0,NA,30,2018,NA,NA
"5/25/18",10:26:00,"Vombs_Vattenverk","Ischnura_elegans","Mature",1,NA,0,NA,30,2018,NA,NA
"5/25/18",10:26:00,"Vombs_Vattenverk","Erythromma_najas","Mature",1,NA,0,NA,30,2018,NA,NA
"5/25/18",10:26:00,"Vombs_Vattenverk","Coenagrion_pulchellum","Mature",1,NA,0,NA,30,2018,NA,NA
"5/25/18",10:26:00,"Vombs_Vattenverk","Enallagma_cyathigerum","Mature",1,NA,0,NA,30,2018,NA,NA
"5/25/18",10:26:00,"Vombs_Vattenverk","Ischnura_elegans","Immature",1,NA,0,NA,30,2018,NA,NA
"5/25/18",10:26:00,"Vombs_Vattenverk","Enallagma_cyathigerum","Immature",1,NA,0,NA,30,2018,NA,NA
"5/25/18",10:26:00,"Vombs_Vattenverk","Ischnura_elegans","Immature",1,NA,0,NA,30,2018,NA,NA
"5/25/18",10:26:00,"Vombs_Vattenverk","Ischnura_elegans","Teneral",1,NA,0,NA,30,2018,NA,NA
"5/25/18",10:26:00,"Vombs_Vattenverk","Enallagma_cyathigerum","Mature",1,NA,0,NA,30,2018,NA,NA
"5/25/18",10:26:00,"Vombs_Vattenverk","Erythromma_najas","Mature",1,NA,0,NA,30,2018,NA,NA
"5/25/18",10:26:00,"Vombs_Vattenverk","Coenagrion_pulchellum","Mature",1,NA,0,NA,30,2018,NA,NA
"5/25/18",10:26:00,"Vombs_Vattenverk","Coenagrion_pulchellum","Immature",1,NA,0,NA,30,2018,NA,NA
"5/25/18",10:26:00,"Vombs_Vattenverk","Coenagrion_pulchellum","Immature",1,NA,0,NA,30,2018,NA,NA
"5/25/18",10:26:00,"Vombs_Vattenverk","Coenagrion_pulchellum","Immature",0,NA,0,NA,30,2018,NA,NA
"5/25/18",10:26:00,"Vombs_Vattenverk","Enallagma_cyathigerum","Teneral",0,NA,0,NA,30,2018,NA,NA
"5/25/18",10:26:00,"Vombs_Vattenverk","Ischnura_elegans","Mature",0,NA,0,NA,30,2018,NA,NA
"5/25/18",10:26:00,"Vombs_Vattenverk","Ischnura_pumilio","Mature",0,NA,0,NA,30,2018,NA,NA
"5/25/18",10:26:00,"Vombs_Vattenverk","Coenagrion_pulchellum","Immature",0,NA,0,NA,30,2018,NA,NA
"5/25/18",10:26:00,"Vombs_Vattenverk","Enallagma_cyathigerum","Teneral",0,NA,0,NA,30,2018,NA,NA
"5/25/18",10:26:00,"Vombs_Vattenverk","Enallagma_cyathigerum","Teneral",0,NA,0,NA,30,2018,NA,NA
"5/25/18",10:26:00,"Vombs_Vattenverk","Ischnura_elegans","Immature",0,NA,0,NA,30,2018,NA,NA
"5/25/18",10:26:00,"Vombs_Vattenverk","Ischnura_elegans","Immature",0,NA,0,NA,30,2018,NA,NA
"5/25/18",10:26:00,"Vombs_Vattenverk","Ischnura_elegans","Immature",0,NA,0,NA,30,2018,NA,NA
"5/25/18",10:26:00,"Vombs_Vattenverk","Coenagrion_pulchellum","Immature",0,NA,0,NA,30,2018,NA,NA
"5/25/18",10:26:00,"Vombs_Vattenverk","Coenagrion_pulchellum","Immature",0,NA,0,NA,30,2018,NA,NA
"5/25/18",10:26:00,"Vombs_Vattenverk","Coenagrion_pulchellum","Immature",0,NA,0,NA,30,2018,NA,NA
"5/25/18",10:26:00,"Vombs_Vattenverk","Coenagrion_pulchellum","Immature",1,NA,0,NA,30,2018,NA,NA
"5/25/18",10:26:00,"Vombs_Vattenverk","Coenagrion_pulchellum","Immature",0,NA,0,NA,30,2018,NA,NA
"5/25/18",10:26:00,"Vombs_Vattenverk","Libellula_quadrimaculata","Mature",1,NA,0,NA,30,2018,NA,NA
"5/25/18",10:26:00,"Vombs_Vattenverk","Libellula_quadrimaculata","Mature",1,NA,0,NA,30,2018,NA,NA
"5/25/18",10:26:00,"Vombs_Vattenverk","Libellula_quadrimaculata","Mature",1,NA,0,NA,30,2018,NA,NA
"5/25/18",10:26:00,"Vombs_Vattenverk","Libellula_quadrimaculata","Mature",1,NA,0,NA,30,2018,NA,NA
"5/25/18",10:26:00,"Vombs_Vattenverk","Libellula_quadrimaculata","Mature",1,NA,0,NA,30,2018,NA,NA
"5/25/18",10:26:00,"Vombs_Vattenverk","Libellula_quadrimaculata","Mature",1,NA,0,NA,30,2018,NA,NA
"5/25/18",10:26:00,"Vombs_Vattenverk","Libellula_quadrimaculata","Mature",1,NA,0,NA,30,2018,NA,NA
"5/25/18",10:26:00,"Vombs_Vattenverk","Libellula_quadrimaculata","Mature",1,NA,0,NA,30,2018,NA,NA
"5/25/18",10:26:00,"Vombs_Vattenverk","Libellula_quadrimaculata","Mature",1,NA,0,NA,30,2018,NA,NA
"5/25/18",10:26:00,"Vombs_Vattenverk","Libellula_quadrimaculata","Mature",1,NA,0,NA,30,2018,NA,NA
"5/25/18",10:26:00,"Vombs_Vattenverk","Gomphus_vulgatissimus","Mature",1,NA,0,NA,30,2018,NA,NA
"5/25/18",10:26:00,"Vombs_Vattenverk","Brachytron_pratense","Mature",1,NA,0,NA,30,2018,NA,NA
"5/25/18",10:26:00,"Vombs_Vattenverk","Orthetrum_cancellatum","Mature",1,NA,0,NA,30,2018,NA,NA
"5/25/18",10:26:00,"Vombs_Vattenverk","Calopteryx_splendens","Mature",1,NA,0,NA,30,2018,NA,NA
"6/16/18",11:00:00,"Vombs_Vattenverk","Enallagma_cyathigerum","Mature",1,NA,0,NA,30,2018,NA,NA
"6/16/18",11:00:00,"Vombs_Vattenverk","Enallagma_cyathigerum","Mature",1,NA,0,NA,30,2018,NA,NA
"6/16/18",11:00:00,"Vombs_Vattenverk","Ischnura_elegans","Mature",0,NA,1,NA,30,2018,NA,NA
"6/16/18",11:00:00,"Vombs_Vattenverk","Enallagma_cyathigerum","Mature",1,NA,0,NA,30,2018,NA,NA
"6/16/18",11:00:00,"Vombs_Vattenverk","Ischnura_elegans","Mature",1,NA,0,NA,30,2018,NA,NA
"6/16/18",11:00:00,"Vombs_Vattenverk","Enallagma_cyathigerum","Mature",1,NA,0,NA,30,2018,NA,NA
"6/16/18",11:00:00,"Vombs_Vattenverk","Enallagma_cyathigerum","Mature",1,NA,0,NA,30,2018,NA,NA
"6/16/18",11:00:00,"Vombs_Vattenverk","Ischnura_elegans","Mature",0,NA,0,NA,30,2018,NA,NA
"6/16/18",11:00:00,"Vombs_Vattenverk","Coenagrion_pulchellum","Mature",1,NA,0,NA,30,2018,NA,NA
"6/16/18",11:00:00,"Vombs_Vattenverk","Ischnura_elegans","Mature",1,NA,0,NA,30,2018,NA,NA
"6/16/18",11:00:00,"Vombs_Vattenverk","Enallagma_cyathigerum","Teneral",0,NA,0,NA,30,2018,NA,NA
"6/16/18",11:00:00,"Vombs_Vattenverk","Enallagma_cyathigerum","Mature",1,NA,0,NA,30,2018,NA,NA
"6/16/18",11:00:00,"Vombs_Vattenverk","Ischnura_elegans","Mature",1,NA,0,NA,30,2018,NA,NA
"6/16/18",11:00:00,"Vombs_Vattenverk","Ischnura_elegans","Mature",1,NA,0,NA,30,2018,NA,NA
"6/16/18",11:00:00,"Vombs_Vattenverk","Ischnura_elegans","Mature",0,NA,0,NA,30,2018,NA,NA
"6/16/18",11:00:00,"Vombs_Vattenverk","Erythromma_najas","Mature",1,NA,0,NA,30,2018,NA,NA
"6/16/18",11:00:00,"Vombs_Vattenverk","Enallagma_cyathigerum","Mature",1,NA,0,NA,30,2018,NA,NA
"6/16/18",11:00:00,"Vombs_Vattenverk","Ischnura_elegans","Teneral",0,NA,0,NA,30,2018,NA,NA
"6/16/18",11:00:00,"Vombs_Vattenverk","Ischnura_elegans","Mature",1,NA,0,NA,30,2018,NA,NA
"6/16/18",11:00:00,"Vombs_Vattenverk","Coenagrion_pulchellum","Mature",1,NA,0,NA,30,2018,NA,NA
"6/16/18",11:00:00,"Vombs_Vattenverk","Ischnura_elegans","Mature",0,NA,0,NA,30,2018,NA,NA
"6/16/18",11:00:00,"Vombs_Vattenverk","Enallagma_cyathigerum","Mature",1,NA,0,NA,30,2018,NA,NA
"6/16/18",11:00:00,"Vombs_Vattenverk","Ischnura_elegans","Mature",1,NA,0,NA,30,2018,NA,NA
"6/16/18",11:00:00,"Vombs_Vattenverk","Ischnura_elegans","Mature",1,NA,0,NA,30,2018,NA,NA
"6/16/18",11:00:00,"Vombs_Vattenverk","Ischnura_elegans","Mature",1,NA,1,NA,30,2018,NA,NA
"6/16/18",11:00:00,"Vombs_Vattenverk","Ischnura_elegans","Mature",0,NA,1,NA,30,2018,NA,NA
"6/16/18",11:00:00,"Vombs_Vattenverk","Enallagma_cyathigerum","Mature",1,NA,0,NA,30,2018,NA,NA
"6/16/18",11:00:00,"Vombs_Vattenverk","Enallagma_cyathigerum","Mature",1,NA,0,NA,30,2018,NA,NA
"6/16/18",11:00:00,"Vombs_Vattenverk","Ischnura_elegans","Mature",1,NA,0,NA,30,2018,NA,NA
"6/16/18",11:00:00,"Vombs_Vattenverk","Ischnura_elegans","Mature",1,NA,0,NA,30,2018,NA,NA
"6/16/18",11:00:00,"Vombs_Vattenverk","Ischnura_elegans","Mature",1,NA,1,NA,30,2018,NA,NA
"6/16/18",11:00:00,"Vombs_Vattenverk","Ischnura_elegans","Mature",0,NA,1,NA,30,2018,NA,NA
"6/16/18",11:00:00,"Vombs_Vattenverk","Ischnura_elegans","Mature",0,NA,0,NA,30,2018,NA,NA
"6/16/18",11:00:00,"Vombs_Vattenverk","Coenagrion_pulchellum","Mature",1,NA,0,NA,30,2018,NA,NA
"6/16/18",11:00:00,"Vombs_Vattenverk","Enallagma_cyathigerum","Mature",0,NA,0,NA,30,2018,NA,NA
"6/16/18",11:00:00,"Vombs_Vattenverk","Ischnura_elegans","Mature",1,NA,1,NA,30,2018,NA,NA
"6/16/18",11:00:00,"Vombs_Vattenverk","Ischnura_elegans","Mature",0,NA,1,NA,30,2018,NA,NA
"6/16/18",11:00:00,"Vombs_Vattenverk","Enallagma_cyathigerum","Mature",1,NA,0,NA,30,2018,NA,NA
"6/16/18",11:00:00,"Vombs_Vattenverk","Ischnura_elegans","Mature",0,NA,0,NA,30,2018,NA,NA
"6/16/18",11:00:00,"Vombs_Vattenverk","Enallagma_cyathigerum","Mature",1,NA,0,NA,30,2018,NA,NA
"6/16/18",11:00:00,"Vombs_Vattenverk","Ischnura_elegans","Mature",0,NA,0,NA,30,2018,NA,NA
"6/16/18",11:00:00,"Vombs_Vattenverk","Ischnura_elegans","Mature",1,NA,1,NA,30,2018,NA,NA
"6/16/18",11:00:00,"Vombs_Vattenverk","Ischnura_elegans","Mature",0,NA,1,NA,30,2018,NA,NA
"6/16/18",11:00:00,"Vombs_Vattenverk","Enallagma_cyathigerum","Mature",1,NA,0,NA,30,2018,NA,NA
"6/16/18",11:00:00,"Vombs_Vattenverk","Ischnura_elegans","Mature",0,NA,0,NA,30,2018,NA,NA
"6/16/18",11:00:00,"Vombs_Vattenverk","Erythromma_najas","Mature",0,NA,0,NA,30,2018,NA,NA
"6/16/18",11:00:00,"Vombs_Vattenverk","Ischnura_elegans","Mature",1,NA,0,NA,30,2018,NA,NA
"6/16/18",11:00:00,"Vombs_Vattenverk","Ischnura_elegans","Mature",1,NA,1,NA,30,2018,NA,NA
"6/16/18",11:00:00,"Vombs_Vattenverk","Ischnura_elegans","Mature",0,NA,1,NA,30,2018,NA,NA
"6/16/18",11:00:00,"Vombs_Vattenverk","Ischnura_elegans","Mature",1,NA,0,NA,30,2018,NA,NA
"6/16/18",11:00:00,"Vombs_Vattenverk","Enallagma_cyathigerum","Mature",1,NA,0,NA,30,2018,NA,NA
"6/16/18",11:00:00,"Vombs_Vattenverk","Ischnura_elegans","Mature",1,NA,0,NA,30,2018,NA,NA
"6/16/18",11:00:00,"Vombs_Vattenverk","Ischnura_elegans","Mature",1,NA,0,NA,30,2018,NA,NA
"6/16/18",11:00:00,"Vombs_Vattenverk","Enallagma_cyathigerum","Mature",1,NA,0,NA,30,2018,NA,NA
"6/16/18",11:00:00,"Vombs_Vattenverk","Ischnura_elegans","Mature",1,NA,0,NA,30,2018,NA,NA
"6/16/18",11:00:00,"Vombs_Vattenverk","Ischnura_elegans","Mature",1,NA,0,NA,30,2018,NA,NA
"6/16/18",11:00:00,"Vombs_Vattenverk","Ischnura_elegans","Immature",0,NA,0,NA,30,2018,NA,NA
"6/16/18",11:00:00,"Vombs_Vattenverk","Ischnura_elegans","Mature",1,NA,0,NA,30,2018,NA,NA
"6/16/18",11:00:00,"Vombs_Vattenverk","Ischnura_elegans","Immature",0,NA,0,NA,30,2018,NA,NA
"6/16/18",11:00:00,"Vombs_Vattenverk","Enallagma_cyathigerum","Teneral",0,NA,0,NA,30,2018,NA,NA
"6/16/18",11:00:00,"Vombs_Vattenverk","Ischnura_elegans","Mature",1,NA,0,NA,30,2018,NA,NA
"6/16/18",11:00:00,"Vombs_Vattenverk","Ischnura_elegans","Mature",0,NA,0,NA,30,2018,NA,NA
"6/16/18",11:00:00,"Vombs_Vattenverk","Ischnura_elegans","Mature",1,NA,1,NA,30,2018,NA,NA
"6/16/18",11:00:00,"Vombs_Vattenverk","Ischnura_elegans","Mature",0,NA,1,NA,30,2018,NA,NA
"6/16/18",11:00:00,"Vombs_Vattenverk","Ischnura_elegans","Immature",0,NA,0,NA,30,2018,NA,NA
"6/16/18",11:00:00,"Vombs_Vattenverk","Ischnura_elegans","Mature",1,NA,1,NA,30,2018,NA,NA
"6/16/18",11:00:00,"Vombs_Vattenverk","Ischnura_elegans","Mature",0,NA,1,NA,30,2018,NA,NA
"6/16/18",11:00:00,"Vombs_Vattenverk","Ischnura_elegans","Mature",1,NA,1,NA,30,2018,NA,NA
"6/16/18",11:00:00,"Vombs_Vattenverk","Ischnura_elegans","Mature",0,NA,1,NA,30,2018,NA,NA
"6/16/18",11:00:00,"Vombs_Vattenverk","Enallagma_cyathigerum","Mature",1,NA,0,NA,30,2018,NA,NA
"6/16/18",11:00:00,"Vombs_Vattenverk","Enallagma_cyathigerum","Mature",1,NA,0,NA,30,2018,NA,NA
"6/16/18",11:00:00,"Vombs_Vattenverk","Enallagma_cyathigerum","Mature",1,NA,0,NA,30,2018,NA,NA
"6/16/18",11:00:00,"Vombs_Vattenverk","Enallagma_cyathigerum","Mature",1,NA,0,NA,30,2018,NA,NA
"6/16/18",11:00:00,"Vombs_Vattenverk","Enallagma_cyathigerum","Mature",1,NA,0,NA,30,2018,NA,NA
"6/16/18",11:00:00,"Vombs_Vattenverk","Ischnura_elegans","Mature",1,NA,0,NA,30,2018,NA,NA
"6/16/18",11:00:00,"Vombs_Vattenverk","Ischnura_elegans","Mature",1,NA,0,NA,30,2018,NA,NA
"6/16/18",11:00:00,"Vombs_Vattenverk","Enallagma_cyathigerum","Mature",1,NA,0,NA,30,2018,NA,NA
"6/16/18",11:00:00,"Vombs_Vattenverk","Enallagma_cyathigerum","Teneral",0,NA,0,NA,30,2018,NA,NA
"6/16/18",11:00:00,"Vombs_Vattenverk","Erythromma_najas","Mature",1,NA,0,NA,30,2018,NA,NA
"6/16/18",11:00:00,"Vombs_Vattenverk","Ischnura_elegans","Mature",0,NA,0,NA,30,2018,NA,NA
"6/16/18",11:00:00,"Vombs_Vattenverk","Enallagma_cyathigerum","Mature",1,NA,0,NA,30,2018,NA,NA
"6/16/18",11:00:00,"Vombs_Vattenverk","Ischnura_elegans","Mature",1,NA,0,NA,30,2018,NA,NA
"6/16/18",11:00:00,"Vombs_Vattenverk","Ischnura_elegans","Mature",0,NA,0,NA,30,2018,NA,NA
"6/16/18",11:00:00,"Vombs_Vattenverk","Enallagma_cyathigerum","Teneral",0,NA,0,NA,30,2018,NA,NA
"6/16/18",11:00:00,"Vombs_Vattenverk","Enallagma_cyathigerum","Mature",1,NA,0,NA,30,2018,NA,NA
"6/16/18",11:00:00,"Vombs_Vattenverk","Coenagrion_pulchellum","Mature",0,NA,0,NA,30,2018,NA,NA
"6/16/18",11:00:00,"Vombs_Vattenverk","Ischnura_elegans","Mature",1,NA,0,NA,30,2018,NA,NA
"6/16/18",11:00:00,"Vombs_Vattenverk","Enallagma_cyathigerum","Mature",0,NA,0,NA,30,2018,NA,NA
"6/16/18",11:00:00,"Vombs_Vattenverk","Enallagma_cyathigerum","Mature",1,NA,0,NA,30,2018,NA,NA
"6/16/18",11:00:00,"Vombs_Vattenverk","Enallagma_cyathigerum","Mature",1,NA,0,NA,30,2018,NA,NA
"6/16/18",11:00:00,"Vombs_Vattenverk","Ischnura_elegans","Mature",1,NA,0,NA,30,2018,NA,NA
"6/16/18",11:00:00,"Vombs_Vattenverk","Ischnura_elegans","Mature",1,NA,0,NA,30,2018,NA,NA
"6/16/18",11:00:00,"Vombs_Vattenverk","Coenagrion_pulchellum","Teneral",0,NA,0,NA,30,2018,NA,NA
"6/16/18",11:00:00,"Vombs_Vattenverk","Ischnura_elegans","Mature",1,NA,0,NA,30,2018,NA,NA
"6/16/18",11:00:00,"Vombs_Vattenverk","Ischnura_elegans","Mature",1,NA,0,NA,30,2018,NA,NA
"6/16/18",11:00:00,"Vombs_Vattenverk","Ischnura_elegans","Mature",1,NA,1,NA,30,2018,NA,NA
"6/16/18",11:00:00,"Vombs_Vattenverk","Ischnura_elegans","Mature",0,NA,1,NA,30,2018,NA,NA
"6/16/18",11:00:00,"Vombs_Vattenverk","Enallagma_cyathigerum","Mature",1,NA,0,NA,30,2018,NA,NA
"6/16/18",11:00:00,"Vombs_Vattenverk","Ischnura_elegans","Mature",1,NA,1,NA,30,2018,NA,NA
"6/16/18",11:00:00,"Vombs_Vattenverk","Ischnura_elegans","Mature",0,NA,1,NA,30,2018,NA,NA
"6/16/18",11:00:00,"Vombs_Vattenverk","Coenagrion_pulchellum","Teneral",0,NA,0,NA,30,2018,NA,NA
"6/16/18",11:00:00,"Vombs_Vattenverk","Ischnura_elegans","Mature",1,NA,1,NA,30,2018,NA,NA
"6/16/18",11:00:00,"Vombs_Vattenverk","Ischnura_elegans","Mature",1,NA,1,NA,30,2018,NA,NA
"6/16/18",11:00:00,"Vombs_Vattenverk","Ischnura_elegans","Mature",0,NA,1,NA,30,2018,NA,NA
"6/16/18",11:00:00,"Vombs_Vattenverk","Ischnura_elegans","Mature",1,NA,1,NA,30,2018,NA,NA
"6/16/18",11:00:00,"Vombs_Vattenverk","Ischnura_elegans","Mature",1,NA,1,NA,30,2018,NA,NA
"6/16/18",11:00:00,"Vombs_Vattenverk","Ischnura_elegans","Mature",1,NA,1,NA,30,2018,NA,NA
"6/16/18",11:00:00,"Vombs_Vattenverk","Ischnura_elegans","Mature",0,NA,1,NA,30,2018,NA,NA
"6/16/18",11:00:00,"Vombs_Vattenverk","Enallagma_cyathigerum","Mature",0,NA,0,NA,30,2018,NA,NA
"6/16/18",11:00:00,"Vombs_Vattenverk","Enallagma_cyathigerum","Teneral",0,NA,0,NA,30,2018,NA,NA
"6/16/18",11:00:00,"Vombs_Vattenverk","Coenagrion_pulchellum","Teneral",0,NA,0,NA,30,2018,NA,NA
"6/16/18",11:00:00,"Vombs_Vattenverk","Enallagma_cyathigerum","Mature",0,NA,1,NA,30,2018,NA,NA
"6/16/18",11:00:00,"Vombs_Vattenverk","Ischnura_elegans","Mature",1,NA,1,NA,30,2018,NA,NA
"6/16/18",11:00:00,"Vombs_Vattenverk","Ischnura_elegans","Mature",0,NA,1,NA,30,2018,NA,NA
"6/16/18",11:00:00,"Vombs_Vattenverk","Ischnura_elegans","Mature",0,NA,1,NA,30,2018,NA,NA
"6/16/18",11:00:00,"Vombs_Vattenverk","Ischnura_elegans","Mature",1,NA,1,NA,30,2018,NA,NA
"6/16/18",11:00:00,"Vombs_Vattenverk","Ischnura_elegans","Mature",0,NA,1,NA,30,2018,NA,NA
"6/16/18",11:00:00,"Vombs_Vattenverk","Ischnura_elegans","Mature",0,NA,1,NA,30,2018,NA,NA
"6/16/18",11:00:00,"Vombs_Vattenverk","Ischnura_elegans","Mature",1,NA,1,NA,30,2018,NA,NA
"6/16/18",11:00:00,"Vombs_Vattenverk","Ischnura_elegans","Mature",0,NA,1,NA,30,2018,NA,NA
"6/16/18",11:00:00,"Vombs_Vattenverk","Ischnura_elegans","Mature",1,NA,1,NA,30,2018,NA,NA
"6/16/18",11:00:00,"Vombs_Vattenverk","Ischnura_elegans","Mature",0,NA,1,NA,30,2018,NA,NA
"6/16/18",11:00:00,"Vombs_Vattenverk","Ischnura_elegans","Mature",0,NA,0,NA,30,2018,NA,NA
"6/16/18",11:00:00,"Vombs_Vattenverk","Ischnura_elegans","Mature",0,NA,1,NA,30,2018,NA,NA
"6/16/18",11:00:00,"Vombs_Vattenverk","Ischnura_elegans","Mature",1,NA,1,NA,30,2018,NA,NA
"6/16/18",11:00:00,"Vombs_Vattenverk","Ischnura_elegans","Mature",1,NA,1,NA,30,2018,NA,NA
"6/16/18",11:00:00,"Vombs_Vattenverk","Ischnura_elegans","Mature",0,NA,1,NA,30,2018,NA,NA
"6/16/18",11:00:00,"Vombs_Vattenverk","Enallagma_cyathigerum","Mature",0,NA,1,NA,30,2018,NA,NA
"6/16/18",11:00:00,"Vombs_Vattenverk","Ischnura_elegans","Mature",1,NA,1,NA,30,2018,NA,NA
"6/16/18",11:00:00,"Vombs_Vattenverk","Ischnura_elegans","Mature",1,NA,1,NA,30,2018,NA,NA
"6/16/18",11:00:00,"Vombs_Vattenverk","Ischnura_elegans","Mature",1,NA,1,NA,30,2018,NA,NA
"6/16/18",11:00:00,"Vombs_Vattenverk","Ischnura_elegans","Mature",0,NA,1,NA,30,2018,NA,NA
"6/16/18",11:00:00,"Vombs_Vattenverk","Ischnura_elegans","Mature",1,NA,1,NA,30,2018,NA,NA
"6/16/18",11:00:00,"Vombs_Vattenverk","Ischnura_elegans","Mature",1,NA,1,NA,30,2018,NA,NA
"6/16/18",11:00:00,"Vombs_Vattenverk","Ischnura_elegans","Mature",0,NA,1,NA,30,2018,NA,NA
"6/16/18",11:00:00,"Vombs_Vattenverk","Ischnura_elegans","Mature",1,NA,1,NA,30,2018,NA,NA
"6/16/18",11:00:00,"Vombs_Vattenverk","Ischnura_elegans","Mature",0,NA,1,NA,30,2018,NA,NA
"6/16/18",11:00:00,"Vombs_Vattenverk","Coenagrion_pulchellum","Mature",0,NA,1,NA,30,2018,NA,NA
"6/16/18",11:00:00,"Vombs_Vattenverk","Coenagrion_pulchellum","Mature",1,NA,1,NA,30,2018,NA,NA
"6/16/18",11:00:00,"Vombs_Vattenverk","Orthetrum_cancellatum","Mature",1,NA,0,NA,30,2018,NA,NA
"6/16/18",11:00:00,"Vombs_Vattenverk","Anax_imperator","Mature",1,NA,0,NA,30,2018,NA,NA
"6/16/18",11:00:00,"Vombs_Vattenverk","Orthetrum_cancellatum","Mature",1,NA,0,NA,30,2018,NA,NA
"6/16/18",11:00:00,"Vombs_Vattenverk","Orthetrum_cancellatum","Mature",1,NA,0,NA,30,2018,NA,NA
"6/16/18",11:00:00,"Vombs_Vattenverk","Calopteryx_splendens","Mature",1,NA,0,NA,30,2018,NA,NA
"6/16/18",11:00:00,"Vombs_Vattenverk","Calopteryx_splendens","Mature",0,NA,0,NA,30,2018,NA,NA
"6/27/18",12:21:00,"Vombs_Vattenverk","Anax_imperator","Mature",1,NA,0,NA,30,2018,NA,NA
"6/27/18",12:21:00,"Vombs_Vattenverk","Anax_imperator","Mature",1,NA,0,NA,30,2018,NA,NA
"6/27/18",12:21:00,"Vombs_Vattenverk","Anax_imperator","Mature",1,NA,0,NA,30,2018,NA,NA
"6/27/18",12:21:00,"Vombs_Vattenverk","Anax_imperator","Mature",1,NA,0,NA,30,2018,NA,NA
"6/27/18",12:21:00,"Vombs_Vattenverk","Orthetrum_cancellatum","Mature",1,NA,0,NA,30,2018,NA,NA
"6/27/18",12:21:00,"Vombs_Vattenverk","Orthetrum_cancellatum","Mature",1,NA,0,NA,30,2018,NA,NA
"6/27/18",12:21:00,"Vombs_Vattenverk","Orthetrum_cancellatum","Mature",1,NA,0,NA,30,2018,NA,NA
"6/27/18",12:21:00,"Vombs_Vattenverk","Orthetrum_cancellatum","Mature",1,NA,0,NA,30,2018,NA,NA
"6/27/18",12:21:00,"Vombs_Vattenverk","Orthetrum_cancellatum","Mature",1,NA,0,NA,30,2018,NA,NA
"6/27/18",12:21:00,"Vombs_Vattenverk","Sympetrum_striolatum","Mature",1,NA,0,NA,30,2018,NA,NA
"6/27/18",12:21:00,"Vombs_Vattenverk","Libellula_quadrimaculata","Mature",1,NA,0,NA,30,2018,NA,NA
"6/27/18",12:21:00,"Vombs_Vattenverk","Calopteryx_splendens","Mature",1,NA,0,NA,30,2018,NA,NA
"6/27/18",12:21:00,"Vombs_Vattenverk","Calopteryx_splendens","Mature",0,NA,0,NA,30,2018,NA,NA
"6/27/18",12:21:00,"Vombs_Vattenverk","Coenagrion_pulchellum","Mature",1,NA,0,NA,30,2018,NA,NA
"6/27/18",12:21:00,"Vombs_Vattenverk","Ischnura_elegans","Mature",1,NA,1,NA,30,2018,NA,NA
"6/27/18",12:21:00,"Vombs_Vattenverk","Ischnura_elegans","Mature",1,NA,1,NA,30,2018,NA,NA
"6/27/18",12:21:00,"Vombs_Vattenverk","Ischnura_elegans","Mature",0,NA,1,NA,30,2018,NA,NA
"6/27/18",12:21:00,"Vombs_Vattenverk","Ischnura_elegans","Mature",1,NA,1,NA,30,2018,NA,NA
"6/27/18",12:21:00,"Vombs_Vattenverk","Enallagma_cyathigerum","Mature",1,NA,0,NA,30,2018,NA,NA
"6/27/18",12:21:00,"Vombs_Vattenverk","Coenagrion_puella","Mature",1,NA,0,NA,30,2018,NA,NA
"6/27/18",12:21:00,"Vombs_Vattenverk","Ischnura_elegans","Mature",1,NA,0,NA,30,2018,NA,NA
"6/27/18",12:21:00,"Vombs_Vattenverk","Ischnura_elegans","Mature",1,NA,0,NA,30,2018,NA,NA
"6/27/18",12:21:00,"Vombs_Vattenverk","Ischnura_elegans","Mature",1,NA,1,NA,30,2018,NA,NA
"6/27/18",12:21:00,"Vombs_Vattenverk","Ischnura_elegans","Mature",0,NA,1,NA,30,2018,NA,NA
"6/27/18",12:21:00,"Vombs_Vattenverk","Enallagma_cyathigerum","Mature",1,NA,0,NA,30,2018,NA,NA
"6/27/18",12:21:00,"Vombs_Vattenverk","Enallagma_cyathigerum","Mature",1,NA,0,NA,30,2018,NA,NA
"6/27/18",12:21:00,"Vombs_Vattenverk","Ischnura_elegans","Mature",0,NA,1,NA,30,2018,NA,NA
"6/27/18",12:21:00,"Vombs_Vattenverk","Ischnura_elegans","Mature",1,NA,1,NA,30,2018,NA,NA
"6/27/18",12:21:00,"Vombs_Vattenverk","Ischnura_elegans","Mature",1,NA,0,NA,30,2018,NA,NA
"6/27/18",12:21:00,"Vombs_Vattenverk","Ischnura_elegans","Mature",1,NA,0,NA,30,2018,NA,NA
"6/27/18",12:21:00,"Vombs_Vattenverk","Coenagrion_pulchellum","Mature",1,NA,0,NA,30,2018,NA,NA
"6/27/18",12:21:00,"Vombs_Vattenverk","Ischnura_elegans","Mature",1,NA,1,NA,30,2018,NA,NA
"6/27/18",12:21:00,"Vombs_Vattenverk","Ischnura_elegans","Mature",0,NA,1,NA,30,2018,NA,NA
"6/27/18",12:21:00,"Vombs_Vattenverk","Coenagrion_pulchellum","Mature",0,NA,0,NA,30,2018,NA,NA
"6/27/18",12:21:00,"Vombs_Vattenverk","Ischnura_elegans","Mature",1,NA,0,NA,30,2018,NA,NA
"6/27/18",12:21:00,"Vombs_Vattenverk","Ischnura_elegans","Mature",1,NA,0,NA,30,2018,NA,NA
"6/27/18",12:21:00,"Vombs_Vattenverk","Ischnura_elegans","Mature",0,NA,1,NA,30,2018,NA,NA
"6/27/18",12:21:00,"Vombs_Vattenverk","Enallagma_cyathigerum","Teneral",0,NA,0,NA,30,2018,NA,NA
"6/27/18",12:21:00,"Vombs_Vattenverk","Ischnura_elegans","Mature",1,NA,1,NA,30,2018,NA,NA
"6/27/18",12:21:00,"Vombs_Vattenverk","Ischnura_elegans","Mature",0,NA,1,NA,30,2018,NA,NA
"6/27/18",12:21:00,"Vombs_Vattenverk","Ischnura_elegans","Mature",0,NA,1,NA,30,2018,NA,NA
"6/27/18",12:21:00,"Vombs_Vattenverk","Coenagrion_pulchellum","Mature",1,NA,0,NA,30,2018,NA,NA
"6/27/18",12:21:00,"Vombs_Vattenverk","Ischnura_elegans","Mature",1,NA,1,NA,30,2018,NA,NA
"6/27/18",12:21:00,"Vombs_Vattenverk","Ischnura_elegans","Mature",1,NA,1,NA,30,2018,NA,NA
"6/27/18",12:21:00,"Vombs_Vattenverk","Coenagrion_pulchellum","Mature",0,NA,0,NA,30,2018,NA,NA
"6/27/18",12:21:00,"Vombs_Vattenverk","Ischnura_elegans","Mature",1,NA,0,NA,30,2018,NA,NA
"6/27/18",12:21:00,"Vombs_Vattenverk","Coenagrion_pulchellum","Mature",0,NA,0,NA,30,2018,NA,NA
"6/27/18",12:21:00,"Vombs_Vattenverk","Ischnura_elegans","Mature",1,NA,0,NA,30,2018,NA,NA
"6/27/18",12:21:00,"Vombs_Vattenverk","Ischnura_elegans","Mature",1,NA,0,NA,30,2018,NA,NA
"6/27/18",12:21:00,"Vombs_Vattenverk","Ischnura_elegans","Mature",1,NA,1,NA,30,2018,NA,NA
"6/27/18",12:21:00,"Vombs_Vattenverk","Ischnura_elegans","Mature",0,NA,1,NA,30,2018,NA,NA
"6/27/18",12:21:00,"Vombs_Vattenverk","Ischnura_elegans","Mature",1,NA,1,NA,30,2018,NA,NA
"6/27/18",12:21:00,"Vombs_Vattenverk","Ischnura_elegans","Mature",0,NA,1,NA,30,2018,NA,NA
"6/27/18",12:21:00,"Vombs_Vattenverk","Ischnura_elegans","Mature",1,NA,1,NA,30,2018,NA,NA
"6/27/18",12:21:00,"Vombs_Vattenverk","Coenagrion_pulchellum","Mature",0,NA,1,NA,30,2018,NA,NA
"6/27/18",12:21:00,"Vombs_Vattenverk","Coenagrion_pulchellum","Mature",1,NA,1,NA,30,2018,NA,NA
"6/27/18",12:21:00,"Vombs_Vattenverk","Ischnura_elegans","Mature",0,NA,1,NA,30,2018,NA,NA
"6/27/18",12:21:00,"Vombs_Vattenverk","Ischnura_elegans","Mature",0,NA,1,NA,30,2018,NA,NA
"6/27/18",12:21:00,"Vombs_Vattenverk","Ischnura_elegans","Mature",1,NA,1,NA,30,2018,NA,NA
"6/27/18",12:21:00,"Vombs_Vattenverk","Enallagma_cyathigerum","Mature",1,NA,0,NA,30,2018,NA,NA
"6/27/18",12:21:00,"Vombs_Vattenverk","Enallagma_cyathigerum","Mature",1,NA,0,NA,30,2018,NA,NA
"6/27/18",12:21:00,"Vombs_Vattenverk","Enallagma_cyathigerum","Mature",1,NA,0,NA,30,2018,NA,NA
"6/27/18",12:21:00,"Vombs_Vattenverk","Enallagma_cyathigerum","Mature",0,NA,0,NA,30,2018,NA,NA
"6/27/18",12:21:00,"Vombs_Vattenverk","Ischnura_elegans","Mature",1,NA,1,NA,30,2018,NA,NA
"6/27/18",12:21:00,"Vombs_Vattenverk","Ischnura_elegans","Mature",0,NA,1,NA,30,2018,NA,NA
"6/27/18",12:21:00,"Vombs_Vattenverk","Enallagma_cyathigerum","Mature",1,NA,0,NA,30,2018,NA,NA
"6/27/18",12:21:00,"Vombs_Vattenverk","Ischnura_elegans","Mature",0,NA,1,NA,30,2018,NA,NA
"6/27/18",12:21:00,"Vombs_Vattenverk","Ischnura_elegans","Mature",1,NA,1,NA,30,2018,NA,NA
"6/27/18",12:21:00,"Vombs_Vattenverk","Ischnura_elegans","Mature",1,NA,0,NA,30,2018,NA,NA
"6/27/18",12:21:00,"Vombs_Vattenverk","Enallagma_cyathigerum","Mature",0,NA,0,NA,30,2018,NA,NA
"6/27/18",12:21:00,"Vombs_Vattenverk","Ischnura_elegans","Mature",1,NA,0,NA,30,2018,NA,NA
"6/27/18",12:21:00,"Vombs_Vattenverk","Enallagma_cyathigerum","Mature",1,NA,0,NA,30,2018,NA,NA
"6/27/18",12:21:00,"Vombs_Vattenverk","Ischnura_elegans","Mature",1,NA,0,NA,30,2018,NA,NA
"6/27/18",12:21:00,"Vombs_Vattenverk","Ischnura_elegans","Mature",1,NA,0,NA,30,2018,NA,NA
"6/27/18",12:21:00,"Vombs_Vattenverk","Ischnura_elegans","Mature",1,NA,0,NA,30,2018,NA,NA
"6/27/18",12:21:00,"Vombs_Vattenverk","Ischnura_elegans","Mature",1,NA,0,NA,30,2018,NA,NA
"6/27/18",12:21:00,"Vombs_Vattenverk","Ischnura_elegans","Mature",1,NA,0,NA,30,2018,NA,NA
"6/27/18",12:21:00,"Vombs_Vattenverk","Ischnura_elegans","Mature",0,NA,0,NA,30,2018,NA,NA
"6/27/18",12:21:00,"Vombs_Vattenverk","Ischnura_elegans","Mature",1,NA,0,NA,30,2018,NA,NA
"6/27/18",12:21:00,"Vombs_Vattenverk","Ischnura_elegans","Mature",1,NA,0,NA,30,2018,NA,NA
"6/27/18",12:21:00,"Vombs_Vattenverk","Ischnura_elegans","Mature",0,NA,0,NA,30,2018,NA,NA
"7/16/18",11:29:00,"Vombs_Vattenverk","Ischnura_elegans","Mature",0,NA,0,NA,30,2018,NA,NA
"7/16/18",11:29:00,"Vombs_Vattenverk","Ischnura_elegans","Mature",0,NA,0,NA,30,2018,NA,NA
"7/16/18",11:29:00,"Vombs_Vattenverk","Ischnura_elegans","Immature",0,NA,0,NA,30,2018,NA,NA
"7/16/18",11:29:00,"Vombs_Vattenverk","Ischnura_elegans","Mature",0,NA,1,NA,30,2018,NA,NA
"7/16/18",11:29:00,"Vombs_Vattenverk","Ischnura_elegans","Mature",1,NA,1,NA,30,2018,NA,NA
"7/16/18",11:29:00,"Vombs_Vattenverk","Ischnura_elegans","Mature",0,NA,0,NA,30,2018,NA,NA
"7/16/18",11:29:00,"Vombs_Vattenverk","Ischnura_elegans","Mature",0,NA,0,NA,30,2018,NA,NA
"7/16/18",11:29:00,"Vombs_Vattenverk","Ischnura_elegans","Mature",0,NA,0,NA,30,2018,NA,NA
"7/16/18",11:29:00,"Vombs_Vattenverk","Ischnura_elegans","Mature",1,NA,0,NA,30,2018,NA,NA
"7/16/18",11:29:00,"Vombs_Vattenverk","Enallagma_cyathigerum","Mature",1,NA,0,NA,30,2018,NA,NA
"7/16/18",11:29:00,"Vombs_Vattenverk","Enallagma_cyathigerum","Mature",1,NA,0,NA,30,2018,NA,NA
"7/16/18",11:29:00,"Vombs_Vattenverk","Enallagma_cyathigerum","Mature",0,NA,1,NA,30,2018,NA,NA
"7/16/18",11:29:00,"Vombs_Vattenverk","Ischnura_elegans","Mature",1,NA,0,NA,30,2018,NA,NA
"7/16/18",11:29:00,"Vombs_Vattenverk","Ischnura_elegans","Mature",1,NA,0,NA,30,2018,NA,NA
"7/16/18",11:29:00,"Vombs_Vattenverk","Enallagma_cyathigerum","Mature",1,NA,1,NA,30,2018,NA,NA
"7/16/18",11:29:00,"Vombs_Vattenverk","Enallagma_cyathigerum","Mature",1,NA,0,NA,30,2018,NA,NA
"7/16/18",11:29:00,"Vombs_Vattenverk","Coenagrion_pulchellum","Mature",1,NA,0,NA,30,2018,NA,NA
"7/16/18",11:29:00,"Vombs_Vattenverk","Enallagma_cyathigerum","Mature",1,NA,0,NA,30,2018,NA,NA
"7/16/18",11:29:00,"Vombs_Vattenverk","Ischnura_elegans","Mature",1,NA,0,NA,30,2018,NA,NA
"7/16/18",11:29:00,"Vombs_Vattenverk","Enallagma_cyathigerum","Mature",1,NA,0,NA,30,2018,NA,NA
"7/16/18",11:29:00,"Vombs_Vattenverk","Ischnura_elegans","Mature",1,NA,0,NA,30,2018,NA,NA
"7/16/18",11:29:00,"Vombs_Vattenverk","Enallagma_cyathigerum","Mature",1,NA,0,NA,30,2018,NA,NA
"7/16/18",11:29:00,"Vombs_Vattenverk","Enallagma_cyathigerum","Mature",1,NA,0,NA,30,2018,NA,NA
"7/16/18",11:29:00,"Vombs_Vattenverk","Enallagma_cyathigerum","Mature",1,NA,0,NA,30,2018,NA,NA
"7/16/18",11:29:00,"Vombs_Vattenverk","Ischnura_elegans","Mature",0,NA,1,NA,30,2018,NA,NA
"7/16/18",11:29:00,"Vombs_Vattenverk","Ischnura_elegans","Mature",1,NA,1,NA,30,2018,NA,NA
"7/16/18",11:29:00,"Vombs_Vattenverk","Ischnura_elegans","Mature",1,NA,0,NA,30,2018,NA,NA
"7/16/18",11:29:00,"Vombs_Vattenverk","Ischnura_elegans","Mature",1,NA,0,NA,30,2018,NA,NA
"7/16/18",11:29:00,"Vombs_Vattenverk","Enallagma_cyathigerum","Mature",1,NA,0,NA,30,2018,NA,NA
"7/16/18",11:29:00,"Vombs_Vattenverk","Enallagma_cyathigerum","Mature",1,NA,0,NA,30,2018,NA,NA
"7/16/18",11:29:00,"Vombs_Vattenverk","Enallagma_cyathigerum","Mature",1,NA,0,NA,30,2018,NA,NA
"7/16/18",11:29:00,"Vombs_Vattenverk","Enallagma_cyathigerum","Mature",1,NA,0,NA,30,2018,NA,NA
"7/16/18",11:29:00,"Vombs_Vattenverk","Ischnura_elegans","Mature",1,NA,0,NA,30,2018,NA,NA
"7/16/18",11:29:00,"Vombs_Vattenverk","Enallagma_cyathigerum","Mature",1,NA,0,NA,30,2018,NA,NA
"7/16/18",11:29:00,"Vombs_Vattenverk","Anax_imperator","Mature",1,NA,0,NA,30,2018,NA,NA
"7/16/18",11:29:00,"Vombs_Vattenverk","Anax_imperator","Mature",1,NA,0,NA,30,2018,NA,NA
"7/16/18",11:29:00,"Vombs_Vattenverk","Libellula_quadrimaculata","Mature",1,NA,0,NA,30,2018,NA,NA
"7/16/18",11:29:00,"Vombs_Vattenverk","Sympetrum_sanguineum","Mature",1,NA,0,NA,30,2018,NA,NA
"7/16/18",11:29:00,"Vombs_Vattenverk","Sympetrum_sanguineum","Mature",1,NA,0,NA,30,2018,NA,NA
